ISO-10303-21;
HEADER;
FILE_DESCRIPTION(('Open CASCADE Model'),'2;1');
FILE_NAME('Open CASCADE Shape Model','2026-09-18T06:50:59',('Author'),(
    'Open CASCADE'),'Open CASCADE STEP processor 7.9','Open CASCADE 7.9'
  ,'Unknown');
FILE_SCHEMA(('AUTOMOTIVE_DESIGN { 1 0 10303 214 1 1 1 1 }'));
ENDSEC;
DATA;
#1 = APPLICATION_PROTOCOL_DEFINITION('international standard',
  'automotive_design',2000,#2);
#2 = APPLICATION_CONTEXT(
  'core data for automotive mechanical design processes');
#3 = SHAPE_DEFINITION_REPRESENTATION(#4,#10);
#4 = PRODUCT_DEFINITION_SHAPE('','',#5);
#5 = PRODUCT_DEFINITION('design','',#6,#9);
#6 = PRODUCT_DEFINITION_FORMATION('','',#7);
#7 = PRODUCT('Open CASCADE STEP translator 7.9 2',
  'Open CASCADE STEP translator 7.9 2','',(#8));
#8 = PRODUCT_CONTEXT('',#2,'mechanical');
#9 = PRODUCT_DEFINITION_CONTEXT('part definition',#2,'design');
#10 = ADVANCED_BREP_SHAPE_REPRESENTATION('',(#11,#15),#3165);
#11 = AXIS2_PLACEMENT_3D('',#12,#13,#14);
#12 = CARTESIAN_POINT('',(0.,0.,0.));
#13 = DIRECTION('',(0.,0.,1.));
#14 = DIRECTION('',(1.,0.,-0.));
#15 = MANIFOLD_SOLID_BREP('',#16);
#16 = CLOSED_SHELL('',(#17,#137,#244,#320,#1322,#2154,#2181,#2236,#2263,
    #2290,#2317,#2344,#2371,#2398,#2425,#2452,#2479,#2506,#2533,#2560,
    #2587,#2614,#2641,#2668,#2695,#2722,#2749,#2776,#2803,#2830,#2857,
    #2884,#2911,#2938,#2965,#2992,#3019,#3046,#3073,#3100,#3127,#3154,
    #3161));
#17 = ADVANCED_FACE('',(#18),#32,.F.);
#18 = FACE_BOUND('',#19,.F.);
#19 = EDGE_LOOP('',(#20,#55,#83,#111));
#20 = ORIENTED_EDGE('',*,*,#21,.T.);
#21 = EDGE_CURVE('',#22,#24,#26,.T.);
#22 = VERTEX_POINT('',#23);
#23 = CARTESIAN_POINT('',(0.,-15.41326009332,37.989296133666));
#24 = VERTEX_POINT('',#25);
#25 = CARTESIAN_POINT('',(38.1,-15.41326009332,37.989296133666));
#26 = SURFACE_CURVE('',#27,(#31,#43),.PCURVE_S1.);
#27 = LINE('',#28,#29);
#28 = CARTESIAN_POINT('',(0.,-15.41326009332,37.989296133666));
#29 = VECTOR('',#30,1.);
#30 = DIRECTION('',(1.,0.,0.));
#31 = PCURVE('',#32,#37);
#32 = PLANE('',#33);
#33 = AXIS2_PLACEMENT_3D('',#34,#35,#36);
#34 = CARTESIAN_POINT('',(0.,-15.41326009332,37.989296133666));
#35 = DIRECTION('',(0.,0.13917310096,0.990268068742));
#36 = DIRECTION('',(0.,0.990268068742,-0.13917310096));
#37 = DEFINITIONAL_REPRESENTATION('',(#38),#42);
#38 = LINE('',#39,#40);
#39 = CARTESIAN_POINT('',(0.,0.));
#40 = VECTOR('',#41,1.);
#41 = DIRECTION('',(0.,-1.));
#42 = ( GEOMETRIC_REPRESENTATION_CONTEXT(2) 
PARAMETRIC_REPRESENTATION_CONTEXT() REPRESENTATION_CONTEXT('2D SPACE',''
  ) );
#43 = PCURVE('',#44,#49);
#44 = PLANE('',#45);
#45 = AXIS2_PLACEMENT_3D('',#46,#47,#48);
#46 = CARTESIAN_POINT('',(0.,-13.32566357892,52.84331716479));
#47 = DIRECTION('',(0.,0.990268068742,-0.13917310096));
#48 = DIRECTION('',(0.,-0.13917310096,-0.990268068742));
#49 = DEFINITIONAL_REPRESENTATION('',(#50),#54);
#50 = LINE('',#51,#52);
#51 = CARTESIAN_POINT('',(15.,0.));
#52 = VECTOR('',#53,1.);
#53 = DIRECTION('',(0.,-1.));
#54 = ( GEOMETRIC_REPRESENTATION_CONTEXT(2) 
PARAMETRIC_REPRESENTATION_CONTEXT() REPRESENTATION_CONTEXT('2D SPACE',''
  ) );
#55 = ORIENTED_EDGE('',*,*,#56,.T.);
#56 = EDGE_CURVE('',#24,#57,#59,.T.);
#57 = VERTEX_POINT('',#58);
#58 = CARTESIAN_POINT('',(38.1,11.640863544692,34.187087015437));
#59 = SURFACE_CURVE('',#60,(#64,#71),.PCURVE_S1.);
#60 = LINE('',#61,#62);
#61 = CARTESIAN_POINT('',(38.1,-15.41326009332,37.989296133666));
#62 = VECTOR('',#63,1.);
#63 = DIRECTION('',(0.,0.990268068742,-0.13917310096));
#64 = PCURVE('',#32,#65);
#65 = DEFINITIONAL_REPRESENTATION('',(#66),#70);
#66 = LINE('',#67,#68);
#67 = CARTESIAN_POINT('',(0.,-38.1));
#68 = VECTOR('',#69,1.);
#69 = DIRECTION('',(1.,0.));
#70 = ( GEOMETRIC_REPRESENTATION_CONTEXT(2) 
PARAMETRIC_REPRESENTATION_CONTEXT() REPRESENTATION_CONTEXT('2D SPACE',''
  ) );
#71 = PCURVE('',#72,#77);
#72 = PLANE('',#73);
#73 = AXIS2_PLACEMENT_3D('',#74,#75,#76);
#74 = CARTESIAN_POINT('',(38.1,-0.842400017117,43.515202090113));
#75 = DIRECTION('',(1.,0.,0.));
#76 = DIRECTION('',(0.,0.13917310096,0.990268068742));
#77 = DEFINITIONAL_REPRESENTATION('',(#78),#82);
#78 = LINE('',#79,#80);
#79 = CARTESIAN_POINT('',(-7.5,13.66));
#80 = VECTOR('',#81,1.);
#81 = DIRECTION('',(0.,-1.));
#82 = ( GEOMETRIC_REPRESENTATION_CONTEXT(2) 
PARAMETRIC_REPRESENTATION_CONTEXT() REPRESENTATION_CONTEXT('2D SPACE',''
  ) );
#83 = ORIENTED_EDGE('',*,*,#84,.F.);
#84 = EDGE_CURVE('',#85,#57,#87,.T.);
#85 = VERTEX_POINT('',#86);
#86 = CARTESIAN_POINT('',(0.,11.640863544692,34.187087015437));
#87 = SURFACE_CURVE('',#88,(#92,#99),.PCURVE_S1.);
#88 = LINE('',#89,#90);
#89 = CARTESIAN_POINT('',(0.,11.640863544692,34.187087015437));
#90 = VECTOR('',#91,1.);
#91 = DIRECTION('',(1.,0.,0.));
#92 = PCURVE('',#32,#93);
#93 = DEFINITIONAL_REPRESENTATION('',(#94),#98);
#94 = LINE('',#95,#96);
#95 = CARTESIAN_POINT('',(27.32,0.));
#96 = VECTOR('',#97,1.);
#97 = DIRECTION('',(0.,-1.));
#98 = ( GEOMETRIC_REPRESENTATION_CONTEXT(2) 
PARAMETRIC_REPRESENTATION_CONTEXT() REPRESENTATION_CONTEXT('2D SPACE',''
  ) );
#99 = PCURVE('',#100,#105);
#100 = PLANE('',#101);
#101 = AXIS2_PLACEMENT_3D('',#102,#103,#104);
#102 = CARTESIAN_POINT('',(0.,11.640863544692,34.187087015437));
#103 = DIRECTION('',(0.,-0.990268068742,0.13917310096));
#104 = DIRECTION('',(0.,0.13917310096,0.990268068742));
#105 = DEFINITIONAL_REPRESENTATION('',(#106),#110);
#106 = LINE('',#107,#108);
#107 = CARTESIAN_POINT('',(0.,0.));
#108 = VECTOR('',#109,1.);
#109 = DIRECTION('',(0.,-1.));
#110 = ( GEOMETRIC_REPRESENTATION_CONTEXT(2) 
PARAMETRIC_REPRESENTATION_CONTEXT() REPRESENTATION_CONTEXT('2D SPACE',''
  ) );
#111 = ORIENTED_EDGE('',*,*,#112,.F.);
#112 = EDGE_CURVE('',#22,#85,#113,.T.);
#113 = SURFACE_CURVE('',#114,(#118,#125),.PCURVE_S1.);
#114 = LINE('',#115,#116);
#115 = CARTESIAN_POINT('',(0.,-15.41326009332,37.989296133666));
#116 = VECTOR('',#117,1.);
#117 = DIRECTION('',(0.,0.990268068742,-0.13917310096));
#118 = PCURVE('',#32,#119);
#119 = DEFINITIONAL_REPRESENTATION('',(#120),#124);
#120 = LINE('',#121,#122);
#121 = CARTESIAN_POINT('',(0.,0.));
#122 = VECTOR('',#123,1.);
#123 = DIRECTION('',(1.,0.));
#124 = ( GEOMETRIC_REPRESENTATION_CONTEXT(2) 
PARAMETRIC_REPRESENTATION_CONTEXT() REPRESENTATION_CONTEXT('2D SPACE',''
  ) );
#125 = PCURVE('',#126,#131);
#126 = PLANE('',#127);
#127 = AXIS2_PLACEMENT_3D('',#128,#129,#130);
#128 = CARTESIAN_POINT('',(0.,-0.842400017117,43.515202090113));
#129 = DIRECTION('',(1.,0.,0.));
#130 = DIRECTION('',(0.,0.13917310096,0.990268068742));
#131 = DEFINITIONAL_REPRESENTATION('',(#132),#136);
#132 = LINE('',#133,#134);
#133 = CARTESIAN_POINT('',(-7.5,13.66));
#134 = VECTOR('',#135,1.);
#135 = DIRECTION('',(0.,-1.));
#136 = ( GEOMETRIC_REPRESENTATION_CONTEXT(2) 
PARAMETRIC_REPRESENTATION_CONTEXT() REPRESENTATION_CONTEXT('2D SPACE',''
  ) );
#137 = ADVANCED_FACE('',(#138,#213),#44,.F.);
#138 = FACE_BOUND('',#139,.F.);
#139 = EDGE_LOOP('',(#140,#170,#191,#192));
#140 = ORIENTED_EDGE('',*,*,#141,.T.);
#141 = EDGE_CURVE('',#142,#144,#146,.T.);
#142 = VERTEX_POINT('',#143);
#143 = CARTESIAN_POINT('',(0.,-13.32566357892,52.84331716479));
#144 = VERTEX_POINT('',#145);
#145 = CARTESIAN_POINT('',(38.1,-13.32566357892,52.84331716479));
#146 = SURFACE_CURVE('',#147,(#151,#158),.PCURVE_S1.);
#147 = LINE('',#148,#149);
#148 = CARTESIAN_POINT('',(0.,-13.32566357892,52.84331716479));
#149 = VECTOR('',#150,1.);
#150 = DIRECTION('',(1.,0.,0.));
#151 = PCURVE('',#44,#152);
#152 = DEFINITIONAL_REPRESENTATION('',(#153),#157);
#153 = LINE('',#154,#155);
#154 = CARTESIAN_POINT('',(0.,0.));
#155 = VECTOR('',#156,1.);
#156 = DIRECTION('',(0.,-1.));
#157 = ( GEOMETRIC_REPRESENTATION_CONTEXT(2) 
PARAMETRIC_REPRESENTATION_CONTEXT() REPRESENTATION_CONTEXT('2D SPACE',''
  ) );
#158 = PCURVE('',#159,#164);
#159 = PLANE('',#160);
#160 = AXIS2_PLACEMENT_3D('',#161,#162,#163);
#161 = CARTESIAN_POINT('',(0.,13.728460059093,49.041108046561));
#162 = DIRECTION('',(0.,-0.13917310096,-0.990268068742));
#163 = DIRECTION('',(0.,-0.990268068742,0.13917310096));
#164 = DEFINITIONAL_REPRESENTATION('',(#165),#169);
#165 = LINE('',#166,#167);
#166 = CARTESIAN_POINT('',(27.32,0.));
#167 = VECTOR('',#168,1.);
#168 = DIRECTION('',(0.,-1.));
#169 = ( GEOMETRIC_REPRESENTATION_CONTEXT(2) 
PARAMETRIC_REPRESENTATION_CONTEXT() REPRESENTATION_CONTEXT('2D SPACE',''
  ) );
#170 = ORIENTED_EDGE('',*,*,#171,.T.);
#171 = EDGE_CURVE('',#144,#24,#172,.T.);
#172 = SURFACE_CURVE('',#173,(#177,#184),.PCURVE_S1.);
#173 = LINE('',#174,#175);
#174 = CARTESIAN_POINT('',(38.1,-13.32566357892,52.84331716479));
#175 = VECTOR('',#176,1.);
#176 = DIRECTION('',(0.,-0.13917310096,-0.990268068742));
#177 = PCURVE('',#44,#178);
#178 = DEFINITIONAL_REPRESENTATION('',(#179),#183);
#179 = LINE('',#180,#181);
#180 = CARTESIAN_POINT('',(0.,-38.1));
#181 = VECTOR('',#182,1.);
#182 = DIRECTION('',(1.,0.));
#183 = ( GEOMETRIC_REPRESENTATION_CONTEXT(2) 
PARAMETRIC_REPRESENTATION_CONTEXT() REPRESENTATION_CONTEXT('2D SPACE',''
  ) );
#184 = PCURVE('',#72,#185);
#185 = DEFINITIONAL_REPRESENTATION('',(#186),#190);
#186 = LINE('',#187,#188);
#187 = CARTESIAN_POINT('',(7.5,13.66));
#188 = VECTOR('',#189,1.);
#189 = DIRECTION('',(-1.,0.));
#190 = ( GEOMETRIC_REPRESENTATION_CONTEXT(2) 
PARAMETRIC_REPRESENTATION_CONTEXT() REPRESENTATION_CONTEXT('2D SPACE',''
  ) );
#191 = ORIENTED_EDGE('',*,*,#21,.F.);
#192 = ORIENTED_EDGE('',*,*,#193,.F.);
#193 = EDGE_CURVE('',#142,#22,#194,.T.);
#194 = SURFACE_CURVE('',#195,(#199,#206),.PCURVE_S1.);
#195 = LINE('',#196,#197);
#196 = CARTESIAN_POINT('',(0.,-13.32566357892,52.84331716479));
#197 = VECTOR('',#198,1.);
#198 = DIRECTION('',(0.,-0.13917310096,-0.990268068742));
#199 = PCURVE('',#44,#200);
#200 = DEFINITIONAL_REPRESENTATION('',(#201),#205);
#201 = LINE('',#202,#203);
#202 = CARTESIAN_POINT('',(0.,0.));
#203 = VECTOR('',#204,1.);
#204 = DIRECTION('',(1.,0.));
#205 = ( GEOMETRIC_REPRESENTATION_CONTEXT(2) 
PARAMETRIC_REPRESENTATION_CONTEXT() REPRESENTATION_CONTEXT('2D SPACE',''
  ) );
#206 = PCURVE('',#126,#207);
#207 = DEFINITIONAL_REPRESENTATION('',(#208),#212);
#208 = LINE('',#209,#210);
#209 = CARTESIAN_POINT('',(7.5,13.66));
#210 = VECTOR('',#211,1.);
#211 = DIRECTION('',(-1.,0.));
#212 = ( GEOMETRIC_REPRESENTATION_CONTEXT(2) 
PARAMETRIC_REPRESENTATION_CONTEXT() REPRESENTATION_CONTEXT('2D SPACE',''
  ) );
#213 = FACE_BOUND('',#214,.F.);
#214 = EDGE_LOOP('',(#215));
#215 = ORIENTED_EDGE('',*,*,#216,.F.);
#216 = EDGE_CURVE('',#217,#217,#219,.T.);
#217 = VERTEX_POINT('',#218);
#218 = CARTESIAN_POINT('',(19.05,-13.80581077723,49.426892327631));
#219 = SURFACE_CURVE('',#220,(#225,#232),.PCURVE_S1.);
#220 = CIRCLE('',#221,4.2);
#221 = AXIS2_PLACEMENT_3D('',#222,#223,#224);
#222 = CARTESIAN_POINT('',(19.05,-14.39033780127,45.267766438917));
#223 = DIRECTION('',(0.,0.990268068742,-0.13917310096));
#224 = DIRECTION('',(0.,0.13917310096,0.990268068742));
#225 = PCURVE('',#44,#226);
#226 = DEFINITIONAL_REPRESENTATION('',(#227),#231);
#227 = CIRCLE('',#228,4.2);
#228 = AXIS2_PLACEMENT_2D('',#229,#230);
#229 = CARTESIAN_POINT('',(7.65,-19.05));
#230 = DIRECTION('',(-1.,0.));
#231 = ( GEOMETRIC_REPRESENTATION_CONTEXT(2) 
PARAMETRIC_REPRESENTATION_CONTEXT() REPRESENTATION_CONTEXT('2D SPACE',''
  ) );
#232 = PCURVE('',#233,#238);
#233 = CYLINDRICAL_SURFACE('',#234,4.2);
#234 = AXIS2_PLACEMENT_3D('',#235,#236,#237);
#235 = CARTESIAN_POINT('',(19.05,-14.68741822189,45.309518369205));
#236 = DIRECTION('',(0.,0.990268068742,-0.13917310096));
#237 = DIRECTION('',(0.,0.13917310096,0.990268068742));
#238 = DEFINITIONAL_REPRESENTATION('',(#239),#243);
#239 = LINE('',#240,#241);
#240 = CARTESIAN_POINT('',(0.,0.3));
#241 = VECTOR('',#242,1.);
#242 = DIRECTION('',(1.,0.));
#243 = ( GEOMETRIC_REPRESENTATION_CONTEXT(2) 
PARAMETRIC_REPRESENTATION_CONTEXT() REPRESENTATION_CONTEXT('2D SPACE',''
  ) );
#244 = ADVANCED_FACE('',(#245),#100,.F.);
#245 = FACE_BOUND('',#246,.F.);
#246 = EDGE_LOOP('',(#247,#248,#271,#299));
#247 = ORIENTED_EDGE('',*,*,#84,.T.);
#248 = ORIENTED_EDGE('',*,*,#249,.T.);
#249 = EDGE_CURVE('',#57,#250,#252,.T.);
#250 = VERTEX_POINT('',#251);
#251 = CARTESIAN_POINT('',(38.1,13.728460059093,49.041108046561));
#252 = SURFACE_CURVE('',#253,(#257,#264),.PCURVE_S1.);
#253 = LINE('',#254,#255);
#254 = CARTESIAN_POINT('',(38.1,11.640863544692,34.187087015437));
#255 = VECTOR('',#256,1.);
#256 = DIRECTION('',(0.,0.13917310096,0.990268068742));
#257 = PCURVE('',#100,#258);
#258 = DEFINITIONAL_REPRESENTATION('',(#259),#263);
#259 = LINE('',#260,#261);
#260 = CARTESIAN_POINT('',(0.,-38.1));
#261 = VECTOR('',#262,1.);
#262 = DIRECTION('',(1.,0.));
#263 = ( GEOMETRIC_REPRESENTATION_CONTEXT(2) 
PARAMETRIC_REPRESENTATION_CONTEXT() REPRESENTATION_CONTEXT('2D SPACE',''
  ) );
#264 = PCURVE('',#72,#265);
#265 = DEFINITIONAL_REPRESENTATION('',(#266),#270);
#266 = LINE('',#267,#268);
#267 = CARTESIAN_POINT('',(-7.5,-13.66));
#268 = VECTOR('',#269,1.);
#269 = DIRECTION('',(1.,0.));
#270 = ( GEOMETRIC_REPRESENTATION_CONTEXT(2) 
PARAMETRIC_REPRESENTATION_CONTEXT() REPRESENTATION_CONTEXT('2D SPACE',''
  ) );
#271 = ORIENTED_EDGE('',*,*,#272,.F.);
#272 = EDGE_CURVE('',#273,#250,#275,.T.);
#273 = VERTEX_POINT('',#274);
#274 = CARTESIAN_POINT('',(0.,13.728460059093,49.041108046561));
#275 = SURFACE_CURVE('',#276,(#280,#287),.PCURVE_S1.);
#276 = LINE('',#277,#278);
#277 = CARTESIAN_POINT('',(0.,13.728460059093,49.041108046561));
#278 = VECTOR('',#279,1.);
#279 = DIRECTION('',(1.,0.,0.));
#280 = PCURVE('',#100,#281);
#281 = DEFINITIONAL_REPRESENTATION('',(#282),#286);
#282 = LINE('',#283,#284);
#283 = CARTESIAN_POINT('',(15.,0.));
#284 = VECTOR('',#285,1.);
#285 = DIRECTION('',(0.,-1.));
#286 = ( GEOMETRIC_REPRESENTATION_CONTEXT(2) 
PARAMETRIC_REPRESENTATION_CONTEXT() REPRESENTATION_CONTEXT('2D SPACE',''
  ) );
#287 = PCURVE('',#288,#293);
#288 = PLANE('',#289);
#289 = AXIS2_PLACEMENT_3D('',#290,#291,#292);
#290 = CARTESIAN_POINT('',(0.,13.728460059093,49.041108046561));
#291 = DIRECTION('',(0.,-0.13917310096,-0.990268068742));
#292 = DIRECTION('',(0.,-0.990268068742,0.13917310096));
#293 = DEFINITIONAL_REPRESENTATION('',(#294),#298);
#294 = LINE('',#295,#296);
#295 = CARTESIAN_POINT('',(0.,0.));
#296 = VECTOR('',#297,1.);
#297 = DIRECTION('',(0.,-1.));
#298 = ( GEOMETRIC_REPRESENTATION_CONTEXT(2) 
PARAMETRIC_REPRESENTATION_CONTEXT() REPRESENTATION_CONTEXT('2D SPACE',''
  ) );
#299 = ORIENTED_EDGE('',*,*,#300,.F.);
#300 = EDGE_CURVE('',#85,#273,#301,.T.);
#301 = SURFACE_CURVE('',#302,(#306,#313),.PCURVE_S1.);
#302 = LINE('',#303,#304);
#303 = CARTESIAN_POINT('',(0.,11.640863544692,34.187087015437));
#304 = VECTOR('',#305,1.);
#305 = DIRECTION('',(0.,0.13917310096,0.990268068742));
#306 = PCURVE('',#100,#307);
#307 = DEFINITIONAL_REPRESENTATION('',(#308),#312);
#308 = LINE('',#309,#310);
#309 = CARTESIAN_POINT('',(0.,0.));
#310 = VECTOR('',#311,1.);
#311 = DIRECTION('',(1.,0.));
#312 = ( GEOMETRIC_REPRESENTATION_CONTEXT(2) 
PARAMETRIC_REPRESENTATION_CONTEXT() REPRESENTATION_CONTEXT('2D SPACE',''
  ) );
#313 = PCURVE('',#126,#314);
#314 = DEFINITIONAL_REPRESENTATION('',(#315),#319);
#315 = LINE('',#316,#317);
#316 = CARTESIAN_POINT('',(-7.5,-13.66));
#317 = VECTOR('',#318,1.);
#318 = DIRECTION('',(1.,0.));
#319 = ( GEOMETRIC_REPRESENTATION_CONTEXT(2) 
PARAMETRIC_REPRESENTATION_CONTEXT() REPRESENTATION_CONTEXT('2D SPACE',''
  ) );
#320 = ADVANCED_FACE('',(#321),#126,.F.);
#321 = FACE_BOUND('',#322,.F.);
#322 = EDGE_LOOP('',(#323,#346,#347,#348,#349,#372,#400,#428,#456,#484,
    #512,#540,#568,#596,#624,#652,#680,#708,#736,#764,#792,#820,#848,
    #876,#904,#932,#960,#988,#1016,#1044,#1072,#1100,#1128,#1156,#1184,
    #1212,#1240,#1268,#1296));
#323 = ORIENTED_EDGE('',*,*,#324,.T.);
#324 = EDGE_CURVE('',#325,#142,#327,.T.);
#325 = VERTEX_POINT('',#326);
#326 = CARTESIAN_POINT('',(0.,-3.967630329319,51.528131360717));
#327 = SURFACE_CURVE('',#328,(#332,#339),.PCURVE_S1.);
#328 = LINE('',#329,#330);
#329 = CARTESIAN_POINT('',(0.,13.728460059093,49.041108046561));
#330 = VECTOR('',#331,1.);
#331 = DIRECTION('',(0.,-0.990268068742,0.13917310096));
#332 = PCURVE('',#126,#333);
#333 = DEFINITIONAL_REPRESENTATION('',(#334),#338);
#334 = LINE('',#335,#336);
#335 = CARTESIAN_POINT('',(7.5,-13.66));
#336 = VECTOR('',#337,1.);
#337 = DIRECTION('',(0.,1.));
#338 = ( GEOMETRIC_REPRESENTATION_CONTEXT(2) 
PARAMETRIC_REPRESENTATION_CONTEXT() REPRESENTATION_CONTEXT('2D SPACE',''
  ) );
#339 = PCURVE('',#159,#340);
#340 = DEFINITIONAL_REPRESENTATION('',(#341),#345);
#341 = LINE('',#342,#343);
#342 = CARTESIAN_POINT('',(0.,0.));
#343 = VECTOR('',#344,1.);
#344 = DIRECTION('',(1.,0.));
#345 = ( GEOMETRIC_REPRESENTATION_CONTEXT(2) 
PARAMETRIC_REPRESENTATION_CONTEXT() REPRESENTATION_CONTEXT('2D SPACE',''
  ) );
#346 = ORIENTED_EDGE('',*,*,#193,.T.);
#347 = ORIENTED_EDGE('',*,*,#112,.T.);
#348 = ORIENTED_EDGE('',*,*,#300,.T.);
#349 = ORIENTED_EDGE('',*,*,#350,.T.);
#350 = EDGE_CURVE('',#273,#351,#353,.T.);
#351 = VERTEX_POINT('',#352);
#352 = CARTESIAN_POINT('',(0.,5.935050358097,50.136400351116));
#353 = SURFACE_CURVE('',#354,(#358,#365),.PCURVE_S1.);
#354 = LINE('',#355,#356);
#355 = CARTESIAN_POINT('',(0.,13.728460059093,49.041108046561));
#356 = VECTOR('',#357,1.);
#357 = DIRECTION('',(0.,-0.990268068742,0.13917310096));
#358 = PCURVE('',#126,#359);
#359 = DEFINITIONAL_REPRESENTATION('',(#360),#364);
#360 = LINE('',#361,#362);
#361 = CARTESIAN_POINT('',(7.5,-13.66));
#362 = VECTOR('',#363,1.);
#363 = DIRECTION('',(0.,1.));
#364 = ( GEOMETRIC_REPRESENTATION_CONTEXT(2) 
PARAMETRIC_REPRESENTATION_CONTEXT() REPRESENTATION_CONTEXT('2D SPACE',''
  ) );
#365 = PCURVE('',#288,#366);
#366 = DEFINITIONAL_REPRESENTATION('',(#367),#371);
#367 = LINE('',#368,#369);
#368 = CARTESIAN_POINT('',(0.,0.));
#369 = VECTOR('',#370,1.);
#370 = DIRECTION('',(1.,0.));
#371 = ( GEOMETRIC_REPRESENTATION_CONTEXT(2) 
PARAMETRIC_REPRESENTATION_CONTEXT() REPRESENTATION_CONTEXT('2D SPACE',''
  ) );
#372 = ORIENTED_EDGE('',*,*,#373,.T.);
#373 = EDGE_CURVE('',#351,#374,#376,.T.);
#374 = VERTEX_POINT('',#375);
#375 = CARTESIAN_POINT('',(0.,6.397751065962,53.428686958384));
#376 = SURFACE_CURVE('',#377,(#381,#388),.PCURVE_S1.);
#377 = LINE('',#378,#379);
#378 = CARTESIAN_POINT('',(0.,5.656704156177,48.155864213633));
#379 = VECTOR('',#380,1.);
#380 = DIRECTION('',(0.,0.13917310096,0.990268068742));
#381 = PCURVE('',#126,#382);
#382 = DEFINITIONAL_REPRESENTATION('',(#383),#387);
#383 = LINE('',#384,#385);
#384 = CARTESIAN_POINT('',(5.5,-5.79));
#385 = VECTOR('',#386,1.);
#386 = DIRECTION('',(1.,0.));
#387 = ( GEOMETRIC_REPRESENTATION_CONTEXT(2) 
PARAMETRIC_REPRESENTATION_CONTEXT() REPRESENTATION_CONTEXT('2D SPACE',''
  ) );
#388 = PCURVE('',#389,#394);
#389 = PLANE('',#390);
#390 = AXIS2_PLACEMENT_3D('',#391,#392,#393);
#391 = CARTESIAN_POINT('',(0.,5.656704156177,48.155864213633));
#392 = DIRECTION('',(0.,-0.990268068742,0.13917310096));
#393 = DIRECTION('',(0.,0.13917310096,0.990268068742));
#394 = DEFINITIONAL_REPRESENTATION('',(#395),#399);
#395 = LINE('',#396,#397);
#396 = CARTESIAN_POINT('',(0.,0.));
#397 = VECTOR('',#398,1.);
#398 = DIRECTION('',(1.,0.));
#399 = ( GEOMETRIC_REPRESENTATION_CONTEXT(2) 
PARAMETRIC_REPRESENTATION_CONTEXT() REPRESENTATION_CONTEXT('2D SPACE',''
  ) );
#400 = ORIENTED_EDGE('',*,*,#401,.F.);
#401 = EDGE_CURVE('',#402,#374,#404,.T.);
#402 = VERTEX_POINT('',#403);
#403 = CARTESIAN_POINT('',(0.,3.497286419658,52.909638929347));
#404 = SURFACE_CURVE('',#405,(#409,#416),.PCURVE_S1.);
#405 = LINE('',#406,#407);
#406 = CARTESIAN_POINT('',(0.,3.497286419658,52.909638929347));
#407 = VECTOR('',#408,1.);
#408 = DIRECTION('',(0.,0.984362439258,0.176155011786));
#409 = PCURVE('',#126,#410);
#410 = DEFINITIONAL_REPRESENTATION('',(#411),#415);
#411 = LINE('',#412,#413);
#412 = CARTESIAN_POINT('',(9.906978444303,-2.99));
#413 = VECTOR('',#414,1.);
#414 = DIRECTION('',(0.311437456461,-0.950266652426));
#415 = ( GEOMETRIC_REPRESENTATION_CONTEXT(2) 
PARAMETRIC_REPRESENTATION_CONTEXT() REPRESENTATION_CONTEXT('2D SPACE',''
  ) );
#416 = PCURVE('',#417,#422);
#417 = PLANE('',#418);
#418 = AXIS2_PLACEMENT_3D('',#419,#420,#421);
#419 = CARTESIAN_POINT('',(0.,6.397751065962,53.428686958384));
#420 = DIRECTION('',(0.,0.176155011786,-0.984362439258));
#421 = DIRECTION('',(0.,-0.984362439258,-0.176155011786));
#422 = DEFINITIONAL_REPRESENTATION('',(#423),#427);
#423 = LINE('',#424,#425);
#424 = CARTESIAN_POINT('',(2.946541365891,0.));
#425 = VECTOR('',#426,1.);
#426 = DIRECTION('',(-1.,0.));
#427 = ( GEOMETRIC_REPRESENTATION_CONTEXT(2) 
PARAMETRIC_REPRESENTATION_CONTEXT() REPRESENTATION_CONTEXT('2D SPACE',''
  ) );
#428 = ORIENTED_EDGE('',*,*,#429,.T.);
#429 = EDGE_CURVE('',#402,#430,#432,.T.);
#430 = VERTEX_POINT('',#431);
#431 = CARTESIAN_POINT('',(0.,3.29011040842,52.872564318646));
#432 = SURFACE_CURVE('',#433,(#437,#444),.PCURVE_S1.);
#433 = LINE('',#434,#435);
#434 = CARTESIAN_POINT('',(0.,3.497286419658,52.909638929347));
#435 = VECTOR('',#436,1.);
#436 = DIRECTION('',(0.,-0.984362638856,-0.176153896421));
#437 = PCURVE('',#126,#438);
#438 = DEFINITIONAL_REPRESENTATION('',(#439),#443);
#439 = LINE('',#440,#441);
#440 = CARTESIAN_POINT('',(9.906978444303,-2.99));
#441 = VECTOR('',#442,1.);
#442 = DIRECTION('',(-0.311436379729,0.95026700531));
#443 = ( GEOMETRIC_REPRESENTATION_CONTEXT(2) 
PARAMETRIC_REPRESENTATION_CONTEXT() REPRESENTATION_CONTEXT('2D SPACE',''
  ) );
#444 = PCURVE('',#445,#450);
#445 = PLANE('',#446);
#446 = AXIS2_PLACEMENT_3D('',#447,#448,#449);
#447 = CARTESIAN_POINT('',(0.,3.497286419658,52.909638929347));
#448 = DIRECTION('',(0.,0.176153896421,-0.984362638856));
#449 = DIRECTION('',(0.,-0.984362638856,-0.176153896421));
#450 = DEFINITIONAL_REPRESENTATION('',(#451),#455);
#451 = LINE('',#452,#453);
#452 = CARTESIAN_POINT('',(0.,0.));
#453 = VECTOR('',#454,1.);
#454 = DIRECTION('',(1.,0.));
#455 = ( GEOMETRIC_REPRESENTATION_CONTEXT(2) 
PARAMETRIC_REPRESENTATION_CONTEXT() REPRESENTATION_CONTEXT('2D SPACE',''
  ) );
#456 = ORIENTED_EDGE('',*,*,#457,.F.);
#457 = EDGE_CURVE('',#458,#430,#460,.T.);
#458 = VERTEX_POINT('',#459);
#459 = CARTESIAN_POINT('',(0.,2.461406395176,52.72426610145));
#460 = SURFACE_CURVE('',#461,(#465,#472),.PCURVE_S1.);
#461 = LINE('',#462,#463);
#462 = CARTESIAN_POINT('',(0.,2.461406395176,52.72426610145));
#463 = VECTOR('',#464,1.);
#464 = DIRECTION('',(0.,0.984362684156,0.176153643281));
#465 = PCURVE('',#126,#466);
#466 = DEFINITIONAL_REPRESENTATION('',(#467),#471);
#467 = LINE('',#468,#469);
#468 = CARTESIAN_POINT('',(9.579243016794,-1.99));
#469 = VECTOR('',#470,1.);
#470 = DIRECTION('',(0.311436135357,-0.9502670854));
#471 = ( GEOMETRIC_REPRESENTATION_CONTEXT(2) 
PARAMETRIC_REPRESENTATION_CONTEXT() REPRESENTATION_CONTEXT('2D SPACE',''
  ) );
#472 = PCURVE('',#473,#478);
#473 = PLANE('',#474);
#474 = AXIS2_PLACEMENT_3D('',#475,#476,#477);
#475 = CARTESIAN_POINT('',(0.,3.29011040842,52.872564318646));
#476 = DIRECTION('',(0.,0.176153643281,-0.984362684156));
#477 = DIRECTION('',(0.,-0.984362684156,-0.176153643281));
#478 = DEFINITIONAL_REPRESENTATION('',(#479),#483);
#479 = LINE('',#480,#481);
#480 = CARTESIAN_POINT('',(0.841868578099,0.));
#481 = VECTOR('',#482,1.);
#482 = DIRECTION('',(-1.,0.));
#483 = ( GEOMETRIC_REPRESENTATION_CONTEXT(2) 
PARAMETRIC_REPRESENTATION_CONTEXT() REPRESENTATION_CONTEXT('2D SPACE',''
  ) );
#484 = ORIENTED_EDGE('',*,*,#485,.T.);
#485 = EDGE_CURVE('',#458,#486,#488,.T.);
#486 = VERTEX_POINT('',#487);
#487 = CARTESIAN_POINT('',(0.,2.254272476163,52.687490992495));
#488 = SURFACE_CURVE('',#489,(#493,#500),.PCURVE_S1.);
#489 = LINE('',#490,#491);
#490 = CARTESIAN_POINT('',(0.,2.461406395176,52.72426610145));
#491 = VECTOR('',#492,1.);
#492 = DIRECTION('',(0.,-0.984602374838,-0.174808934166));
#493 = PCURVE('',#126,#494);
#494 = DEFINITIONAL_REPRESENTATION('',(#495),#499);
#495 = LINE('',#496,#497);
#496 = CARTESIAN_POINT('',(9.579243016794,-1.99));
#497 = VECTOR('',#498,1.);
#498 = DIRECTION('',(-0.310137871354,0.950691590765));
#499 = ( GEOMETRIC_REPRESENTATION_CONTEXT(2) 
PARAMETRIC_REPRESENTATION_CONTEXT() REPRESENTATION_CONTEXT('2D SPACE',''
  ) );
#500 = PCURVE('',#501,#506);
#501 = PLANE('',#502);
#502 = AXIS2_PLACEMENT_3D('',#503,#504,#505);
#503 = CARTESIAN_POINT('',(0.,2.461406395176,52.72426610145));
#504 = DIRECTION('',(0.,0.174808934166,-0.984602374838));
#505 = DIRECTION('',(0.,-0.984602374838,-0.174808934166));
#506 = DEFINITIONAL_REPRESENTATION('',(#507),#511);
#507 = LINE('',#508,#509);
#508 = CARTESIAN_POINT('',(0.,0.));
#509 = VECTOR('',#510,1.);
#510 = DIRECTION('',(1.,0.));
#511 = ( GEOMETRIC_REPRESENTATION_CONTEXT(2) 
PARAMETRIC_REPRESENTATION_CONTEXT() REPRESENTATION_CONTEXT('2D SPACE',''
  ) );
#512 = ORIENTED_EDGE('',*,*,#513,.T.);
#513 = EDGE_CURVE('',#486,#514,#516,.T.);
#514 = VERTEX_POINT('',#515);
#515 = CARTESIAN_POINT('',(0.,2.056191729336,52.715132550798));
#516 = SURFACE_CURVE('',#517,(#521,#528),.PCURVE_S1.);
#517 = LINE('',#518,#519);
#518 = CARTESIAN_POINT('',(0.,2.254272476163,52.687490992495));
#519 = VECTOR('',#520,1.);
#520 = DIRECTION('',(0.,-0.990403263582,0.138207725852));
#521 = PCURVE('',#126,#522);
#522 = DEFINITIONAL_REPRESENTATION('',(#523),#527);
#523 = LINE('',#524,#525);
#524 = CARTESIAN_POINT('',(9.513998330849,-1.79));
#525 = VECTOR('',#526,1.);
#526 = DIRECTION('',(-9.747956290271E-04,0.999999524887));
#527 = ( GEOMETRIC_REPRESENTATION_CONTEXT(2) 
PARAMETRIC_REPRESENTATION_CONTEXT() REPRESENTATION_CONTEXT('2D SPACE',''
  ) );
#528 = PCURVE('',#529,#534);
#529 = PLANE('',#530);
#530 = AXIS2_PLACEMENT_3D('',#531,#532,#533);
#531 = CARTESIAN_POINT('',(0.,2.254272476163,52.687490992495));
#532 = DIRECTION('',(0.,-0.138207725852,-0.990403263582));
#533 = DIRECTION('',(0.,-0.990403263582,0.138207725852));
#534 = DEFINITIONAL_REPRESENTATION('',(#535),#539);
#535 = LINE('',#536,#537);
#536 = CARTESIAN_POINT('',(0.,0.));
#537 = VECTOR('',#538,1.);
#538 = DIRECTION('',(1.,-0.));
#539 = ( GEOMETRIC_REPRESENTATION_CONTEXT(2) 
PARAMETRIC_REPRESENTATION_CONTEXT() REPRESENTATION_CONTEXT('2D SPACE',''
  ) );
#540 = ORIENTED_EDGE('',*,*,#541,.T.);
#541 = EDGE_CURVE('',#514,#542,#544,.T.);
#542 = VERTEX_POINT('',#543);
#543 = CARTESIAN_POINT('',(0.,1.863675755007,52.782369522849));
#544 = SURFACE_CURVE('',#545,(#549,#556),.PCURVE_S1.);
#545 = LINE('',#546,#547);
#546 = CARTESIAN_POINT('',(0.,2.056191729336,52.715132550798));
#547 = VECTOR('',#548,1.);
#548 = DIRECTION('',(0.,-0.944077748905,0.329722920074));
#549 = PCURVE('',#126,#550);
#550 = DEFINITIONAL_REPRESENTATION('',(#551),#555);
#551 = LINE('',#552,#553);
#552 = CARTESIAN_POINT('',(9.51380337163,-1.59));
#553 = VECTOR('',#554,1.);
#554 = DIRECTION('',(0.195123851419,0.980778610395));
#555 = ( GEOMETRIC_REPRESENTATION_CONTEXT(2) 
PARAMETRIC_REPRESENTATION_CONTEXT() REPRESENTATION_CONTEXT('2D SPACE',''
  ) );
#556 = PCURVE('',#557,#562);
#557 = PLANE('',#558);
#558 = AXIS2_PLACEMENT_3D('',#559,#560,#561);
#559 = CARTESIAN_POINT('',(0.,2.056191729336,52.715132550798));
#560 = DIRECTION('',(0.,-0.329722920074,-0.944077748905));
#561 = DIRECTION('',(0.,-0.944077748905,0.329722920074));
#562 = DEFINITIONAL_REPRESENTATION('',(#563),#567);
#563 = LINE('',#564,#565);
#564 = CARTESIAN_POINT('',(0.,0.));
#565 = VECTOR('',#566,1.);
#566 = DIRECTION('',(1.,0.));
#567 = ( GEOMETRIC_REPRESENTATION_CONTEXT(2) 
PARAMETRIC_REPRESENTATION_CONTEXT() REPRESENTATION_CONTEXT('2D SPACE',''
  ) );
#568 = ORIENTED_EDGE('',*,*,#569,.F.);
#569 = EDGE_CURVE('',#570,#542,#572,.T.);
#570 = VERTEX_POINT('',#571);
#571 = CARTESIAN_POINT('',(0.,1.480827293529,52.932379785515));
#572 = SURFACE_CURVE('',#573,(#577,#584),.PCURVE_S1.);
#573 = LINE('',#574,#575);
#574 = CARTESIAN_POINT('',(0.,1.480827293529,52.932379785515));
#575 = VECTOR('',#576,1.);
#576 = DIRECTION('',(0.,0.931077632892,-0.36482110894));
#577 = PCURVE('',#126,#578);
#578 = DEFINITIONAL_REPRESENTATION('',(#579),#583);
#579 = LINE('',#580,#581);
#580 = CARTESIAN_POINT('',(9.648861118479,-0.99));
#581 = VECTOR('',#582,1.);
#582 = DIRECTION('',(-0.231689733583,-0.972789734399));
#583 = ( GEOMETRIC_REPRESENTATION_CONTEXT(2) 
PARAMETRIC_REPRESENTATION_CONTEXT() REPRESENTATION_CONTEXT('2D SPACE',''
  ) );
#584 = PCURVE('',#585,#590);
#585 = PLANE('',#586);
#586 = AXIS2_PLACEMENT_3D('',#587,#588,#589);
#587 = CARTESIAN_POINT('',(0.,1.863675755007,52.782369522849));
#588 = DIRECTION('',(0.,-0.364821108941,-0.931077632892));
#589 = DIRECTION('',(0.,-0.931077632892,0.364821108941));
#590 = DEFINITIONAL_REPRESENTATION('',(#591),#595);
#591 = LINE('',#592,#593);
#592 = CARTESIAN_POINT('',(0.411188549648,0.));
#593 = VECTOR('',#594,1.);
#594 = DIRECTION('',(-1.,0.));
#595 = ( GEOMETRIC_REPRESENTATION_CONTEXT(2) 
PARAMETRIC_REPRESENTATION_CONTEXT() REPRESENTATION_CONTEXT('2D SPACE',''
  ) );
#596 = ORIENTED_EDGE('',*,*,#597,.T.);
#597 = EDGE_CURVE('',#570,#598,#600,.T.);
#598 = VERTEX_POINT('',#599);
#599 = CARTESIAN_POINT('',(0.,1.289730413694,53.009714139559));
#600 = SURFACE_CURVE('',#601,(#605,#612),.PCURVE_S1.);
#601 = LINE('',#602,#603);
#602 = CARTESIAN_POINT('',(0.,1.480827293529,52.932379785515));
#603 = VECTOR('',#604,1.);
#604 = DIRECTION('',(0.,-0.926971075837,0.375132809231));
#605 = PCURVE('',#126,#606);
#606 = DEFINITIONAL_REPRESENTATION('',(#607),#611);
#607 = LINE('',#608,#609);
#608 = CARTESIAN_POINT('',(9.648861118479,-0.99));
#609 = VECTOR('',#610,1.);
#610 = DIRECTION('',(0.242472603394,0.970158253381));
#611 = ( GEOMETRIC_REPRESENTATION_CONTEXT(2) 
PARAMETRIC_REPRESENTATION_CONTEXT() REPRESENTATION_CONTEXT('2D SPACE',''
  ) );
#612 = PCURVE('',#613,#618);
#613 = PLANE('',#614);
#614 = AXIS2_PLACEMENT_3D('',#615,#616,#617);
#615 = CARTESIAN_POINT('',(0.,1.480827293529,52.932379785515));
#616 = DIRECTION('',(0.,-0.375132809231,-0.926971075837));
#617 = DIRECTION('',(0.,-0.926971075837,0.375132809231));
#618 = DEFINITIONAL_REPRESENTATION('',(#619),#623);
#619 = LINE('',#620,#621);
#620 = CARTESIAN_POINT('',(0.,0.));
#621 = VECTOR('',#622,1.);
#622 = DIRECTION('',(1.,0.));
#623 = ( GEOMETRIC_REPRESENTATION_CONTEXT(2) 
PARAMETRIC_REPRESENTATION_CONTEXT() REPRESENTATION_CONTEXT('2D SPACE',''
  ) );
#624 = ORIENTED_EDGE('',*,*,#625,.F.);
#625 = EDGE_CURVE('',#626,#598,#628,.T.);
#626 = VERTEX_POINT('',#627);
#627 = CARTESIAN_POINT('',(0.,0.910882673038,53.188191010037));
#628 = SURFACE_CURVE('',#629,(#633,#640),.PCURVE_S1.);
#629 = LINE('',#630,#631);
#630 = CARTESIAN_POINT('',(0.,0.910882673038,53.188191010037));
#631 = VECTOR('',#632,1.);
#632 = DIRECTION('',(0.,0.904638692575,-0.426179347102));
#633 = PCURVE('',#126,#634);
#634 = DEFINITIONAL_REPRESENTATION('',(#635),#639);
#635 = LINE('',#636,#637);
#636 = CARTESIAN_POINT('',(9.82286184554,-0.39));
#637 = VECTOR('',#638,1.);
#638 = DIRECTION('',(-0.296130426898,-0.955147512306));
#639 = ( GEOMETRIC_REPRESENTATION_CONTEXT(2) 
PARAMETRIC_REPRESENTATION_CONTEXT() REPRESENTATION_CONTEXT('2D SPACE',''
  ) );
#640 = PCURVE('',#641,#646);
#641 = PLANE('',#642);
#642 = AXIS2_PLACEMENT_3D('',#643,#644,#645);
#643 = CARTESIAN_POINT('',(0.,1.289730413694,53.009714139559));
#644 = DIRECTION('',(0.,-0.426179347102,-0.904638692575));
#645 = DIRECTION('',(0.,-0.904638692575,0.426179347102));
#646 = DEFINITIONAL_REPRESENTATION('',(#647),#651);
#647 = LINE('',#648,#649);
#648 = CARTESIAN_POINT('',(0.418783480924,0.));
#649 = VECTOR('',#650,1.);
#650 = DIRECTION('',(-1.,0.));
#651 = ( GEOMETRIC_REPRESENTATION_CONTEXT(2) 
PARAMETRIC_REPRESENTATION_CONTEXT() REPRESENTATION_CONTEXT('2D SPACE',''
  ) );
#652 = ORIENTED_EDGE('',*,*,#653,.T.);
#653 = EDGE_CURVE('',#626,#654,#656,.T.);
#654 = VERTEX_POINT('',#655);
#655 = CARTESIAN_POINT('',(0.,0.722155583239,53.282387296354));
#656 = SURFACE_CURVE('',#657,(#661,#668),.PCURVE_S1.);
#657 = LINE('',#658,#659);
#658 = CARTESIAN_POINT('',(0.,0.910882673038,53.188191010037));
#659 = VECTOR('',#660,1.);
#660 = DIRECTION('',(0.,-0.89474415132,0.446579112453));
#661 = PCURVE('',#126,#662);
#662 = DEFINITIONAL_REPRESENTATION('',(#663),#667);
#663 = LINE('',#664,#665);
#664 = CARTESIAN_POINT('',(9.82286184554,-0.39));
#665 = VECTOR('',#666,1.);
#666 = DIRECTION('',(0.317708717124,0.948188362649));
#667 = ( GEOMETRIC_REPRESENTATION_CONTEXT(2) 
PARAMETRIC_REPRESENTATION_CONTEXT() REPRESENTATION_CONTEXT('2D SPACE',''
  ) );
#668 = PCURVE('',#669,#674);
#669 = PLANE('',#670);
#670 = AXIS2_PLACEMENT_3D('',#671,#672,#673);
#671 = CARTESIAN_POINT('',(0.,0.910882673038,53.188191010037));
#672 = DIRECTION('',(0.,-0.446579112453,-0.89474415132));
#673 = DIRECTION('',(0.,-0.89474415132,0.446579112453));
#674 = DEFINITIONAL_REPRESENTATION('',(#675),#679);
#675 = LINE('',#676,#677);
#676 = CARTESIAN_POINT('',(0.,0.));
#677 = VECTOR('',#678,1.);
#678 = DIRECTION('',(1.,0.));
#679 = ( GEOMETRIC_REPRESENTATION_CONTEXT(2) 
PARAMETRIC_REPRESENTATION_CONTEXT() REPRESENTATION_CONTEXT('2D SPACE',''
  ) );
#680 = ORIENTED_EDGE('',*,*,#681,.T.);
#681 = EDGE_CURVE('',#654,#682,#684,.T.);
#682 = VERTEX_POINT('',#683);
#683 = CARTESIAN_POINT('',(0.,0.534886820892,53.386960121666));
#684 = SURFACE_CURVE('',#685,(#689,#696),.PCURVE_S1.);
#685 = LINE('',#686,#687);
#686 = CARTESIAN_POINT('',(0.,0.722155583239,53.282387296354));
#687 = VECTOR('',#688,1.);
#688 = DIRECTION('',(0.,-0.873097038771,0.487546470493));
#689 = PCURVE('',#126,#690);
#690 = DEFINITIONAL_REPRESENTATION('',(#691),#695);
#691 = LINE('',#692,#693);
#692 = CARTESIAN_POINT('',(9.889875685751,-0.19));
#693 = VECTOR('',#694,1.);
#694 = DIRECTION('',(0.361290079432,0.932453472568));
#695 = ( GEOMETRIC_REPRESENTATION_CONTEXT(2) 
PARAMETRIC_REPRESENTATION_CONTEXT() REPRESENTATION_CONTEXT('2D SPACE',''
  ) );
#696 = PCURVE('',#697,#702);
#697 = PLANE('',#698);
#698 = AXIS2_PLACEMENT_3D('',#699,#700,#701);
#699 = CARTESIAN_POINT('',(0.,0.722155583239,53.282387296354));
#700 = DIRECTION('',(0.,-0.487546470493,-0.873097038771));
#701 = DIRECTION('',(0.,-0.873097038771,0.487546470493));
#702 = DEFINITIONAL_REPRESENTATION('',(#703),#707);
#703 = LINE('',#704,#705);
#704 = CARTESIAN_POINT('',(0.,0.));
#705 = VECTOR('',#706,1.);
#706 = DIRECTION('',(1.,0.));
#707 = ( GEOMETRIC_REPRESENTATION_CONTEXT(2) 
PARAMETRIC_REPRESENTATION_CONTEXT() REPRESENTATION_CONTEXT('2D SPACE',''
  ) );
#708 = ORIENTED_EDGE('',*,*,#709,.T.);
#709 = EDGE_CURVE('',#682,#710,#712,.T.);
#710 = VERTEX_POINT('',#711);
#711 = CARTESIAN_POINT('',(0.,0.347545408233,53.491016013151));
#712 = SURFACE_CURVE('',#713,(#717,#724),.PCURVE_S1.);
#713 = LINE('',#714,#715);
#714 = CARTESIAN_POINT('',(0.,0.534886820892,53.386960121666));
#715 = VECTOR('',#716,1.);
#716 = DIRECTION('',(0.,-0.874202183866,0.485562088433));
#717 = PCURVE('',#126,#718);
#718 = DEFINITIONAL_REPRESENTATION('',(#719),#723);
#719 = LINE('',#720,#721);
#720 = CARTESIAN_POINT('',(9.967368041147,1.E-02));
#721 = VECTOR('',#722,1.);
#722 = DIRECTION('',(0.359171202772,0.933271689863));
#723 = ( GEOMETRIC_REPRESENTATION_CONTEXT(2) 
PARAMETRIC_REPRESENTATION_CONTEXT() REPRESENTATION_CONTEXT('2D SPACE',''
  ) );
#724 = PCURVE('',#725,#730);
#725 = PLANE('',#726);
#726 = AXIS2_PLACEMENT_3D('',#727,#728,#729);
#727 = CARTESIAN_POINT('',(0.,0.534886820892,53.386960121666));
#728 = DIRECTION('',(0.,-0.485562088433,-0.874202183866));
#729 = DIRECTION('',(0.,-0.874202183866,0.485562088433));
#730 = DEFINITIONAL_REPRESENTATION('',(#731),#735);
#731 = LINE('',#732,#733);
#732 = CARTESIAN_POINT('',(0.,0.));
#733 = VECTOR('',#734,1.);
#734 = DIRECTION('',(1.,0.));
#735 = ( GEOMETRIC_REPRESENTATION_CONTEXT(2) 
PARAMETRIC_REPRESENTATION_CONTEXT() REPRESENTATION_CONTEXT('2D SPACE',''
  ) );
#736 = ORIENTED_EDGE('',*,*,#737,.T.);
#737 = EDGE_CURVE('',#710,#738,#740,.T.);
#738 = VERTEX_POINT('',#739);
#739 = CARTESIAN_POINT('',(0.,0.161589214815,53.604928251679));
#740 = SURFACE_CURVE('',#741,(#745,#752),.PCURVE_S1.);
#741 = LINE('',#742,#743);
#742 = CARTESIAN_POINT('',(0.,0.347545408233,53.491016013151));
#743 = VECTOR('',#744,1.);
#744 = DIRECTION('',(0.,-0.852725676074,0.522358996634));
#745 = PCURVE('',#126,#746);
#746 = DEFINITIONAL_REPRESENTATION('',(#747),#751);
#747 = LINE('',#748,#749);
#748 = CARTESIAN_POINT('',(10.044338382511,0.21));
#749 = VECTOR('',#750,1.);
#750 = DIRECTION('',(0.398598958179,0.917125329788));
#751 = ( GEOMETRIC_REPRESENTATION_CONTEXT(2) 
PARAMETRIC_REPRESENTATION_CONTEXT() REPRESENTATION_CONTEXT('2D SPACE',''
  ) );
#752 = PCURVE('',#753,#758);
#753 = PLANE('',#754);
#754 = AXIS2_PLACEMENT_3D('',#755,#756,#757);
#755 = CARTESIAN_POINT('',(0.,0.347545408233,53.491016013151));
#756 = DIRECTION('',(0.,-0.522358996634,-0.852725676074));
#757 = DIRECTION('',(0.,-0.852725676074,0.522358996634));
#758 = DEFINITIONAL_REPRESENTATION('',(#759),#763);
#759 = LINE('',#760,#761);
#760 = CARTESIAN_POINT('',(0.,0.));
#761 = VECTOR('',#762,1.);
#762 = DIRECTION('',(1.,0.));
#763 = ( GEOMETRIC_REPRESENTATION_CONTEXT(2) 
PARAMETRIC_REPRESENTATION_CONTEXT() REPRESENTATION_CONTEXT('2D SPACE',''
  ) );
#764 = ORIENTED_EDGE('',*,*,#765,.T.);
#765 = EDGE_CURVE('',#738,#766,#768,.T.);
#766 = VERTEX_POINT('',#767);
#767 = CARTESIAN_POINT('',(0.,-2.374528169522E-02,53.723264093561));
#768 = SURFACE_CURVE('',#769,(#773,#780),.PCURVE_S1.);
#769 = LINE('',#770,#771);
#770 = CARTESIAN_POINT('',(0.,0.161589214815,53.604928251679));
#771 = VECTOR('',#772,1.);
#772 = DIRECTION('',(0.,-0.842845420813,0.538155736394));
#773 = PCURVE('',#126,#774);
#774 = DEFINITIONAL_REPRESENTATION('',(#775),#779);
#775 = LINE('',#776,#777);
#776 = CARTESIAN_POINT('',(10.131261934883,0.41));
#777 = VECTOR('',#778,1.);
#778 = DIRECTION('',(0.415617030917,0.90953970975));
#779 = ( GEOMETRIC_REPRESENTATION_CONTEXT(2) 
PARAMETRIC_REPRESENTATION_CONTEXT() REPRESENTATION_CONTEXT('2D SPACE',''
  ) );
#780 = PCURVE('',#781,#786);
#781 = PLANE('',#782);
#782 = AXIS2_PLACEMENT_3D('',#783,#784,#785);
#783 = CARTESIAN_POINT('',(0.,0.161589214815,53.604928251679));
#784 = DIRECTION('',(0.,-0.538155736394,-0.842845420813));
#785 = DIRECTION('',(0.,-0.842845420813,0.538155736394));
#786 = DEFINITIONAL_REPRESENTATION('',(#787),#791);
#787 = LINE('',#788,#789);
#788 = CARTESIAN_POINT('',(0.,0.));
#789 = VECTOR('',#790,1.);
#790 = DIRECTION('',(1.,0.));
#791 = ( GEOMETRIC_REPRESENTATION_CONTEXT(2) 
PARAMETRIC_REPRESENTATION_CONTEXT() REPRESENTATION_CONTEXT('2D SPACE',''
  ) );
#792 = ORIENTED_EDGE('',*,*,#793,.T.);
#793 = EDGE_CURVE('',#766,#794,#796,.T.);
#794 = VERTEX_POINT('',#795);
#795 = CARTESIAN_POINT('',(0.,-0.208755764721,53.843905411183));
#796 = SURFACE_CURVE('',#797,(#801,#808),.PCURVE_S1.);
#797 = LINE('',#798,#799);
#798 = CARTESIAN_POINT('',(0.,-2.374528169522E-02,53.723264093561));
#799 = VECTOR('',#800,1.);
#800 = DIRECTION('',(0.,-0.837647248433,0.546211577315));
#801 = PCURVE('',#126,#802);
#802 = DEFINITIONAL_REPRESENTATION('',(#803),#807);
#803 = LINE('',#804,#805);
#804 = CARTESIAN_POINT('',(10.222652563893,0.61));
#805 = VECTOR('',#806,1.);
#806 = DIRECTION('',(0.424317918717,0.905513281987));
#807 = ( GEOMETRIC_REPRESENTATION_CONTEXT(2) 
PARAMETRIC_REPRESENTATION_CONTEXT() REPRESENTATION_CONTEXT('2D SPACE',''
  ) );
#808 = PCURVE('',#809,#814);
#809 = PLANE('',#810);
#810 = AXIS2_PLACEMENT_3D('',#811,#812,#813);
#811 = CARTESIAN_POINT('',(0.,-2.374528169522E-02,53.723264093561));
#812 = DIRECTION('',(0.,-0.546211577315,-0.837647248433));
#813 = DIRECTION('',(0.,-0.837647248433,0.546211577315));
#814 = DEFINITIONAL_REPRESENTATION('',(#815),#819);
#815 = LINE('',#816,#817);
#816 = CARTESIAN_POINT('',(0.,0.));
#817 = VECTOR('',#818,1.);
#818 = DIRECTION('',(1.,0.));
#819 = ( GEOMETRIC_REPRESENTATION_CONTEXT(2) 
PARAMETRIC_REPRESENTATION_CONTEXT() REPRESENTATION_CONTEXT('2D SPACE',''
  ) );
#820 = ORIENTED_EDGE('',*,*,#821,.T.);
#821 = EDGE_CURVE('',#794,#822,#824,.T.);
#822 = VERTEX_POINT('',#823);
#823 = CARTESIAN_POINT('',(0.,-0.391809509184,53.978469647124));
#824 = SURFACE_CURVE('',#825,(#829,#836),.PCURVE_S1.);
#825 = LINE('',#826,#827);
#826 = CARTESIAN_POINT('',(0.,-0.208755764721,53.843905411183));
#827 = VECTOR('',#828,1.);
#828 = DIRECTION('',(0.,-0.805722652,0.592293008615));
#829 = PCURVE('',#126,#830);
#830 = DEFINITIONAL_REPRESENTATION('',(#831),#835);
#831 = LINE('',#832,#833);
#832 = CARTESIAN_POINT('',(10.316371325872,0.81));
#833 = VECTOR('',#834,1.);
#834 = DIRECTION('',(0.474393933777,0.880312669223));
#835 = ( GEOMETRIC_REPRESENTATION_CONTEXT(2) 
PARAMETRIC_REPRESENTATION_CONTEXT() REPRESENTATION_CONTEXT('2D SPACE',''
  ) );
#836 = PCURVE('',#837,#842);
#837 = PLANE('',#838);
#838 = AXIS2_PLACEMENT_3D('',#839,#840,#841);
#839 = CARTESIAN_POINT('',(0.,-0.208755764721,53.843905411183));
#840 = DIRECTION('',(0.,-0.592293008615,-0.805722652));
#841 = DIRECTION('',(0.,-0.805722652,0.592293008615));
#842 = DEFINITIONAL_REPRESENTATION('',(#843),#847);
#843 = LINE('',#844,#845);
#844 = CARTESIAN_POINT('',(0.,0.));
#845 = VECTOR('',#846,1.);
#846 = DIRECTION('',(1.,0.));
#847 = ( GEOMETRIC_REPRESENTATION_CONTEXT(2) 
PARAMETRIC_REPRESENTATION_CONTEXT() REPRESENTATION_CONTEXT('2D SPACE',''
  ) );
#848 = ORIENTED_EDGE('',*,*,#849,.T.);
#849 = EDGE_CURVE('',#822,#850,#852,.T.);
#850 = VERTEX_POINT('',#851);
#851 = CARTESIAN_POINT('',(0.,-0.574808575533,54.113422938066));
#852 = SURFACE_CURVE('',#853,(#857,#864),.PCURVE_S1.);
#853 = LINE('',#854,#855);
#854 = CARTESIAN_POINT('',(0.,-0.391809509184,53.978469647124));
#855 = VECTOR('',#856,1.);
#856 = DIRECTION('',(0.,-0.80482080848,0.593517873563));
#857 = PCURVE('',#126,#858);
#858 = DEFINITIONAL_REPRESENTATION('',(#859),#863);
#859 = LINE('',#860,#861);
#860 = CARTESIAN_POINT('',(10.424149834659,1.01));
#861 = VECTOR('',#862,1.);
#862 = DIRECTION('',(0.475732390783,0.879590070635));
#863 = ( GEOMETRIC_REPRESENTATION_CONTEXT(2) 
PARAMETRIC_REPRESENTATION_CONTEXT() REPRESENTATION_CONTEXT('2D SPACE',''
  ) );
#864 = PCURVE('',#865,#870);
#865 = PLANE('',#866);
#866 = AXIS2_PLACEMENT_3D('',#867,#868,#869);
#867 = CARTESIAN_POINT('',(0.,-0.391809509184,53.978469647124));
#868 = DIRECTION('',(0.,-0.593517873563,-0.80482080848));
#869 = DIRECTION('',(0.,-0.80482080848,0.593517873563));
#870 = DEFINITIONAL_REPRESENTATION('',(#871),#875);
#871 = LINE('',#872,#873);
#872 = CARTESIAN_POINT('',(0.,0.));
#873 = VECTOR('',#874,1.);
#874 = DIRECTION('',(1.,0.));
#875 = ( GEOMETRIC_REPRESENTATION_CONTEXT(2) 
PARAMETRIC_REPRESENTATION_CONTEXT() REPRESENTATION_CONTEXT('2D SPACE',''
  ) );
#876 = ORIENTED_EDGE('',*,*,#877,.T.);
#877 = EDGE_CURVE('',#850,#878,#880,.T.);
#878 = VERTEX_POINT('',#879);
#879 = CARTESIAN_POINT('',(0.,-0.756293994277,54.259146391345));
#880 = SURFACE_CURVE('',#881,(#885,#892),.PCURVE_S1.);
#881 = LINE('',#882,#883);
#882 = CARTESIAN_POINT('',(0.,-0.574808575533,54.113422938066));
#883 = VECTOR('',#884,1.);
#884 = DIRECTION('',(0.,-0.77974603014,0.626095941914));
#885 = PCURVE('',#126,#886);
#886 = DEFINITIONAL_REPRESENTATION('',(#887),#891);
#887 = LINE('',#888,#889);
#888 = CARTESIAN_POINT('',(10.532321221915,1.21));
#889 = VECTOR('',#890,1.);
#890 = DIRECTION('',(0.51148314627,0.85929330911));
#891 = ( GEOMETRIC_REPRESENTATION_CONTEXT(2) 
PARAMETRIC_REPRESENTATION_CONTEXT() REPRESENTATION_CONTEXT('2D SPACE',''
  ) );
#892 = PCURVE('',#893,#898);
#893 = PLANE('',#894);
#894 = AXIS2_PLACEMENT_3D('',#895,#896,#897);
#895 = CARTESIAN_POINT('',(0.,-0.574808575533,54.113422938066));
#896 = DIRECTION('',(0.,-0.626095941914,-0.77974603014));
#897 = DIRECTION('',(0.,-0.77974603014,0.626095941914));
#898 = DEFINITIONAL_REPRESENTATION('',(#899),#903);
#899 = LINE('',#900,#901);
#900 = CARTESIAN_POINT('',(0.,0.));
#901 = VECTOR('',#902,1.);
#902 = DIRECTION('',(1.,0.));
#903 = ( GEOMETRIC_REPRESENTATION_CONTEXT(2) 
PARAMETRIC_REPRESENTATION_CONTEXT() REPRESENTATION_CONTEXT('2D SPACE',''
  ) );
#904 = ORIENTED_EDGE('',*,*,#905,.T.);
#905 = EDGE_CURVE('',#878,#906,#908,.T.);
#906 = VERTEX_POINT('',#907);
#907 = CARTESIAN_POINT('',(0.,-0.936926358556,54.410939642537));
#908 = SURFACE_CURVE('',#909,(#913,#920),.PCURVE_S1.);
#909 = LINE('',#910,#911);
#910 = CARTESIAN_POINT('',(0.,-0.756293994277,54.259146391345));
#911 = VECTOR('',#912,1.);
#912 = DIRECTION('',(0.,-0.765575297717,0.643346301401));
#913 = PCURVE('',#126,#914);
#914 = DEFINITIONAL_REPRESENTATION('',(#915),#919);
#915 = LINE('',#916,#917);
#916 = CARTESIAN_POINT('',(10.651368616058,1.41));
#917 = VECTOR('',#918,1.);
#918 = DIRECTION('',(0.530537811219,0.847661271303));
#919 = ( GEOMETRIC_REPRESENTATION_CONTEXT(2) 
PARAMETRIC_REPRESENTATION_CONTEXT() REPRESENTATION_CONTEXT('2D SPACE',''
  ) );
#920 = PCURVE('',#921,#926);
#921 = PLANE('',#922);
#922 = AXIS2_PLACEMENT_3D('',#923,#924,#925);
#923 = CARTESIAN_POINT('',(0.,-0.756293994277,54.259146391345));
#924 = DIRECTION('',(0.,-0.643346301401,-0.765575297717));
#925 = DIRECTION('',(0.,-0.765575297717,0.643346301401));
#926 = DEFINITIONAL_REPRESENTATION('',(#927),#931);
#927 = LINE('',#928,#929);
#928 = CARTESIAN_POINT('',(0.,0.));
#929 = VECTOR('',#930,1.);
#930 = DIRECTION('',(1.,0.));
#931 = ( GEOMETRIC_REPRESENTATION_CONTEXT(2) 
PARAMETRIC_REPRESENTATION_CONTEXT() REPRESENTATION_CONTEXT('2D SPACE',''
  ) );
#932 = ORIENTED_EDGE('',*,*,#933,.T.);
#933 = EDGE_CURVE('',#906,#934,#936,.T.);
#934 = VERTEX_POINT('',#935);
#935 = CARTESIAN_POINT('',(0.,-1.116803408287,54.568107235997));
#936 = SURFACE_CURVE('',#937,(#941,#948),.PCURVE_S1.);
#937 = LINE('',#938,#939);
#938 = CARTESIAN_POINT('',(0.,-0.936926358556,54.410939642537));
#939 = VECTOR('',#940,1.);
#940 = DIRECTION('',(0.,-0.753042948586,0.657971365323));
#941 = PCURVE('',#126,#942);
#942 = DEFINITIONAL_REPRESENTATION('',(#943),#947);
#943 = LINE('',#944,#945);
#944 = CARTESIAN_POINT('',(10.776545459492,1.61));
#945 = VECTOR('',#946,1.);
#946 = DIRECTION('',(0.546764710915,0.837286301631));
#947 = ( GEOMETRIC_REPRESENTATION_CONTEXT(2) 
PARAMETRIC_REPRESENTATION_CONTEXT() REPRESENTATION_CONTEXT('2D SPACE',''
  ) );
#948 = PCURVE('',#949,#954);
#949 = PLANE('',#950);
#950 = AXIS2_PLACEMENT_3D('',#951,#952,#953);
#951 = CARTESIAN_POINT('',(0.,-0.936926358556,54.410939642537));
#952 = DIRECTION('',(0.,-0.657971365323,-0.753042948586));
#953 = DIRECTION('',(0.,-0.753042948586,0.657971365323));
#954 = DEFINITIONAL_REPRESENTATION('',(#955),#959);
#955 = LINE('',#956,#957);
#956 = CARTESIAN_POINT('',(0.,0.));
#957 = VECTOR('',#958,1.);
#958 = DIRECTION('',(1.,0.));
#959 = ( GEOMETRIC_REPRESENTATION_CONTEXT(2) 
PARAMETRIC_REPRESENTATION_CONTEXT() REPRESENTATION_CONTEXT('2D SPACE',''
  ) );
#960 = ORIENTED_EDGE('',*,*,#961,.T.);
#961 = EDGE_CURVE('',#934,#962,#964,.T.);
#962 = VERTEX_POINT('',#963);
#963 = CARTESIAN_POINT('',(0.,-1.294855108337,54.73826286731));
#964 = SURFACE_CURVE('',#965,(#969,#976),.PCURVE_S1.);
#965 = LINE('',#966,#967);
#966 = CARTESIAN_POINT('',(0.,-1.116803408287,54.568107235997));
#967 = VECTOR('',#968,1.);
#968 = DIRECTION('',(0.,-0.722955522857,0.690894573702));
#969 = PCURVE('',#126,#970);
#970 = DEFINITIONAL_REPRESENTATION('',(#971),#975);
#971 = LINE('',#972,#973);
#972 = CARTESIAN_POINT('',(10.907149461935,1.81));
#973 = VECTOR('',#974,1.);
#974 = DIRECTION('',(0.583554873232,0.812073709664));
#975 = ( GEOMETRIC_REPRESENTATION_CONTEXT(2) 
PARAMETRIC_REPRESENTATION_CONTEXT() REPRESENTATION_CONTEXT('2D SPACE',''
  ) );
#976 = PCURVE('',#977,#982);
#977 = PLANE('',#978);
#978 = AXIS2_PLACEMENT_3D('',#979,#980,#981);
#979 = CARTESIAN_POINT('',(0.,-1.116803408287,54.568107235997));
#980 = DIRECTION('',(0.,-0.690894573702,-0.722955522857));
#981 = DIRECTION('',(0.,-0.722955522857,0.690894573702));
#982 = DEFINITIONAL_REPRESENTATION('',(#983),#987);
#983 = LINE('',#984,#985);
#984 = CARTESIAN_POINT('',(0.,0.));
#985 = VECTOR('',#986,1.);
#986 = DIRECTION('',(1.,0.));
#987 = ( GEOMETRIC_REPRESENTATION_CONTEXT(2) 
PARAMETRIC_REPRESENTATION_CONTEXT() REPRESENTATION_CONTEXT('2D SPACE',''
  ) );
#988 = ORIENTED_EDGE('',*,*,#989,.T.);
#989 = EDGE_CURVE('',#962,#990,#992,.T.);
#990 = VERTEX_POINT('',#991);
#991 = CARTESIAN_POINT('',(0.,-1.472693145454,54.909938789382));
#992 = SURFACE_CURVE('',#993,(#997,#1004),.PCURVE_S1.);
#993 = LINE('',#994,#995);
#994 = CARTESIAN_POINT('',(0.,-1.294855108337,54.73826286731));
#995 = VECTOR('',#996,1.);
#996 = DIRECTION('',(0.,-0.719461637473,0.694532182267));
#997 = PCURVE('',#126,#998);
#998 = DEFINITIONAL_REPRESENTATION('',(#999),#1003);
#999 = LINE('',#1000,#1001);
#1000 = CARTESIAN_POINT('',(11.050869143113,2.01));
#1001 = VECTOR('',#1002,1.);
#1002 = DIRECTION('',(0.587643335703,0.809120083797));
#1003 = ( GEOMETRIC_REPRESENTATION_CONTEXT(2) 
PARAMETRIC_REPRESENTATION_CONTEXT() REPRESENTATION_CONTEXT('2D SPACE',''
  ) );
#1004 = PCURVE('',#1005,#1010);
#1005 = PLANE('',#1006);
#1006 = AXIS2_PLACEMENT_3D('',#1007,#1008,#1009);
#1007 = CARTESIAN_POINT('',(0.,-1.294855108337,54.73826286731));
#1008 = DIRECTION('',(0.,-0.694532182267,-0.719461637473));
#1009 = DIRECTION('',(0.,-0.719461637473,0.694532182267));
#1010 = DEFINITIONAL_REPRESENTATION('',(#1011),#1015);
#1011 = LINE('',#1012,#1013);
#1012 = CARTESIAN_POINT('',(0.,0.));
#1013 = VECTOR('',#1014,1.);
#1014 = DIRECTION('',(1.,0.));
#1015 = ( GEOMETRIC_REPRESENTATION_CONTEXT(2) 
PARAMETRIC_REPRESENTATION_CONTEXT() REPRESENTATION_CONTEXT('2D SPACE',''
  ) );
#1016 = ORIENTED_EDGE('',*,*,#1017,.T.);
#1017 = EDGE_CURVE('',#990,#1018,#1020,.T.);
#1018 = VERTEX_POINT('',#1019);
#1019 = CARTESIAN_POINT('',(0.,-1.64818647524,55.098298171007));
#1020 = SURFACE_CURVE('',#1021,(#1025,#1032),.PCURVE_S1.);
#1021 = LINE('',#1022,#1023);
#1022 = CARTESIAN_POINT('',(0.,-1.472693145454,54.909938789382));
#1023 = VECTOR('',#1024,1.);
#1024 = DIRECTION('',(0.,-0.68167701602,0.731653227855));
#1025 = PCURVE('',#126,#1026);
#1026 = DEFINITIONAL_REPRESENTATION('',(#1027),#1031);
#1027 = LINE('',#1028,#1029);
#1028 = CARTESIAN_POINT('',(11.196124055819,2.21));
#1029 = VECTOR('',#1030,1.);
#1030 = DIRECTION('',(0.629661724764,0.776869430707));
#1031 = ( GEOMETRIC_REPRESENTATION_CONTEXT(2) 
PARAMETRIC_REPRESENTATION_CONTEXT() REPRESENTATION_CONTEXT('2D SPACE',''
  ) );
#1032 = PCURVE('',#1033,#1038);
#1033 = PLANE('',#1034);
#1034 = AXIS2_PLACEMENT_3D('',#1035,#1036,#1037);
#1035 = CARTESIAN_POINT('',(0.,-1.472693145454,54.909938789382));
#1036 = DIRECTION('',(0.,-0.731653227855,-0.68167701602));
#1037 = DIRECTION('',(0.,-0.68167701602,0.731653227855));
#1038 = DEFINITIONAL_REPRESENTATION('',(#1039),#1043);
#1039 = LINE('',#1040,#1041);
#1040 = CARTESIAN_POINT('',(0.,0.));
#1041 = VECTOR('',#1042,1.);
#1042 = DIRECTION('',(1.,0.));
#1043 = ( GEOMETRIC_REPRESENTATION_CONTEXT(2) 
PARAMETRIC_REPRESENTATION_CONTEXT() REPRESENTATION_CONTEXT('2D SPACE',''
  ) );
#1044 = ORIENTED_EDGE('',*,*,#1045,.T.);
#1045 = EDGE_CURVE('',#1018,#1046,#1048,.T.);
#1046 = VERTEX_POINT('',#1047);
#1047 = CARTESIAN_POINT('',(0.,-1.823286725336,55.289454459958));
#1048 = SURFACE_CURVE('',#1049,(#1053,#1060),.PCURVE_S1.);
#1049 = LINE('',#1050,#1051);
#1050 = CARTESIAN_POINT('',(0.,-1.64818647524,55.098298171007));
#1051 = VECTOR('',#1052,1.);
#1052 = DIRECTION('',(0.,-0.67545973607,0.73739687072));
#1053 = PCURVE('',#126,#1054);
#1054 = DEFINITIONAL_REPRESENTATION('',(#1055),#1059);
#1055 = LINE('',#1056,#1057);
#1056 = CARTESIAN_POINT('',(11.358226385986,2.41));
#1057 = VECTOR('',#1058,1.);
#1058 = DIRECTION('',(0.636214749021,0.771512017487));
#1059 = ( GEOMETRIC_REPRESENTATION_CONTEXT(2) 
PARAMETRIC_REPRESENTATION_CONTEXT() REPRESENTATION_CONTEXT('2D SPACE',''
  ) );
#1060 = PCURVE('',#1061,#1066);
#1061 = PLANE('',#1062);
#1062 = AXIS2_PLACEMENT_3D('',#1063,#1064,#1065);
#1063 = CARTESIAN_POINT('',(0.,-1.64818647524,55.098298171007));
#1064 = DIRECTION('',(0.,-0.73739687072,-0.67545973607));
#1065 = DIRECTION('',(0.,-0.67545973607,0.73739687072));
#1066 = DEFINITIONAL_REPRESENTATION('',(#1067),#1071);
#1067 = LINE('',#1068,#1069);
#1068 = CARTESIAN_POINT('',(0.,0.));
#1069 = VECTOR('',#1070,1.);
#1070 = DIRECTION('',(1.,0.));
#1071 = ( GEOMETRIC_REPRESENTATION_CONTEXT(2) 
PARAMETRIC_REPRESENTATION_CONTEXT() REPRESENTATION_CONTEXT('2D SPACE',''
  ) );
#1072 = ORIENTED_EDGE('',*,*,#1073,.T.);
#1073 = EDGE_CURVE('',#1046,#1074,#1076,.T.);
#1074 = VERTEX_POINT('',#1075);
#1075 = CARTESIAN_POINT('',(0.,-1.996374273679,55.494931866025));
#1076 = SURFACE_CURVE('',#1077,(#1081,#1088),.PCURVE_S1.);
#1077 = LINE('',#1078,#1079);
#1078 = CARTESIAN_POINT('',(0.,-1.823286725336,55.289454459958));
#1079 = VECTOR('',#1080,1.);
#1080 = DIRECTION('',(0.,-0.644253214357,0.764812261794));
#1081 = PCURVE('',#126,#1082);
#1082 = DEFINITIONAL_REPRESENTATION('',(#1083),#1087);
#1083 = LINE('',#1084,#1085);
#1084 = CARTESIAN_POINT('',(11.523153110288,2.61));
#1085 = VECTOR('',#1086,1.);
#1086 = DIRECTION('',(0.667706443791,0.744424680488));
#1087 = ( GEOMETRIC_REPRESENTATION_CONTEXT(2) 
PARAMETRIC_REPRESENTATION_CONTEXT() REPRESENTATION_CONTEXT('2D SPACE',''
  ) );
#1088 = PCURVE('',#1089,#1094);
#1089 = PLANE('',#1090);
#1090 = AXIS2_PLACEMENT_3D('',#1091,#1092,#1093);
#1091 = CARTESIAN_POINT('',(0.,-1.823286725336,55.289454459958));
#1092 = DIRECTION('',(0.,-0.764812261794,-0.644253214357));
#1093 = DIRECTION('',(0.,-0.644253214357,0.764812261794));
#1094 = DEFINITIONAL_REPRESENTATION('',(#1095),#1099);
#1095 = LINE('',#1096,#1097);
#1096 = CARTESIAN_POINT('',(0.,0.));
#1097 = VECTOR('',#1098,1.);
#1098 = DIRECTION('',(1.,0.));
#1099 = ( GEOMETRIC_REPRESENTATION_CONTEXT(2) 
PARAMETRIC_REPRESENTATION_CONTEXT() REPRESENTATION_CONTEXT('2D SPACE',''
  ) );
#1100 = ORIENTED_EDGE('',*,*,#1101,.T.);
#1101 = EDGE_CURVE('',#1074,#1102,#1104,.T.);
#1102 = VERTEX_POINT('',#1103);
#1103 = CARTESIAN_POINT('',(0.,-2.168475798359,55.707425195005));
#1104 = SURFACE_CURVE('',#1105,(#1109,#1116),.PCURVE_S1.);
#1105 = LINE('',#1106,#1107);
#1106 = CARTESIAN_POINT('',(0.,-1.996374273679,55.494931866025));
#1107 = VECTOR('',#1108,1.);
#1108 = DIRECTION('',(0.,-0.629381834188,0.777096201763));
#1109 = PCURVE('',#126,#1110);
#1110 = DEFINITIONAL_REPRESENTATION('',(#1111),#1115);
#1111 = LINE('',#1112,#1113);
#1112 = CARTESIAN_POINT('',(11.702541693524,2.81));
#1113 = VECTOR('',#1114,1.);
#1114 = DIRECTION('',(0.681940533394,0.731407621586));
#1115 = ( GEOMETRIC_REPRESENTATION_CONTEXT(2) 
PARAMETRIC_REPRESENTATION_CONTEXT() REPRESENTATION_CONTEXT('2D SPACE',''
  ) );
#1116 = PCURVE('',#1117,#1122);
#1117 = PLANE('',#1118);
#1118 = AXIS2_PLACEMENT_3D('',#1119,#1120,#1121);
#1119 = CARTESIAN_POINT('',(0.,-1.996374273679,55.494931866025));
#1120 = DIRECTION('',(0.,-0.777096201763,-0.629381834188));
#1121 = DIRECTION('',(0.,-0.629381834188,0.777096201763));
#1122 = DEFINITIONAL_REPRESENTATION('',(#1123),#1127);
#1123 = LINE('',#1124,#1125);
#1124 = CARTESIAN_POINT('',(0.,0.));
#1125 = VECTOR('',#1126,1.);
#1126 = DIRECTION('',(1.,0.));
#1127 = ( GEOMETRIC_REPRESENTATION_CONTEXT(2) 
PARAMETRIC_REPRESENTATION_CONTEXT() REPRESENTATION_CONTEXT('2D SPACE',''
  ) );
#1128 = ORIENTED_EDGE('',*,*,#1129,.T.);
#1129 = EDGE_CURVE('',#1102,#1130,#1132,.T.);
#1130 = VERTEX_POINT('',#1131);
#1131 = CARTESIAN_POINT('',(0.,-2.338740009897,55.932991686289));
#1132 = SURFACE_CURVE('',#1133,(#1137,#1144),.PCURVE_S1.);
#1133 = LINE('',#1134,#1135);
#1134 = CARTESIAN_POINT('',(0.,-2.168475798359,55.707425195005));
#1135 = VECTOR('',#1136,1.);
#1136 = DIRECTION('',(0.,-0.602464052318,0.798146017759));
#1137 = PCURVE('',#126,#1138);
#1138 = DEFINITIONAL_REPRESENTATION('',(#1139),#1143);
#1139 = LINE('',#1140,#1141);
#1140 = CARTESIAN_POINT('',(11.889015149164,3.01));
#1141 = VECTOR('',#1142,1.);
#1142 = DIRECTION('',(0.706531725202,0.707681369885));
#1143 = ( GEOMETRIC_REPRESENTATION_CONTEXT(2) 
PARAMETRIC_REPRESENTATION_CONTEXT() REPRESENTATION_CONTEXT('2D SPACE',''
  ) );
#1144 = PCURVE('',#1145,#1150);
#1145 = PLANE('',#1146);
#1146 = AXIS2_PLACEMENT_3D('',#1147,#1148,#1149);
#1147 = CARTESIAN_POINT('',(0.,-2.168475798359,55.707425195005));
#1148 = DIRECTION('',(0.,-0.798146017759,-0.602464052318));
#1149 = DIRECTION('',(0.,-0.602464052318,0.798146017759));
#1150 = DEFINITIONAL_REPRESENTATION('',(#1151),#1155);
#1151 = LINE('',#1152,#1153);
#1152 = CARTESIAN_POINT('',(0.,0.));
#1153 = VECTOR('',#1154,1.);
#1154 = DIRECTION('',(1.,0.));
#1155 = ( GEOMETRIC_REPRESENTATION_CONTEXT(2) 
PARAMETRIC_REPRESENTATION_CONTEXT() REPRESENTATION_CONTEXT('2D SPACE',''
  ) );
#1156 = ORIENTED_EDGE('',*,*,#1157,.T.);
#1157 = EDGE_CURVE('',#1130,#1158,#1160,.T.);
#1158 = VERTEX_POINT('',#1159);
#1159 = CARTESIAN_POINT('',(0.,-2.507500405457,56.169258384247));
#1160 = SURFACE_CURVE('',#1161,(#1165,#1172),.PCURVE_S1.);
#1161 = LINE('',#1162,#1163);
#1162 = CARTESIAN_POINT('',(0.,-2.338740009897,55.932991686289));
#1163 = VECTOR('',#1164,1.);
#1164 = DIRECTION('',(0.,-0.581234700885,0.813735966077));
#1165 = PCURVE('',#126,#1166);
#1166 = DEFINITIONAL_REPRESENTATION('',(#1167),#1171);
#1167 = LINE('',#1168,#1169);
#1168 = CARTESIAN_POINT('',(12.088690244558,3.21));
#1169 = VECTOR('',#1170,1.);
#1170 = DIRECTION('',(0.724924507884,0.688828322493));
#1171 = ( GEOMETRIC_REPRESENTATION_CONTEXT(2) 
PARAMETRIC_REPRESENTATION_CONTEXT() REPRESENTATION_CONTEXT('2D SPACE',''
  ) );
#1172 = PCURVE('',#1173,#1178);
#1173 = PLANE('',#1174);
#1174 = AXIS2_PLACEMENT_3D('',#1175,#1176,#1177);
#1175 = CARTESIAN_POINT('',(0.,-2.338740009897,55.932991686289));
#1176 = DIRECTION('',(0.,-0.813735966077,-0.581234700885));
#1177 = DIRECTION('',(0.,-0.581234700885,0.813735966077));
#1178 = DEFINITIONAL_REPRESENTATION('',(#1179),#1183);
#1179 = LINE('',#1180,#1181);
#1180 = CARTESIAN_POINT('',(0.,0.));
#1181 = VECTOR('',#1182,1.);
#1182 = DIRECTION('',(1.,0.));
#1183 = ( GEOMETRIC_REPRESENTATION_CONTEXT(2) 
PARAMETRIC_REPRESENTATION_CONTEXT() REPRESENTATION_CONTEXT('2D SPACE',''
  ) );
#1184 = ORIENTED_EDGE('',*,*,#1185,.T.);
#1185 = EDGE_CURVE('',#1158,#1186,#1188,.T.);
#1186 = VERTEX_POINT('',#1187);
#1187 = CARTESIAN_POINT('',(0.,-2.674426096757,56.41857968135));
#1188 = SURFACE_CURVE('',#1189,(#1193,#1200),.PCURVE_S1.);
#1189 = LINE('',#1190,#1191);
#1190 = CARTESIAN_POINT('',(0.,-2.507500405457,56.169258384247));
#1191 = VECTOR('',#1192,1.);
#1192 = DIRECTION('',(0.,-0.556340793287,0.830954223604));
#1193 = PCURVE('',#126,#1194);
#1194 = DEFINITIONAL_REPRESENTATION('',(#1195),#1199);
#1195 = LINE('',#1196,#1197);
#1196 = CARTESIAN_POINT('',(12.299170703683,3.41));
#1197 = VECTOR('',#1198,1.);
#1198 = DIRECTION('',(0.745439760829,0.666572998985));
#1199 = ( GEOMETRIC_REPRESENTATION_CONTEXT(2) 
PARAMETRIC_REPRESENTATION_CONTEXT() REPRESENTATION_CONTEXT('2D SPACE',''
  ) );
#1200 = PCURVE('',#1201,#1206);
#1201 = PLANE('',#1202);
#1202 = AXIS2_PLACEMENT_3D('',#1203,#1204,#1205);
#1203 = CARTESIAN_POINT('',(0.,-2.507500405457,56.169258384247));
#1204 = DIRECTION('',(0.,-0.830954223604,-0.556340793287));
#1205 = DIRECTION('',(0.,-0.556340793287,0.830954223604));
#1206 = DEFINITIONAL_REPRESENTATION('',(#1207),#1211);
#1207 = LINE('',#1208,#1209);
#1208 = CARTESIAN_POINT('',(0.,0.));
#1209 = VECTOR('',#1210,1.);
#1210 = DIRECTION('',(1.,0.));
#1211 = ( GEOMETRIC_REPRESENTATION_CONTEXT(2) 
PARAMETRIC_REPRESENTATION_CONTEXT() REPRESENTATION_CONTEXT('2D SPACE',''
  ) );
#1212 = ORIENTED_EDGE('',*,*,#1213,.T.);
#1213 = EDGE_CURVE('',#1186,#1214,#1216,.T.);
#1214 = VERTEX_POINT('',#1215);
#1215 = CARTESIAN_POINT('',(0.,-2.839400458944,56.681785406543));
#1216 = SURFACE_CURVE('',#1217,(#1221,#1228),.PCURVE_S1.);
#1217 = LINE('',#1218,#1219);
#1218 = CARTESIAN_POINT('',(0.,-2.674426096757,56.41857968135));
#1219 = VECTOR('',#1220,1.);
#1220 = DIRECTION('',(0.,-0.531088340223,0.847316454979));
#1221 = PCURVE('',#126,#1222);
#1222 = DEFINITIONAL_REPRESENTATION('',(#1223),#1227);
#1223 = LINE('',#1224,#1225);
#1224 = CARTESIAN_POINT('',(12.522834056974,3.61));
#1225 = VECTOR('',#1226,1.);
#1226 = DIRECTION('',(0.765157218293,0.643843483538));
#1227 = ( GEOMETRIC_REPRESENTATION_CONTEXT(2) 
PARAMETRIC_REPRESENTATION_CONTEXT() REPRESENTATION_CONTEXT('2D SPACE',''
  ) );
#1228 = PCURVE('',#1229,#1234);
#1229 = PLANE('',#1230);
#1230 = AXIS2_PLACEMENT_3D('',#1231,#1232,#1233);
#1231 = CARTESIAN_POINT('',(0.,-2.674426096757,56.41857968135));
#1232 = DIRECTION('',(0.,-0.847316454979,-0.531088340223));
#1233 = DIRECTION('',(0.,-0.531088340223,0.847316454979));
#1234 = DEFINITIONAL_REPRESENTATION('',(#1235),#1239);
#1235 = LINE('',#1236,#1237);
#1236 = CARTESIAN_POINT('',(0.,0.));
#1237 = VECTOR('',#1238,1.);
#1238 = DIRECTION('',(1.,0.));
#1239 = ( GEOMETRIC_REPRESENTATION_CONTEXT(2) 
PARAMETRIC_REPRESENTATION_CONTEXT() REPRESENTATION_CONTEXT('2D SPACE',''
  ) );
#1240 = ORIENTED_EDGE('',*,*,#1241,.T.);
#1241 = EDGE_CURVE('',#1214,#1242,#1244,.T.);
#1242 = VERTEX_POINT('',#1243);
#1243 = CARTESIAN_POINT('',(0.,-3.002332735816,56.959521323752));
#1244 = SURFACE_CURVE('',#1245,(#1249,#1256),.PCURVE_S1.);
#1245 = LINE('',#1246,#1247);
#1246 = CARTESIAN_POINT('',(0.,-2.839400458944,56.681785406543));
#1247 = VECTOR('',#1248,1.);
#1248 = DIRECTION('',(0.,-0.50600045344,0.862533211603));
#1249 = PCURVE('',#126,#1250);
#1250 = DEFINITIONAL_REPRESENTATION('',(#1251),#1255);
#1251 = LINE('',#1252,#1253);
#1252 = CARTESIAN_POINT('',(12.760518288578,3.81));
#1253 = VECTOR('',#1254,1.);
#1254 = DIRECTION('',(0.783717445487,0.621117513551));
#1255 = ( GEOMETRIC_REPRESENTATION_CONTEXT(2) 
PARAMETRIC_REPRESENTATION_CONTEXT() REPRESENTATION_CONTEXT('2D SPACE',''
  ) );
#1256 = PCURVE('',#1257,#1262);
#1257 = PLANE('',#1258);
#1258 = AXIS2_PLACEMENT_3D('',#1259,#1260,#1261);
#1259 = CARTESIAN_POINT('',(0.,-2.839400458944,56.681785406543));
#1260 = DIRECTION('',(0.,-0.862533211603,-0.50600045344));
#1261 = DIRECTION('',(0.,-0.50600045344,0.862533211603));
#1262 = DEFINITIONAL_REPRESENTATION('',(#1263),#1267);
#1263 = LINE('',#1264,#1265);
#1264 = CARTESIAN_POINT('',(0.,0.));
#1265 = VECTOR('',#1266,1.);
#1266 = DIRECTION('',(1.,0.));
#1267 = ( GEOMETRIC_REPRESENTATION_CONTEXT(2) 
PARAMETRIC_REPRESENTATION_CONTEXT() REPRESENTATION_CONTEXT('2D SPACE',''
  ) );
#1268 = ORIENTED_EDGE('',*,*,#1269,.T.);
#1269 = EDGE_CURVE('',#1242,#1270,#1272,.T.);
#1270 = VERTEX_POINT('',#1271);
#1271 = CARTESIAN_POINT('',(0.,-3.162957931387,57.253672977402));
#1272 = SURFACE_CURVE('',#1273,(#1277,#1284),.PCURVE_S1.);
#1273 = LINE('',#1274,#1275);
#1274 = CARTESIAN_POINT('',(0.,-3.002332735816,56.959521323752));
#1275 = VECTOR('',#1276,1.);
#1276 = DIRECTION('',(0.,-0.479263330655,0.877671157034));
#1277 = PCURVE('',#126,#1278);
#1278 = DEFINITIONAL_REPRESENTATION('',(#1279),#1283);
#1279 = LINE('',#1280,#1281);
#1280 = CARTESIAN_POINT('',(13.012875508714,4.01));
#1281 = VECTOR('',#1282,1.);
#1282 = DIRECTION('',(0.802429157763,0.596747389414));
#1283 = ( GEOMETRIC_REPRESENTATION_CONTEXT(2) 
PARAMETRIC_REPRESENTATION_CONTEXT() REPRESENTATION_CONTEXT('2D SPACE',''
  ) );
#1284 = PCURVE('',#1285,#1290);
#1285 = PLANE('',#1286);
#1286 = AXIS2_PLACEMENT_3D('',#1287,#1288,#1289);
#1287 = CARTESIAN_POINT('',(0.,-3.002332735816,56.959521323752));
#1288 = DIRECTION('',(0.,-0.877671157034,-0.479263330655));
#1289 = DIRECTION('',(0.,-0.479263330655,0.877671157034));
#1290 = DEFINITIONAL_REPRESENTATION('',(#1291),#1295);
#1291 = LINE('',#1292,#1293);
#1292 = CARTESIAN_POINT('',(0.,0.));
#1293 = VECTOR('',#1294,1.);
#1294 = DIRECTION('',(1.,0.));
#1295 = ( GEOMETRIC_REPRESENTATION_CONTEXT(2) 
PARAMETRIC_REPRESENTATION_CONTEXT() REPRESENTATION_CONTEXT('2D SPACE',''
  ) );
#1296 = ORIENTED_EDGE('',*,*,#1297,.T.);
#1297 = EDGE_CURVE('',#1270,#325,#1298,.T.);
#1298 = SURFACE_CURVE('',#1299,(#1303,#1310),.PCURVE_S1.);
#1299 = LINE('',#1300,#1301);
#1300 = CARTESIAN_POINT('',(0.,-3.023784830427,58.243941046143));
#1301 = VECTOR('',#1302,1.);
#1302 = DIRECTION('',(0.,-0.13917310096,-0.990268068742));
#1303 = PCURVE('',#126,#1304);
#1304 = DEFINITIONAL_REPRESENTATION('',(#1305),#1309);
#1305 = LINE('',#1306,#1307);
#1306 = CARTESIAN_POINT('',(14.281809792131,4.21));
#1307 = VECTOR('',#1308,1.);
#1308 = DIRECTION('',(-1.,0.));
#1309 = ( GEOMETRIC_REPRESENTATION_CONTEXT(2) 
PARAMETRIC_REPRESENTATION_CONTEXT() REPRESENTATION_CONTEXT('2D SPACE',''
  ) );
#1310 = PCURVE('',#1311,#1316);
#1311 = PLANE('',#1312);
#1312 = AXIS2_PLACEMENT_3D('',#1313,#1314,#1315);
#1313 = CARTESIAN_POINT('',(0.,-3.023784830427,58.243941046143));
#1314 = DIRECTION('',(0.,0.990268068742,-0.13917310096));
#1315 = DIRECTION('',(0.,-0.13917310096,-0.990268068742));
#1316 = DEFINITIONAL_REPRESENTATION('',(#1317),#1321);
#1317 = LINE('',#1318,#1319);
#1318 = CARTESIAN_POINT('',(0.,0.));
#1319 = VECTOR('',#1320,1.);
#1320 = DIRECTION('',(1.,0.));
#1321 = ( GEOMETRIC_REPRESENTATION_CONTEXT(2) 
PARAMETRIC_REPRESENTATION_CONTEXT() REPRESENTATION_CONTEXT('2D SPACE',''
  ) );
#1322 = ADVANCED_FACE('',(#1323),#72,.T.);
#1323 = FACE_BOUND('',#1324,.T.);
#1324 = EDGE_LOOP('',(#1325,#1348,#1349,#1350,#1351,#1374,#1397,#1420,
    #1443,#1466,#1489,#1512,#1535,#1558,#1581,#1604,#1627,#1650,#1673,
    #1696,#1719,#1742,#1765,#1788,#1811,#1834,#1857,#1880,#1903,#1926,
    #1949,#1972,#1995,#2018,#2041,#2064,#2087,#2110,#2133));
#1325 = ORIENTED_EDGE('',*,*,#1326,.T.);
#1326 = EDGE_CURVE('',#1327,#144,#1329,.T.);
#1327 = VERTEX_POINT('',#1328);
#1328 = CARTESIAN_POINT('',(38.1,-3.967630329319,51.528131360717));
#1329 = SURFACE_CURVE('',#1330,(#1334,#1341),.PCURVE_S1.);
#1330 = LINE('',#1331,#1332);
#1331 = CARTESIAN_POINT('',(38.1,13.728460059093,49.041108046561));
#1332 = VECTOR('',#1333,1.);
#1333 = DIRECTION('',(0.,-0.990268068742,0.13917310096));
#1334 = PCURVE('',#72,#1335);
#1335 = DEFINITIONAL_REPRESENTATION('',(#1336),#1340);
#1336 = LINE('',#1337,#1338);
#1337 = CARTESIAN_POINT('',(7.5,-13.66));
#1338 = VECTOR('',#1339,1.);
#1339 = DIRECTION('',(0.,1.));
#1340 = ( GEOMETRIC_REPRESENTATION_CONTEXT(2) 
PARAMETRIC_REPRESENTATION_CONTEXT() REPRESENTATION_CONTEXT('2D SPACE',''
  ) );
#1341 = PCURVE('',#159,#1342);
#1342 = DEFINITIONAL_REPRESENTATION('',(#1343),#1347);
#1343 = LINE('',#1344,#1345);
#1344 = CARTESIAN_POINT('',(0.,-38.1));
#1345 = VECTOR('',#1346,1.);
#1346 = DIRECTION('',(1.,0.));
#1347 = ( GEOMETRIC_REPRESENTATION_CONTEXT(2) 
PARAMETRIC_REPRESENTATION_CONTEXT() REPRESENTATION_CONTEXT('2D SPACE',''
  ) );
#1348 = ORIENTED_EDGE('',*,*,#171,.T.);
#1349 = ORIENTED_EDGE('',*,*,#56,.T.);
#1350 = ORIENTED_EDGE('',*,*,#249,.T.);
#1351 = ORIENTED_EDGE('',*,*,#1352,.T.);
#1352 = EDGE_CURVE('',#250,#1353,#1355,.T.);
#1353 = VERTEX_POINT('',#1354);
#1354 = CARTESIAN_POINT('',(38.1,5.935050358097,50.136400351116));
#1355 = SURFACE_CURVE('',#1356,(#1360,#1367),.PCURVE_S1.);
#1356 = LINE('',#1357,#1358);
#1357 = CARTESIAN_POINT('',(38.1,13.728460059093,49.041108046561));
#1358 = VECTOR('',#1359,1.);
#1359 = DIRECTION('',(0.,-0.990268068742,0.13917310096));
#1360 = PCURVE('',#72,#1361);
#1361 = DEFINITIONAL_REPRESENTATION('',(#1362),#1366);
#1362 = LINE('',#1363,#1364);
#1363 = CARTESIAN_POINT('',(7.5,-13.66));
#1364 = VECTOR('',#1365,1.);
#1365 = DIRECTION('',(0.,1.));
#1366 = ( GEOMETRIC_REPRESENTATION_CONTEXT(2) 
PARAMETRIC_REPRESENTATION_CONTEXT() REPRESENTATION_CONTEXT('2D SPACE',''
  ) );
#1367 = PCURVE('',#288,#1368);
#1368 = DEFINITIONAL_REPRESENTATION('',(#1369),#1373);
#1369 = LINE('',#1370,#1371);
#1370 = CARTESIAN_POINT('',(0.,-38.1));
#1371 = VECTOR('',#1372,1.);
#1372 = DIRECTION('',(1.,0.));
#1373 = ( GEOMETRIC_REPRESENTATION_CONTEXT(2) 
PARAMETRIC_REPRESENTATION_CONTEXT() REPRESENTATION_CONTEXT('2D SPACE',''
  ) );
#1374 = ORIENTED_EDGE('',*,*,#1375,.T.);
#1375 = EDGE_CURVE('',#1353,#1376,#1378,.T.);
#1376 = VERTEX_POINT('',#1377);
#1377 = CARTESIAN_POINT('',(38.1,6.397751065962,53.428686958384));
#1378 = SURFACE_CURVE('',#1379,(#1383,#1390),.PCURVE_S1.);
#1379 = LINE('',#1380,#1381);
#1380 = CARTESIAN_POINT('',(38.1,5.656704156177,48.155864213633));
#1381 = VECTOR('',#1382,1.);
#1382 = DIRECTION('',(0.,0.13917310096,0.990268068742));
#1383 = PCURVE('',#72,#1384);
#1384 = DEFINITIONAL_REPRESENTATION('',(#1385),#1389);
#1385 = LINE('',#1386,#1387);
#1386 = CARTESIAN_POINT('',(5.5,-5.79));
#1387 = VECTOR('',#1388,1.);
#1388 = DIRECTION('',(1.,0.));
#1389 = ( GEOMETRIC_REPRESENTATION_CONTEXT(2) 
PARAMETRIC_REPRESENTATION_CONTEXT() REPRESENTATION_CONTEXT('2D SPACE',''
  ) );
#1390 = PCURVE('',#389,#1391);
#1391 = DEFINITIONAL_REPRESENTATION('',(#1392),#1396);
#1392 = LINE('',#1393,#1394);
#1393 = CARTESIAN_POINT('',(0.,-38.1));
#1394 = VECTOR('',#1395,1.);
#1395 = DIRECTION('',(1.,0.));
#1396 = ( GEOMETRIC_REPRESENTATION_CONTEXT(2) 
PARAMETRIC_REPRESENTATION_CONTEXT() REPRESENTATION_CONTEXT('2D SPACE',''
  ) );
#1397 = ORIENTED_EDGE('',*,*,#1398,.T.);
#1398 = EDGE_CURVE('',#1376,#1399,#1401,.T.);
#1399 = VERTEX_POINT('',#1400);
#1400 = CARTESIAN_POINT('',(38.1,3.497286419658,52.909638929347));
#1401 = SURFACE_CURVE('',#1402,(#1406,#1413),.PCURVE_S1.);
#1402 = LINE('',#1403,#1404);
#1403 = CARTESIAN_POINT('',(38.1,6.397751065962,53.428686958384));
#1404 = VECTOR('',#1405,1.);
#1405 = DIRECTION('',(0.,-0.984362439258,-0.176155011786));
#1406 = PCURVE('',#72,#1407);
#1407 = DEFINITIONAL_REPRESENTATION('',(#1408),#1412);
#1408 = LINE('',#1409,#1410);
#1409 = CARTESIAN_POINT('',(10.824641792653,-5.79));
#1410 = VECTOR('',#1411,1.);
#1411 = DIRECTION('',(-0.311437456461,0.950266652426));
#1412 = ( GEOMETRIC_REPRESENTATION_CONTEXT(2) 
PARAMETRIC_REPRESENTATION_CONTEXT() REPRESENTATION_CONTEXT('2D SPACE',''
  ) );
#1413 = PCURVE('',#417,#1414);
#1414 = DEFINITIONAL_REPRESENTATION('',(#1415),#1419);
#1415 = LINE('',#1416,#1417);
#1416 = CARTESIAN_POINT('',(0.,-38.1));
#1417 = VECTOR('',#1418,1.);
#1418 = DIRECTION('',(1.,0.));
#1419 = ( GEOMETRIC_REPRESENTATION_CONTEXT(2) 
PARAMETRIC_REPRESENTATION_CONTEXT() REPRESENTATION_CONTEXT('2D SPACE',''
  ) );
#1420 = ORIENTED_EDGE('',*,*,#1421,.T.);
#1421 = EDGE_CURVE('',#1399,#1422,#1424,.T.);
#1422 = VERTEX_POINT('',#1423);
#1423 = CARTESIAN_POINT('',(38.1,3.29011040842,52.872564318646));
#1424 = SURFACE_CURVE('',#1425,(#1429,#1436),.PCURVE_S1.);
#1425 = LINE('',#1426,#1427);
#1426 = CARTESIAN_POINT('',(38.1,3.497286419658,52.909638929347));
#1427 = VECTOR('',#1428,1.);
#1428 = DIRECTION('',(0.,-0.984362638856,-0.176153896421));
#1429 = PCURVE('',#72,#1430);
#1430 = DEFINITIONAL_REPRESENTATION('',(#1431),#1435);
#1431 = LINE('',#1432,#1433);
#1432 = CARTESIAN_POINT('',(9.906978444303,-2.99));
#1433 = VECTOR('',#1434,1.);
#1434 = DIRECTION('',(-0.311436379729,0.95026700531));
#1435 = ( GEOMETRIC_REPRESENTATION_CONTEXT(2) 
PARAMETRIC_REPRESENTATION_CONTEXT() REPRESENTATION_CONTEXT('2D SPACE',''
  ) );
#1436 = PCURVE('',#445,#1437);
#1437 = DEFINITIONAL_REPRESENTATION('',(#1438),#1442);
#1438 = LINE('',#1439,#1440);
#1439 = CARTESIAN_POINT('',(0.,-38.1));
#1440 = VECTOR('',#1441,1.);
#1441 = DIRECTION('',(1.,0.));
#1442 = ( GEOMETRIC_REPRESENTATION_CONTEXT(2) 
PARAMETRIC_REPRESENTATION_CONTEXT() REPRESENTATION_CONTEXT('2D SPACE',''
  ) );
#1443 = ORIENTED_EDGE('',*,*,#1444,.T.);
#1444 = EDGE_CURVE('',#1422,#1445,#1447,.T.);
#1445 = VERTEX_POINT('',#1446);
#1446 = CARTESIAN_POINT('',(38.1,2.461406395176,52.72426610145));
#1447 = SURFACE_CURVE('',#1448,(#1452,#1459),.PCURVE_S1.);
#1448 = LINE('',#1449,#1450);
#1449 = CARTESIAN_POINT('',(38.1,3.29011040842,52.872564318646));
#1450 = VECTOR('',#1451,1.);
#1451 = DIRECTION('',(0.,-0.984362684156,-0.176153643281));
#1452 = PCURVE('',#72,#1453);
#1453 = DEFINITIONAL_REPRESENTATION('',(#1454),#1458);
#1454 = LINE('',#1455,#1456);
#1455 = CARTESIAN_POINT('',(9.841431313236,-2.79));
#1456 = VECTOR('',#1457,1.);
#1457 = DIRECTION('',(-0.311436135357,0.9502670854));
#1458 = ( GEOMETRIC_REPRESENTATION_CONTEXT(2) 
PARAMETRIC_REPRESENTATION_CONTEXT() REPRESENTATION_CONTEXT('2D SPACE',''
  ) );
#1459 = PCURVE('',#473,#1460);
#1460 = DEFINITIONAL_REPRESENTATION('',(#1461),#1465);
#1461 = LINE('',#1462,#1463);
#1462 = CARTESIAN_POINT('',(0.,-38.1));
#1463 = VECTOR('',#1464,1.);
#1464 = DIRECTION('',(1.,0.));
#1465 = ( GEOMETRIC_REPRESENTATION_CONTEXT(2) 
PARAMETRIC_REPRESENTATION_CONTEXT() REPRESENTATION_CONTEXT('2D SPACE',''
  ) );
#1466 = ORIENTED_EDGE('',*,*,#1467,.T.);
#1467 = EDGE_CURVE('',#1445,#1468,#1470,.T.);
#1468 = VERTEX_POINT('',#1469);
#1469 = CARTESIAN_POINT('',(38.1,2.254272476163,52.687490992495));
#1470 = SURFACE_CURVE('',#1471,(#1475,#1482),.PCURVE_S1.);
#1471 = LINE('',#1472,#1473);
#1472 = CARTESIAN_POINT('',(38.1,2.461406395176,52.72426610145));
#1473 = VECTOR('',#1474,1.);
#1474 = DIRECTION('',(0.,-0.984602374838,-0.174808934166));
#1475 = PCURVE('',#72,#1476);
#1476 = DEFINITIONAL_REPRESENTATION('',(#1477),#1481);
#1477 = LINE('',#1478,#1479);
#1478 = CARTESIAN_POINT('',(9.579243016794,-1.99));
#1479 = VECTOR('',#1480,1.);
#1480 = DIRECTION('',(-0.310137871354,0.950691590765));
#1481 = ( GEOMETRIC_REPRESENTATION_CONTEXT(2) 
PARAMETRIC_REPRESENTATION_CONTEXT() REPRESENTATION_CONTEXT('2D SPACE',''
  ) );
#1482 = PCURVE('',#501,#1483);
#1483 = DEFINITIONAL_REPRESENTATION('',(#1484),#1488);
#1484 = LINE('',#1485,#1486);
#1485 = CARTESIAN_POINT('',(0.,-38.1));
#1486 = VECTOR('',#1487,1.);
#1487 = DIRECTION('',(1.,0.));
#1488 = ( GEOMETRIC_REPRESENTATION_CONTEXT(2) 
PARAMETRIC_REPRESENTATION_CONTEXT() REPRESENTATION_CONTEXT('2D SPACE',''
  ) );
#1489 = ORIENTED_EDGE('',*,*,#1490,.T.);
#1490 = EDGE_CURVE('',#1468,#1491,#1493,.T.);
#1491 = VERTEX_POINT('',#1492);
#1492 = CARTESIAN_POINT('',(38.1,2.056191729336,52.715132550798));
#1493 = SURFACE_CURVE('',#1494,(#1498,#1505),.PCURVE_S1.);
#1494 = LINE('',#1495,#1496);
#1495 = CARTESIAN_POINT('',(38.1,2.254272476163,52.687490992495));
#1496 = VECTOR('',#1497,1.);
#1497 = DIRECTION('',(0.,-0.990403263582,0.138207725852));
#1498 = PCURVE('',#72,#1499);
#1499 = DEFINITIONAL_REPRESENTATION('',(#1500),#1504);
#1500 = LINE('',#1501,#1502);
#1501 = CARTESIAN_POINT('',(9.513998330849,-1.79));
#1502 = VECTOR('',#1503,1.);
#1503 = DIRECTION('',(-9.747956290271E-04,0.999999524887));
#1504 = ( GEOMETRIC_REPRESENTATION_CONTEXT(2) 
PARAMETRIC_REPRESENTATION_CONTEXT() REPRESENTATION_CONTEXT('2D SPACE',''
  ) );
#1505 = PCURVE('',#529,#1506);
#1506 = DEFINITIONAL_REPRESENTATION('',(#1507),#1511);
#1507 = LINE('',#1508,#1509);
#1508 = CARTESIAN_POINT('',(0.,-38.1));
#1509 = VECTOR('',#1510,1.);
#1510 = DIRECTION('',(1.,-0.));
#1511 = ( GEOMETRIC_REPRESENTATION_CONTEXT(2) 
PARAMETRIC_REPRESENTATION_CONTEXT() REPRESENTATION_CONTEXT('2D SPACE',''
  ) );
#1512 = ORIENTED_EDGE('',*,*,#1513,.T.);
#1513 = EDGE_CURVE('',#1491,#1514,#1516,.T.);
#1514 = VERTEX_POINT('',#1515);
#1515 = CARTESIAN_POINT('',(38.1,1.863675755007,52.782369522849));
#1516 = SURFACE_CURVE('',#1517,(#1521,#1528),.PCURVE_S1.);
#1517 = LINE('',#1518,#1519);
#1518 = CARTESIAN_POINT('',(38.1,2.056191729336,52.715132550798));
#1519 = VECTOR('',#1520,1.);
#1520 = DIRECTION('',(0.,-0.944077748905,0.329722920074));
#1521 = PCURVE('',#72,#1522);
#1522 = DEFINITIONAL_REPRESENTATION('',(#1523),#1527);
#1523 = LINE('',#1524,#1525);
#1524 = CARTESIAN_POINT('',(9.51380337163,-1.59));
#1525 = VECTOR('',#1526,1.);
#1526 = DIRECTION('',(0.195123851419,0.980778610395));
#1527 = ( GEOMETRIC_REPRESENTATION_CONTEXT(2) 
PARAMETRIC_REPRESENTATION_CONTEXT() REPRESENTATION_CONTEXT('2D SPACE',''
  ) );
#1528 = PCURVE('',#557,#1529);
#1529 = DEFINITIONAL_REPRESENTATION('',(#1530),#1534);
#1530 = LINE('',#1531,#1532);
#1531 = CARTESIAN_POINT('',(0.,-38.1));
#1532 = VECTOR('',#1533,1.);
#1533 = DIRECTION('',(1.,0.));
#1534 = ( GEOMETRIC_REPRESENTATION_CONTEXT(2) 
PARAMETRIC_REPRESENTATION_CONTEXT() REPRESENTATION_CONTEXT('2D SPACE',''
  ) );
#1535 = ORIENTED_EDGE('',*,*,#1536,.T.);
#1536 = EDGE_CURVE('',#1514,#1537,#1539,.T.);
#1537 = VERTEX_POINT('',#1538);
#1538 = CARTESIAN_POINT('',(38.1,1.480827293529,52.932379785515));
#1539 = SURFACE_CURVE('',#1540,(#1544,#1551),.PCURVE_S1.);
#1540 = LINE('',#1541,#1542);
#1541 = CARTESIAN_POINT('',(38.1,1.863675755007,52.782369522849));
#1542 = VECTOR('',#1543,1.);
#1543 = DIRECTION('',(0.,-0.931077632892,0.36482110894));
#1544 = PCURVE('',#72,#1545);
#1545 = DEFINITIONAL_REPRESENTATION('',(#1546),#1550);
#1546 = LINE('',#1547,#1548);
#1547 = CARTESIAN_POINT('',(9.553592952959,-1.39));
#1548 = VECTOR('',#1549,1.);
#1549 = DIRECTION('',(0.231689733583,0.972789734399));
#1550 = ( GEOMETRIC_REPRESENTATION_CONTEXT(2) 
PARAMETRIC_REPRESENTATION_CONTEXT() REPRESENTATION_CONTEXT('2D SPACE',''
  ) );
#1551 = PCURVE('',#585,#1552);
#1552 = DEFINITIONAL_REPRESENTATION('',(#1553),#1557);
#1553 = LINE('',#1554,#1555);
#1554 = CARTESIAN_POINT('',(0.,-38.1));
#1555 = VECTOR('',#1556,1.);
#1556 = DIRECTION('',(1.,0.));
#1557 = ( GEOMETRIC_REPRESENTATION_CONTEXT(2) 
PARAMETRIC_REPRESENTATION_CONTEXT() REPRESENTATION_CONTEXT('2D SPACE',''
  ) );
#1558 = ORIENTED_EDGE('',*,*,#1559,.T.);
#1559 = EDGE_CURVE('',#1537,#1560,#1562,.T.);
#1560 = VERTEX_POINT('',#1561);
#1561 = CARTESIAN_POINT('',(38.1,1.289730413694,53.009714139559));
#1562 = SURFACE_CURVE('',#1563,(#1567,#1574),.PCURVE_S1.);
#1563 = LINE('',#1564,#1565);
#1564 = CARTESIAN_POINT('',(38.1,1.480827293529,52.932379785515));
#1565 = VECTOR('',#1566,1.);
#1566 = DIRECTION('',(0.,-0.926971075837,0.375132809231));
#1567 = PCURVE('',#72,#1568);
#1568 = DEFINITIONAL_REPRESENTATION('',(#1569),#1573);
#1569 = LINE('',#1570,#1571);
#1570 = CARTESIAN_POINT('',(9.648861118479,-0.99));
#1571 = VECTOR('',#1572,1.);
#1572 = DIRECTION('',(0.242472603394,0.970158253381));
#1573 = ( GEOMETRIC_REPRESENTATION_CONTEXT(2) 
PARAMETRIC_REPRESENTATION_CONTEXT() REPRESENTATION_CONTEXT('2D SPACE',''
  ) );
#1574 = PCURVE('',#613,#1575);
#1575 = DEFINITIONAL_REPRESENTATION('',(#1576),#1580);
#1576 = LINE('',#1577,#1578);
#1577 = CARTESIAN_POINT('',(0.,-38.1));
#1578 = VECTOR('',#1579,1.);
#1579 = DIRECTION('',(1.,0.));
#1580 = ( GEOMETRIC_REPRESENTATION_CONTEXT(2) 
PARAMETRIC_REPRESENTATION_CONTEXT() REPRESENTATION_CONTEXT('2D SPACE',''
  ) );
#1581 = ORIENTED_EDGE('',*,*,#1582,.T.);
#1582 = EDGE_CURVE('',#1560,#1583,#1585,.T.);
#1583 = VERTEX_POINT('',#1584);
#1584 = CARTESIAN_POINT('',(38.1,0.910882673038,53.188191010037));
#1585 = SURFACE_CURVE('',#1586,(#1590,#1597),.PCURVE_S1.);
#1586 = LINE('',#1587,#1588);
#1587 = CARTESIAN_POINT('',(38.1,1.289730413694,53.009714139559));
#1588 = VECTOR('',#1589,1.);
#1589 = DIRECTION('',(0.,-0.904638692575,0.426179347102));
#1590 = PCURVE('',#72,#1591);
#1591 = DEFINITIONAL_REPRESENTATION('',(#1592),#1596);
#1592 = LINE('',#1593,#1594);
#1593 = CARTESIAN_POINT('',(9.698847314556,-0.79));
#1594 = VECTOR('',#1595,1.);
#1595 = DIRECTION('',(0.296130426898,0.955147512306));
#1596 = ( GEOMETRIC_REPRESENTATION_CONTEXT(2) 
PARAMETRIC_REPRESENTATION_CONTEXT() REPRESENTATION_CONTEXT('2D SPACE',''
  ) );
#1597 = PCURVE('',#641,#1598);
#1598 = DEFINITIONAL_REPRESENTATION('',(#1599),#1603);
#1599 = LINE('',#1600,#1601);
#1600 = CARTESIAN_POINT('',(0.,-38.1));
#1601 = VECTOR('',#1602,1.);
#1602 = DIRECTION('',(1.,0.));
#1603 = ( GEOMETRIC_REPRESENTATION_CONTEXT(2) 
PARAMETRIC_REPRESENTATION_CONTEXT() REPRESENTATION_CONTEXT('2D SPACE',''
  ) );
#1604 = ORIENTED_EDGE('',*,*,#1605,.T.);
#1605 = EDGE_CURVE('',#1583,#1606,#1608,.T.);
#1606 = VERTEX_POINT('',#1607);
#1607 = CARTESIAN_POINT('',(38.1,0.722155583239,53.282387296354));
#1608 = SURFACE_CURVE('',#1609,(#1613,#1620),.PCURVE_S1.);
#1609 = LINE('',#1610,#1611);
#1610 = CARTESIAN_POINT('',(38.1,0.910882673038,53.188191010037));
#1611 = VECTOR('',#1612,1.);
#1612 = DIRECTION('',(0.,-0.89474415132,0.446579112453));
#1613 = PCURVE('',#72,#1614);
#1614 = DEFINITIONAL_REPRESENTATION('',(#1615),#1619);
#1615 = LINE('',#1616,#1617);
#1616 = CARTESIAN_POINT('',(9.82286184554,-0.39));
#1617 = VECTOR('',#1618,1.);
#1618 = DIRECTION('',(0.317708717124,0.948188362649));
#1619 = ( GEOMETRIC_REPRESENTATION_CONTEXT(2) 
PARAMETRIC_REPRESENTATION_CONTEXT() REPRESENTATION_CONTEXT('2D SPACE',''
  ) );
#1620 = PCURVE('',#669,#1621);
#1621 = DEFINITIONAL_REPRESENTATION('',(#1622),#1626);
#1622 = LINE('',#1623,#1624);
#1623 = CARTESIAN_POINT('',(0.,-38.1));
#1624 = VECTOR('',#1625,1.);
#1625 = DIRECTION('',(1.,0.));
#1626 = ( GEOMETRIC_REPRESENTATION_CONTEXT(2) 
PARAMETRIC_REPRESENTATION_CONTEXT() REPRESENTATION_CONTEXT('2D SPACE',''
  ) );
#1627 = ORIENTED_EDGE('',*,*,#1628,.T.);
#1628 = EDGE_CURVE('',#1606,#1629,#1631,.T.);
#1629 = VERTEX_POINT('',#1630);
#1630 = CARTESIAN_POINT('',(38.1,0.534886820892,53.386960121666));
#1631 = SURFACE_CURVE('',#1632,(#1636,#1643),.PCURVE_S1.);
#1632 = LINE('',#1633,#1634);
#1633 = CARTESIAN_POINT('',(38.1,0.722155583239,53.282387296354));
#1634 = VECTOR('',#1635,1.);
#1635 = DIRECTION('',(0.,-0.873097038771,0.487546470493));
#1636 = PCURVE('',#72,#1637);
#1637 = DEFINITIONAL_REPRESENTATION('',(#1638),#1642);
#1638 = LINE('',#1639,#1640);
#1639 = CARTESIAN_POINT('',(9.889875685751,-0.19));
#1640 = VECTOR('',#1641,1.);
#1641 = DIRECTION('',(0.361290079432,0.932453472568));
#1642 = ( GEOMETRIC_REPRESENTATION_CONTEXT(2) 
PARAMETRIC_REPRESENTATION_CONTEXT() REPRESENTATION_CONTEXT('2D SPACE',''
  ) );
#1643 = PCURVE('',#697,#1644);
#1644 = DEFINITIONAL_REPRESENTATION('',(#1645),#1649);
#1645 = LINE('',#1646,#1647);
#1646 = CARTESIAN_POINT('',(0.,-38.1));
#1647 = VECTOR('',#1648,1.);
#1648 = DIRECTION('',(1.,0.));
#1649 = ( GEOMETRIC_REPRESENTATION_CONTEXT(2) 
PARAMETRIC_REPRESENTATION_CONTEXT() REPRESENTATION_CONTEXT('2D SPACE',''
  ) );
#1650 = ORIENTED_EDGE('',*,*,#1651,.T.);
#1651 = EDGE_CURVE('',#1629,#1652,#1654,.T.);
#1652 = VERTEX_POINT('',#1653);
#1653 = CARTESIAN_POINT('',(38.1,0.347545408233,53.491016013151));
#1654 = SURFACE_CURVE('',#1655,(#1659,#1666),.PCURVE_S1.);
#1655 = LINE('',#1656,#1657);
#1656 = CARTESIAN_POINT('',(38.1,0.534886820892,53.386960121666));
#1657 = VECTOR('',#1658,1.);
#1658 = DIRECTION('',(0.,-0.874202183866,0.485562088433));
#1659 = PCURVE('',#72,#1660);
#1660 = DEFINITIONAL_REPRESENTATION('',(#1661),#1665);
#1661 = LINE('',#1662,#1663);
#1662 = CARTESIAN_POINT('',(9.967368041147,1.E-02));
#1663 = VECTOR('',#1664,1.);
#1664 = DIRECTION('',(0.359171202772,0.933271689863));
#1665 = ( GEOMETRIC_REPRESENTATION_CONTEXT(2) 
PARAMETRIC_REPRESENTATION_CONTEXT() REPRESENTATION_CONTEXT('2D SPACE',''
  ) );
#1666 = PCURVE('',#725,#1667);
#1667 = DEFINITIONAL_REPRESENTATION('',(#1668),#1672);
#1668 = LINE('',#1669,#1670);
#1669 = CARTESIAN_POINT('',(0.,-38.1));
#1670 = VECTOR('',#1671,1.);
#1671 = DIRECTION('',(1.,0.));
#1672 = ( GEOMETRIC_REPRESENTATION_CONTEXT(2) 
PARAMETRIC_REPRESENTATION_CONTEXT() REPRESENTATION_CONTEXT('2D SPACE',''
  ) );
#1673 = ORIENTED_EDGE('',*,*,#1674,.T.);
#1674 = EDGE_CURVE('',#1652,#1675,#1677,.T.);
#1675 = VERTEX_POINT('',#1676);
#1676 = CARTESIAN_POINT('',(38.1,0.161589214815,53.604928251679));
#1677 = SURFACE_CURVE('',#1678,(#1682,#1689),.PCURVE_S1.);
#1678 = LINE('',#1679,#1680);
#1679 = CARTESIAN_POINT('',(38.1,0.347545408233,53.491016013151));
#1680 = VECTOR('',#1681,1.);
#1681 = DIRECTION('',(0.,-0.852725676074,0.522358996634));
#1682 = PCURVE('',#72,#1683);
#1683 = DEFINITIONAL_REPRESENTATION('',(#1684),#1688);
#1684 = LINE('',#1685,#1686);
#1685 = CARTESIAN_POINT('',(10.044338382511,0.21));
#1686 = VECTOR('',#1687,1.);
#1687 = DIRECTION('',(0.398598958179,0.917125329788));
#1688 = ( GEOMETRIC_REPRESENTATION_CONTEXT(2) 
PARAMETRIC_REPRESENTATION_CONTEXT() REPRESENTATION_CONTEXT('2D SPACE',''
  ) );
#1689 = PCURVE('',#753,#1690);
#1690 = DEFINITIONAL_REPRESENTATION('',(#1691),#1695);
#1691 = LINE('',#1692,#1693);
#1692 = CARTESIAN_POINT('',(0.,-38.1));
#1693 = VECTOR('',#1694,1.);
#1694 = DIRECTION('',(1.,0.));
#1695 = ( GEOMETRIC_REPRESENTATION_CONTEXT(2) 
PARAMETRIC_REPRESENTATION_CONTEXT() REPRESENTATION_CONTEXT('2D SPACE',''
  ) );
#1696 = ORIENTED_EDGE('',*,*,#1697,.T.);
#1697 = EDGE_CURVE('',#1675,#1698,#1700,.T.);
#1698 = VERTEX_POINT('',#1699);
#1699 = CARTESIAN_POINT('',(38.1,-2.374528169522E-02,53.723264093561));
#1700 = SURFACE_CURVE('',#1701,(#1705,#1712),.PCURVE_S1.);
#1701 = LINE('',#1702,#1703);
#1702 = CARTESIAN_POINT('',(38.1,0.161589214815,53.604928251679));
#1703 = VECTOR('',#1704,1.);
#1704 = DIRECTION('',(0.,-0.842845420813,0.538155736394));
#1705 = PCURVE('',#72,#1706);
#1706 = DEFINITIONAL_REPRESENTATION('',(#1707),#1711);
#1707 = LINE('',#1708,#1709);
#1708 = CARTESIAN_POINT('',(10.131261934883,0.41));
#1709 = VECTOR('',#1710,1.);
#1710 = DIRECTION('',(0.415617030917,0.90953970975));
#1711 = ( GEOMETRIC_REPRESENTATION_CONTEXT(2) 
PARAMETRIC_REPRESENTATION_CONTEXT() REPRESENTATION_CONTEXT('2D SPACE',''
  ) );
#1712 = PCURVE('',#781,#1713);
#1713 = DEFINITIONAL_REPRESENTATION('',(#1714),#1718);
#1714 = LINE('',#1715,#1716);
#1715 = CARTESIAN_POINT('',(0.,-38.1));
#1716 = VECTOR('',#1717,1.);
#1717 = DIRECTION('',(1.,0.));
#1718 = ( GEOMETRIC_REPRESENTATION_CONTEXT(2) 
PARAMETRIC_REPRESENTATION_CONTEXT() REPRESENTATION_CONTEXT('2D SPACE',''
  ) );
#1719 = ORIENTED_EDGE('',*,*,#1720,.T.);
#1720 = EDGE_CURVE('',#1698,#1721,#1723,.T.);
#1721 = VERTEX_POINT('',#1722);
#1722 = CARTESIAN_POINT('',(38.1,-0.208755764721,53.843905411183));
#1723 = SURFACE_CURVE('',#1724,(#1728,#1735),.PCURVE_S1.);
#1724 = LINE('',#1725,#1726);
#1725 = CARTESIAN_POINT('',(38.1,-2.374528169522E-02,53.723264093561));
#1726 = VECTOR('',#1727,1.);
#1727 = DIRECTION('',(0.,-0.837647248433,0.546211577315));
#1728 = PCURVE('',#72,#1729);
#1729 = DEFINITIONAL_REPRESENTATION('',(#1730),#1734);
#1730 = LINE('',#1731,#1732);
#1731 = CARTESIAN_POINT('',(10.222652563893,0.61));
#1732 = VECTOR('',#1733,1.);
#1733 = DIRECTION('',(0.424317918717,0.905513281987));
#1734 = ( GEOMETRIC_REPRESENTATION_CONTEXT(2) 
PARAMETRIC_REPRESENTATION_CONTEXT() REPRESENTATION_CONTEXT('2D SPACE',''
  ) );
#1735 = PCURVE('',#809,#1736);
#1736 = DEFINITIONAL_REPRESENTATION('',(#1737),#1741);
#1737 = LINE('',#1738,#1739);
#1738 = CARTESIAN_POINT('',(0.,-38.1));
#1739 = VECTOR('',#1740,1.);
#1740 = DIRECTION('',(1.,0.));
#1741 = ( GEOMETRIC_REPRESENTATION_CONTEXT(2) 
PARAMETRIC_REPRESENTATION_CONTEXT() REPRESENTATION_CONTEXT('2D SPACE',''
  ) );
#1742 = ORIENTED_EDGE('',*,*,#1743,.T.);
#1743 = EDGE_CURVE('',#1721,#1744,#1746,.T.);
#1744 = VERTEX_POINT('',#1745);
#1745 = CARTESIAN_POINT('',(38.1,-0.391809509184,53.978469647124));
#1746 = SURFACE_CURVE('',#1747,(#1751,#1758),.PCURVE_S1.);
#1747 = LINE('',#1748,#1749);
#1748 = CARTESIAN_POINT('',(38.1,-0.208755764721,53.843905411183));
#1749 = VECTOR('',#1750,1.);
#1750 = DIRECTION('',(0.,-0.805722652,0.592293008615));
#1751 = PCURVE('',#72,#1752);
#1752 = DEFINITIONAL_REPRESENTATION('',(#1753),#1757);
#1753 = LINE('',#1754,#1755);
#1754 = CARTESIAN_POINT('',(10.316371325872,0.81));
#1755 = VECTOR('',#1756,1.);
#1756 = DIRECTION('',(0.474393933777,0.880312669223));
#1757 = ( GEOMETRIC_REPRESENTATION_CONTEXT(2) 
PARAMETRIC_REPRESENTATION_CONTEXT() REPRESENTATION_CONTEXT('2D SPACE',''
  ) );
#1758 = PCURVE('',#837,#1759);
#1759 = DEFINITIONAL_REPRESENTATION('',(#1760),#1764);
#1760 = LINE('',#1761,#1762);
#1761 = CARTESIAN_POINT('',(0.,-38.1));
#1762 = VECTOR('',#1763,1.);
#1763 = DIRECTION('',(1.,0.));
#1764 = ( GEOMETRIC_REPRESENTATION_CONTEXT(2) 
PARAMETRIC_REPRESENTATION_CONTEXT() REPRESENTATION_CONTEXT('2D SPACE',''
  ) );
#1765 = ORIENTED_EDGE('',*,*,#1766,.T.);
#1766 = EDGE_CURVE('',#1744,#1767,#1769,.T.);
#1767 = VERTEX_POINT('',#1768);
#1768 = CARTESIAN_POINT('',(38.1,-0.574808575533,54.113422938066));
#1769 = SURFACE_CURVE('',#1770,(#1774,#1781),.PCURVE_S1.);
#1770 = LINE('',#1771,#1772);
#1771 = CARTESIAN_POINT('',(38.1,-0.391809509184,53.978469647124));
#1772 = VECTOR('',#1773,1.);
#1773 = DIRECTION('',(0.,-0.80482080848,0.593517873563));
#1774 = PCURVE('',#72,#1775);
#1775 = DEFINITIONAL_REPRESENTATION('',(#1776),#1780);
#1776 = LINE('',#1777,#1778);
#1777 = CARTESIAN_POINT('',(10.424149834659,1.01));
#1778 = VECTOR('',#1779,1.);
#1779 = DIRECTION('',(0.475732390783,0.879590070635));
#1780 = ( GEOMETRIC_REPRESENTATION_CONTEXT(2) 
PARAMETRIC_REPRESENTATION_CONTEXT() REPRESENTATION_CONTEXT('2D SPACE',''
  ) );
#1781 = PCURVE('',#865,#1782);
#1782 = DEFINITIONAL_REPRESENTATION('',(#1783),#1787);
#1783 = LINE('',#1784,#1785);
#1784 = CARTESIAN_POINT('',(0.,-38.1));
#1785 = VECTOR('',#1786,1.);
#1786 = DIRECTION('',(1.,0.));
#1787 = ( GEOMETRIC_REPRESENTATION_CONTEXT(2) 
PARAMETRIC_REPRESENTATION_CONTEXT() REPRESENTATION_CONTEXT('2D SPACE',''
  ) );
#1788 = ORIENTED_EDGE('',*,*,#1789,.T.);
#1789 = EDGE_CURVE('',#1767,#1790,#1792,.T.);
#1790 = VERTEX_POINT('',#1791);
#1791 = CARTESIAN_POINT('',(38.1,-0.756293994277,54.259146391345));
#1792 = SURFACE_CURVE('',#1793,(#1797,#1804),.PCURVE_S1.);
#1793 = LINE('',#1794,#1795);
#1794 = CARTESIAN_POINT('',(38.1,-0.574808575533,54.113422938066));
#1795 = VECTOR('',#1796,1.);
#1796 = DIRECTION('',(0.,-0.77974603014,0.626095941914));
#1797 = PCURVE('',#72,#1798);
#1798 = DEFINITIONAL_REPRESENTATION('',(#1799),#1803);
#1799 = LINE('',#1800,#1801);
#1800 = CARTESIAN_POINT('',(10.532321221915,1.21));
#1801 = VECTOR('',#1802,1.);
#1802 = DIRECTION('',(0.51148314627,0.85929330911));
#1803 = ( GEOMETRIC_REPRESENTATION_CONTEXT(2) 
PARAMETRIC_REPRESENTATION_CONTEXT() REPRESENTATION_CONTEXT('2D SPACE',''
  ) );
#1804 = PCURVE('',#893,#1805);
#1805 = DEFINITIONAL_REPRESENTATION('',(#1806),#1810);
#1806 = LINE('',#1807,#1808);
#1807 = CARTESIAN_POINT('',(0.,-38.1));
#1808 = VECTOR('',#1809,1.);
#1809 = DIRECTION('',(1.,0.));
#1810 = ( GEOMETRIC_REPRESENTATION_CONTEXT(2) 
PARAMETRIC_REPRESENTATION_CONTEXT() REPRESENTATION_CONTEXT('2D SPACE',''
  ) );
#1811 = ORIENTED_EDGE('',*,*,#1812,.T.);
#1812 = EDGE_CURVE('',#1790,#1813,#1815,.T.);
#1813 = VERTEX_POINT('',#1814);
#1814 = CARTESIAN_POINT('',(38.1,-0.936926358556,54.410939642537));
#1815 = SURFACE_CURVE('',#1816,(#1820,#1827),.PCURVE_S1.);
#1816 = LINE('',#1817,#1818);
#1817 = CARTESIAN_POINT('',(38.1,-0.756293994277,54.259146391345));
#1818 = VECTOR('',#1819,1.);
#1819 = DIRECTION('',(0.,-0.765575297717,0.643346301401));
#1820 = PCURVE('',#72,#1821);
#1821 = DEFINITIONAL_REPRESENTATION('',(#1822),#1826);
#1822 = LINE('',#1823,#1824);
#1823 = CARTESIAN_POINT('',(10.651368616058,1.41));
#1824 = VECTOR('',#1825,1.);
#1825 = DIRECTION('',(0.530537811219,0.847661271303));
#1826 = ( GEOMETRIC_REPRESENTATION_CONTEXT(2) 
PARAMETRIC_REPRESENTATION_CONTEXT() REPRESENTATION_CONTEXT('2D SPACE',''
  ) );
#1827 = PCURVE('',#921,#1828);
#1828 = DEFINITIONAL_REPRESENTATION('',(#1829),#1833);
#1829 = LINE('',#1830,#1831);
#1830 = CARTESIAN_POINT('',(0.,-38.1));
#1831 = VECTOR('',#1832,1.);
#1832 = DIRECTION('',(1.,0.));
#1833 = ( GEOMETRIC_REPRESENTATION_CONTEXT(2) 
PARAMETRIC_REPRESENTATION_CONTEXT() REPRESENTATION_CONTEXT('2D SPACE',''
  ) );
#1834 = ORIENTED_EDGE('',*,*,#1835,.T.);
#1835 = EDGE_CURVE('',#1813,#1836,#1838,.T.);
#1836 = VERTEX_POINT('',#1837);
#1837 = CARTESIAN_POINT('',(38.1,-1.116803408287,54.568107235997));
#1838 = SURFACE_CURVE('',#1839,(#1843,#1850),.PCURVE_S1.);
#1839 = LINE('',#1840,#1841);
#1840 = CARTESIAN_POINT('',(38.1,-0.936926358556,54.410939642537));
#1841 = VECTOR('',#1842,1.);
#1842 = DIRECTION('',(0.,-0.753042948586,0.657971365323));
#1843 = PCURVE('',#72,#1844);
#1844 = DEFINITIONAL_REPRESENTATION('',(#1845),#1849);
#1845 = LINE('',#1846,#1847);
#1846 = CARTESIAN_POINT('',(10.776545459492,1.61));
#1847 = VECTOR('',#1848,1.);
#1848 = DIRECTION('',(0.546764710915,0.837286301631));
#1849 = ( GEOMETRIC_REPRESENTATION_CONTEXT(2) 
PARAMETRIC_REPRESENTATION_CONTEXT() REPRESENTATION_CONTEXT('2D SPACE',''
  ) );
#1850 = PCURVE('',#949,#1851);
#1851 = DEFINITIONAL_REPRESENTATION('',(#1852),#1856);
#1852 = LINE('',#1853,#1854);
#1853 = CARTESIAN_POINT('',(0.,-38.1));
#1854 = VECTOR('',#1855,1.);
#1855 = DIRECTION('',(1.,0.));
#1856 = ( GEOMETRIC_REPRESENTATION_CONTEXT(2) 
PARAMETRIC_REPRESENTATION_CONTEXT() REPRESENTATION_CONTEXT('2D SPACE',''
  ) );
#1857 = ORIENTED_EDGE('',*,*,#1858,.T.);
#1858 = EDGE_CURVE('',#1836,#1859,#1861,.T.);
#1859 = VERTEX_POINT('',#1860);
#1860 = CARTESIAN_POINT('',(38.1,-1.294855108337,54.73826286731));
#1861 = SURFACE_CURVE('',#1862,(#1866,#1873),.PCURVE_S1.);
#1862 = LINE('',#1863,#1864);
#1863 = CARTESIAN_POINT('',(38.1,-1.116803408287,54.568107235997));
#1864 = VECTOR('',#1865,1.);
#1865 = DIRECTION('',(0.,-0.722955522857,0.690894573702));
#1866 = PCURVE('',#72,#1867);
#1867 = DEFINITIONAL_REPRESENTATION('',(#1868),#1872);
#1868 = LINE('',#1869,#1870);
#1869 = CARTESIAN_POINT('',(10.907149461935,1.81));
#1870 = VECTOR('',#1871,1.);
#1871 = DIRECTION('',(0.583554873232,0.812073709664));
#1872 = ( GEOMETRIC_REPRESENTATION_CONTEXT(2) 
PARAMETRIC_REPRESENTATION_CONTEXT() REPRESENTATION_CONTEXT('2D SPACE',''
  ) );
#1873 = PCURVE('',#977,#1874);
#1874 = DEFINITIONAL_REPRESENTATION('',(#1875),#1879);
#1875 = LINE('',#1876,#1877);
#1876 = CARTESIAN_POINT('',(0.,-38.1));
#1877 = VECTOR('',#1878,1.);
#1878 = DIRECTION('',(1.,0.));
#1879 = ( GEOMETRIC_REPRESENTATION_CONTEXT(2) 
PARAMETRIC_REPRESENTATION_CONTEXT() REPRESENTATION_CONTEXT('2D SPACE',''
  ) );
#1880 = ORIENTED_EDGE('',*,*,#1881,.T.);
#1881 = EDGE_CURVE('',#1859,#1882,#1884,.T.);
#1882 = VERTEX_POINT('',#1883);
#1883 = CARTESIAN_POINT('',(38.1,-1.472693145454,54.909938789382));
#1884 = SURFACE_CURVE('',#1885,(#1889,#1896),.PCURVE_S1.);
#1885 = LINE('',#1886,#1887);
#1886 = CARTESIAN_POINT('',(38.1,-1.294855108337,54.73826286731));
#1887 = VECTOR('',#1888,1.);
#1888 = DIRECTION('',(0.,-0.719461637473,0.694532182267));
#1889 = PCURVE('',#72,#1890);
#1890 = DEFINITIONAL_REPRESENTATION('',(#1891),#1895);
#1891 = LINE('',#1892,#1893);
#1892 = CARTESIAN_POINT('',(11.050869143113,2.01));
#1893 = VECTOR('',#1894,1.);
#1894 = DIRECTION('',(0.587643335703,0.809120083797));
#1895 = ( GEOMETRIC_REPRESENTATION_CONTEXT(2) 
PARAMETRIC_REPRESENTATION_CONTEXT() REPRESENTATION_CONTEXT('2D SPACE',''
  ) );
#1896 = PCURVE('',#1005,#1897);
#1897 = DEFINITIONAL_REPRESENTATION('',(#1898),#1902);
#1898 = LINE('',#1899,#1900);
#1899 = CARTESIAN_POINT('',(0.,-38.1));
#1900 = VECTOR('',#1901,1.);
#1901 = DIRECTION('',(1.,0.));
#1902 = ( GEOMETRIC_REPRESENTATION_CONTEXT(2) 
PARAMETRIC_REPRESENTATION_CONTEXT() REPRESENTATION_CONTEXT('2D SPACE',''
  ) );
#1903 = ORIENTED_EDGE('',*,*,#1904,.T.);
#1904 = EDGE_CURVE('',#1882,#1905,#1907,.T.);
#1905 = VERTEX_POINT('',#1906);
#1906 = CARTESIAN_POINT('',(38.1,-1.64818647524,55.098298171007));
#1907 = SURFACE_CURVE('',#1908,(#1912,#1919),.PCURVE_S1.);
#1908 = LINE('',#1909,#1910);
#1909 = CARTESIAN_POINT('',(38.1,-1.472693145454,54.909938789382));
#1910 = VECTOR('',#1911,1.);
#1911 = DIRECTION('',(0.,-0.68167701602,0.731653227855));
#1912 = PCURVE('',#72,#1913);
#1913 = DEFINITIONAL_REPRESENTATION('',(#1914),#1918);
#1914 = LINE('',#1915,#1916);
#1915 = CARTESIAN_POINT('',(11.196124055819,2.21));
#1916 = VECTOR('',#1917,1.);
#1917 = DIRECTION('',(0.629661724764,0.776869430707));
#1918 = ( GEOMETRIC_REPRESENTATION_CONTEXT(2) 
PARAMETRIC_REPRESENTATION_CONTEXT() REPRESENTATION_CONTEXT('2D SPACE',''
  ) );
#1919 = PCURVE('',#1033,#1920);
#1920 = DEFINITIONAL_REPRESENTATION('',(#1921),#1925);
#1921 = LINE('',#1922,#1923);
#1922 = CARTESIAN_POINT('',(0.,-38.1));
#1923 = VECTOR('',#1924,1.);
#1924 = DIRECTION('',(1.,0.));
#1925 = ( GEOMETRIC_REPRESENTATION_CONTEXT(2) 
PARAMETRIC_REPRESENTATION_CONTEXT() REPRESENTATION_CONTEXT('2D SPACE',''
  ) );
#1926 = ORIENTED_EDGE('',*,*,#1927,.T.);
#1927 = EDGE_CURVE('',#1905,#1928,#1930,.T.);
#1928 = VERTEX_POINT('',#1929);
#1929 = CARTESIAN_POINT('',(38.1,-1.823286725336,55.289454459958));
#1930 = SURFACE_CURVE('',#1931,(#1935,#1942),.PCURVE_S1.);
#1931 = LINE('',#1932,#1933);
#1932 = CARTESIAN_POINT('',(38.1,-1.64818647524,55.098298171007));
#1933 = VECTOR('',#1934,1.);
#1934 = DIRECTION('',(0.,-0.67545973607,0.73739687072));
#1935 = PCURVE('',#72,#1936);
#1936 = DEFINITIONAL_REPRESENTATION('',(#1937),#1941);
#1937 = LINE('',#1938,#1939);
#1938 = CARTESIAN_POINT('',(11.358226385986,2.41));
#1939 = VECTOR('',#1940,1.);
#1940 = DIRECTION('',(0.636214749021,0.771512017487));
#1941 = ( GEOMETRIC_REPRESENTATION_CONTEXT(2) 
PARAMETRIC_REPRESENTATION_CONTEXT() REPRESENTATION_CONTEXT('2D SPACE',''
  ) );
#1942 = PCURVE('',#1061,#1943);
#1943 = DEFINITIONAL_REPRESENTATION('',(#1944),#1948);
#1944 = LINE('',#1945,#1946);
#1945 = CARTESIAN_POINT('',(0.,-38.1));
#1946 = VECTOR('',#1947,1.);
#1947 = DIRECTION('',(1.,0.));
#1948 = ( GEOMETRIC_REPRESENTATION_CONTEXT(2) 
PARAMETRIC_REPRESENTATION_CONTEXT() REPRESENTATION_CONTEXT('2D SPACE',''
  ) );
#1949 = ORIENTED_EDGE('',*,*,#1950,.T.);
#1950 = EDGE_CURVE('',#1928,#1951,#1953,.T.);
#1951 = VERTEX_POINT('',#1952);
#1952 = CARTESIAN_POINT('',(38.1,-1.996374273679,55.494931866025));
#1953 = SURFACE_CURVE('',#1954,(#1958,#1965),.PCURVE_S1.);
#1954 = LINE('',#1955,#1956);
#1955 = CARTESIAN_POINT('',(38.1,-1.823286725336,55.289454459958));
#1956 = VECTOR('',#1957,1.);
#1957 = DIRECTION('',(0.,-0.644253214357,0.764812261794));
#1958 = PCURVE('',#72,#1959);
#1959 = DEFINITIONAL_REPRESENTATION('',(#1960),#1964);
#1960 = LINE('',#1961,#1962);
#1961 = CARTESIAN_POINT('',(11.523153110288,2.61));
#1962 = VECTOR('',#1963,1.);
#1963 = DIRECTION('',(0.667706443791,0.744424680488));
#1964 = ( GEOMETRIC_REPRESENTATION_CONTEXT(2) 
PARAMETRIC_REPRESENTATION_CONTEXT() REPRESENTATION_CONTEXT('2D SPACE',''
  ) );
#1965 = PCURVE('',#1089,#1966);
#1966 = DEFINITIONAL_REPRESENTATION('',(#1967),#1971);
#1967 = LINE('',#1968,#1969);
#1968 = CARTESIAN_POINT('',(0.,-38.1));
#1969 = VECTOR('',#1970,1.);
#1970 = DIRECTION('',(1.,0.));
#1971 = ( GEOMETRIC_REPRESENTATION_CONTEXT(2) 
PARAMETRIC_REPRESENTATION_CONTEXT() REPRESENTATION_CONTEXT('2D SPACE',''
  ) );
#1972 = ORIENTED_EDGE('',*,*,#1973,.T.);
#1973 = EDGE_CURVE('',#1951,#1974,#1976,.T.);
#1974 = VERTEX_POINT('',#1975);
#1975 = CARTESIAN_POINT('',(38.1,-2.168475798359,55.707425195005));
#1976 = SURFACE_CURVE('',#1977,(#1981,#1988),.PCURVE_S1.);
#1977 = LINE('',#1978,#1979);
#1978 = CARTESIAN_POINT('',(38.1,-1.996374273679,55.494931866025));
#1979 = VECTOR('',#1980,1.);
#1980 = DIRECTION('',(0.,-0.629381834188,0.777096201763));
#1981 = PCURVE('',#72,#1982);
#1982 = DEFINITIONAL_REPRESENTATION('',(#1983),#1987);
#1983 = LINE('',#1984,#1985);
#1984 = CARTESIAN_POINT('',(11.702541693524,2.81));
#1985 = VECTOR('',#1986,1.);
#1986 = DIRECTION('',(0.681940533394,0.731407621586));
#1987 = ( GEOMETRIC_REPRESENTATION_CONTEXT(2) 
PARAMETRIC_REPRESENTATION_CONTEXT() REPRESENTATION_CONTEXT('2D SPACE',''
  ) );
#1988 = PCURVE('',#1117,#1989);
#1989 = DEFINITIONAL_REPRESENTATION('',(#1990),#1994);
#1990 = LINE('',#1991,#1992);
#1991 = CARTESIAN_POINT('',(0.,-38.1));
#1992 = VECTOR('',#1993,1.);
#1993 = DIRECTION('',(1.,0.));
#1994 = ( GEOMETRIC_REPRESENTATION_CONTEXT(2) 
PARAMETRIC_REPRESENTATION_CONTEXT() REPRESENTATION_CONTEXT('2D SPACE',''
  ) );
#1995 = ORIENTED_EDGE('',*,*,#1996,.T.);
#1996 = EDGE_CURVE('',#1974,#1997,#1999,.T.);
#1997 = VERTEX_POINT('',#1998);
#1998 = CARTESIAN_POINT('',(38.1,-2.338740009897,55.932991686289));
#1999 = SURFACE_CURVE('',#2000,(#2004,#2011),.PCURVE_S1.);
#2000 = LINE('',#2001,#2002);
#2001 = CARTESIAN_POINT('',(38.1,-2.168475798359,55.707425195005));
#2002 = VECTOR('',#2003,1.);
#2003 = DIRECTION('',(0.,-0.602464052318,0.798146017759));
#2004 = PCURVE('',#72,#2005);
#2005 = DEFINITIONAL_REPRESENTATION('',(#2006),#2010);
#2006 = LINE('',#2007,#2008);
#2007 = CARTESIAN_POINT('',(11.889015149164,3.01));
#2008 = VECTOR('',#2009,1.);
#2009 = DIRECTION('',(0.706531725202,0.707681369885));
#2010 = ( GEOMETRIC_REPRESENTATION_CONTEXT(2) 
PARAMETRIC_REPRESENTATION_CONTEXT() REPRESENTATION_CONTEXT('2D SPACE',''
  ) );
#2011 = PCURVE('',#1145,#2012);
#2012 = DEFINITIONAL_REPRESENTATION('',(#2013),#2017);
#2013 = LINE('',#2014,#2015);
#2014 = CARTESIAN_POINT('',(0.,-38.1));
#2015 = VECTOR('',#2016,1.);
#2016 = DIRECTION('',(1.,0.));
#2017 = ( GEOMETRIC_REPRESENTATION_CONTEXT(2) 
PARAMETRIC_REPRESENTATION_CONTEXT() REPRESENTATION_CONTEXT('2D SPACE',''
  ) );
#2018 = ORIENTED_EDGE('',*,*,#2019,.T.);
#2019 = EDGE_CURVE('',#1997,#2020,#2022,.T.);
#2020 = VERTEX_POINT('',#2021);
#2021 = CARTESIAN_POINT('',(38.1,-2.507500405457,56.169258384247));
#2022 = SURFACE_CURVE('',#2023,(#2027,#2034),.PCURVE_S1.);
#2023 = LINE('',#2024,#2025);
#2024 = CARTESIAN_POINT('',(38.1,-2.338740009897,55.932991686289));
#2025 = VECTOR('',#2026,1.);
#2026 = DIRECTION('',(0.,-0.581234700885,0.813735966077));
#2027 = PCURVE('',#72,#2028);
#2028 = DEFINITIONAL_REPRESENTATION('',(#2029),#2033);
#2029 = LINE('',#2030,#2031);
#2030 = CARTESIAN_POINT('',(12.088690244558,3.21));
#2031 = VECTOR('',#2032,1.);
#2032 = DIRECTION('',(0.724924507884,0.688828322493));
#2033 = ( GEOMETRIC_REPRESENTATION_CONTEXT(2) 
PARAMETRIC_REPRESENTATION_CONTEXT() REPRESENTATION_CONTEXT('2D SPACE',''
  ) );
#2034 = PCURVE('',#1173,#2035);
#2035 = DEFINITIONAL_REPRESENTATION('',(#2036),#2040);
#2036 = LINE('',#2037,#2038);
#2037 = CARTESIAN_POINT('',(0.,-38.1));
#2038 = VECTOR('',#2039,1.);
#2039 = DIRECTION('',(1.,0.));
#2040 = ( GEOMETRIC_REPRESENTATION_CONTEXT(2) 
PARAMETRIC_REPRESENTATION_CONTEXT() REPRESENTATION_CONTEXT('2D SPACE',''
  ) );
#2041 = ORIENTED_EDGE('',*,*,#2042,.T.);
#2042 = EDGE_CURVE('',#2020,#2043,#2045,.T.);
#2043 = VERTEX_POINT('',#2044);
#2044 = CARTESIAN_POINT('',(38.1,-2.674426096757,56.41857968135));
#2045 = SURFACE_CURVE('',#2046,(#2050,#2057),.PCURVE_S1.);
#2046 = LINE('',#2047,#2048);
#2047 = CARTESIAN_POINT('',(38.1,-2.507500405457,56.169258384247));
#2048 = VECTOR('',#2049,1.);
#2049 = DIRECTION('',(0.,-0.556340793287,0.830954223604));
#2050 = PCURVE('',#72,#2051);
#2051 = DEFINITIONAL_REPRESENTATION('',(#2052),#2056);
#2052 = LINE('',#2053,#2054);
#2053 = CARTESIAN_POINT('',(12.299170703683,3.41));
#2054 = VECTOR('',#2055,1.);
#2055 = DIRECTION('',(0.745439760829,0.666572998985));
#2056 = ( GEOMETRIC_REPRESENTATION_CONTEXT(2) 
PARAMETRIC_REPRESENTATION_CONTEXT() REPRESENTATION_CONTEXT('2D SPACE',''
  ) );
#2057 = PCURVE('',#1201,#2058);
#2058 = DEFINITIONAL_REPRESENTATION('',(#2059),#2063);
#2059 = LINE('',#2060,#2061);
#2060 = CARTESIAN_POINT('',(0.,-38.1));
#2061 = VECTOR('',#2062,1.);
#2062 = DIRECTION('',(1.,0.));
#2063 = ( GEOMETRIC_REPRESENTATION_CONTEXT(2) 
PARAMETRIC_REPRESENTATION_CONTEXT() REPRESENTATION_CONTEXT('2D SPACE',''
  ) );
#2064 = ORIENTED_EDGE('',*,*,#2065,.T.);
#2065 = EDGE_CURVE('',#2043,#2066,#2068,.T.);
#2066 = VERTEX_POINT('',#2067);
#2067 = CARTESIAN_POINT('',(38.1,-2.839400458944,56.681785406543));
#2068 = SURFACE_CURVE('',#2069,(#2073,#2080),.PCURVE_S1.);
#2069 = LINE('',#2070,#2071);
#2070 = CARTESIAN_POINT('',(38.1,-2.674426096757,56.41857968135));
#2071 = VECTOR('',#2072,1.);
#2072 = DIRECTION('',(0.,-0.531088340223,0.847316454979));
#2073 = PCURVE('',#72,#2074);
#2074 = DEFINITIONAL_REPRESENTATION('',(#2075),#2079);
#2075 = LINE('',#2076,#2077);
#2076 = CARTESIAN_POINT('',(12.522834056974,3.61));
#2077 = VECTOR('',#2078,1.);
#2078 = DIRECTION('',(0.765157218293,0.643843483538));
#2079 = ( GEOMETRIC_REPRESENTATION_CONTEXT(2) 
PARAMETRIC_REPRESENTATION_CONTEXT() REPRESENTATION_CONTEXT('2D SPACE',''
  ) );
#2080 = PCURVE('',#1229,#2081);
#2081 = DEFINITIONAL_REPRESENTATION('',(#2082),#2086);
#2082 = LINE('',#2083,#2084);
#2083 = CARTESIAN_POINT('',(0.,-38.1));
#2084 = VECTOR('',#2085,1.);
#2085 = DIRECTION('',(1.,0.));
#2086 = ( GEOMETRIC_REPRESENTATION_CONTEXT(2) 
PARAMETRIC_REPRESENTATION_CONTEXT() REPRESENTATION_CONTEXT('2D SPACE',''
  ) );
#2087 = ORIENTED_EDGE('',*,*,#2088,.T.);
#2088 = EDGE_CURVE('',#2066,#2089,#2091,.T.);
#2089 = VERTEX_POINT('',#2090);
#2090 = CARTESIAN_POINT('',(38.1,-3.002332735816,56.959521323752));
#2091 = SURFACE_CURVE('',#2092,(#2096,#2103),.PCURVE_S1.);
#2092 = LINE('',#2093,#2094);
#2093 = CARTESIAN_POINT('',(38.1,-2.839400458944,56.681785406543));
#2094 = VECTOR('',#2095,1.);
#2095 = DIRECTION('',(0.,-0.50600045344,0.862533211603));
#2096 = PCURVE('',#72,#2097);
#2097 = DEFINITIONAL_REPRESENTATION('',(#2098),#2102);
#2098 = LINE('',#2099,#2100);
#2099 = CARTESIAN_POINT('',(12.760518288578,3.81));
#2100 = VECTOR('',#2101,1.);
#2101 = DIRECTION('',(0.783717445487,0.621117513551));
#2102 = ( GEOMETRIC_REPRESENTATION_CONTEXT(2) 
PARAMETRIC_REPRESENTATION_CONTEXT() REPRESENTATION_CONTEXT('2D SPACE',''
  ) );
#2103 = PCURVE('',#1257,#2104);
#2104 = DEFINITIONAL_REPRESENTATION('',(#2105),#2109);
#2105 = LINE('',#2106,#2107);
#2106 = CARTESIAN_POINT('',(0.,-38.1));
#2107 = VECTOR('',#2108,1.);
#2108 = DIRECTION('',(1.,0.));
#2109 = ( GEOMETRIC_REPRESENTATION_CONTEXT(2) 
PARAMETRIC_REPRESENTATION_CONTEXT() REPRESENTATION_CONTEXT('2D SPACE',''
  ) );
#2110 = ORIENTED_EDGE('',*,*,#2111,.T.);
#2111 = EDGE_CURVE('',#2089,#2112,#2114,.T.);
#2112 = VERTEX_POINT('',#2113);
#2113 = CARTESIAN_POINT('',(38.1,-3.162957931387,57.253672977402));
#2114 = SURFACE_CURVE('',#2115,(#2119,#2126),.PCURVE_S1.);
#2115 = LINE('',#2116,#2117);
#2116 = CARTESIAN_POINT('',(38.1,-3.002332735816,56.959521323752));
#2117 = VECTOR('',#2118,1.);
#2118 = DIRECTION('',(0.,-0.479263330655,0.877671157034));
#2119 = PCURVE('',#72,#2120);
#2120 = DEFINITIONAL_REPRESENTATION('',(#2121),#2125);
#2121 = LINE('',#2122,#2123);
#2122 = CARTESIAN_POINT('',(13.012875508714,4.01));
#2123 = VECTOR('',#2124,1.);
#2124 = DIRECTION('',(0.802429157763,0.596747389414));
#2125 = ( GEOMETRIC_REPRESENTATION_CONTEXT(2) 
PARAMETRIC_REPRESENTATION_CONTEXT() REPRESENTATION_CONTEXT('2D SPACE',''
  ) );
#2126 = PCURVE('',#1285,#2127);
#2127 = DEFINITIONAL_REPRESENTATION('',(#2128),#2132);
#2128 = LINE('',#2129,#2130);
#2129 = CARTESIAN_POINT('',(0.,-38.1));
#2130 = VECTOR('',#2131,1.);
#2131 = DIRECTION('',(1.,0.));
#2132 = ( GEOMETRIC_REPRESENTATION_CONTEXT(2) 
PARAMETRIC_REPRESENTATION_CONTEXT() REPRESENTATION_CONTEXT('2D SPACE',''
  ) );
#2133 = ORIENTED_EDGE('',*,*,#2134,.T.);
#2134 = EDGE_CURVE('',#2112,#1327,#2135,.T.);
#2135 = SURFACE_CURVE('',#2136,(#2140,#2147),.PCURVE_S1.);
#2136 = LINE('',#2137,#2138);
#2137 = CARTESIAN_POINT('',(38.1,-3.023784830427,58.243941046143));
#2138 = VECTOR('',#2139,1.);
#2139 = DIRECTION('',(0.,-0.13917310096,-0.990268068742));
#2140 = PCURVE('',#72,#2141);
#2141 = DEFINITIONAL_REPRESENTATION('',(#2142),#2146);
#2142 = LINE('',#2143,#2144);
#2143 = CARTESIAN_POINT('',(14.281809792131,4.21));
#2144 = VECTOR('',#2145,1.);
#2145 = DIRECTION('',(-1.,0.));
#2146 = ( GEOMETRIC_REPRESENTATION_CONTEXT(2) 
PARAMETRIC_REPRESENTATION_CONTEXT() REPRESENTATION_CONTEXT('2D SPACE',''
  ) );
#2147 = PCURVE('',#1311,#2148);
#2148 = DEFINITIONAL_REPRESENTATION('',(#2149),#2153);
#2149 = LINE('',#2150,#2151);
#2150 = CARTESIAN_POINT('',(0.,-38.1));
#2151 = VECTOR('',#2152,1.);
#2152 = DIRECTION('',(1.,0.));
#2153 = ( GEOMETRIC_REPRESENTATION_CONTEXT(2) 
PARAMETRIC_REPRESENTATION_CONTEXT() REPRESENTATION_CONTEXT('2D SPACE',''
  ) );
#2154 = ADVANCED_FACE('',(#2155),#159,.F.);
#2155 = FACE_BOUND('',#2156,.F.);
#2156 = EDGE_LOOP('',(#2157,#2158,#2179,#2180));
#2157 = ORIENTED_EDGE('',*,*,#324,.F.);
#2158 = ORIENTED_EDGE('',*,*,#2159,.T.);
#2159 = EDGE_CURVE('',#325,#1327,#2160,.T.);
#2160 = SURFACE_CURVE('',#2161,(#2165,#2172),.PCURVE_S1.);
#2161 = LINE('',#2162,#2163);
#2162 = CARTESIAN_POINT('',(0.,-3.967630329319,51.528131360717));
#2163 = VECTOR('',#2164,1.);
#2164 = DIRECTION('',(1.,0.,0.));
#2165 = PCURVE('',#159,#2166);
#2166 = DEFINITIONAL_REPRESENTATION('',(#2167),#2171);
#2167 = LINE('',#2168,#2169);
#2168 = CARTESIAN_POINT('',(17.87,0.));
#2169 = VECTOR('',#2170,1.);
#2170 = DIRECTION('',(0.,-1.));
#2171 = ( GEOMETRIC_REPRESENTATION_CONTEXT(2) 
PARAMETRIC_REPRESENTATION_CONTEXT() REPRESENTATION_CONTEXT('2D SPACE',''
  ) );
#2172 = PCURVE('',#1311,#2173);
#2173 = DEFINITIONAL_REPRESENTATION('',(#2174),#2178);
#2174 = LINE('',#2175,#2176);
#2175 = CARTESIAN_POINT('',(6.781809792131,0.));
#2176 = VECTOR('',#2177,1.);
#2177 = DIRECTION('',(0.,-1.));
#2178 = ( GEOMETRIC_REPRESENTATION_CONTEXT(2) 
PARAMETRIC_REPRESENTATION_CONTEXT() REPRESENTATION_CONTEXT('2D SPACE',''
  ) );
#2179 = ORIENTED_EDGE('',*,*,#1326,.T.);
#2180 = ORIENTED_EDGE('',*,*,#141,.F.);
#2181 = ADVANCED_FACE('',(#2182),#233,.F.);
#2182 = FACE_BOUND('',#2183,.F.);
#2183 = EDGE_LOOP('',(#2184,#2207,#2234,#2235));
#2184 = ORIENTED_EDGE('',*,*,#2185,.T.);
#2185 = EDGE_CURVE('',#217,#2186,#2188,.T.);
#2186 = VERTEX_POINT('',#2187);
#2187 = CARTESIAN_POINT('',(19.05,3.424853618865,47.005280370926));
#2188 = SEAM_CURVE('',#2189,(#2193,#2200),.PCURVE_S1.);
#2189 = LINE('',#2190,#2191);
#2190 = CARTESIAN_POINT('',(19.05,-14.10289119786,49.468644257919));
#2191 = VECTOR('',#2192,1.);
#2192 = DIRECTION('',(0.,0.990268068742,-0.13917310096));
#2193 = PCURVE('',#233,#2194);
#2194 = DEFINITIONAL_REPRESENTATION('',(#2195),#2199);
#2195 = LINE('',#2196,#2197);
#2196 = CARTESIAN_POINT('',(6.28318530718,-0.));
#2197 = VECTOR('',#2198,1.);
#2198 = DIRECTION('',(0.,1.));
#2199 = ( GEOMETRIC_REPRESENTATION_CONTEXT(2) 
PARAMETRIC_REPRESENTATION_CONTEXT() REPRESENTATION_CONTEXT('2D SPACE',''
  ) );
#2200 = PCURVE('',#233,#2201);
#2201 = DEFINITIONAL_REPRESENTATION('',(#2202),#2206);
#2202 = LINE('',#2203,#2204);
#2203 = CARTESIAN_POINT('',(0.,-0.));
#2204 = VECTOR('',#2205,1.);
#2205 = DIRECTION('',(0.,1.));
#2206 = ( GEOMETRIC_REPRESENTATION_CONTEXT(2) 
PARAMETRIC_REPRESENTATION_CONTEXT() REPRESENTATION_CONTEXT('2D SPACE',''
  ) );
#2207 = ORIENTED_EDGE('',*,*,#2208,.F.);
#2208 = EDGE_CURVE('',#2186,#2186,#2209,.T.);
#2209 = SURFACE_CURVE('',#2210,(#2215,#2222),.PCURVE_S1.);
#2210 = CIRCLE('',#2211,4.2);
#2211 = AXIS2_PLACEMENT_3D('',#2212,#2213,#2214);
#2212 = CARTESIAN_POINT('',(19.05,2.840326594832,42.846154482212));
#2213 = DIRECTION('',(0.,0.990268068742,-0.13917310096));
#2214 = DIRECTION('',(0.,0.13917310096,0.990268068742));
#2215 = PCURVE('',#233,#2216);
#2216 = DEFINITIONAL_REPRESENTATION('',(#2217),#2221);
#2217 = LINE('',#2218,#2219);
#2218 = CARTESIAN_POINT('',(0.,17.7));
#2219 = VECTOR('',#2220,1.);
#2220 = DIRECTION('',(1.,0.));
#2221 = ( GEOMETRIC_REPRESENTATION_CONTEXT(2) 
PARAMETRIC_REPRESENTATION_CONTEXT() REPRESENTATION_CONTEXT('2D SPACE',''
  ) );
#2222 = PCURVE('',#2223,#2228);
#2223 = PLANE('',#2224);
#2224 = AXIS2_PLACEMENT_3D('',#2225,#2226,#2227);
#2225 = CARTESIAN_POINT('',(19.05,2.840326594832,42.846154482212));
#2226 = DIRECTION('',(0.,0.990268068742,-0.13917310096));
#2227 = DIRECTION('',(0.,0.13917310096,0.990268068742));
#2228 = DEFINITIONAL_REPRESENTATION('',(#2229),#2233);
#2229 = CIRCLE('',#2230,4.2);
#2230 = AXIS2_PLACEMENT_2D('',#2231,#2232);
#2231 = CARTESIAN_POINT('',(0.,0.));
#2232 = DIRECTION('',(1.,0.));
#2233 = ( GEOMETRIC_REPRESENTATION_CONTEXT(2) 
PARAMETRIC_REPRESENTATION_CONTEXT() REPRESENTATION_CONTEXT('2D SPACE',''
  ) );
#2234 = ORIENTED_EDGE('',*,*,#2185,.F.);
#2235 = ORIENTED_EDGE('',*,*,#216,.T.);
#2236 = ADVANCED_FACE('',(#2237),#288,.F.);
#2237 = FACE_BOUND('',#2238,.F.);
#2238 = EDGE_LOOP('',(#2239,#2240,#2241,#2242));
#2239 = ORIENTED_EDGE('',*,*,#350,.F.);
#2240 = ORIENTED_EDGE('',*,*,#272,.T.);
#2241 = ORIENTED_EDGE('',*,*,#1352,.T.);
#2242 = ORIENTED_EDGE('',*,*,#2243,.T.);
#2243 = EDGE_CURVE('',#1353,#351,#2244,.T.);
#2244 = SURFACE_CURVE('',#2245,(#2249,#2256),.PCURVE_S1.);
#2245 = LINE('',#2246,#2247);
#2246 = CARTESIAN_POINT('',(0.,5.935050358097,50.136400351116));
#2247 = VECTOR('',#2248,1.);
#2248 = DIRECTION('',(-1.,-0.,0.));
#2249 = PCURVE('',#288,#2250);
#2250 = DEFINITIONAL_REPRESENTATION('',(#2251),#2255);
#2251 = LINE('',#2252,#2253);
#2252 = CARTESIAN_POINT('',(7.87,0.));
#2253 = VECTOR('',#2254,1.);
#2254 = DIRECTION('',(0.,1.));
#2255 = ( GEOMETRIC_REPRESENTATION_CONTEXT(2) 
PARAMETRIC_REPRESENTATION_CONTEXT() REPRESENTATION_CONTEXT('2D SPACE',''
  ) );
#2256 = PCURVE('',#389,#2257);
#2257 = DEFINITIONAL_REPRESENTATION('',(#2258),#2262);
#2258 = LINE('',#2259,#2260);
#2259 = CARTESIAN_POINT('',(2.,0.));
#2260 = VECTOR('',#2261,1.);
#2261 = DIRECTION('',(0.,1.));
#2262 = ( GEOMETRIC_REPRESENTATION_CONTEXT(2) 
PARAMETRIC_REPRESENTATION_CONTEXT() REPRESENTATION_CONTEXT('2D SPACE',''
  ) );
#2263 = ADVANCED_FACE('',(#2264),#1311,.F.);
#2264 = FACE_BOUND('',#2265,.F.);
#2265 = EDGE_LOOP('',(#2266,#2267,#2288,#2289));
#2266 = ORIENTED_EDGE('',*,*,#1297,.F.);
#2267 = ORIENTED_EDGE('',*,*,#2268,.T.);
#2268 = EDGE_CURVE('',#1270,#2112,#2269,.T.);
#2269 = SURFACE_CURVE('',#2270,(#2274,#2281),.PCURVE_S1.);
#2270 = LINE('',#2271,#2272);
#2271 = CARTESIAN_POINT('',(0.,-3.162957931387,57.253672977402));
#2272 = VECTOR('',#2273,1.);
#2273 = DIRECTION('',(1.,0.,0.));
#2274 = PCURVE('',#1311,#2275);
#2275 = DEFINITIONAL_REPRESENTATION('',(#2276),#2280);
#2276 = LINE('',#2277,#2278);
#2277 = CARTESIAN_POINT('',(1.,0.));
#2278 = VECTOR('',#2279,1.);
#2279 = DIRECTION('',(0.,-1.));
#2280 = ( GEOMETRIC_REPRESENTATION_CONTEXT(2) 
PARAMETRIC_REPRESENTATION_CONTEXT() REPRESENTATION_CONTEXT('2D SPACE',''
  ) );
#2281 = PCURVE('',#1285,#2282);
#2282 = DEFINITIONAL_REPRESENTATION('',(#2283),#2287);
#2283 = LINE('',#2284,#2285);
#2284 = CARTESIAN_POINT('',(0.335150188418,0.));
#2285 = VECTOR('',#2286,1.);
#2286 = DIRECTION('',(0.,-1.));
#2287 = ( GEOMETRIC_REPRESENTATION_CONTEXT(2) 
PARAMETRIC_REPRESENTATION_CONTEXT() REPRESENTATION_CONTEXT('2D SPACE',''
  ) );
#2288 = ORIENTED_EDGE('',*,*,#2134,.T.);
#2289 = ORIENTED_EDGE('',*,*,#2159,.F.);
#2290 = ADVANCED_FACE('',(#2291),#1285,.F.);
#2291 = FACE_BOUND('',#2292,.F.);
#2292 = EDGE_LOOP('',(#2293,#2314,#2315,#2316));
#2293 = ORIENTED_EDGE('',*,*,#2294,.T.);
#2294 = EDGE_CURVE('',#1242,#2089,#2295,.T.);
#2295 = SURFACE_CURVE('',#2296,(#2300,#2307),.PCURVE_S1.);
#2296 = LINE('',#2297,#2298);
#2297 = CARTESIAN_POINT('',(0.,-3.002332735816,56.959521323752));
#2298 = VECTOR('',#2299,1.);
#2299 = DIRECTION('',(1.,0.,0.));
#2300 = PCURVE('',#1285,#2301);
#2301 = DEFINITIONAL_REPRESENTATION('',(#2302),#2306);
#2302 = LINE('',#2303,#2304);
#2303 = CARTESIAN_POINT('',(0.,0.));
#2304 = VECTOR('',#2305,1.);
#2305 = DIRECTION('',(0.,-1.));
#2306 = ( GEOMETRIC_REPRESENTATION_CONTEXT(2) 
PARAMETRIC_REPRESENTATION_CONTEXT() REPRESENTATION_CONTEXT('2D SPACE',''
  ) );
#2307 = PCURVE('',#1257,#2308);
#2308 = DEFINITIONAL_REPRESENTATION('',(#2309),#2313);
#2309 = LINE('',#2310,#2311);
#2310 = CARTESIAN_POINT('',(0.322000258625,0.));
#2311 = VECTOR('',#2312,1.);
#2312 = DIRECTION('',(0.,-1.));
#2313 = ( GEOMETRIC_REPRESENTATION_CONTEXT(2) 
PARAMETRIC_REPRESENTATION_CONTEXT() REPRESENTATION_CONTEXT('2D SPACE',''
  ) );
#2314 = ORIENTED_EDGE('',*,*,#2111,.T.);
#2315 = ORIENTED_EDGE('',*,*,#2268,.F.);
#2316 = ORIENTED_EDGE('',*,*,#1269,.F.);
#2317 = ADVANCED_FACE('',(#2318),#1257,.F.);
#2318 = FACE_BOUND('',#2319,.F.);
#2319 = EDGE_LOOP('',(#2320,#2341,#2342,#2343));
#2320 = ORIENTED_EDGE('',*,*,#2321,.T.);
#2321 = EDGE_CURVE('',#1214,#2066,#2322,.T.);
#2322 = SURFACE_CURVE('',#2323,(#2327,#2334),.PCURVE_S1.);
#2323 = LINE('',#2324,#2325);
#2324 = CARTESIAN_POINT('',(0.,-2.839400458944,56.681785406543));
#2325 = VECTOR('',#2326,1.);
#2326 = DIRECTION('',(1.,0.,0.));
#2327 = PCURVE('',#1257,#2328);
#2328 = DEFINITIONAL_REPRESENTATION('',(#2329),#2333);
#2329 = LINE('',#2330,#2331);
#2330 = CARTESIAN_POINT('',(0.,0.));
#2331 = VECTOR('',#2332,1.);
#2332 = DIRECTION('',(0.,-1.));
#2333 = ( GEOMETRIC_REPRESENTATION_CONTEXT(2) 
PARAMETRIC_REPRESENTATION_CONTEXT() REPRESENTATION_CONTEXT('2D SPACE',''
  ) );
#2334 = PCURVE('',#1229,#2335);
#2335 = DEFINITIONAL_REPRESENTATION('',(#2336),#2340);
#2336 = LINE('',#2337,#2338);
#2337 = CARTESIAN_POINT('',(0.310634502194,0.));
#2338 = VECTOR('',#2339,1.);
#2339 = DIRECTION('',(0.,-1.));
#2340 = ( GEOMETRIC_REPRESENTATION_CONTEXT(2) 
PARAMETRIC_REPRESENTATION_CONTEXT() REPRESENTATION_CONTEXT('2D SPACE',''
  ) );
#2341 = ORIENTED_EDGE('',*,*,#2088,.T.);
#2342 = ORIENTED_EDGE('',*,*,#2294,.F.);
#2343 = ORIENTED_EDGE('',*,*,#1241,.F.);
#2344 = ADVANCED_FACE('',(#2345),#1229,.F.);
#2345 = FACE_BOUND('',#2346,.F.);
#2346 = EDGE_LOOP('',(#2347,#2368,#2369,#2370));
#2347 = ORIENTED_EDGE('',*,*,#2348,.T.);
#2348 = EDGE_CURVE('',#1186,#2043,#2349,.T.);
#2349 = SURFACE_CURVE('',#2350,(#2354,#2361),.PCURVE_S1.);
#2350 = LINE('',#2351,#2352);
#2351 = CARTESIAN_POINT('',(0.,-2.674426096757,56.41857968135));
#2352 = VECTOR('',#2353,1.);
#2353 = DIRECTION('',(1.,0.,0.));
#2354 = PCURVE('',#1229,#2355);
#2355 = DEFINITIONAL_REPRESENTATION('',(#2356),#2360);
#2356 = LINE('',#2357,#2358);
#2357 = CARTESIAN_POINT('',(0.,0.));
#2358 = VECTOR('',#2359,1.);
#2359 = DIRECTION('',(0.,-1.));
#2360 = ( GEOMETRIC_REPRESENTATION_CONTEXT(2) 
PARAMETRIC_REPRESENTATION_CONTEXT() REPRESENTATION_CONTEXT('2D SPACE',''
  ) );
#2361 = PCURVE('',#1201,#2362);
#2362 = DEFINITIONAL_REPRESENTATION('',(#2363),#2367);
#2363 = LINE('',#2364,#2365);
#2364 = CARTESIAN_POINT('',(0.30004215638,0.));
#2365 = VECTOR('',#2366,1.);
#2366 = DIRECTION('',(0.,-1.));
#2367 = ( GEOMETRIC_REPRESENTATION_CONTEXT(2) 
PARAMETRIC_REPRESENTATION_CONTEXT() REPRESENTATION_CONTEXT('2D SPACE',''
  ) );
#2368 = ORIENTED_EDGE('',*,*,#2065,.T.);
#2369 = ORIENTED_EDGE('',*,*,#2321,.F.);
#2370 = ORIENTED_EDGE('',*,*,#1213,.F.);
#2371 = ADVANCED_FACE('',(#2372),#1201,.F.);
#2372 = FACE_BOUND('',#2373,.F.);
#2373 = EDGE_LOOP('',(#2374,#2395,#2396,#2397));
#2374 = ORIENTED_EDGE('',*,*,#2375,.T.);
#2375 = EDGE_CURVE('',#1158,#2020,#2376,.T.);
#2376 = SURFACE_CURVE('',#2377,(#2381,#2388),.PCURVE_S1.);
#2377 = LINE('',#2378,#2379);
#2378 = CARTESIAN_POINT('',(0.,-2.507500405457,56.169258384247));
#2379 = VECTOR('',#2380,1.);
#2380 = DIRECTION('',(1.,0.,0.));
#2381 = PCURVE('',#1201,#2382);
#2382 = DEFINITIONAL_REPRESENTATION('',(#2383),#2387);
#2383 = LINE('',#2384,#2385);
#2384 = CARTESIAN_POINT('',(0.,0.));
#2385 = VECTOR('',#2386,1.);
#2386 = DIRECTION('',(0.,-1.));
#2387 = ( GEOMETRIC_REPRESENTATION_CONTEXT(2) 
PARAMETRIC_REPRESENTATION_CONTEXT() REPRESENTATION_CONTEXT('2D SPACE',''
  ) );
#2388 = PCURVE('',#1173,#2389);
#2389 = DEFINITIONAL_REPRESENTATION('',(#2390),#2394);
#2390 = LINE('',#2391,#2392);
#2391 = CARTESIAN_POINT('',(0.290348107749,0.));
#2392 = VECTOR('',#2393,1.);
#2393 = DIRECTION('',(0.,-1.));
#2394 = ( GEOMETRIC_REPRESENTATION_CONTEXT(2) 
PARAMETRIC_REPRESENTATION_CONTEXT() REPRESENTATION_CONTEXT('2D SPACE',''
  ) );
#2395 = ORIENTED_EDGE('',*,*,#2042,.T.);
#2396 = ORIENTED_EDGE('',*,*,#2348,.F.);
#2397 = ORIENTED_EDGE('',*,*,#1185,.F.);
#2398 = ADVANCED_FACE('',(#2399),#1173,.F.);
#2399 = FACE_BOUND('',#2400,.F.);
#2400 = EDGE_LOOP('',(#2401,#2422,#2423,#2424));
#2401 = ORIENTED_EDGE('',*,*,#2402,.T.);
#2402 = EDGE_CURVE('',#1130,#1997,#2403,.T.);
#2403 = SURFACE_CURVE('',#2404,(#2408,#2415),.PCURVE_S1.);
#2404 = LINE('',#2405,#2406);
#2405 = CARTESIAN_POINT('',(0.,-2.338740009897,55.932991686289));
#2406 = VECTOR('',#2407,1.);
#2407 = DIRECTION('',(1.,0.,0.));
#2408 = PCURVE('',#1173,#2409);
#2409 = DEFINITIONAL_REPRESENTATION('',(#2410),#2414);
#2410 = LINE('',#2411,#2412);
#2411 = CARTESIAN_POINT('',(0.,0.));
#2412 = VECTOR('',#2413,1.);
#2413 = DIRECTION('',(0.,-1.));
#2414 = ( GEOMETRIC_REPRESENTATION_CONTEXT(2) 
PARAMETRIC_REPRESENTATION_CONTEXT() REPRESENTATION_CONTEXT('2D SPACE',''
  ) );
#2415 = PCURVE('',#1145,#2416);
#2416 = DEFINITIONAL_REPRESENTATION('',(#2417),#2421);
#2417 = LINE('',#2418,#2419);
#2418 = CARTESIAN_POINT('',(0.282613063606,0.));
#2419 = VECTOR('',#2420,1.);
#2420 = DIRECTION('',(0.,-1.));
#2421 = ( GEOMETRIC_REPRESENTATION_CONTEXT(2) 
PARAMETRIC_REPRESENTATION_CONTEXT() REPRESENTATION_CONTEXT('2D SPACE',''
  ) );
#2422 = ORIENTED_EDGE('',*,*,#2019,.T.);
#2423 = ORIENTED_EDGE('',*,*,#2375,.F.);
#2424 = ORIENTED_EDGE('',*,*,#1157,.F.);
#2425 = ADVANCED_FACE('',(#2426),#1145,.F.);
#2426 = FACE_BOUND('',#2427,.F.);
#2427 = EDGE_LOOP('',(#2428,#2449,#2450,#2451));
#2428 = ORIENTED_EDGE('',*,*,#2429,.T.);
#2429 = EDGE_CURVE('',#1102,#1974,#2430,.T.);
#2430 = SURFACE_CURVE('',#2431,(#2435,#2442),.PCURVE_S1.);
#2431 = LINE('',#2432,#2433);
#2432 = CARTESIAN_POINT('',(0.,-2.168475798359,55.707425195005));
#2433 = VECTOR('',#2434,1.);
#2434 = DIRECTION('',(1.,0.,0.));
#2435 = PCURVE('',#1145,#2436);
#2436 = DEFINITIONAL_REPRESENTATION('',(#2437),#2441);
#2437 = LINE('',#2438,#2439);
#2438 = CARTESIAN_POINT('',(0.,0.));
#2439 = VECTOR('',#2440,1.);
#2440 = DIRECTION('',(0.,-1.));
#2441 = ( GEOMETRIC_REPRESENTATION_CONTEXT(2) 
PARAMETRIC_REPRESENTATION_CONTEXT() REPRESENTATION_CONTEXT('2D SPACE',''
  ) );
#2442 = PCURVE('',#1117,#2443);
#2443 = DEFINITIONAL_REPRESENTATION('',(#2444),#2448);
#2444 = LINE('',#2445,#2446);
#2445 = CARTESIAN_POINT('',(0.27344533212,0.));
#2446 = VECTOR('',#2447,1.);
#2447 = DIRECTION('',(0.,-1.));
#2448 = ( GEOMETRIC_REPRESENTATION_CONTEXT(2) 
PARAMETRIC_REPRESENTATION_CONTEXT() REPRESENTATION_CONTEXT('2D SPACE',''
  ) );
#2449 = ORIENTED_EDGE('',*,*,#1996,.T.);
#2450 = ORIENTED_EDGE('',*,*,#2402,.F.);
#2451 = ORIENTED_EDGE('',*,*,#1129,.F.);
#2452 = ADVANCED_FACE('',(#2453),#1117,.F.);
#2453 = FACE_BOUND('',#2454,.F.);
#2454 = EDGE_LOOP('',(#2455,#2476,#2477,#2478));
#2455 = ORIENTED_EDGE('',*,*,#2456,.T.);
#2456 = EDGE_CURVE('',#1074,#1951,#2457,.T.);
#2457 = SURFACE_CURVE('',#2458,(#2462,#2469),.PCURVE_S1.);
#2458 = LINE('',#2459,#2460);
#2459 = CARTESIAN_POINT('',(0.,-1.996374273679,55.494931866025));
#2460 = VECTOR('',#2461,1.);
#2461 = DIRECTION('',(1.,0.,0.));
#2462 = PCURVE('',#1117,#2463);
#2463 = DEFINITIONAL_REPRESENTATION('',(#2464),#2468);
#2464 = LINE('',#2465,#2466);
#2465 = CARTESIAN_POINT('',(0.,0.));
#2466 = VECTOR('',#2467,1.);
#2467 = DIRECTION('',(0.,-1.));
#2468 = ( GEOMETRIC_REPRESENTATION_CONTEXT(2) 
PARAMETRIC_REPRESENTATION_CONTEXT() REPRESENTATION_CONTEXT('2D SPACE',''
  ) );
#2469 = PCURVE('',#1089,#2470);
#2470 = DEFINITIONAL_REPRESENTATION('',(#2471),#2475);
#2471 = LINE('',#2472,#2473);
#2472 = CARTESIAN_POINT('',(0.268663849067,0.));
#2473 = VECTOR('',#2474,1.);
#2474 = DIRECTION('',(0.,-1.));
#2475 = ( GEOMETRIC_REPRESENTATION_CONTEXT(2) 
PARAMETRIC_REPRESENTATION_CONTEXT() REPRESENTATION_CONTEXT('2D SPACE',''
  ) );
#2476 = ORIENTED_EDGE('',*,*,#1973,.T.);
#2477 = ORIENTED_EDGE('',*,*,#2429,.F.);
#2478 = ORIENTED_EDGE('',*,*,#1101,.F.);
#2479 = ADVANCED_FACE('',(#2480),#1089,.F.);
#2480 = FACE_BOUND('',#2481,.F.);
#2481 = EDGE_LOOP('',(#2482,#2503,#2504,#2505));
#2482 = ORIENTED_EDGE('',*,*,#2483,.T.);
#2483 = EDGE_CURVE('',#1046,#1928,#2484,.T.);
#2484 = SURFACE_CURVE('',#2485,(#2489,#2496),.PCURVE_S1.);
#2485 = LINE('',#2486,#2487);
#2486 = CARTESIAN_POINT('',(0.,-1.823286725336,55.289454459958));
#2487 = VECTOR('',#2488,1.);
#2488 = DIRECTION('',(1.,0.,0.));
#2489 = PCURVE('',#1089,#2490);
#2490 = DEFINITIONAL_REPRESENTATION('',(#2491),#2495);
#2491 = LINE('',#2492,#2493);
#2492 = CARTESIAN_POINT('',(0.,0.));
#2493 = VECTOR('',#2494,1.);
#2494 = DIRECTION('',(0.,-1.));
#2495 = ( GEOMETRIC_REPRESENTATION_CONTEXT(2) 
PARAMETRIC_REPRESENTATION_CONTEXT() REPRESENTATION_CONTEXT('2D SPACE',''
  ) );
#2496 = PCURVE('',#1061,#2497);
#2497 = DEFINITIONAL_REPRESENTATION('',(#2498),#2502);
#2498 = LINE('',#2499,#2500);
#2499 = CARTESIAN_POINT('',(0.259231218007,0.));
#2500 = VECTOR('',#2501,1.);
#2501 = DIRECTION('',(0.,-1.));
#2502 = ( GEOMETRIC_REPRESENTATION_CONTEXT(2) 
PARAMETRIC_REPRESENTATION_CONTEXT() REPRESENTATION_CONTEXT('2D SPACE',''
  ) );
#2503 = ORIENTED_EDGE('',*,*,#1950,.T.);
#2504 = ORIENTED_EDGE('',*,*,#2456,.F.);
#2505 = ORIENTED_EDGE('',*,*,#1073,.F.);
#2506 = ADVANCED_FACE('',(#2507),#1061,.F.);
#2507 = FACE_BOUND('',#2508,.F.);
#2508 = EDGE_LOOP('',(#2509,#2530,#2531,#2532));
#2509 = ORIENTED_EDGE('',*,*,#2510,.T.);
#2510 = EDGE_CURVE('',#1018,#1905,#2511,.T.);
#2511 = SURFACE_CURVE('',#2512,(#2516,#2523),.PCURVE_S1.);
#2512 = LINE('',#2513,#2514);
#2513 = CARTESIAN_POINT('',(0.,-1.64818647524,55.098298171007));
#2514 = VECTOR('',#2515,1.);
#2515 = DIRECTION('',(1.,0.,0.));
#2516 = PCURVE('',#1061,#2517);
#2517 = DEFINITIONAL_REPRESENTATION('',(#2518),#2522);
#2518 = LINE('',#2519,#2520);
#2519 = CARTESIAN_POINT('',(0.,0.));
#2520 = VECTOR('',#2521,1.);
#2521 = DIRECTION('',(0.,-1.));
#2522 = ( GEOMETRIC_REPRESENTATION_CONTEXT(2) 
PARAMETRIC_REPRESENTATION_CONTEXT() REPRESENTATION_CONTEXT('2D SPACE',''
  ) );
#2523 = PCURVE('',#1033,#2524);
#2524 = DEFINITIONAL_REPRESENTATION('',(#2525),#2529);
#2525 = LINE('',#2526,#2527);
#2526 = CARTESIAN_POINT('',(0.257443518942,0.));
#2527 = VECTOR('',#2528,1.);
#2528 = DIRECTION('',(0.,-1.));
#2529 = ( GEOMETRIC_REPRESENTATION_CONTEXT(2) 
PARAMETRIC_REPRESENTATION_CONTEXT() REPRESENTATION_CONTEXT('2D SPACE',''
  ) );
#2530 = ORIENTED_EDGE('',*,*,#1927,.T.);
#2531 = ORIENTED_EDGE('',*,*,#2483,.F.);
#2532 = ORIENTED_EDGE('',*,*,#1045,.F.);
#2533 = ADVANCED_FACE('',(#2534),#1033,.F.);
#2534 = FACE_BOUND('',#2535,.F.);
#2535 = EDGE_LOOP('',(#2536,#2557,#2558,#2559));
#2536 = ORIENTED_EDGE('',*,*,#2537,.T.);
#2537 = EDGE_CURVE('',#990,#1882,#2538,.T.);
#2538 = SURFACE_CURVE('',#2539,(#2543,#2550),.PCURVE_S1.);
#2539 = LINE('',#2540,#2541);
#2540 = CARTESIAN_POINT('',(0.,-1.472693145454,54.909938789382));
#2541 = VECTOR('',#2542,1.);
#2542 = DIRECTION('',(1.,0.,0.));
#2543 = PCURVE('',#1033,#2544);
#2544 = DEFINITIONAL_REPRESENTATION('',(#2545),#2549);
#2545 = LINE('',#2546,#2547);
#2546 = CARTESIAN_POINT('',(0.,0.));
#2547 = VECTOR('',#2548,1.);
#2548 = DIRECTION('',(0.,-1.));
#2549 = ( GEOMETRIC_REPRESENTATION_CONTEXT(2) 
PARAMETRIC_REPRESENTATION_CONTEXT() REPRESENTATION_CONTEXT('2D SPACE',''
  ) );
#2550 = PCURVE('',#1005,#2551);
#2551 = DEFINITIONAL_REPRESENTATION('',(#2552),#2556);
#2552 = LINE('',#2553,#2554);
#2553 = CARTESIAN_POINT('',(0.247182098189,0.));
#2554 = VECTOR('',#2555,1.);
#2555 = DIRECTION('',(0.,-1.));
#2556 = ( GEOMETRIC_REPRESENTATION_CONTEXT(2) 
PARAMETRIC_REPRESENTATION_CONTEXT() REPRESENTATION_CONTEXT('2D SPACE',''
  ) );
#2557 = ORIENTED_EDGE('',*,*,#1904,.T.);
#2558 = ORIENTED_EDGE('',*,*,#2510,.F.);
#2559 = ORIENTED_EDGE('',*,*,#1017,.F.);
#2560 = ADVANCED_FACE('',(#2561),#1005,.F.);
#2561 = FACE_BOUND('',#2562,.F.);
#2562 = EDGE_LOOP('',(#2563,#2584,#2585,#2586));
#2563 = ORIENTED_EDGE('',*,*,#2564,.T.);
#2564 = EDGE_CURVE('',#962,#1859,#2565,.T.);
#2565 = SURFACE_CURVE('',#2566,(#2570,#2577),.PCURVE_S1.);
#2566 = LINE('',#2567,#2568);
#2567 = CARTESIAN_POINT('',(0.,-1.294855108337,54.73826286731));
#2568 = VECTOR('',#2569,1.);
#2569 = DIRECTION('',(1.,0.,0.));
#2570 = PCURVE('',#1005,#2571);
#2571 = DEFINITIONAL_REPRESENTATION('',(#2572),#2576);
#2572 = LINE('',#2573,#2574);
#2573 = CARTESIAN_POINT('',(0.,0.));
#2574 = VECTOR('',#2575,1.);
#2575 = DIRECTION('',(0.,-1.));
#2576 = ( GEOMETRIC_REPRESENTATION_CONTEXT(2) 
PARAMETRIC_REPRESENTATION_CONTEXT() REPRESENTATION_CONTEXT('2D SPACE',''
  ) );
#2577 = PCURVE('',#977,#2578);
#2578 = DEFINITIONAL_REPRESENTATION('',(#2579),#2583);
#2579 = LINE('',#2580,#2581);
#2580 = CARTESIAN_POINT('',(0.246283062264,0.));
#2581 = VECTOR('',#2582,1.);
#2582 = DIRECTION('',(0.,-1.));
#2583 = ( GEOMETRIC_REPRESENTATION_CONTEXT(2) 
PARAMETRIC_REPRESENTATION_CONTEXT() REPRESENTATION_CONTEXT('2D SPACE',''
  ) );
#2584 = ORIENTED_EDGE('',*,*,#1881,.T.);
#2585 = ORIENTED_EDGE('',*,*,#2537,.F.);
#2586 = ORIENTED_EDGE('',*,*,#989,.F.);
#2587 = ADVANCED_FACE('',(#2588),#977,.F.);
#2588 = FACE_BOUND('',#2589,.F.);
#2589 = EDGE_LOOP('',(#2590,#2611,#2612,#2613));
#2590 = ORIENTED_EDGE('',*,*,#2591,.T.);
#2591 = EDGE_CURVE('',#934,#1836,#2592,.T.);
#2592 = SURFACE_CURVE('',#2593,(#2597,#2604),.PCURVE_S1.);
#2593 = LINE('',#2594,#2595);
#2594 = CARTESIAN_POINT('',(0.,-1.116803408287,54.568107235997));
#2595 = VECTOR('',#2596,1.);
#2596 = DIRECTION('',(1.,0.,0.));
#2597 = PCURVE('',#977,#2598);
#2598 = DEFINITIONAL_REPRESENTATION('',(#2599),#2603);
#2599 = LINE('',#2600,#2601);
#2600 = CARTESIAN_POINT('',(0.,0.));
#2601 = VECTOR('',#2602,1.);
#2602 = DIRECTION('',(0.,-1.));
#2603 = ( GEOMETRIC_REPRESENTATION_CONTEXT(2) 
PARAMETRIC_REPRESENTATION_CONTEXT() REPRESENTATION_CONTEXT('2D SPACE',''
  ) );
#2604 = PCURVE('',#949,#2605);
#2605 = DEFINITIONAL_REPRESENTATION('',(#2606),#2610);
#2606 = LINE('',#2607,#2608);
#2607 = CARTESIAN_POINT('',(0.238866919966,0.));
#2608 = VECTOR('',#2609,1.);
#2609 = DIRECTION('',(0.,-1.));
#2610 = ( GEOMETRIC_REPRESENTATION_CONTEXT(2) 
PARAMETRIC_REPRESENTATION_CONTEXT() REPRESENTATION_CONTEXT('2D SPACE',''
  ) );
#2611 = ORIENTED_EDGE('',*,*,#1858,.T.);
#2612 = ORIENTED_EDGE('',*,*,#2564,.F.);
#2613 = ORIENTED_EDGE('',*,*,#961,.F.);
#2614 = ADVANCED_FACE('',(#2615),#949,.F.);
#2615 = FACE_BOUND('',#2616,.F.);
#2616 = EDGE_LOOP('',(#2617,#2638,#2639,#2640));
#2617 = ORIENTED_EDGE('',*,*,#2618,.T.);
#2618 = EDGE_CURVE('',#906,#1813,#2619,.T.);
#2619 = SURFACE_CURVE('',#2620,(#2624,#2631),.PCURVE_S1.);
#2620 = LINE('',#2621,#2622);
#2621 = CARTESIAN_POINT('',(0.,-0.936926358556,54.410939642537));
#2622 = VECTOR('',#2623,1.);
#2623 = DIRECTION('',(1.,0.,0.));
#2624 = PCURVE('',#949,#2625);
#2625 = DEFINITIONAL_REPRESENTATION('',(#2626),#2630);
#2626 = LINE('',#2627,#2628);
#2627 = CARTESIAN_POINT('',(0.,0.));
#2628 = VECTOR('',#2629,1.);
#2629 = DIRECTION('',(0.,-1.));
#2630 = ( GEOMETRIC_REPRESENTATION_CONTEXT(2) 
PARAMETRIC_REPRESENTATION_CONTEXT() REPRESENTATION_CONTEXT('2D SPACE',''
  ) );
#2631 = PCURVE('',#921,#2632);
#2632 = DEFINITIONAL_REPRESENTATION('',(#2633),#2637);
#2633 = LINE('',#2634,#2635);
#2634 = CARTESIAN_POINT('',(0.235943302792,0.));
#2635 = VECTOR('',#2636,1.);
#2636 = DIRECTION('',(0.,-1.));
#2637 = ( GEOMETRIC_REPRESENTATION_CONTEXT(2) 
PARAMETRIC_REPRESENTATION_CONTEXT() REPRESENTATION_CONTEXT('2D SPACE',''
  ) );
#2638 = ORIENTED_EDGE('',*,*,#1835,.T.);
#2639 = ORIENTED_EDGE('',*,*,#2591,.F.);
#2640 = ORIENTED_EDGE('',*,*,#933,.F.);
#2641 = ADVANCED_FACE('',(#2642),#921,.F.);
#2642 = FACE_BOUND('',#2643,.F.);
#2643 = EDGE_LOOP('',(#2644,#2665,#2666,#2667));
#2644 = ORIENTED_EDGE('',*,*,#2645,.T.);
#2645 = EDGE_CURVE('',#878,#1790,#2646,.T.);
#2646 = SURFACE_CURVE('',#2647,(#2651,#2658),.PCURVE_S1.);
#2647 = LINE('',#2648,#2649);
#2648 = CARTESIAN_POINT('',(0.,-0.756293994277,54.259146391345));
#2649 = VECTOR('',#2650,1.);
#2650 = DIRECTION('',(1.,0.,0.));
#2651 = PCURVE('',#921,#2652);
#2652 = DEFINITIONAL_REPRESENTATION('',(#2653),#2657);
#2653 = LINE('',#2654,#2655);
#2654 = CARTESIAN_POINT('',(0.,0.));
#2655 = VECTOR('',#2656,1.);
#2656 = DIRECTION('',(0.,-1.));
#2657 = ( GEOMETRIC_REPRESENTATION_CONTEXT(2) 
PARAMETRIC_REPRESENTATION_CONTEXT() REPRESENTATION_CONTEXT('2D SPACE',''
  ) );
#2658 = PCURVE('',#893,#2659);
#2659 = DEFINITIONAL_REPRESENTATION('',(#2660),#2664);
#2660 = LINE('',#2661,#2662);
#2661 = CARTESIAN_POINT('',(0.232749397533,0.));
#2662 = VECTOR('',#2663,1.);
#2663 = DIRECTION('',(0.,-1.));
#2664 = ( GEOMETRIC_REPRESENTATION_CONTEXT(2) 
PARAMETRIC_REPRESENTATION_CONTEXT() REPRESENTATION_CONTEXT('2D SPACE',''
  ) );
#2665 = ORIENTED_EDGE('',*,*,#1812,.T.);
#2666 = ORIENTED_EDGE('',*,*,#2618,.F.);
#2667 = ORIENTED_EDGE('',*,*,#905,.F.);
#2668 = ADVANCED_FACE('',(#2669),#893,.F.);
#2669 = FACE_BOUND('',#2670,.F.);
#2670 = EDGE_LOOP('',(#2671,#2692,#2693,#2694));
#2671 = ORIENTED_EDGE('',*,*,#2672,.T.);
#2672 = EDGE_CURVE('',#850,#1767,#2673,.T.);
#2673 = SURFACE_CURVE('',#2674,(#2678,#2685),.PCURVE_S1.);
#2674 = LINE('',#2675,#2676);
#2675 = CARTESIAN_POINT('',(0.,-0.574808575533,54.113422938066));
#2676 = VECTOR('',#2677,1.);
#2677 = DIRECTION('',(1.,0.,0.));
#2678 = PCURVE('',#893,#2679);
#2679 = DEFINITIONAL_REPRESENTATION('',(#2680),#2684);
#2680 = LINE('',#2681,#2682);
#2681 = CARTESIAN_POINT('',(0.,0.));
#2682 = VECTOR('',#2683,1.);
#2683 = DIRECTION('',(0.,-1.));
#2684 = ( GEOMETRIC_REPRESENTATION_CONTEXT(2) 
PARAMETRIC_REPRESENTATION_CONTEXT() REPRESENTATION_CONTEXT('2D SPACE',''
  ) );
#2685 = PCURVE('',#865,#2686);
#2686 = DEFINITIONAL_REPRESENTATION('',(#2687),#2691);
#2687 = LINE('',#2688,#2689);
#2688 = CARTESIAN_POINT('',(0.2273786468,0.));
#2689 = VECTOR('',#2690,1.);
#2690 = DIRECTION('',(0.,-1.));
#2691 = ( GEOMETRIC_REPRESENTATION_CONTEXT(2) 
PARAMETRIC_REPRESENTATION_CONTEXT() REPRESENTATION_CONTEXT('2D SPACE',''
  ) );
#2692 = ORIENTED_EDGE('',*,*,#1789,.T.);
#2693 = ORIENTED_EDGE('',*,*,#2645,.F.);
#2694 = ORIENTED_EDGE('',*,*,#877,.F.);
#2695 = ADVANCED_FACE('',(#2696),#865,.F.);
#2696 = FACE_BOUND('',#2697,.F.);
#2697 = EDGE_LOOP('',(#2698,#2719,#2720,#2721));
#2698 = ORIENTED_EDGE('',*,*,#2699,.T.);
#2699 = EDGE_CURVE('',#822,#1744,#2700,.T.);
#2700 = SURFACE_CURVE('',#2701,(#2705,#2712),.PCURVE_S1.);
#2701 = LINE('',#2702,#2703);
#2702 = CARTESIAN_POINT('',(0.,-0.391809509184,53.978469647124));
#2703 = VECTOR('',#2704,1.);
#2704 = DIRECTION('',(1.,0.,0.));
#2705 = PCURVE('',#865,#2706);
#2706 = DEFINITIONAL_REPRESENTATION('',(#2707),#2711);
#2707 = LINE('',#2708,#2709);
#2708 = CARTESIAN_POINT('',(0.,0.));
#2709 = VECTOR('',#2710,1.);
#2710 = DIRECTION('',(0.,-1.));
#2711 = ( GEOMETRIC_REPRESENTATION_CONTEXT(2) 
PARAMETRIC_REPRESENTATION_CONTEXT() REPRESENTATION_CONTEXT('2D SPACE',''
  ) );
#2712 = PCURVE('',#837,#2713);
#2713 = DEFINITIONAL_REPRESENTATION('',(#2714),#2718);
#2714 = LINE('',#2715,#2716);
#2715 = CARTESIAN_POINT('',(0.227192004605,0.));
#2716 = VECTOR('',#2717,1.);
#2717 = DIRECTION('',(0.,-1.));
#2718 = ( GEOMETRIC_REPRESENTATION_CONTEXT(2) 
PARAMETRIC_REPRESENTATION_CONTEXT() REPRESENTATION_CONTEXT('2D SPACE',''
  ) );
#2719 = ORIENTED_EDGE('',*,*,#1766,.T.);
#2720 = ORIENTED_EDGE('',*,*,#2672,.F.);
#2721 = ORIENTED_EDGE('',*,*,#849,.F.);
#2722 = ADVANCED_FACE('',(#2723),#837,.F.);
#2723 = FACE_BOUND('',#2724,.F.);
#2724 = EDGE_LOOP('',(#2725,#2746,#2747,#2748));
#2725 = ORIENTED_EDGE('',*,*,#2726,.T.);
#2726 = EDGE_CURVE('',#794,#1721,#2727,.T.);
#2727 = SURFACE_CURVE('',#2728,(#2732,#2739),.PCURVE_S1.);
#2728 = LINE('',#2729,#2730);
#2729 = CARTESIAN_POINT('',(0.,-0.208755764721,53.843905411183));
#2730 = VECTOR('',#2731,1.);
#2731 = DIRECTION('',(1.,0.,0.));
#2732 = PCURVE('',#837,#2733);
#2733 = DEFINITIONAL_REPRESENTATION('',(#2734),#2738);
#2734 = LINE('',#2735,#2736);
#2735 = CARTESIAN_POINT('',(0.,0.));
#2736 = VECTOR('',#2737,1.);
#2737 = DIRECTION('',(0.,-1.));
#2738 = ( GEOMETRIC_REPRESENTATION_CONTEXT(2) 
PARAMETRIC_REPRESENTATION_CONTEXT() REPRESENTATION_CONTEXT('2D SPACE',''
  ) );
#2739 = PCURVE('',#809,#2740);
#2740 = DEFINITIONAL_REPRESENTATION('',(#2741),#2745);
#2741 = LINE('',#2742,#2743);
#2742 = CARTESIAN_POINT('',(0.220869206425,0.));
#2743 = VECTOR('',#2744,1.);
#2744 = DIRECTION('',(0.,-1.));
#2745 = ( GEOMETRIC_REPRESENTATION_CONTEXT(2) 
PARAMETRIC_REPRESENTATION_CONTEXT() REPRESENTATION_CONTEXT('2D SPACE',''
  ) );
#2746 = ORIENTED_EDGE('',*,*,#1743,.T.);
#2747 = ORIENTED_EDGE('',*,*,#2699,.F.);
#2748 = ORIENTED_EDGE('',*,*,#821,.F.);
#2749 = ADVANCED_FACE('',(#2750),#809,.F.);
#2750 = FACE_BOUND('',#2751,.F.);
#2751 = EDGE_LOOP('',(#2752,#2773,#2774,#2775));
#2752 = ORIENTED_EDGE('',*,*,#2753,.T.);
#2753 = EDGE_CURVE('',#766,#1698,#2754,.T.);
#2754 = SURFACE_CURVE('',#2755,(#2759,#2766),.PCURVE_S1.);
#2755 = LINE('',#2756,#2757);
#2756 = CARTESIAN_POINT('',(0.,-2.374528169522E-02,53.723264093561));
#2757 = VECTOR('',#2758,1.);
#2758 = DIRECTION('',(1.,0.,0.));
#2759 = PCURVE('',#809,#2760);
#2760 = DEFINITIONAL_REPRESENTATION('',(#2761),#2765);
#2761 = LINE('',#2762,#2763);
#2762 = CARTESIAN_POINT('',(0.,0.));
#2763 = VECTOR('',#2764,1.);
#2764 = DIRECTION('',(0.,-1.));
#2765 = ( GEOMETRIC_REPRESENTATION_CONTEXT(2) 
PARAMETRIC_REPRESENTATION_CONTEXT() REPRESENTATION_CONTEXT('2D SPACE',''
  ) );
#2766 = PCURVE('',#781,#2767);
#2767 = DEFINITIONAL_REPRESENTATION('',(#2768),#2772);
#2768 = LINE('',#2769,#2770);
#2769 = CARTESIAN_POINT('',(0.219891443833,0.));
#2770 = VECTOR('',#2771,1.);
#2771 = DIRECTION('',(0.,-1.));
#2772 = ( GEOMETRIC_REPRESENTATION_CONTEXT(2) 
PARAMETRIC_REPRESENTATION_CONTEXT() REPRESENTATION_CONTEXT('2D SPACE',''
  ) );
#2773 = ORIENTED_EDGE('',*,*,#1720,.T.);
#2774 = ORIENTED_EDGE('',*,*,#2726,.F.);
#2775 = ORIENTED_EDGE('',*,*,#793,.F.);
#2776 = ADVANCED_FACE('',(#2777),#781,.F.);
#2777 = FACE_BOUND('',#2778,.F.);
#2778 = EDGE_LOOP('',(#2779,#2800,#2801,#2802));
#2779 = ORIENTED_EDGE('',*,*,#2780,.T.);
#2780 = EDGE_CURVE('',#738,#1675,#2781,.T.);
#2781 = SURFACE_CURVE('',#2782,(#2786,#2793),.PCURVE_S1.);
#2782 = LINE('',#2783,#2784);
#2783 = CARTESIAN_POINT('',(0.,0.161589214815,53.604928251679));
#2784 = VECTOR('',#2785,1.);
#2785 = DIRECTION('',(1.,0.,0.));
#2786 = PCURVE('',#781,#2787);
#2787 = DEFINITIONAL_REPRESENTATION('',(#2788),#2792);
#2788 = LINE('',#2789,#2790);
#2789 = CARTESIAN_POINT('',(0.,0.));
#2790 = VECTOR('',#2791,1.);
#2791 = DIRECTION('',(0.,-1.));
#2792 = ( GEOMETRIC_REPRESENTATION_CONTEXT(2) 
PARAMETRIC_REPRESENTATION_CONTEXT() REPRESENTATION_CONTEXT('2D SPACE',''
  ) );
#2793 = PCURVE('',#753,#2794);
#2794 = DEFINITIONAL_REPRESENTATION('',(#2795),#2799);
#2795 = LINE('',#2796,#2797);
#2796 = CARTESIAN_POINT('',(0.218072703374,0.));
#2797 = VECTOR('',#2798,1.);
#2798 = DIRECTION('',(0.,-1.));
#2799 = ( GEOMETRIC_REPRESENTATION_CONTEXT(2) 
PARAMETRIC_REPRESENTATION_CONTEXT() REPRESENTATION_CONTEXT('2D SPACE',''
  ) );
#2800 = ORIENTED_EDGE('',*,*,#1697,.T.);
#2801 = ORIENTED_EDGE('',*,*,#2753,.F.);
#2802 = ORIENTED_EDGE('',*,*,#765,.F.);
#2803 = ADVANCED_FACE('',(#2804),#753,.F.);
#2804 = FACE_BOUND('',#2805,.F.);
#2805 = EDGE_LOOP('',(#2806,#2827,#2828,#2829));
#2806 = ORIENTED_EDGE('',*,*,#2807,.T.);
#2807 = EDGE_CURVE('',#710,#1652,#2808,.T.);
#2808 = SURFACE_CURVE('',#2809,(#2813,#2820),.PCURVE_S1.);
#2809 = LINE('',#2810,#2811);
#2810 = CARTESIAN_POINT('',(0.,0.347545408233,53.491016013151));
#2811 = VECTOR('',#2812,1.);
#2812 = DIRECTION('',(1.,0.,0.));
#2813 = PCURVE('',#753,#2814);
#2814 = DEFINITIONAL_REPRESENTATION('',(#2815),#2819);
#2815 = LINE('',#2816,#2817);
#2816 = CARTESIAN_POINT('',(0.,0.));
#2817 = VECTOR('',#2818,1.);
#2818 = DIRECTION('',(0.,-1.));
#2819 = ( GEOMETRIC_REPRESENTATION_CONTEXT(2) 
PARAMETRIC_REPRESENTATION_CONTEXT() REPRESENTATION_CONTEXT('2D SPACE',''
  ) );
#2820 = PCURVE('',#725,#2821);
#2821 = DEFINITIONAL_REPRESENTATION('',(#2822),#2826);
#2822 = LINE('',#2823,#2824);
#2823 = CARTESIAN_POINT('',(0.214299868058,0.));
#2824 = VECTOR('',#2825,1.);
#2825 = DIRECTION('',(0.,-1.));
#2826 = ( GEOMETRIC_REPRESENTATION_CONTEXT(2) 
PARAMETRIC_REPRESENTATION_CONTEXT() REPRESENTATION_CONTEXT('2D SPACE',''
  ) );
#2827 = ORIENTED_EDGE('',*,*,#1674,.T.);
#2828 = ORIENTED_EDGE('',*,*,#2780,.F.);
#2829 = ORIENTED_EDGE('',*,*,#737,.F.);
#2830 = ADVANCED_FACE('',(#2831),#725,.F.);
#2831 = FACE_BOUND('',#2832,.F.);
#2832 = EDGE_LOOP('',(#2833,#2854,#2855,#2856));
#2833 = ORIENTED_EDGE('',*,*,#2834,.T.);
#2834 = EDGE_CURVE('',#682,#1629,#2835,.T.);
#2835 = SURFACE_CURVE('',#2836,(#2840,#2847),.PCURVE_S1.);
#2836 = LINE('',#2837,#2838);
#2837 = CARTESIAN_POINT('',(0.,0.534886820892,53.386960121666));
#2838 = VECTOR('',#2839,1.);
#2839 = DIRECTION('',(1.,0.,0.));
#2840 = PCURVE('',#725,#2841);
#2841 = DEFINITIONAL_REPRESENTATION('',(#2842),#2846);
#2842 = LINE('',#2843,#2844);
#2843 = CARTESIAN_POINT('',(0.,0.));
#2844 = VECTOR('',#2845,1.);
#2845 = DIRECTION('',(0.,-1.));
#2846 = ( GEOMETRIC_REPRESENTATION_CONTEXT(2) 
PARAMETRIC_REPRESENTATION_CONTEXT() REPRESENTATION_CONTEXT('2D SPACE',''
  ) );
#2847 = PCURVE('',#697,#2848);
#2848 = DEFINITIONAL_REPRESENTATION('',(#2849),#2853);
#2849 = LINE('',#2850,#2851);
#2850 = CARTESIAN_POINT('',(0.21448791375,0.));
#2851 = VECTOR('',#2852,1.);
#2852 = DIRECTION('',(0.,-1.));
#2853 = ( GEOMETRIC_REPRESENTATION_CONTEXT(2) 
PARAMETRIC_REPRESENTATION_CONTEXT() REPRESENTATION_CONTEXT('2D SPACE',''
  ) );
#2854 = ORIENTED_EDGE('',*,*,#1651,.T.);
#2855 = ORIENTED_EDGE('',*,*,#2807,.F.);
#2856 = ORIENTED_EDGE('',*,*,#709,.F.);
#2857 = ADVANCED_FACE('',(#2858),#697,.F.);
#2858 = FACE_BOUND('',#2859,.F.);
#2859 = EDGE_LOOP('',(#2860,#2881,#2882,#2883));
#2860 = ORIENTED_EDGE('',*,*,#2861,.T.);
#2861 = EDGE_CURVE('',#654,#1606,#2862,.T.);
#2862 = SURFACE_CURVE('',#2863,(#2867,#2874),.PCURVE_S1.);
#2863 = LINE('',#2864,#2865);
#2864 = CARTESIAN_POINT('',(0.,0.722155583239,53.282387296354));
#2865 = VECTOR('',#2866,1.);
#2866 = DIRECTION('',(1.,0.,0.));
#2867 = PCURVE('',#697,#2868);
#2868 = DEFINITIONAL_REPRESENTATION('',(#2869),#2873);
#2869 = LINE('',#2870,#2871);
#2870 = CARTESIAN_POINT('',(0.,0.));
#2871 = VECTOR('',#2872,1.);
#2872 = DIRECTION('',(0.,-1.));
#2873 = ( GEOMETRIC_REPRESENTATION_CONTEXT(2) 
PARAMETRIC_REPRESENTATION_CONTEXT() REPRESENTATION_CONTEXT('2D SPACE',''
  ) );
#2874 = PCURVE('',#669,#2875);
#2875 = DEFINITIONAL_REPRESENTATION('',(#2876),#2880);
#2876 = LINE('',#2877,#2878);
#2877 = CARTESIAN_POINT('',(0.210928553733,0.));
#2878 = VECTOR('',#2879,1.);
#2879 = DIRECTION('',(0.,-1.));
#2880 = ( GEOMETRIC_REPRESENTATION_CONTEXT(2) 
PARAMETRIC_REPRESENTATION_CONTEXT() REPRESENTATION_CONTEXT('2D SPACE',''
  ) );
#2881 = ORIENTED_EDGE('',*,*,#1628,.T.);
#2882 = ORIENTED_EDGE('',*,*,#2834,.F.);
#2883 = ORIENTED_EDGE('',*,*,#681,.F.);
#2884 = ADVANCED_FACE('',(#2885),#669,.F.);
#2885 = FACE_BOUND('',#2886,.F.);
#2886 = EDGE_LOOP('',(#2887,#2908,#2909,#2910));
#2887 = ORIENTED_EDGE('',*,*,#2888,.T.);
#2888 = EDGE_CURVE('',#626,#1583,#2889,.T.);
#2889 = SURFACE_CURVE('',#2890,(#2894,#2901),.PCURVE_S1.);
#2890 = LINE('',#2891,#2892);
#2891 = CARTESIAN_POINT('',(0.,0.910882673038,53.188191010037));
#2892 = VECTOR('',#2893,1.);
#2893 = DIRECTION('',(1.,0.,0.));
#2894 = PCURVE('',#669,#2895);
#2895 = DEFINITIONAL_REPRESENTATION('',(#2896),#2900);
#2896 = LINE('',#2897,#2898);
#2897 = CARTESIAN_POINT('',(0.,0.));
#2898 = VECTOR('',#2899,1.);
#2899 = DIRECTION('',(0.,-1.));
#2900 = ( GEOMETRIC_REPRESENTATION_CONTEXT(2) 
PARAMETRIC_REPRESENTATION_CONTEXT() REPRESENTATION_CONTEXT('2D SPACE',''
  ) );
#2901 = PCURVE('',#641,#2902);
#2902 = DEFINITIONAL_REPRESENTATION('',(#2903),#2907);
#2903 = LINE('',#2904,#2905);
#2904 = CARTESIAN_POINT('',(0.418783480924,0.));
#2905 = VECTOR('',#2906,1.);
#2906 = DIRECTION('',(0.,-1.));
#2907 = ( GEOMETRIC_REPRESENTATION_CONTEXT(2) 
PARAMETRIC_REPRESENTATION_CONTEXT() REPRESENTATION_CONTEXT('2D SPACE',''
  ) );
#2908 = ORIENTED_EDGE('',*,*,#1605,.T.);
#2909 = ORIENTED_EDGE('',*,*,#2861,.F.);
#2910 = ORIENTED_EDGE('',*,*,#653,.F.);
#2911 = ADVANCED_FACE('',(#2912),#641,.F.);
#2912 = FACE_BOUND('',#2913,.F.);
#2913 = EDGE_LOOP('',(#2914,#2935,#2936,#2937));
#2914 = ORIENTED_EDGE('',*,*,#2915,.T.);
#2915 = EDGE_CURVE('',#598,#1560,#2916,.T.);
#2916 = SURFACE_CURVE('',#2917,(#2921,#2928),.PCURVE_S1.);
#2917 = LINE('',#2918,#2919);
#2918 = CARTESIAN_POINT('',(0.,1.289730413694,53.009714139559));
#2919 = VECTOR('',#2920,1.);
#2920 = DIRECTION('',(1.,0.,0.));
#2921 = PCURVE('',#641,#2922);
#2922 = DEFINITIONAL_REPRESENTATION('',(#2923),#2927);
#2923 = LINE('',#2924,#2925);
#2924 = CARTESIAN_POINT('',(0.,0.));
#2925 = VECTOR('',#2926,1.);
#2926 = DIRECTION('',(0.,-1.));
#2927 = ( GEOMETRIC_REPRESENTATION_CONTEXT(2) 
PARAMETRIC_REPRESENTATION_CONTEXT() REPRESENTATION_CONTEXT('2D SPACE',''
  ) );
#2928 = PCURVE('',#613,#2929);
#2929 = DEFINITIONAL_REPRESENTATION('',(#2930),#2934);
#2930 = LINE('',#2931,#2932);
#2931 = CARTESIAN_POINT('',(0.206151933773,0.));
#2932 = VECTOR('',#2933,1.);
#2933 = DIRECTION('',(0.,-1.));
#2934 = ( GEOMETRIC_REPRESENTATION_CONTEXT(2) 
PARAMETRIC_REPRESENTATION_CONTEXT() REPRESENTATION_CONTEXT('2D SPACE',''
  ) );
#2935 = ORIENTED_EDGE('',*,*,#1582,.T.);
#2936 = ORIENTED_EDGE('',*,*,#2888,.F.);
#2937 = ORIENTED_EDGE('',*,*,#625,.T.);
#2938 = ADVANCED_FACE('',(#2939),#613,.F.);
#2939 = FACE_BOUND('',#2940,.F.);
#2940 = EDGE_LOOP('',(#2941,#2962,#2963,#2964));
#2941 = ORIENTED_EDGE('',*,*,#2942,.T.);
#2942 = EDGE_CURVE('',#570,#1537,#2943,.T.);
#2943 = SURFACE_CURVE('',#2944,(#2948,#2955),.PCURVE_S1.);
#2944 = LINE('',#2945,#2946);
#2945 = CARTESIAN_POINT('',(0.,1.480827293529,52.932379785515));
#2946 = VECTOR('',#2947,1.);
#2947 = DIRECTION('',(1.,0.,0.));
#2948 = PCURVE('',#613,#2949);
#2949 = DEFINITIONAL_REPRESENTATION('',(#2950),#2954);
#2950 = LINE('',#2951,#2952);
#2951 = CARTESIAN_POINT('',(0.,0.));
#2952 = VECTOR('',#2953,1.);
#2953 = DIRECTION('',(0.,-1.));
#2954 = ( GEOMETRIC_REPRESENTATION_CONTEXT(2) 
PARAMETRIC_REPRESENTATION_CONTEXT() REPRESENTATION_CONTEXT('2D SPACE',''
  ) );
#2955 = PCURVE('',#585,#2956);
#2956 = DEFINITIONAL_REPRESENTATION('',(#2957),#2961);
#2957 = LINE('',#2958,#2959);
#2958 = CARTESIAN_POINT('',(0.411188549648,0.));
#2959 = VECTOR('',#2960,1.);
#2960 = DIRECTION('',(0.,-1.));
#2961 = ( GEOMETRIC_REPRESENTATION_CONTEXT(2) 
PARAMETRIC_REPRESENTATION_CONTEXT() REPRESENTATION_CONTEXT('2D SPACE',''
  ) );
#2962 = ORIENTED_EDGE('',*,*,#1559,.T.);
#2963 = ORIENTED_EDGE('',*,*,#2915,.F.);
#2964 = ORIENTED_EDGE('',*,*,#597,.F.);
#2965 = ADVANCED_FACE('',(#2966),#585,.F.);
#2966 = FACE_BOUND('',#2967,.F.);
#2967 = EDGE_LOOP('',(#2968,#2989,#2990,#2991));
#2968 = ORIENTED_EDGE('',*,*,#2969,.T.);
#2969 = EDGE_CURVE('',#542,#1514,#2970,.T.);
#2970 = SURFACE_CURVE('',#2971,(#2975,#2982),.PCURVE_S1.);
#2971 = LINE('',#2972,#2973);
#2972 = CARTESIAN_POINT('',(0.,1.863675755007,52.782369522849));
#2973 = VECTOR('',#2974,1.);
#2974 = DIRECTION('',(1.,0.,0.));
#2975 = PCURVE('',#585,#2976);
#2976 = DEFINITIONAL_REPRESENTATION('',(#2977),#2981);
#2977 = LINE('',#2978,#2979);
#2978 = CARTESIAN_POINT('',(0.,0.));
#2979 = VECTOR('',#2980,1.);
#2980 = DIRECTION('',(0.,-1.));
#2981 = ( GEOMETRIC_REPRESENTATION_CONTEXT(2) 
PARAMETRIC_REPRESENTATION_CONTEXT() REPRESENTATION_CONTEXT('2D SPACE',''
  ) );
#2982 = PCURVE('',#557,#2983);
#2983 = DEFINITIONAL_REPRESENTATION('',(#2984),#2988);
#2984 = LINE('',#2985,#2986);
#2985 = CARTESIAN_POINT('',(0.203919618434,0.));
#2986 = VECTOR('',#2987,1.);
#2987 = DIRECTION('',(0.,-1.));
#2988 = ( GEOMETRIC_REPRESENTATION_CONTEXT(2) 
PARAMETRIC_REPRESENTATION_CONTEXT() REPRESENTATION_CONTEXT('2D SPACE',''
  ) );
#2989 = ORIENTED_EDGE('',*,*,#1536,.T.);
#2990 = ORIENTED_EDGE('',*,*,#2942,.F.);
#2991 = ORIENTED_EDGE('',*,*,#569,.T.);
#2992 = ADVANCED_FACE('',(#2993),#557,.F.);
#2993 = FACE_BOUND('',#2994,.F.);
#2994 = EDGE_LOOP('',(#2995,#3016,#3017,#3018));
#2995 = ORIENTED_EDGE('',*,*,#2996,.T.);
#2996 = EDGE_CURVE('',#514,#1491,#2997,.T.);
#2997 = SURFACE_CURVE('',#2998,(#3002,#3009),.PCURVE_S1.);
#2998 = LINE('',#2999,#3000);
#2999 = CARTESIAN_POINT('',(0.,2.056191729336,52.715132550798));
#3000 = VECTOR('',#3001,1.);
#3001 = DIRECTION('',(1.,0.,0.));
#3002 = PCURVE('',#557,#3003);
#3003 = DEFINITIONAL_REPRESENTATION('',(#3004),#3008);
#3004 = LINE('',#3005,#3006);
#3005 = CARTESIAN_POINT('',(0.,0.));
#3006 = VECTOR('',#3007,1.);
#3007 = DIRECTION('',(0.,-1.));
#3008 = ( GEOMETRIC_REPRESENTATION_CONTEXT(2) 
PARAMETRIC_REPRESENTATION_CONTEXT() REPRESENTATION_CONTEXT('2D SPACE',''
  ) );
#3009 = PCURVE('',#529,#3010);
#3010 = DEFINITIONAL_REPRESENTATION('',(#3011),#3015);
#3011 = LINE('',#3012,#3013);
#3012 = CARTESIAN_POINT('',(0.200000095023,-0.));
#3013 = VECTOR('',#3014,1.);
#3014 = DIRECTION('',(0.,-1.));
#3015 = ( GEOMETRIC_REPRESENTATION_CONTEXT(2) 
PARAMETRIC_REPRESENTATION_CONTEXT() REPRESENTATION_CONTEXT('2D SPACE',''
  ) );
#3016 = ORIENTED_EDGE('',*,*,#1513,.T.);
#3017 = ORIENTED_EDGE('',*,*,#2969,.F.);
#3018 = ORIENTED_EDGE('',*,*,#541,.F.);
#3019 = ADVANCED_FACE('',(#3020),#529,.F.);
#3020 = FACE_BOUND('',#3021,.F.);
#3021 = EDGE_LOOP('',(#3022,#3043,#3044,#3045));
#3022 = ORIENTED_EDGE('',*,*,#3023,.T.);
#3023 = EDGE_CURVE('',#486,#1468,#3024,.T.);
#3024 = SURFACE_CURVE('',#3025,(#3029,#3036),.PCURVE_S1.);
#3025 = LINE('',#3026,#3027);
#3026 = CARTESIAN_POINT('',(0.,2.254272476163,52.687490992495));
#3027 = VECTOR('',#3028,1.);
#3028 = DIRECTION('',(1.,0.,0.));
#3029 = PCURVE('',#529,#3030);
#3030 = DEFINITIONAL_REPRESENTATION('',(#3031),#3035);
#3031 = LINE('',#3032,#3033);
#3032 = CARTESIAN_POINT('',(0.,0.));
#3033 = VECTOR('',#3034,1.);
#3034 = DIRECTION('',(0.,-1.));
#3035 = ( GEOMETRIC_REPRESENTATION_CONTEXT(2) 
PARAMETRIC_REPRESENTATION_CONTEXT() REPRESENTATION_CONTEXT('2D SPACE',''
  ) );
#3036 = PCURVE('',#501,#3037);
#3037 = DEFINITIONAL_REPRESENTATION('',(#3038),#3042);
#3038 = LINE('',#3039,#3040);
#3039 = CARTESIAN_POINT('',(0.210373166169,0.));
#3040 = VECTOR('',#3041,1.);
#3041 = DIRECTION('',(0.,-1.));
#3042 = ( GEOMETRIC_REPRESENTATION_CONTEXT(2) 
PARAMETRIC_REPRESENTATION_CONTEXT() REPRESENTATION_CONTEXT('2D SPACE',''
  ) );
#3043 = ORIENTED_EDGE('',*,*,#1490,.T.);
#3044 = ORIENTED_EDGE('',*,*,#2996,.F.);
#3045 = ORIENTED_EDGE('',*,*,#513,.F.);
#3046 = ADVANCED_FACE('',(#3047),#501,.F.);
#3047 = FACE_BOUND('',#3048,.F.);
#3048 = EDGE_LOOP('',(#3049,#3070,#3071,#3072));
#3049 = ORIENTED_EDGE('',*,*,#3050,.T.);
#3050 = EDGE_CURVE('',#458,#1445,#3051,.T.);
#3051 = SURFACE_CURVE('',#3052,(#3056,#3063),.PCURVE_S1.);
#3052 = LINE('',#3053,#3054);
#3053 = CARTESIAN_POINT('',(0.,2.461406395176,52.72426610145));
#3054 = VECTOR('',#3055,1.);
#3055 = DIRECTION('',(1.,0.,0.));
#3056 = PCURVE('',#501,#3057);
#3057 = DEFINITIONAL_REPRESENTATION('',(#3058),#3062);
#3058 = LINE('',#3059,#3060);
#3059 = CARTESIAN_POINT('',(0.,0.));
#3060 = VECTOR('',#3061,1.);
#3061 = DIRECTION('',(0.,-1.));
#3062 = ( GEOMETRIC_REPRESENTATION_CONTEXT(2) 
PARAMETRIC_REPRESENTATION_CONTEXT() REPRESENTATION_CONTEXT('2D SPACE',''
  ) );
#3063 = PCURVE('',#473,#3064);
#3064 = DEFINITIONAL_REPRESENTATION('',(#3065),#3069);
#3065 = LINE('',#3066,#3067);
#3066 = CARTESIAN_POINT('',(0.841868578099,0.));
#3067 = VECTOR('',#3068,1.);
#3068 = DIRECTION('',(0.,-1.));
#3069 = ( GEOMETRIC_REPRESENTATION_CONTEXT(2) 
PARAMETRIC_REPRESENTATION_CONTEXT() REPRESENTATION_CONTEXT('2D SPACE',''
  ) );
#3070 = ORIENTED_EDGE('',*,*,#1467,.T.);
#3071 = ORIENTED_EDGE('',*,*,#3023,.F.);
#3072 = ORIENTED_EDGE('',*,*,#485,.F.);
#3073 = ADVANCED_FACE('',(#3074),#473,.F.);
#3074 = FACE_BOUND('',#3075,.F.);
#3075 = EDGE_LOOP('',(#3076,#3097,#3098,#3099));
#3076 = ORIENTED_EDGE('',*,*,#3077,.T.);
#3077 = EDGE_CURVE('',#430,#1422,#3078,.T.);
#3078 = SURFACE_CURVE('',#3079,(#3083,#3090),.PCURVE_S1.);
#3079 = LINE('',#3080,#3081);
#3080 = CARTESIAN_POINT('',(0.,3.29011040842,52.872564318646));
#3081 = VECTOR('',#3082,1.);
#3082 = DIRECTION('',(1.,0.,0.));
#3083 = PCURVE('',#473,#3084);
#3084 = DEFINITIONAL_REPRESENTATION('',(#3085),#3089);
#3085 = LINE('',#3086,#3087);
#3086 = CARTESIAN_POINT('',(0.,0.));
#3087 = VECTOR('',#3088,1.);
#3088 = DIRECTION('',(0.,-1.));
#3089 = ( GEOMETRIC_REPRESENTATION_CONTEXT(2) 
PARAMETRIC_REPRESENTATION_CONTEXT() REPRESENTATION_CONTEXT('2D SPACE',''
  ) );
#3090 = PCURVE('',#445,#3091);
#3091 = DEFINITIONAL_REPRESENTATION('',(#3092),#3096);
#3092 = LINE('',#3093,#3094);
#3093 = CARTESIAN_POINT('',(0.210467162263,0.));
#3094 = VECTOR('',#3095,1.);
#3095 = DIRECTION('',(0.,-1.));
#3096 = ( GEOMETRIC_REPRESENTATION_CONTEXT(2) 
PARAMETRIC_REPRESENTATION_CONTEXT() REPRESENTATION_CONTEXT('2D SPACE',''
  ) );
#3097 = ORIENTED_EDGE('',*,*,#1444,.T.);
#3098 = ORIENTED_EDGE('',*,*,#3050,.F.);
#3099 = ORIENTED_EDGE('',*,*,#457,.T.);
#3100 = ADVANCED_FACE('',(#3101),#445,.F.);
#3101 = FACE_BOUND('',#3102,.F.);
#3102 = EDGE_LOOP('',(#3103,#3124,#3125,#3126));
#3103 = ORIENTED_EDGE('',*,*,#3104,.T.);
#3104 = EDGE_CURVE('',#402,#1399,#3105,.T.);
#3105 = SURFACE_CURVE('',#3106,(#3110,#3117),.PCURVE_S1.);
#3106 = LINE('',#3107,#3108);
#3107 = CARTESIAN_POINT('',(0.,3.497286419658,52.909638929347));
#3108 = VECTOR('',#3109,1.);
#3109 = DIRECTION('',(1.,0.,0.));
#3110 = PCURVE('',#445,#3111);
#3111 = DEFINITIONAL_REPRESENTATION('',(#3112),#3116);
#3112 = LINE('',#3113,#3114);
#3113 = CARTESIAN_POINT('',(0.,0.));
#3114 = VECTOR('',#3115,1.);
#3115 = DIRECTION('',(0.,-1.));
#3116 = ( GEOMETRIC_REPRESENTATION_CONTEXT(2) 
PARAMETRIC_REPRESENTATION_CONTEXT() REPRESENTATION_CONTEXT('2D SPACE',''
  ) );
#3117 = PCURVE('',#417,#3118);
#3118 = DEFINITIONAL_REPRESENTATION('',(#3119),#3123);
#3119 = LINE('',#3120,#3121);
#3120 = CARTESIAN_POINT('',(2.946541365891,0.));
#3121 = VECTOR('',#3122,1.);
#3122 = DIRECTION('',(0.,-1.));
#3123 = ( GEOMETRIC_REPRESENTATION_CONTEXT(2) 
PARAMETRIC_REPRESENTATION_CONTEXT() REPRESENTATION_CONTEXT('2D SPACE',''
  ) );
#3124 = ORIENTED_EDGE('',*,*,#1421,.T.);
#3125 = ORIENTED_EDGE('',*,*,#3077,.F.);
#3126 = ORIENTED_EDGE('',*,*,#429,.F.);
#3127 = ADVANCED_FACE('',(#3128),#417,.F.);
#3128 = FACE_BOUND('',#3129,.F.);
#3129 = EDGE_LOOP('',(#3130,#3151,#3152,#3153));
#3130 = ORIENTED_EDGE('',*,*,#3131,.T.);
#3131 = EDGE_CURVE('',#374,#1376,#3132,.T.);
#3132 = SURFACE_CURVE('',#3133,(#3137,#3144),.PCURVE_S1.);
#3133 = LINE('',#3134,#3135);
#3134 = CARTESIAN_POINT('',(0.,6.397751065962,53.428686958384));
#3135 = VECTOR('',#3136,1.);
#3136 = DIRECTION('',(1.,0.,0.));
#3137 = PCURVE('',#417,#3138);
#3138 = DEFINITIONAL_REPRESENTATION('',(#3139),#3143);
#3139 = LINE('',#3140,#3141);
#3140 = CARTESIAN_POINT('',(0.,0.));
#3141 = VECTOR('',#3142,1.);
#3142 = DIRECTION('',(0.,-1.));
#3143 = ( GEOMETRIC_REPRESENTATION_CONTEXT(2) 
PARAMETRIC_REPRESENTATION_CONTEXT() REPRESENTATION_CONTEXT('2D SPACE',''
  ) );
#3144 = PCURVE('',#389,#3145);
#3145 = DEFINITIONAL_REPRESENTATION('',(#3146),#3150);
#3146 = LINE('',#3147,#3148);
#3147 = CARTESIAN_POINT('',(5.324641792653,0.));
#3148 = VECTOR('',#3149,1.);
#3149 = DIRECTION('',(0.,-1.));
#3150 = ( GEOMETRIC_REPRESENTATION_CONTEXT(2) 
PARAMETRIC_REPRESENTATION_CONTEXT() REPRESENTATION_CONTEXT('2D SPACE',''
  ) );
#3151 = ORIENTED_EDGE('',*,*,#1398,.T.);
#3152 = ORIENTED_EDGE('',*,*,#3104,.F.);
#3153 = ORIENTED_EDGE('',*,*,#401,.T.);
#3154 = ADVANCED_FACE('',(#3155),#389,.F.);
#3155 = FACE_BOUND('',#3156,.F.);
#3156 = EDGE_LOOP('',(#3157,#3158,#3159,#3160));
#3157 = ORIENTED_EDGE('',*,*,#373,.F.);
#3158 = ORIENTED_EDGE('',*,*,#2243,.F.);
#3159 = ORIENTED_EDGE('',*,*,#1375,.T.);
#3160 = ORIENTED_EDGE('',*,*,#3131,.F.);
#3161 = ADVANCED_FACE('',(#3162),#2223,.F.);
#3162 = FACE_BOUND('',#3163,.F.);
#3163 = EDGE_LOOP('',(#3164));
#3164 = ORIENTED_EDGE('',*,*,#2208,.T.);
#3165 = ( GEOMETRIC_REPRESENTATION_CONTEXT(3) 
GLOBAL_UNCERTAINTY_ASSIGNED_CONTEXT((#3169)) 
GLOBAL_UNIT_ASSIGNED_CONTEXT((#3166,#3167,#3168)) REPRESENTATION_CONTEXT
('Context #1','3D Context with UNIT and UNCERTAINTY') );
#3166 = ( LENGTH_UNIT() NAMED_UNIT(*) SI_UNIT(.MILLI.,.METRE.) );
#3167 = ( NAMED_UNIT(*) PLANE_ANGLE_UNIT() SI_UNIT($,.RADIAN.) );
#3168 = ( NAMED_UNIT(*) SI_UNIT($,.STERADIAN.) SOLID_ANGLE_UNIT() );
#3169 = UNCERTAINTY_MEASURE_WITH_UNIT(LENGTH_MEASURE(1.E-07),#3166,
  'distance_accuracy_value','confusion accuracy');
#3170 = PRODUCT_RELATED_PRODUCT_CATEGORY('part',$,(#7));
ENDSEC;
END-ISO-10303-21;
