ISO-10303-21;
HEADER;
FILE_DESCRIPTION(('Open CASCADE Model'),'2;1');
FILE_NAME('Open CASCADE Shape Model','2026-09-18T06:50:59',('Author'),(
    'Open CASCADE'),'Open CASCADE STEP processor 7.9','Open CASCADE 7.9'
  ,'Unknown');
FILE_SCHEMA(('AUTOMOTIVE_DESIGN { 1 0 10303 214 1 1 1 1 }'));
ENDSEC;
DATA;
#1 = APPLICATION_PROTOCOL_DEFINITION('international standard',
  'automotive_design',2000,#2);
#2 = APPLICATION_CONTEXT(
  'core data for automotive mechanical design processes');
#3 = SHAPE_DEFINITION_REPRESENTATION(#4,#10);
#4 = PRODUCT_DEFINITION_SHAPE('','',#5);
#5 = PRODUCT_DEFINITION('design','',#6,#9);
#6 = PRODUCT_DEFINITION_FORMATION('','',#7);
#7 = PRODUCT('Open CASCADE STEP translator 7.9 5',
  'Open CASCADE STEP translator 7.9 5','',(#8));
#8 = PRODUCT_CONTEXT('',#2,'mechanical');
#9 = PRODUCT_DEFINITION_CONTEXT('part definition',#2,'design');
#10 = ADVANCED_BREP_SHAPE_REPRESENTATION('',(#11,#15),#2201);
#11 = AXIS2_PLACEMENT_3D('',#12,#13,#14);
#12 = CARTESIAN_POINT('',(0.,0.,0.));
#13 = DIRECTION('',(0.,0.,1.));
#14 = DIRECTION('',(1.,0.,-0.));
#15 = MANIFOLD_SOLID_BREP('',#16);
#16 = CLOSED_SHELL('',(#17,#244,#320,#396,#642,#1038,#1065,#1092,#1119,
    #1146,#1173,#1200,#1227,#1254,#1261,#1422,#1471,#1617,#1666,#1812,
    #1861,#1980,#2031,#2082,#2109,#2180,#2187,#2194));
#17 = ADVANCED_FACE('',(#18),#32,.F.);
#18 = FACE_BOUND('',#19,.F.);
#19 = EDGE_LOOP('',(#20,#55,#83,#111,#139,#167,#190,#218));
#20 = ORIENTED_EDGE('',*,*,#21,.T.);
#21 = EDGE_CURVE('',#22,#24,#26,.T.);
#22 = VERTEX_POINT('',#23);
#23 = CARTESIAN_POINT('',(13.55,-37.21261362267,52.451834273566));
#24 = VERTEX_POINT('',#25);
#25 = CARTESIAN_POINT('',(13.55,-33.2515413477,51.895141869725));
#26 = SURFACE_CURVE('',#27,(#31,#43),.PCURVE_S1.);
#27 = LINE('',#28,#29);
#28 = CARTESIAN_POINT('',(13.55,-37.21261362267,52.451834273566));
#29 = VECTOR('',#30,1.);
#30 = DIRECTION('',(0.,0.990268068742,-0.13917310096));
#31 = PCURVE('',#32,#37);
#32 = PLANE('',#33);
#33 = AXIS2_PLACEMENT_3D('',#34,#35,#36);
#34 = CARTESIAN_POINT('',(13.55,-37.21261362267,52.451834273566));
#35 = DIRECTION('',(0.,-0.13917310096,-0.990268068742));
#36 = DIRECTION('',(1.,0.,0.));
#37 = DEFINITIONAL_REPRESENTATION('',(#38),#42);
#38 = LINE('',#39,#40);
#39 = CARTESIAN_POINT('',(0.,0.));
#40 = VECTOR('',#41,1.);
#41 = DIRECTION('',(0.,-1.));
#42 = ( GEOMETRIC_REPRESENTATION_CONTEXT(2) 
PARAMETRIC_REPRESENTATION_CONTEXT() REPRESENTATION_CONTEXT('2D SPACE',''
  ) );
#43 = PCURVE('',#44,#49);
#44 = PLANE('',#45);
#45 = AXIS2_PLACEMENT_3D('',#46,#47,#48);
#46 = CARTESIAN_POINT('',(11.55,-37.49095982459,50.471298136083));
#47 = DIRECTION('',(0.707106781187,-9.841024344762E-02,-0.7002252666));
#48 = DIRECTION('',(0.707106781187,9.841024344762E-02,0.7002252666));
#49 = DEFINITIONAL_REPRESENTATION('',(#50),#54);
#50 = LINE('',#51,#52);
#51 = CARTESIAN_POINT('',(2.828427124746,3.330669073875E-16));
#52 = VECTOR('',#53,1.);
#53 = DIRECTION('',(-2.775557561563E-17,-1.));
#54 = ( GEOMETRIC_REPRESENTATION_CONTEXT(2) 
PARAMETRIC_REPRESENTATION_CONTEXT() REPRESENTATION_CONTEXT('2D SPACE',''
  ) );
#55 = ORIENTED_EDGE('',*,*,#56,.T.);
#56 = EDGE_CURVE('',#24,#57,#59,.T.);
#57 = VERTEX_POINT('',#58);
#58 = CARTESIAN_POINT('',(17.480997927303,-33.2515413477,51.895141869725
    ));
#59 = SURFACE_CURVE('',#60,(#64,#71),.PCURVE_S1.);
#60 = LINE('',#61,#62);
#61 = CARTESIAN_POINT('',(13.55,-33.2515413477,51.895141869725));
#62 = VECTOR('',#63,1.);
#63 = DIRECTION('',(1.,0.,0.));
#64 = PCURVE('',#32,#65);
#65 = DEFINITIONAL_REPRESENTATION('',(#66),#70);
#66 = LINE('',#67,#68);
#67 = CARTESIAN_POINT('',(0.,-4.));
#68 = VECTOR('',#69,1.);
#69 = DIRECTION('',(1.,0.));
#70 = ( GEOMETRIC_REPRESENTATION_CONTEXT(2) 
PARAMETRIC_REPRESENTATION_CONTEXT() REPRESENTATION_CONTEXT('2D SPACE',''
  ) );
#71 = PCURVE('',#72,#77);
#72 = PLANE('',#73);
#73 = AXIS2_PLACEMENT_3D('',#74,#75,#76);
#74 = CARTESIAN_POINT('',(19.05,-33.94656527855,46.949789635787));
#75 = DIRECTION('',(0.,0.990268068742,-0.13917310096));
#76 = DIRECTION('',(1.,0.,0.));
#77 = DEFINITIONAL_REPRESENTATION('',(#78),#82);
#78 = LINE('',#79,#80);
#79 = CARTESIAN_POINT('',(-5.5,-4.993953041648));
#80 = VECTOR('',#81,1.);
#81 = DIRECTION('',(1.,0.));
#82 = ( GEOMETRIC_REPRESENTATION_CONTEXT(2) 
PARAMETRIC_REPRESENTATION_CONTEXT() REPRESENTATION_CONTEXT('2D SPACE',''
  ) );
#83 = ORIENTED_EDGE('',*,*,#84,.T.);
#84 = EDGE_CURVE('',#57,#85,#87,.T.);
#85 = VERTEX_POINT('',#86);
#86 = CARTESIAN_POINT('',(17.480997927303,-6.71235710543,48.165302763996
    ));
#87 = SURFACE_CURVE('',#88,(#92,#99),.PCURVE_S1.);
#88 = LINE('',#89,#90);
#89 = CARTESIAN_POINT('',(17.480997927303,-33.2515413477,51.895141869725
    ));
#90 = VECTOR('',#91,1.);
#91 = DIRECTION('',(0.,0.990268068742,-0.13917310096));
#92 = PCURVE('',#32,#93);
#93 = DEFINITIONAL_REPRESENTATION('',(#94),#98);
#94 = LINE('',#95,#96);
#95 = CARTESIAN_POINT('',(3.930997927303,-4.));
#96 = VECTOR('',#97,1.);
#97 = DIRECTION('',(0.,-1.));
#98 = ( GEOMETRIC_REPRESENTATION_CONTEXT(2) 
PARAMETRIC_REPRESENTATION_CONTEXT() REPRESENTATION_CONTEXT('2D SPACE',''
  ) );
#99 = PCURVE('',#100,#105);
#100 = PLANE('',#101);
#101 = AXIS2_PLACEMENT_3D('',#102,#103,#104);
#102 = CARTESIAN_POINT('',(15.262093916704,-33.56035309959,
    49.697832080426));
#103 = DIRECTION('',(0.707106781187,-9.841024344762E-02,-0.7002252666));
#104 = DIRECTION('',(0.707106781187,9.841024344762E-02,0.7002252666));
#105 = DEFINITIONAL_REPRESENTATION('',(#106),#110);
#106 = LINE('',#107,#108);
#107 = CARTESIAN_POINT('',(3.138004145394,-5.551115123126E-17));
#108 = VECTOR('',#109,1.);
#109 = DIRECTION('',(0.,-1.));
#110 = ( GEOMETRIC_REPRESENTATION_CONTEXT(2) 
PARAMETRIC_REPRESENTATION_CONTEXT() REPRESENTATION_CONTEXT('2D SPACE',''
  ) );
#111 = ORIENTED_EDGE('',*,*,#112,.T.);
#112 = EDGE_CURVE('',#85,#113,#115,.T.);
#113 = VERTEX_POINT('',#114);
#114 = CARTESIAN_POINT('',(20.619002072697,-6.71235710543,
    48.165302763996));
#115 = SURFACE_CURVE('',#116,(#120,#127),.PCURVE_S1.);
#116 = LINE('',#117,#118);
#117 = CARTESIAN_POINT('',(16.915498963652,-6.71235710543,
    48.165302763996));
#118 = VECTOR('',#119,1.);
#119 = DIRECTION('',(1.,1.969572682957E-17,1.401423783435E-16));
#120 = PCURVE('',#32,#121);
#121 = DEFINITIONAL_REPRESENTATION('',(#122),#126);
#122 = LINE('',#123,#124);
#123 = CARTESIAN_POINT('',(3.365498963652,-30.8));
#124 = VECTOR('',#125,1.);
#125 = DIRECTION('',(1.,-3.793827426845E-34));
#126 = ( GEOMETRIC_REPRESENTATION_CONTEXT(2) 
PARAMETRIC_REPRESENTATION_CONTEXT() REPRESENTATION_CONTEXT('2D SPACE',''
  ) );
#127 = PCURVE('',#128,#133);
#128 = PLANE('',#129);
#129 = AXIS2_PLACEMENT_3D('',#130,#131,#132);
#130 = CARTESIAN_POINT('',(16.35,-6.543666236387,49.365600666023));
#131 = DIRECTION('',(0.,0.990268068742,-0.13917310096));
#132 = DIRECTION('',(1.,0.,0.));
#133 = DEFINITIONAL_REPRESENTATION('',(#134),#138);
#134 = LINE('',#135,#136);
#135 = CARTESIAN_POINT('',(0.565498963652,1.212093916704));
#136 = VECTOR('',#137,1.);
#137 = DIRECTION('',(1.,-1.415196377296E-16));
#138 = ( GEOMETRIC_REPRESENTATION_CONTEXT(2) 
PARAMETRIC_REPRESENTATION_CONTEXT() REPRESENTATION_CONTEXT('2D SPACE',''
  ) );
#139 = ORIENTED_EDGE('',*,*,#140,.F.);
#140 = EDGE_CURVE('',#141,#113,#143,.T.);
#141 = VERTEX_POINT('',#142);
#142 = CARTESIAN_POINT('',(20.619002072697,-33.2515413477,
    51.895141869725));
#143 = SURFACE_CURVE('',#144,(#148,#155),.PCURVE_S1.);
#144 = LINE('',#145,#146);
#145 = CARTESIAN_POINT('',(20.619002072697,-33.2515413477,
    51.895141869725));
#146 = VECTOR('',#147,1.);
#147 = DIRECTION('',(0.,0.990268068742,-0.13917310096));
#148 = PCURVE('',#32,#149);
#149 = DEFINITIONAL_REPRESENTATION('',(#150),#154);
#150 = LINE('',#151,#152);
#151 = CARTESIAN_POINT('',(7.069002072697,-4.));
#152 = VECTOR('',#153,1.);
#153 = DIRECTION('',(0.,-1.));
#154 = ( GEOMETRIC_REPRESENTATION_CONTEXT(2) 
PARAMETRIC_REPRESENTATION_CONTEXT() REPRESENTATION_CONTEXT('2D SPACE',''
  ) );
#155 = PCURVE('',#156,#161);
#156 = PLANE('',#157);
#157 = AXIS2_PLACEMENT_3D('',#158,#159,#160);
#158 = CARTESIAN_POINT('',(20.619002072697,-33.2515413477,
    51.895141869725));
#159 = DIRECTION('',(-0.707106781187,-9.841024344762E-02,-0.7002252666)
  );
#160 = DIRECTION('',(0.707106781187,-9.841024344762E-02,-0.7002252666));
#161 = DEFINITIONAL_REPRESENTATION('',(#162),#166);
#162 = LINE('',#163,#164);
#163 = CARTESIAN_POINT('',(0.,0.));
#164 = VECTOR('',#165,1.);
#165 = DIRECTION('',(1.387778780781E-17,-1.));
#166 = ( GEOMETRIC_REPRESENTATION_CONTEXT(2) 
PARAMETRIC_REPRESENTATION_CONTEXT() REPRESENTATION_CONTEXT('2D SPACE',''
  ) );
#167 = ORIENTED_EDGE('',*,*,#168,.T.);
#168 = EDGE_CURVE('',#141,#169,#171,.T.);
#169 = VERTEX_POINT('',#170);
#170 = CARTESIAN_POINT('',(24.55,-33.2515413477,51.895141869725));
#171 = SURFACE_CURVE('',#172,(#176,#183),.PCURVE_S1.);
#172 = LINE('',#173,#174);
#173 = CARTESIAN_POINT('',(13.55,-33.2515413477,51.895141869725));
#174 = VECTOR('',#175,1.);
#175 = DIRECTION('',(1.,0.,0.));
#176 = PCURVE('',#32,#177);
#177 = DEFINITIONAL_REPRESENTATION('',(#178),#182);
#178 = LINE('',#179,#180);
#179 = CARTESIAN_POINT('',(0.,-4.));
#180 = VECTOR('',#181,1.);
#181 = DIRECTION('',(1.,0.));
#182 = ( GEOMETRIC_REPRESENTATION_CONTEXT(2) 
PARAMETRIC_REPRESENTATION_CONTEXT() REPRESENTATION_CONTEXT('2D SPACE',''
  ) );
#183 = PCURVE('',#72,#184);
#184 = DEFINITIONAL_REPRESENTATION('',(#185),#189);
#185 = LINE('',#186,#187);
#186 = CARTESIAN_POINT('',(-5.5,-4.993953041648));
#187 = VECTOR('',#188,1.);
#188 = DIRECTION('',(1.,0.));
#189 = ( GEOMETRIC_REPRESENTATION_CONTEXT(2) 
PARAMETRIC_REPRESENTATION_CONTEXT() REPRESENTATION_CONTEXT('2D SPACE',''
  ) );
#190 = ORIENTED_EDGE('',*,*,#191,.F.);
#191 = EDGE_CURVE('',#192,#169,#194,.T.);
#192 = VERTEX_POINT('',#193);
#193 = CARTESIAN_POINT('',(24.55,-37.21261362267,52.451834273566));
#194 = SURFACE_CURVE('',#195,(#199,#206),.PCURVE_S1.);
#195 = LINE('',#196,#197);
#196 = CARTESIAN_POINT('',(24.55,-37.21261362267,52.451834273566));
#197 = VECTOR('',#198,1.);
#198 = DIRECTION('',(0.,0.990268068742,-0.13917310096));
#199 = PCURVE('',#32,#200);
#200 = DEFINITIONAL_REPRESENTATION('',(#201),#205);
#201 = LINE('',#202,#203);
#202 = CARTESIAN_POINT('',(11.,0.));
#203 = VECTOR('',#204,1.);
#204 = DIRECTION('',(0.,-1.));
#205 = ( GEOMETRIC_REPRESENTATION_CONTEXT(2) 
PARAMETRIC_REPRESENTATION_CONTEXT() REPRESENTATION_CONTEXT('2D SPACE',''
  ) );
#206 = PCURVE('',#207,#212);
#207 = PLANE('',#208);
#208 = AXIS2_PLACEMENT_3D('',#209,#210,#211);
#209 = CARTESIAN_POINT('',(24.55,-37.21261362267,52.451834273566));
#210 = DIRECTION('',(-0.707106781187,-9.841024344762E-02,-0.7002252666)
  );
#211 = DIRECTION('',(0.707106781187,-9.841024344762E-02,-0.7002252666));
#212 = DEFINITIONAL_REPRESENTATION('',(#213),#217);
#213 = LINE('',#214,#215);
#214 = CARTESIAN_POINT('',(0.,0.));
#215 = VECTOR('',#216,1.);
#216 = DIRECTION('',(2.775557561563E-17,-1.));
#217 = ( GEOMETRIC_REPRESENTATION_CONTEXT(2) 
PARAMETRIC_REPRESENTATION_CONTEXT() REPRESENTATION_CONTEXT('2D SPACE',''
  ) );
#218 = ORIENTED_EDGE('',*,*,#219,.F.);
#219 = EDGE_CURVE('',#22,#192,#220,.T.);
#220 = SURFACE_CURVE('',#221,(#225,#232),.PCURVE_S1.);
#221 = LINE('',#222,#223);
#222 = CARTESIAN_POINT('',(13.55,-37.21261362267,52.451834273566));
#223 = VECTOR('',#224,1.);
#224 = DIRECTION('',(1.,0.,0.));
#225 = PCURVE('',#32,#226);
#226 = DEFINITIONAL_REPRESENTATION('',(#227),#231);
#227 = LINE('',#228,#229);
#228 = CARTESIAN_POINT('',(0.,0.));
#229 = VECTOR('',#230,1.);
#230 = DIRECTION('',(1.,0.));
#231 = ( GEOMETRIC_REPRESENTATION_CONTEXT(2) 
PARAMETRIC_REPRESENTATION_CONTEXT() REPRESENTATION_CONTEXT('2D SPACE',''
  ) );
#232 = PCURVE('',#233,#238);
#233 = PLANE('',#234);
#234 = AXIS2_PLACEMENT_3D('',#235,#236,#237);
#235 = CARTESIAN_POINT('',(19.05,-37.90763755352,47.506482039627));
#236 = DIRECTION('',(0.,0.990268068742,-0.13917310096));
#237 = DIRECTION('',(1.,0.,0.));
#238 = DEFINITIONAL_REPRESENTATION('',(#239),#243);
#239 = LINE('',#240,#241);
#240 = CARTESIAN_POINT('',(-5.5,-4.993953041648));
#241 = VECTOR('',#242,1.);
#242 = DIRECTION('',(1.,0.));
#243 = ( GEOMETRIC_REPRESENTATION_CONTEXT(2) 
PARAMETRIC_REPRESENTATION_CONTEXT() REPRESENTATION_CONTEXT('2D SPACE',''
  ) );
#244 = ADVANCED_FACE('',(#245),#44,.F.);
#245 = FACE_BOUND('',#246,.F.);
#246 = EDGE_LOOP('',(#247,#277,#298,#299));
#247 = ORIENTED_EDGE('',*,*,#248,.T.);
#248 = EDGE_CURVE('',#249,#251,#253,.T.);
#249 = VERTEX_POINT('',#250);
#250 = CARTESIAN_POINT('',(11.55,-37.49095982459,50.471298136083));
#251 = VERTEX_POINT('',#252);
#252 = CARTESIAN_POINT('',(11.55,-33.52988754962,49.914605732242));
#253 = SURFACE_CURVE('',#254,(#258,#265),.PCURVE_S1.);
#254 = LINE('',#255,#256);
#255 = CARTESIAN_POINT('',(11.55,-37.49095982459,50.471298136083));
#256 = VECTOR('',#257,1.);
#257 = DIRECTION('',(0.,0.990268068742,-0.13917310096));
#258 = PCURVE('',#44,#259);
#259 = DEFINITIONAL_REPRESENTATION('',(#260),#264);
#260 = LINE('',#261,#262);
#261 = CARTESIAN_POINT('',(0.,0.));
#262 = VECTOR('',#263,1.);
#263 = DIRECTION('',(-2.775557561563E-17,-1.));
#264 = ( GEOMETRIC_REPRESENTATION_CONTEXT(2) 
PARAMETRIC_REPRESENTATION_CONTEXT() REPRESENTATION_CONTEXT('2D SPACE',''
  ) );
#265 = PCURVE('',#266,#271);
#266 = PLANE('',#267);
#267 = AXIS2_PLACEMENT_3D('',#268,#269,#270);
#268 = CARTESIAN_POINT('',(11.55,-38.32431528246,44.541665943171));
#269 = DIRECTION('',(1.,0.,0.));
#270 = DIRECTION('',(0.,0.13917310096,0.990268068742));
#271 = DEFINITIONAL_REPRESENTATION('',(#272),#276);
#272 = LINE('',#273,#274);
#273 = CARTESIAN_POINT('',(5.987906083296,-1.665334536938E-15));
#274 = VECTOR('',#275,1.);
#275 = DIRECTION('',(0.,-1.));
#276 = ( GEOMETRIC_REPRESENTATION_CONTEXT(2) 
PARAMETRIC_REPRESENTATION_CONTEXT() REPRESENTATION_CONTEXT('2D SPACE',''
  ) );
#277 = ORIENTED_EDGE('',*,*,#278,.T.);
#278 = EDGE_CURVE('',#251,#24,#279,.T.);
#279 = SURFACE_CURVE('',#280,(#284,#291),.PCURVE_S1.);
#280 = LINE('',#281,#282);
#281 = CARTESIAN_POINT('',(11.55,-33.52988754962,49.914605732242));
#282 = VECTOR('',#283,1.);
#283 = DIRECTION('',(0.707106781187,9.841024344762E-02,0.7002252666));
#284 = PCURVE('',#44,#285);
#285 = DEFINITIONAL_REPRESENTATION('',(#286),#290);
#286 = LINE('',#287,#288);
#287 = CARTESIAN_POINT('',(-6.328271240363E-15,-4.));
#288 = VECTOR('',#289,1.);
#289 = DIRECTION('',(1.,1.387778780781E-17));
#290 = ( GEOMETRIC_REPRESENTATION_CONTEXT(2) 
PARAMETRIC_REPRESENTATION_CONTEXT() REPRESENTATION_CONTEXT('2D SPACE',''
  ) );
#291 = PCURVE('',#72,#292);
#292 = DEFINITIONAL_REPRESENTATION('',(#293),#297);
#293 = LINE('',#294,#295);
#294 = CARTESIAN_POINT('',(-7.5,-2.993953041648));
#295 = VECTOR('',#296,1.);
#296 = DIRECTION('',(0.707106781187,-0.707106781187));
#297 = ( GEOMETRIC_REPRESENTATION_CONTEXT(2) 
PARAMETRIC_REPRESENTATION_CONTEXT() REPRESENTATION_CONTEXT('2D SPACE',''
  ) );
#298 = ORIENTED_EDGE('',*,*,#21,.F.);
#299 = ORIENTED_EDGE('',*,*,#300,.F.);
#300 = EDGE_CURVE('',#249,#22,#301,.T.);
#301 = SURFACE_CURVE('',#302,(#306,#313),.PCURVE_S1.);
#302 = LINE('',#303,#304);
#303 = CARTESIAN_POINT('',(11.55,-37.49095982459,50.471298136083));
#304 = VECTOR('',#305,1.);
#305 = DIRECTION('',(0.707106781187,9.841024344762E-02,0.7002252666));
#306 = PCURVE('',#44,#307);
#307 = DEFINITIONAL_REPRESENTATION('',(#308),#312);
#308 = LINE('',#309,#310);
#309 = CARTESIAN_POINT('',(0.,0.));
#310 = VECTOR('',#311,1.);
#311 = DIRECTION('',(1.,1.387778780781E-17));
#312 = ( GEOMETRIC_REPRESENTATION_CONTEXT(2) 
PARAMETRIC_REPRESENTATION_CONTEXT() REPRESENTATION_CONTEXT('2D SPACE',''
  ) );
#313 = PCURVE('',#233,#314);
#314 = DEFINITIONAL_REPRESENTATION('',(#315),#319);
#315 = LINE('',#316,#317);
#316 = CARTESIAN_POINT('',(-7.5,-2.993953041648));
#317 = VECTOR('',#318,1.);
#318 = DIRECTION('',(0.707106781187,-0.707106781187));
#319 = ( GEOMETRIC_REPRESENTATION_CONTEXT(2) 
PARAMETRIC_REPRESENTATION_CONTEXT() REPRESENTATION_CONTEXT('2D SPACE',''
  ) );
#320 = ADVANCED_FACE('',(#321),#207,.F.);
#321 = FACE_BOUND('',#322,.F.);
#322 = EDGE_LOOP('',(#323,#324,#347,#375));
#323 = ORIENTED_EDGE('',*,*,#191,.T.);
#324 = ORIENTED_EDGE('',*,*,#325,.T.);
#325 = EDGE_CURVE('',#169,#326,#328,.T.);
#326 = VERTEX_POINT('',#327);
#327 = CARTESIAN_POINT('',(26.55,-33.52988754962,49.914605732242));
#328 = SURFACE_CURVE('',#329,(#333,#340),.PCURVE_S1.);
#329 = LINE('',#330,#331);
#330 = CARTESIAN_POINT('',(24.55,-33.2515413477,51.895141869725));
#331 = VECTOR('',#332,1.);
#332 = DIRECTION('',(0.707106781187,-9.841024344762E-02,-0.7002252666));
#333 = PCURVE('',#207,#334);
#334 = DEFINITIONAL_REPRESENTATION('',(#335),#339);
#335 = LINE('',#336,#337);
#336 = CARTESIAN_POINT('',(-1.165734175856E-15,-4.));
#337 = VECTOR('',#338,1.);
#338 = DIRECTION('',(1.,-1.387778780781E-17));
#339 = ( GEOMETRIC_REPRESENTATION_CONTEXT(2) 
PARAMETRIC_REPRESENTATION_CONTEXT() REPRESENTATION_CONTEXT('2D SPACE',''
  ) );
#340 = PCURVE('',#72,#341);
#341 = DEFINITIONAL_REPRESENTATION('',(#342),#346);
#342 = LINE('',#343,#344);
#343 = CARTESIAN_POINT('',(5.5,-4.993953041648));
#344 = VECTOR('',#345,1.);
#345 = DIRECTION('',(0.707106781187,0.707106781187));
#346 = ( GEOMETRIC_REPRESENTATION_CONTEXT(2) 
PARAMETRIC_REPRESENTATION_CONTEXT() REPRESENTATION_CONTEXT('2D SPACE',''
  ) );
#347 = ORIENTED_EDGE('',*,*,#348,.F.);
#348 = EDGE_CURVE('',#349,#326,#351,.T.);
#349 = VERTEX_POINT('',#350);
#350 = CARTESIAN_POINT('',(26.55,-37.49095982459,50.471298136083));
#351 = SURFACE_CURVE('',#352,(#356,#363),.PCURVE_S1.);
#352 = LINE('',#353,#354);
#353 = CARTESIAN_POINT('',(26.55,-37.49095982459,50.471298136083));
#354 = VECTOR('',#355,1.);
#355 = DIRECTION('',(0.,0.990268068742,-0.13917310096));
#356 = PCURVE('',#207,#357);
#357 = DEFINITIONAL_REPRESENTATION('',(#358),#362);
#358 = LINE('',#359,#360);
#359 = CARTESIAN_POINT('',(2.828427124746,-3.330669073875E-16));
#360 = VECTOR('',#361,1.);
#361 = DIRECTION('',(2.775557561563E-17,-1.));
#362 = ( GEOMETRIC_REPRESENTATION_CONTEXT(2) 
PARAMETRIC_REPRESENTATION_CONTEXT() REPRESENTATION_CONTEXT('2D SPACE',''
  ) );
#363 = PCURVE('',#364,#369);
#364 = PLANE('',#365);
#365 = AXIS2_PLACEMENT_3D('',#366,#367,#368);
#366 = CARTESIAN_POINT('',(26.55,-37.49095982459,50.471298136083));
#367 = DIRECTION('',(-1.,0.,0.));
#368 = DIRECTION('',(0.,-0.13917310096,-0.990268068742));
#369 = DEFINITIONAL_REPRESENTATION('',(#370),#374);
#370 = LINE('',#371,#372);
#371 = CARTESIAN_POINT('',(0.,0.));
#372 = VECTOR('',#373,1.);
#373 = DIRECTION('',(0.,-1.));
#374 = ( GEOMETRIC_REPRESENTATION_CONTEXT(2) 
PARAMETRIC_REPRESENTATION_CONTEXT() REPRESENTATION_CONTEXT('2D SPACE',''
  ) );
#375 = ORIENTED_EDGE('',*,*,#376,.F.);
#376 = EDGE_CURVE('',#192,#349,#377,.T.);
#377 = SURFACE_CURVE('',#378,(#382,#389),.PCURVE_S1.);
#378 = LINE('',#379,#380);
#379 = CARTESIAN_POINT('',(24.55,-37.21261362267,52.451834273566));
#380 = VECTOR('',#381,1.);
#381 = DIRECTION('',(0.707106781187,-9.841024344762E-02,-0.7002252666));
#382 = PCURVE('',#207,#383);
#383 = DEFINITIONAL_REPRESENTATION('',(#384),#388);
#384 = LINE('',#385,#386);
#385 = CARTESIAN_POINT('',(0.,0.));
#386 = VECTOR('',#387,1.);
#387 = DIRECTION('',(1.,-1.387778780781E-17));
#388 = ( GEOMETRIC_REPRESENTATION_CONTEXT(2) 
PARAMETRIC_REPRESENTATION_CONTEXT() REPRESENTATION_CONTEXT('2D SPACE',''
  ) );
#389 = PCURVE('',#233,#390);
#390 = DEFINITIONAL_REPRESENTATION('',(#391),#395);
#391 = LINE('',#392,#393);
#392 = CARTESIAN_POINT('',(5.5,-4.993953041648));
#393 = VECTOR('',#394,1.);
#394 = DIRECTION('',(0.707106781187,0.707106781187));
#395 = ( GEOMETRIC_REPRESENTATION_CONTEXT(2) 
PARAMETRIC_REPRESENTATION_CONTEXT() REPRESENTATION_CONTEXT('2D SPACE',''
  ) );
#396 = ADVANCED_FACE('',(#397),#233,.F.);
#397 = FACE_BOUND('',#398,.F.);
#398 = EDGE_LOOP('',(#399,#400,#401,#402,#425,#453,#481,#509,#537,#565,
    #593,#621));
#399 = ORIENTED_EDGE('',*,*,#300,.T.);
#400 = ORIENTED_EDGE('',*,*,#219,.T.);
#401 = ORIENTED_EDGE('',*,*,#376,.T.);
#402 = ORIENTED_EDGE('',*,*,#403,.T.);
#403 = EDGE_CURVE('',#349,#404,#406,.T.);
#404 = VERTEX_POINT('',#405);
#405 = CARTESIAN_POINT('',(26.55,-38.32431528246,44.541665943171));
#406 = SURFACE_CURVE('',#407,(#411,#418),.PCURVE_S1.);
#407 = LINE('',#408,#409);
#408 = CARTESIAN_POINT('',(26.55,-37.49095982459,50.471298136083));
#409 = VECTOR('',#410,1.);
#410 = DIRECTION('',(0.,-0.13917310096,-0.990268068742));
#411 = PCURVE('',#233,#412);
#412 = DEFINITIONAL_REPRESENTATION('',(#413),#417);
#413 = LINE('',#414,#415);
#414 = CARTESIAN_POINT('',(7.5,-2.993953041648));
#415 = VECTOR('',#416,1.);
#416 = DIRECTION('',(0.,1.));
#417 = ( GEOMETRIC_REPRESENTATION_CONTEXT(2) 
PARAMETRIC_REPRESENTATION_CONTEXT() REPRESENTATION_CONTEXT('2D SPACE',''
  ) );
#418 = PCURVE('',#364,#419);
#419 = DEFINITIONAL_REPRESENTATION('',(#420),#424);
#420 = LINE('',#421,#422);
#421 = CARTESIAN_POINT('',(0.,0.));
#422 = VECTOR('',#423,1.);
#423 = DIRECTION('',(1.,0.));
#424 = ( GEOMETRIC_REPRESENTATION_CONTEXT(2) 
PARAMETRIC_REPRESENTATION_CONTEXT() REPRESENTATION_CONTEXT('2D SPACE',''
  ) );
#425 = ORIENTED_EDGE('',*,*,#426,.T.);
#426 = EDGE_CURVE('',#404,#427,#429,.T.);
#427 = VERTEX_POINT('',#428);
#428 = CARTESIAN_POINT('',(24.55,-38.60266148438,42.561129805688));
#429 = SURFACE_CURVE('',#430,(#434,#441),.PCURVE_S1.);
#430 = LINE('',#431,#432);
#431 = CARTESIAN_POINT('',(26.55,-38.32431528246,44.541665943171));
#432 = VECTOR('',#433,1.);
#433 = DIRECTION('',(-0.707106781187,-9.841024344762E-02,-0.7002252666)
  );
#434 = PCURVE('',#233,#435);
#435 = DEFINITIONAL_REPRESENTATION('',(#436),#440);
#436 = LINE('',#437,#438);
#437 = CARTESIAN_POINT('',(7.5,2.993953041648));
#438 = VECTOR('',#439,1.);
#439 = DIRECTION('',(-0.707106781187,0.707106781187));
#440 = ( GEOMETRIC_REPRESENTATION_CONTEXT(2) 
PARAMETRIC_REPRESENTATION_CONTEXT() REPRESENTATION_CONTEXT('2D SPACE',''
  ) );
#441 = PCURVE('',#442,#447);
#442 = PLANE('',#443);
#443 = AXIS2_PLACEMENT_3D('',#444,#445,#446);
#444 = CARTESIAN_POINT('',(26.55,-38.32431528246,44.541665943171));
#445 = DIRECTION('',(-0.707106781187,9.841024344762E-02,0.7002252666));
#446 = DIRECTION('',(-0.707106781187,-9.841024344762E-02,-0.7002252666)
  );
#447 = DEFINITIONAL_REPRESENTATION('',(#448),#452);
#448 = LINE('',#449,#450);
#449 = CARTESIAN_POINT('',(-0.,0.));
#450 = VECTOR('',#451,1.);
#451 = DIRECTION('',(1.,-1.387778780781E-17));
#452 = ( GEOMETRIC_REPRESENTATION_CONTEXT(2) 
PARAMETRIC_REPRESENTATION_CONTEXT() REPRESENTATION_CONTEXT('2D SPACE',''
  ) );
#453 = ORIENTED_EDGE('',*,*,#454,.T.);
#454 = EDGE_CURVE('',#427,#455,#457,.T.);
#455 = VERTEX_POINT('',#456);
#456 = CARTESIAN_POINT('',(19.65,-38.60266148438,42.561129805688));
#457 = SURFACE_CURVE('',#458,(#462,#469),.PCURVE_S1.);
#458 = LINE('',#459,#460);
#459 = CARTESIAN_POINT('',(24.55,-38.60266148438,42.561129805688));
#460 = VECTOR('',#461,1.);
#461 = DIRECTION('',(-1.,0.,0.));
#462 = PCURVE('',#233,#463);
#463 = DEFINITIONAL_REPRESENTATION('',(#464),#468);
#464 = LINE('',#465,#466);
#465 = CARTESIAN_POINT('',(5.5,4.993953041648));
#466 = VECTOR('',#467,1.);
#467 = DIRECTION('',(-1.,-0.));
#468 = ( GEOMETRIC_REPRESENTATION_CONTEXT(2) 
PARAMETRIC_REPRESENTATION_CONTEXT() REPRESENTATION_CONTEXT('2D SPACE',''
  ) );
#469 = PCURVE('',#470,#475);
#470 = PLANE('',#471);
#471 = AXIS2_PLACEMENT_3D('',#472,#473,#474);
#472 = CARTESIAN_POINT('',(24.55,-38.60266148438,42.561129805688));
#473 = DIRECTION('',(0.,0.13917310096,0.990268068742));
#474 = DIRECTION('',(-1.,0.,0.));
#475 = DEFINITIONAL_REPRESENTATION('',(#476),#480);
#476 = LINE('',#477,#478);
#477 = CARTESIAN_POINT('',(0.,0.));
#478 = VECTOR('',#479,1.);
#479 = DIRECTION('',(1.,0.));
#480 = ( GEOMETRIC_REPRESENTATION_CONTEXT(2) 
PARAMETRIC_REPRESENTATION_CONTEXT() REPRESENTATION_CONTEXT('2D SPACE',''
  ) );
#481 = ORIENTED_EDGE('',*,*,#482,.F.);
#482 = EDGE_CURVE('',#483,#455,#485,.T.);
#483 = VERTEX_POINT('',#484);
#484 = CARTESIAN_POINT('',(19.65,-38.40781914303,43.947505101926));
#485 = SURFACE_CURVE('',#486,(#490,#497),.PCURVE_S1.);
#486 = LINE('',#487,#488);
#487 = CARTESIAN_POINT('',(19.65,-38.15772834828,45.726993570776));
#488 = VECTOR('',#489,1.);
#489 = DIRECTION('',(0.,-0.13917310096,-0.990268068742));
#490 = PCURVE('',#233,#491);
#491 = DEFINITIONAL_REPRESENTATION('',(#492),#496);
#492 = LINE('',#493,#494);
#493 = CARTESIAN_POINT('',(0.6,1.796976520824));
#494 = VECTOR('',#495,1.);
#495 = DIRECTION('',(0.,1.));
#496 = ( GEOMETRIC_REPRESENTATION_CONTEXT(2) 
PARAMETRIC_REPRESENTATION_CONTEXT() REPRESENTATION_CONTEXT('2D SPACE',''
  ) );
#497 = PCURVE('',#498,#503);
#498 = PLANE('',#499);
#499 = AXIS2_PLACEMENT_3D('',#500,#501,#502);
#500 = CARTESIAN_POINT('',(19.65,-38.50684594991,43.961422412022));
#501 = DIRECTION('',(1.,0.,0.));
#502 = DIRECTION('',(0.,0.990268068742,-0.13917310096));
#503 = DEFINITIONAL_REPRESENTATION('',(#504),#508);
#504 = LINE('',#505,#506);
#505 = CARTESIAN_POINT('',(1.E-01,1.796976520824));
#506 = VECTOR('',#507,1.);
#507 = DIRECTION('',(0.,-1.));
#508 = ( GEOMETRIC_REPRESENTATION_CONTEXT(2) 
PARAMETRIC_REPRESENTATION_CONTEXT() REPRESENTATION_CONTEXT('2D SPACE',''
  ) );
#509 = ORIENTED_EDGE('',*,*,#510,.T.);
#510 = EDGE_CURVE('',#483,#511,#513,.T.);
#511 = VERTEX_POINT('',#512);
#512 = CARTESIAN_POINT('',(18.45,-38.40781914303,43.947505101926));
#513 = SURFACE_CURVE('',#514,(#518,#525),.PCURVE_S1.);
#514 = LINE('',#515,#516);
#515 = CARTESIAN_POINT('',(18.75,-38.40781914303,43.947505101926));
#516 = VECTOR('',#517,1.);
#517 = DIRECTION('',(-1.,0.,0.));
#518 = PCURVE('',#233,#519);
#519 = DEFINITIONAL_REPRESENTATION('',(#520),#524);
#520 = LINE('',#521,#522);
#521 = CARTESIAN_POINT('',(-0.3,3.593953041648));
#522 = VECTOR('',#523,1.);
#523 = DIRECTION('',(-1.,-0.));
#524 = ( GEOMETRIC_REPRESENTATION_CONTEXT(2) 
PARAMETRIC_REPRESENTATION_CONTEXT() REPRESENTATION_CONTEXT('2D SPACE',''
  ) );
#525 = PCURVE('',#526,#531);
#526 = PLANE('',#527);
#527 = AXIS2_PLACEMENT_3D('',#528,#529,#530);
#528 = CARTESIAN_POINT('',(18.45,-38.50684594991,43.961422412022));
#529 = DIRECTION('',(0.,-0.13917310096,-0.990268068742));
#530 = DIRECTION('',(0.,0.990268068742,-0.13917310096));
#531 = DEFINITIONAL_REPRESENTATION('',(#532),#536);
#532 = LINE('',#533,#534);
#533 = CARTESIAN_POINT('',(1.E-01,0.3));
#534 = VECTOR('',#535,1.);
#535 = DIRECTION('',(0.,-1.));
#536 = ( GEOMETRIC_REPRESENTATION_CONTEXT(2) 
PARAMETRIC_REPRESENTATION_CONTEXT() REPRESENTATION_CONTEXT('2D SPACE',''
  ) );
#537 = ORIENTED_EDGE('',*,*,#538,.T.);
#538 = EDGE_CURVE('',#511,#539,#541,.T.);
#539 = VERTEX_POINT('',#540);
#540 = CARTESIAN_POINT('',(18.45,-38.60266148438,42.561129805688));
#541 = SURFACE_CURVE('',#542,(#546,#553),.PCURVE_S1.);
#542 = LINE('',#543,#544);
#543 = CARTESIAN_POINT('',(18.45,-38.15772834828,45.726993570776));
#544 = VECTOR('',#545,1.);
#545 = DIRECTION('',(0.,-0.13917310096,-0.990268068742));
#546 = PCURVE('',#233,#547);
#547 = DEFINITIONAL_REPRESENTATION('',(#548),#552);
#548 = LINE('',#549,#550);
#549 = CARTESIAN_POINT('',(-0.6,1.796976520824));
#550 = VECTOR('',#551,1.);
#551 = DIRECTION('',(0.,1.));
#552 = ( GEOMETRIC_REPRESENTATION_CONTEXT(2) 
PARAMETRIC_REPRESENTATION_CONTEXT() REPRESENTATION_CONTEXT('2D SPACE',''
  ) );
#553 = PCURVE('',#554,#559);
#554 = PLANE('',#555);
#555 = AXIS2_PLACEMENT_3D('',#556,#557,#558);
#556 = CARTESIAN_POINT('',(18.45,-38.50684594991,43.961422412022));
#557 = DIRECTION('',(1.,0.,0.));
#558 = DIRECTION('',(0.,0.990268068742,-0.13917310096));
#559 = DEFINITIONAL_REPRESENTATION('',(#560),#564);
#560 = LINE('',#561,#562);
#561 = CARTESIAN_POINT('',(1.E-01,1.796976520824));
#562 = VECTOR('',#563,1.);
#563 = DIRECTION('',(0.,-1.));
#564 = ( GEOMETRIC_REPRESENTATION_CONTEXT(2) 
PARAMETRIC_REPRESENTATION_CONTEXT() REPRESENTATION_CONTEXT('2D SPACE',''
  ) );
#565 = ORIENTED_EDGE('',*,*,#566,.T.);
#566 = EDGE_CURVE('',#539,#567,#569,.T.);
#567 = VERTEX_POINT('',#568);
#568 = CARTESIAN_POINT('',(13.55,-38.60266148438,42.561129805688));
#569 = SURFACE_CURVE('',#570,(#574,#581),.PCURVE_S1.);
#570 = LINE('',#571,#572);
#571 = CARTESIAN_POINT('',(24.55,-38.60266148438,42.561129805688));
#572 = VECTOR('',#573,1.);
#573 = DIRECTION('',(-1.,0.,0.));
#574 = PCURVE('',#233,#575);
#575 = DEFINITIONAL_REPRESENTATION('',(#576),#580);
#576 = LINE('',#577,#578);
#577 = CARTESIAN_POINT('',(5.5,4.993953041648));
#578 = VECTOR('',#579,1.);
#579 = DIRECTION('',(-1.,-0.));
#580 = ( GEOMETRIC_REPRESENTATION_CONTEXT(2) 
PARAMETRIC_REPRESENTATION_CONTEXT() REPRESENTATION_CONTEXT('2D SPACE',''
  ) );
#581 = PCURVE('',#582,#587);
#582 = PLANE('',#583);
#583 = AXIS2_PLACEMENT_3D('',#584,#585,#586);
#584 = CARTESIAN_POINT('',(24.55,-38.60266148438,42.561129805688));
#585 = DIRECTION('',(0.,0.13917310096,0.990268068742));
#586 = DIRECTION('',(-1.,0.,0.));
#587 = DEFINITIONAL_REPRESENTATION('',(#588),#592);
#588 = LINE('',#589,#590);
#589 = CARTESIAN_POINT('',(0.,0.));
#590 = VECTOR('',#591,1.);
#591 = DIRECTION('',(1.,0.));
#592 = ( GEOMETRIC_REPRESENTATION_CONTEXT(2) 
PARAMETRIC_REPRESENTATION_CONTEXT() REPRESENTATION_CONTEXT('2D SPACE',''
  ) );
#593 = ORIENTED_EDGE('',*,*,#594,.T.);
#594 = EDGE_CURVE('',#567,#595,#597,.T.);
#595 = VERTEX_POINT('',#596);
#596 = CARTESIAN_POINT('',(11.55,-38.32431528246,44.541665943171));
#597 = SURFACE_CURVE('',#598,(#602,#609),.PCURVE_S1.);
#598 = LINE('',#599,#600);
#599 = CARTESIAN_POINT('',(13.55,-38.60266148438,42.561129805688));
#600 = VECTOR('',#601,1.);
#601 = DIRECTION('',(-0.707106781187,9.841024344762E-02,0.7002252666));
#602 = PCURVE('',#233,#603);
#603 = DEFINITIONAL_REPRESENTATION('',(#604),#608);
#604 = LINE('',#605,#606);
#605 = CARTESIAN_POINT('',(-5.5,4.993953041648));
#606 = VECTOR('',#607,1.);
#607 = DIRECTION('',(-0.707106781187,-0.707106781187));
#608 = ( GEOMETRIC_REPRESENTATION_CONTEXT(2) 
PARAMETRIC_REPRESENTATION_CONTEXT() REPRESENTATION_CONTEXT('2D SPACE',''
  ) );
#609 = PCURVE('',#610,#615);
#610 = PLANE('',#611);
#611 = AXIS2_PLACEMENT_3D('',#612,#613,#614);
#612 = CARTESIAN_POINT('',(13.55,-38.60266148438,42.561129805688));
#613 = DIRECTION('',(0.707106781187,9.841024344762E-02,0.7002252666));
#614 = DIRECTION('',(-0.707106781187,9.841024344762E-02,0.7002252666));
#615 = DEFINITIONAL_REPRESENTATION('',(#616),#620);
#616 = LINE('',#617,#618);
#617 = CARTESIAN_POINT('',(0.,0.));
#618 = VECTOR('',#619,1.);
#619 = DIRECTION('',(1.,1.387778780781E-17));
#620 = ( GEOMETRIC_REPRESENTATION_CONTEXT(2) 
PARAMETRIC_REPRESENTATION_CONTEXT() REPRESENTATION_CONTEXT('2D SPACE',''
  ) );
#621 = ORIENTED_EDGE('',*,*,#622,.T.);
#622 = EDGE_CURVE('',#595,#249,#623,.T.);
#623 = SURFACE_CURVE('',#624,(#628,#635),.PCURVE_S1.);
#624 = LINE('',#625,#626);
#625 = CARTESIAN_POINT('',(11.55,-38.32431528246,44.541665943171));
#626 = VECTOR('',#627,1.);
#627 = DIRECTION('',(0.,0.13917310096,0.990268068742));
#628 = PCURVE('',#233,#629);
#629 = DEFINITIONAL_REPRESENTATION('',(#630),#634);
#630 = LINE('',#631,#632);
#631 = CARTESIAN_POINT('',(-7.5,2.993953041648));
#632 = VECTOR('',#633,1.);
#633 = DIRECTION('',(0.,-1.));
#634 = ( GEOMETRIC_REPRESENTATION_CONTEXT(2) 
PARAMETRIC_REPRESENTATION_CONTEXT() REPRESENTATION_CONTEXT('2D SPACE',''
  ) );
#635 = PCURVE('',#266,#636);
#636 = DEFINITIONAL_REPRESENTATION('',(#637),#641);
#637 = LINE('',#638,#639);
#638 = CARTESIAN_POINT('',(0.,0.));
#639 = VECTOR('',#640,1.);
#640 = DIRECTION('',(1.,0.));
#641 = ( GEOMETRIC_REPRESENTATION_CONTEXT(2) 
PARAMETRIC_REPRESENTATION_CONTEXT() REPRESENTATION_CONTEXT('2D SPACE',''
  ) );
#642 = ADVANCED_FACE('',(#643),#72,.T.);
#643 = FACE_BOUND('',#644,.T.);
#644 = EDGE_LOOP('',(#645,#668,#669,#670,#693,#721,#749,#777,#805,#833,
    #854,#855,#856,#879,#902,#925,#948,#971,#994,#1017));
#645 = ORIENTED_EDGE('',*,*,#646,.T.);
#646 = EDGE_CURVE('',#647,#251,#649,.T.);
#647 = VERTEX_POINT('',#648);
#648 = CARTESIAN_POINT('',(11.55,-34.36324300749,43.984973539331));
#649 = SURFACE_CURVE('',#650,(#654,#661),.PCURVE_S1.);
#650 = LINE('',#651,#652);
#651 = CARTESIAN_POINT('',(11.55,-34.36324300749,43.984973539331));
#652 = VECTOR('',#653,1.);
#653 = DIRECTION('',(0.,0.13917310096,0.990268068742));
#654 = PCURVE('',#72,#655);
#655 = DEFINITIONAL_REPRESENTATION('',(#656),#660);
#656 = LINE('',#657,#658);
#657 = CARTESIAN_POINT('',(-7.5,2.993953041648));
#658 = VECTOR('',#659,1.);
#659 = DIRECTION('',(0.,-1.));
#660 = ( GEOMETRIC_REPRESENTATION_CONTEXT(2) 
PARAMETRIC_REPRESENTATION_CONTEXT() REPRESENTATION_CONTEXT('2D SPACE',''
  ) );
#661 = PCURVE('',#266,#662);
#662 = DEFINITIONAL_REPRESENTATION('',(#663),#667);
#663 = LINE('',#664,#665);
#664 = CARTESIAN_POINT('',(-5.329070518201E-15,-4.));
#665 = VECTOR('',#666,1.);
#666 = DIRECTION('',(1.,0.));
#667 = ( GEOMETRIC_REPRESENTATION_CONTEXT(2) 
PARAMETRIC_REPRESENTATION_CONTEXT() REPRESENTATION_CONTEXT('2D SPACE',''
  ) );
#668 = ORIENTED_EDGE('',*,*,#278,.T.);
#669 = ORIENTED_EDGE('',*,*,#56,.T.);
#670 = ORIENTED_EDGE('',*,*,#671,.F.);
#671 = EDGE_CURVE('',#672,#57,#674,.T.);
#672 = VERTEX_POINT('',#673);
#673 = CARTESIAN_POINT('',(15.262093916704,-33.56035309959,
    49.697832080426));
#674 = SURFACE_CURVE('',#675,(#679,#686),.PCURVE_S1.);
#675 = LINE('',#676,#677);
#676 = CARTESIAN_POINT('',(15.262093916704,-33.56035309959,
    49.697832080426));
#677 = VECTOR('',#678,1.);
#678 = DIRECTION('',(0.707106781187,9.841024344762E-02,0.7002252666));
#679 = PCURVE('',#72,#680);
#680 = DEFINITIONAL_REPRESENTATION('',(#681),#685);
#681 = LINE('',#682,#683);
#682 = CARTESIAN_POINT('',(-3.787906083296,-2.775049031049));
#683 = VECTOR('',#684,1.);
#684 = DIRECTION('',(0.707106781187,-0.707106781187));
#685 = ( GEOMETRIC_REPRESENTATION_CONTEXT(2) 
PARAMETRIC_REPRESENTATION_CONTEXT() REPRESENTATION_CONTEXT('2D SPACE',''
  ) );
#686 = PCURVE('',#100,#687);
#687 = DEFINITIONAL_REPRESENTATION('',(#688),#692);
#688 = LINE('',#689,#690);
#689 = CARTESIAN_POINT('',(0.,0.));
#690 = VECTOR('',#691,1.);
#691 = DIRECTION('',(1.,0.));
#692 = ( GEOMETRIC_REPRESENTATION_CONTEXT(2) 
PARAMETRIC_REPRESENTATION_CONTEXT() REPRESENTATION_CONTEXT('2D SPACE',''
  ) );
#693 = ORIENTED_EDGE('',*,*,#694,.F.);
#694 = EDGE_CURVE('',#695,#672,#697,.T.);
#695 = VERTEX_POINT('',#696);
#696 = CARTESIAN_POINT('',(15.262093916704,-33.99707886733,
    46.590366775664));
#697 = SURFACE_CURVE('',#698,(#702,#709),.PCURVE_S1.);
#698 = LINE('',#699,#700);
#699 = CARTESIAN_POINT('',(15.262093916704,-33.99707886733,
    46.590366775664));
#700 = VECTOR('',#701,1.);
#701 = DIRECTION('',(-1.415196377296E-16,0.13917310096,0.990268068742));
#702 = PCURVE('',#72,#703);
#703 = DEFINITIONAL_REPRESENTATION('',(#704),#708);
#704 = LINE('',#705,#706);
#705 = CARTESIAN_POINT('',(-3.787906083296,0.362955114345));
#706 = VECTOR('',#707,1.);
#707 = DIRECTION('',(-1.415196377296E-16,-1.));
#708 = ( GEOMETRIC_REPRESENTATION_CONTEXT(2) 
PARAMETRIC_REPRESENTATION_CONTEXT() REPRESENTATION_CONTEXT('2D SPACE',''
  ) );
#709 = PCURVE('',#710,#715);
#710 = PLANE('',#711);
#711 = AXIS2_PLACEMENT_3D('',#712,#713,#714);
#712 = CARTESIAN_POINT('',(15.262093916704,-33.99707886733,
    46.590366775664));
#713 = DIRECTION('',(1.,1.969572682957E-17,1.401423783435E-16));
#714 = DIRECTION('',(-1.415196377296E-16,0.13917310096,0.990268068742));
#715 = DEFINITIONAL_REPRESENTATION('',(#716),#720);
#716 = LINE('',#717,#718);
#717 = CARTESIAN_POINT('',(0.,0.));
#718 = VECTOR('',#719,1.);
#719 = DIRECTION('',(1.,0.));
#720 = ( GEOMETRIC_REPRESENTATION_CONTEXT(2) 
PARAMETRIC_REPRESENTATION_CONTEXT() REPRESENTATION_CONTEXT('2D SPACE',''
  ) );
#721 = ORIENTED_EDGE('',*,*,#722,.F.);
#722 = EDGE_CURVE('',#723,#695,#725,.T.);
#723 = VERTEX_POINT('',#724);
#724 = CARTESIAN_POINT('',(17.480997927303,-34.30589061922,
    44.393056986365));
#725 = SURFACE_CURVE('',#726,(#730,#737),.PCURVE_S1.);
#726 = LINE('',#727,#728);
#727 = CARTESIAN_POINT('',(17.480997927303,-34.30589061922,
    44.393056986365));
#728 = VECTOR('',#729,1.);
#729 = DIRECTION('',(-0.707106781187,9.841024344762E-02,0.7002252666));
#730 = PCURVE('',#72,#731);
#731 = DEFINITIONAL_REPRESENTATION('',(#732),#736);
#732 = LINE('',#733,#734);
#733 = CARTESIAN_POINT('',(-1.569002072697,2.581859124944));
#734 = VECTOR('',#735,1.);
#735 = DIRECTION('',(-0.707106781187,-0.707106781187));
#736 = ( GEOMETRIC_REPRESENTATION_CONTEXT(2) 
PARAMETRIC_REPRESENTATION_CONTEXT() REPRESENTATION_CONTEXT('2D SPACE',''
  ) );
#737 = PCURVE('',#738,#743);
#738 = PLANE('',#739);
#739 = AXIS2_PLACEMENT_3D('',#740,#741,#742);
#740 = CARTESIAN_POINT('',(17.480997927303,-34.30589061922,
    44.393056986365));
#741 = DIRECTION('',(0.707106781187,9.841024344762E-02,0.7002252666));
#742 = DIRECTION('',(-0.707106781187,9.841024344762E-02,0.7002252666));
#743 = DEFINITIONAL_REPRESENTATION('',(#744),#748);
#744 = LINE('',#745,#746);
#745 = CARTESIAN_POINT('',(0.,0.));
#746 = VECTOR('',#747,1.);
#747 = DIRECTION('',(1.,0.));
#748 = ( GEOMETRIC_REPRESENTATION_CONTEXT(2) 
PARAMETRIC_REPRESENTATION_CONTEXT() REPRESENTATION_CONTEXT('2D SPACE',''
  ) );
#749 = ORIENTED_EDGE('',*,*,#750,.F.);
#750 = EDGE_CURVE('',#751,#723,#753,.T.);
#751 = VERTEX_POINT('',#752);
#752 = CARTESIAN_POINT('',(20.619002072697,-34.30589061922,
    44.393056986365));
#753 = SURFACE_CURVE('',#754,(#758,#765),.PCURVE_S1.);
#754 = LINE('',#755,#756);
#755 = CARTESIAN_POINT('',(20.619002072697,-34.30589061922,
    44.393056986365));
#756 = VECTOR('',#757,1.);
#757 = DIRECTION('',(-1.,0.,0.));
#758 = PCURVE('',#72,#759);
#759 = DEFINITIONAL_REPRESENTATION('',(#760),#764);
#760 = LINE('',#761,#762);
#761 = CARTESIAN_POINT('',(1.569002072697,2.581859124944));
#762 = VECTOR('',#763,1.);
#763 = DIRECTION('',(-1.,-0.));
#764 = ( GEOMETRIC_REPRESENTATION_CONTEXT(2) 
PARAMETRIC_REPRESENTATION_CONTEXT() REPRESENTATION_CONTEXT('2D SPACE',''
  ) );
#765 = PCURVE('',#766,#771);
#766 = PLANE('',#767);
#767 = AXIS2_PLACEMENT_3D('',#768,#769,#770);
#768 = CARTESIAN_POINT('',(20.619002072697,-34.30589061922,
    44.393056986365));
#769 = DIRECTION('',(0.,0.13917310096,0.990268068742));
#770 = DIRECTION('',(-1.,0.,0.));
#771 = DEFINITIONAL_REPRESENTATION('',(#772),#776);
#772 = LINE('',#773,#774);
#773 = CARTESIAN_POINT('',(0.,0.));
#774 = VECTOR('',#775,1.);
#775 = DIRECTION('',(1.,0.));
#776 = ( GEOMETRIC_REPRESENTATION_CONTEXT(2) 
PARAMETRIC_REPRESENTATION_CONTEXT() REPRESENTATION_CONTEXT('2D SPACE',''
  ) );
#777 = ORIENTED_EDGE('',*,*,#778,.F.);
#778 = EDGE_CURVE('',#779,#751,#781,.T.);
#779 = VERTEX_POINT('',#780);
#780 = CARTESIAN_POINT('',(22.837906083296,-33.99707886733,
    46.590366775664));
#781 = SURFACE_CURVE('',#782,(#786,#793),.PCURVE_S1.);
#782 = LINE('',#783,#784);
#783 = CARTESIAN_POINT('',(22.837906083296,-33.99707886733,
    46.590366775664));
#784 = VECTOR('',#785,1.);
#785 = DIRECTION('',(-0.707106781187,-9.841024344762E-02,-0.7002252666)
  );
#786 = PCURVE('',#72,#787);
#787 = DEFINITIONAL_REPRESENTATION('',(#788),#792);
#788 = LINE('',#789,#790);
#789 = CARTESIAN_POINT('',(3.787906083296,0.362955114345));
#790 = VECTOR('',#791,1.);
#791 = DIRECTION('',(-0.707106781187,0.707106781187));
#792 = ( GEOMETRIC_REPRESENTATION_CONTEXT(2) 
PARAMETRIC_REPRESENTATION_CONTEXT() REPRESENTATION_CONTEXT('2D SPACE',''
  ) );
#793 = PCURVE('',#794,#799);
#794 = PLANE('',#795);
#795 = AXIS2_PLACEMENT_3D('',#796,#797,#798);
#796 = CARTESIAN_POINT('',(22.837906083296,-33.99707886733,
    46.590366775664));
#797 = DIRECTION('',(-0.707106781187,9.841024344762E-02,0.7002252666));
#798 = DIRECTION('',(-0.707106781187,-9.841024344762E-02,-0.7002252666)
  );
#799 = DEFINITIONAL_REPRESENTATION('',(#800),#804);
#800 = LINE('',#801,#802);
#801 = CARTESIAN_POINT('',(-0.,0.));
#802 = VECTOR('',#803,1.);
#803 = DIRECTION('',(1.,-1.387778780781E-17));
#804 = ( GEOMETRIC_REPRESENTATION_CONTEXT(2) 
PARAMETRIC_REPRESENTATION_CONTEXT() REPRESENTATION_CONTEXT('2D SPACE',''
  ) );
#805 = ORIENTED_EDGE('',*,*,#806,.F.);
#806 = EDGE_CURVE('',#807,#779,#809,.T.);
#807 = VERTEX_POINT('',#808);
#808 = CARTESIAN_POINT('',(22.837906083296,-33.56035309959,
    49.697832080426));
#809 = SURFACE_CURVE('',#810,(#814,#821),.PCURVE_S1.);
#810 = LINE('',#811,#812);
#811 = CARTESIAN_POINT('',(22.837906083296,-33.56035309959,
    49.697832080426));
#812 = VECTOR('',#813,1.);
#813 = DIRECTION('',(2.830392754592E-16,-0.13917310096,-0.990268068742)
  );
#814 = PCURVE('',#72,#815);
#815 = DEFINITIONAL_REPRESENTATION('',(#816),#820);
#816 = LINE('',#817,#818);
#817 = CARTESIAN_POINT('',(3.787906083296,-2.775049031049));
#818 = VECTOR('',#819,1.);
#819 = DIRECTION('',(2.830392754592E-16,1.));
#820 = ( GEOMETRIC_REPRESENTATION_CONTEXT(2) 
PARAMETRIC_REPRESENTATION_CONTEXT() REPRESENTATION_CONTEXT('2D SPACE',''
  ) );
#821 = PCURVE('',#822,#827);
#822 = PLANE('',#823);
#823 = AXIS2_PLACEMENT_3D('',#824,#825,#826);
#824 = CARTESIAN_POINT('',(22.837906083296,-33.56035309959,
    49.697832080426));
#825 = DIRECTION('',(-1.,-3.939145365914E-17,-2.80284756687E-16));
#826 = DIRECTION('',(2.830392754592E-16,-0.13917310096,-0.990268068742)
  );
#827 = DEFINITIONAL_REPRESENTATION('',(#828),#832);
#828 = LINE('',#829,#830);
#829 = CARTESIAN_POINT('',(0.,0.));
#830 = VECTOR('',#831,1.);
#831 = DIRECTION('',(1.,0.));
#832 = ( GEOMETRIC_REPRESENTATION_CONTEXT(2) 
PARAMETRIC_REPRESENTATION_CONTEXT() REPRESENTATION_CONTEXT('2D SPACE',''
  ) );
#833 = ORIENTED_EDGE('',*,*,#834,.F.);
#834 = EDGE_CURVE('',#141,#807,#835,.T.);
#835 = SURFACE_CURVE('',#836,(#840,#847),.PCURVE_S1.);
#836 = LINE('',#837,#838);
#837 = CARTESIAN_POINT('',(20.619002072697,-33.2515413477,
    51.895141869725));
#838 = VECTOR('',#839,1.);
#839 = DIRECTION('',(0.707106781187,-9.841024344762E-02,-0.7002252666));
#840 = PCURVE('',#72,#841);
#841 = DEFINITIONAL_REPRESENTATION('',(#842),#846);
#842 = LINE('',#843,#844);
#843 = CARTESIAN_POINT('',(1.569002072697,-4.993953041648));
#844 = VECTOR('',#845,1.);
#845 = DIRECTION('',(0.707106781187,0.707106781187));
#846 = ( GEOMETRIC_REPRESENTATION_CONTEXT(2) 
PARAMETRIC_REPRESENTATION_CONTEXT() REPRESENTATION_CONTEXT('2D SPACE',''
  ) );
#847 = PCURVE('',#156,#848);
#848 = DEFINITIONAL_REPRESENTATION('',(#849),#853);
#849 = LINE('',#850,#851);
#850 = CARTESIAN_POINT('',(0.,0.));
#851 = VECTOR('',#852,1.);
#852 = DIRECTION('',(1.,-1.387778780781E-17));
#853 = ( GEOMETRIC_REPRESENTATION_CONTEXT(2) 
PARAMETRIC_REPRESENTATION_CONTEXT() REPRESENTATION_CONTEXT('2D SPACE',''
  ) );
#854 = ORIENTED_EDGE('',*,*,#168,.T.);
#855 = ORIENTED_EDGE('',*,*,#325,.T.);
#856 = ORIENTED_EDGE('',*,*,#857,.T.);
#857 = EDGE_CURVE('',#326,#858,#860,.T.);
#858 = VERTEX_POINT('',#859);
#859 = CARTESIAN_POINT('',(26.55,-34.36324300749,43.984973539331));
#860 = SURFACE_CURVE('',#861,(#865,#872),.PCURVE_S1.);
#861 = LINE('',#862,#863);
#862 = CARTESIAN_POINT('',(26.55,-33.52988754962,49.914605732242));
#863 = VECTOR('',#864,1.);
#864 = DIRECTION('',(0.,-0.13917310096,-0.990268068742));
#865 = PCURVE('',#72,#866);
#866 = DEFINITIONAL_REPRESENTATION('',(#867),#871);
#867 = LINE('',#868,#869);
#868 = CARTESIAN_POINT('',(7.5,-2.993953041648));
#869 = VECTOR('',#870,1.);
#870 = DIRECTION('',(0.,1.));
#871 = ( GEOMETRIC_REPRESENTATION_CONTEXT(2) 
PARAMETRIC_REPRESENTATION_CONTEXT() REPRESENTATION_CONTEXT('2D SPACE',''
  ) );
#872 = PCURVE('',#364,#873);
#873 = DEFINITIONAL_REPRESENTATION('',(#874),#878);
#874 = LINE('',#875,#876);
#875 = CARTESIAN_POINT('',(5.329070518201E-15,-4.));
#876 = VECTOR('',#877,1.);
#877 = DIRECTION('',(1.,0.));
#878 = ( GEOMETRIC_REPRESENTATION_CONTEXT(2) 
PARAMETRIC_REPRESENTATION_CONTEXT() REPRESENTATION_CONTEXT('2D SPACE',''
  ) );
#879 = ORIENTED_EDGE('',*,*,#880,.T.);
#880 = EDGE_CURVE('',#858,#881,#883,.T.);
#881 = VERTEX_POINT('',#882);
#882 = CARTESIAN_POINT('',(24.55,-34.64158920941,42.004437401848));
#883 = SURFACE_CURVE('',#884,(#888,#895),.PCURVE_S1.);
#884 = LINE('',#885,#886);
#885 = CARTESIAN_POINT('',(26.55,-34.36324300749,43.984973539331));
#886 = VECTOR('',#887,1.);
#887 = DIRECTION('',(-0.707106781187,-9.841024344762E-02,-0.7002252666)
  );
#888 = PCURVE('',#72,#889);
#889 = DEFINITIONAL_REPRESENTATION('',(#890),#894);
#890 = LINE('',#891,#892);
#891 = CARTESIAN_POINT('',(7.5,2.993953041648));
#892 = VECTOR('',#893,1.);
#893 = DIRECTION('',(-0.707106781187,0.707106781187));
#894 = ( GEOMETRIC_REPRESENTATION_CONTEXT(2) 
PARAMETRIC_REPRESENTATION_CONTEXT() REPRESENTATION_CONTEXT('2D SPACE',''
  ) );
#895 = PCURVE('',#442,#896);
#896 = DEFINITIONAL_REPRESENTATION('',(#897),#901);
#897 = LINE('',#898,#899);
#898 = CARTESIAN_POINT('',(6.328271240363E-15,-4.));
#899 = VECTOR('',#900,1.);
#900 = DIRECTION('',(1.,-1.387778780781E-17));
#901 = ( GEOMETRIC_REPRESENTATION_CONTEXT(2) 
PARAMETRIC_REPRESENTATION_CONTEXT() REPRESENTATION_CONTEXT('2D SPACE',''
  ) );
#902 = ORIENTED_EDGE('',*,*,#903,.T.);
#903 = EDGE_CURVE('',#881,#904,#906,.T.);
#904 = VERTEX_POINT('',#905);
#905 = CARTESIAN_POINT('',(19.65,-34.64158920941,42.004437401848));
#906 = SURFACE_CURVE('',#907,(#911,#918),.PCURVE_S1.);
#907 = LINE('',#908,#909);
#908 = CARTESIAN_POINT('',(24.55,-34.64158920941,42.004437401848));
#909 = VECTOR('',#910,1.);
#910 = DIRECTION('',(-1.,0.,0.));
#911 = PCURVE('',#72,#912);
#912 = DEFINITIONAL_REPRESENTATION('',(#913),#917);
#913 = LINE('',#914,#915);
#914 = CARTESIAN_POINT('',(5.5,4.993953041648));
#915 = VECTOR('',#916,1.);
#916 = DIRECTION('',(-1.,-0.));
#917 = ( GEOMETRIC_REPRESENTATION_CONTEXT(2) 
PARAMETRIC_REPRESENTATION_CONTEXT() REPRESENTATION_CONTEXT('2D SPACE',''
  ) );
#918 = PCURVE('',#470,#919);
#919 = DEFINITIONAL_REPRESENTATION('',(#920),#924);
#920 = LINE('',#921,#922);
#921 = CARTESIAN_POINT('',(0.,-4.));
#922 = VECTOR('',#923,1.);
#923 = DIRECTION('',(1.,0.));
#924 = ( GEOMETRIC_REPRESENTATION_CONTEXT(2) 
PARAMETRIC_REPRESENTATION_CONTEXT() REPRESENTATION_CONTEXT('2D SPACE',''
  ) );
#925 = ORIENTED_EDGE('',*,*,#926,.F.);
#926 = EDGE_CURVE('',#927,#904,#929,.T.);
#927 = VERTEX_POINT('',#928);
#928 = CARTESIAN_POINT('',(19.65,-34.44674686807,43.390812698086));
#929 = SURFACE_CURVE('',#930,(#934,#941),.PCURVE_S1.);
#930 = LINE('',#931,#932);
#931 = CARTESIAN_POINT('',(19.65,-34.19665607331,45.170301166936));
#932 = VECTOR('',#933,1.);
#933 = DIRECTION('',(0.,-0.13917310096,-0.990268068742));
#934 = PCURVE('',#72,#935);
#935 = DEFINITIONAL_REPRESENTATION('',(#936),#940);
#936 = LINE('',#937,#938);
#937 = CARTESIAN_POINT('',(0.6,1.796976520824));
#938 = VECTOR('',#939,1.);
#939 = DIRECTION('',(0.,1.));
#940 = ( GEOMETRIC_REPRESENTATION_CONTEXT(2) 
PARAMETRIC_REPRESENTATION_CONTEXT() REPRESENTATION_CONTEXT('2D SPACE',''
  ) );
#941 = PCURVE('',#498,#942);
#942 = DEFINITIONAL_REPRESENTATION('',(#943),#947);
#943 = LINE('',#944,#945);
#944 = CARTESIAN_POINT('',(4.1,1.796976520824));
#945 = VECTOR('',#946,1.);
#946 = DIRECTION('',(0.,-1.));
#947 = ( GEOMETRIC_REPRESENTATION_CONTEXT(2) 
PARAMETRIC_REPRESENTATION_CONTEXT() REPRESENTATION_CONTEXT('2D SPACE',''
  ) );
#948 = ORIENTED_EDGE('',*,*,#949,.T.);
#949 = EDGE_CURVE('',#927,#950,#952,.T.);
#950 = VERTEX_POINT('',#951);
#951 = CARTESIAN_POINT('',(18.45,-34.44674686807,43.390812698086));
#952 = SURFACE_CURVE('',#953,(#957,#964),.PCURVE_S1.);
#953 = LINE('',#954,#955);
#954 = CARTESIAN_POINT('',(18.75,-34.44674686807,43.390812698086));
#955 = VECTOR('',#956,1.);
#956 = DIRECTION('',(-1.,0.,0.));
#957 = PCURVE('',#72,#958);
#958 = DEFINITIONAL_REPRESENTATION('',(#959),#963);
#959 = LINE('',#960,#961);
#960 = CARTESIAN_POINT('',(-0.3,3.593953041648));
#961 = VECTOR('',#962,1.);
#962 = DIRECTION('',(-1.,-0.));
#963 = ( GEOMETRIC_REPRESENTATION_CONTEXT(2) 
PARAMETRIC_REPRESENTATION_CONTEXT() REPRESENTATION_CONTEXT('2D SPACE',''
  ) );
#964 = PCURVE('',#526,#965);
#965 = DEFINITIONAL_REPRESENTATION('',(#966),#970);
#966 = LINE('',#967,#968);
#967 = CARTESIAN_POINT('',(4.1,0.3));
#968 = VECTOR('',#969,1.);
#969 = DIRECTION('',(0.,-1.));
#970 = ( GEOMETRIC_REPRESENTATION_CONTEXT(2) 
PARAMETRIC_REPRESENTATION_CONTEXT() REPRESENTATION_CONTEXT('2D SPACE',''
  ) );
#971 = ORIENTED_EDGE('',*,*,#972,.T.);
#972 = EDGE_CURVE('',#950,#973,#975,.T.);
#973 = VERTEX_POINT('',#974);
#974 = CARTESIAN_POINT('',(18.45,-34.64158920941,42.004437401848));
#975 = SURFACE_CURVE('',#976,(#980,#987),.PCURVE_S1.);
#976 = LINE('',#977,#978);
#977 = CARTESIAN_POINT('',(18.45,-34.19665607331,45.170301166936));
#978 = VECTOR('',#979,1.);
#979 = DIRECTION('',(0.,-0.13917310096,-0.990268068742));
#980 = PCURVE('',#72,#981);
#981 = DEFINITIONAL_REPRESENTATION('',(#982),#986);
#982 = LINE('',#983,#984);
#983 = CARTESIAN_POINT('',(-0.6,1.796976520824));
#984 = VECTOR('',#985,1.);
#985 = DIRECTION('',(0.,1.));
#986 = ( GEOMETRIC_REPRESENTATION_CONTEXT(2) 
PARAMETRIC_REPRESENTATION_CONTEXT() REPRESENTATION_CONTEXT('2D SPACE',''
  ) );
#987 = PCURVE('',#554,#988);
#988 = DEFINITIONAL_REPRESENTATION('',(#989),#993);
#989 = LINE('',#990,#991);
#990 = CARTESIAN_POINT('',(4.1,1.796976520824));
#991 = VECTOR('',#992,1.);
#992 = DIRECTION('',(0.,-1.));
#993 = ( GEOMETRIC_REPRESENTATION_CONTEXT(2) 
PARAMETRIC_REPRESENTATION_CONTEXT() REPRESENTATION_CONTEXT('2D SPACE',''
  ) );
#994 = ORIENTED_EDGE('',*,*,#995,.T.);
#995 = EDGE_CURVE('',#973,#996,#998,.T.);
#996 = VERTEX_POINT('',#997);
#997 = CARTESIAN_POINT('',(13.55,-34.64158920941,42.004437401848));
#998 = SURFACE_CURVE('',#999,(#1003,#1010),.PCURVE_S1.);
#999 = LINE('',#1000,#1001);
#1000 = CARTESIAN_POINT('',(24.55,-34.64158920941,42.004437401848));
#1001 = VECTOR('',#1002,1.);
#1002 = DIRECTION('',(-1.,0.,0.));
#1003 = PCURVE('',#72,#1004);
#1004 = DEFINITIONAL_REPRESENTATION('',(#1005),#1009);
#1005 = LINE('',#1006,#1007);
#1006 = CARTESIAN_POINT('',(5.5,4.993953041648));
#1007 = VECTOR('',#1008,1.);
#1008 = DIRECTION('',(-1.,-0.));
#1009 = ( GEOMETRIC_REPRESENTATION_CONTEXT(2) 
PARAMETRIC_REPRESENTATION_CONTEXT() REPRESENTATION_CONTEXT('2D SPACE',''
  ) );
#1010 = PCURVE('',#582,#1011);
#1011 = DEFINITIONAL_REPRESENTATION('',(#1012),#1016);
#1012 = LINE('',#1013,#1014);
#1013 = CARTESIAN_POINT('',(0.,-4.));
#1014 = VECTOR('',#1015,1.);
#1015 = DIRECTION('',(1.,0.));
#1016 = ( GEOMETRIC_REPRESENTATION_CONTEXT(2) 
PARAMETRIC_REPRESENTATION_CONTEXT() REPRESENTATION_CONTEXT('2D SPACE',''
  ) );
#1017 = ORIENTED_EDGE('',*,*,#1018,.T.);
#1018 = EDGE_CURVE('',#996,#647,#1019,.T.);
#1019 = SURFACE_CURVE('',#1020,(#1024,#1031),.PCURVE_S1.);
#1020 = LINE('',#1021,#1022);
#1021 = CARTESIAN_POINT('',(13.55,-34.64158920941,42.004437401848));
#1022 = VECTOR('',#1023,1.);
#1023 = DIRECTION('',(-0.707106781187,9.841024344762E-02,0.7002252666));
#1024 = PCURVE('',#72,#1025);
#1025 = DEFINITIONAL_REPRESENTATION('',(#1026),#1030);
#1026 = LINE('',#1027,#1028);
#1027 = CARTESIAN_POINT('',(-5.5,4.993953041648));
#1028 = VECTOR('',#1029,1.);
#1029 = DIRECTION('',(-0.707106781187,-0.707106781187));
#1030 = ( GEOMETRIC_REPRESENTATION_CONTEXT(2) 
PARAMETRIC_REPRESENTATION_CONTEXT() REPRESENTATION_CONTEXT('2D SPACE',''
  ) );
#1031 = PCURVE('',#610,#1032);
#1032 = DEFINITIONAL_REPRESENTATION('',(#1033),#1037);
#1033 = LINE('',#1034,#1035);
#1034 = CARTESIAN_POINT('',(-6.328271240363E-15,-4.));
#1035 = VECTOR('',#1036,1.);
#1036 = DIRECTION('',(1.,1.387778780781E-17));
#1037 = ( GEOMETRIC_REPRESENTATION_CONTEXT(2) 
PARAMETRIC_REPRESENTATION_CONTEXT() REPRESENTATION_CONTEXT('2D SPACE',''
  ) );
#1038 = ADVANCED_FACE('',(#1039),#266,.F.);
#1039 = FACE_BOUND('',#1040,.F.);
#1040 = EDGE_LOOP('',(#1041,#1062,#1063,#1064));
#1041 = ORIENTED_EDGE('',*,*,#1042,.T.);
#1042 = EDGE_CURVE('',#595,#647,#1043,.T.);
#1043 = SURFACE_CURVE('',#1044,(#1048,#1055),.PCURVE_S1.);
#1044 = LINE('',#1045,#1046);
#1045 = CARTESIAN_POINT('',(11.55,-38.32431528246,44.541665943171));
#1046 = VECTOR('',#1047,1.);
#1047 = DIRECTION('',(0.,0.990268068742,-0.13917310096));
#1048 = PCURVE('',#266,#1049);
#1049 = DEFINITIONAL_REPRESENTATION('',(#1050),#1054);
#1050 = LINE('',#1051,#1052);
#1051 = CARTESIAN_POINT('',(0.,0.));
#1052 = VECTOR('',#1053,1.);
#1053 = DIRECTION('',(0.,-1.));
#1054 = ( GEOMETRIC_REPRESENTATION_CONTEXT(2) 
PARAMETRIC_REPRESENTATION_CONTEXT() REPRESENTATION_CONTEXT('2D SPACE',''
  ) );
#1055 = PCURVE('',#610,#1056);
#1056 = DEFINITIONAL_REPRESENTATION('',(#1057),#1061);
#1057 = LINE('',#1058,#1059);
#1058 = CARTESIAN_POINT('',(2.828427124746,1.33226762955E-15));
#1059 = VECTOR('',#1060,1.);
#1060 = DIRECTION('',(-2.775557561563E-17,-1.));
#1061 = ( GEOMETRIC_REPRESENTATION_CONTEXT(2) 
PARAMETRIC_REPRESENTATION_CONTEXT() REPRESENTATION_CONTEXT('2D SPACE',''
  ) );
#1062 = ORIENTED_EDGE('',*,*,#646,.T.);
#1063 = ORIENTED_EDGE('',*,*,#248,.F.);
#1064 = ORIENTED_EDGE('',*,*,#622,.F.);
#1065 = ADVANCED_FACE('',(#1066),#364,.F.);
#1066 = FACE_BOUND('',#1067,.F.);
#1067 = EDGE_LOOP('',(#1068,#1069,#1070,#1091));
#1068 = ORIENTED_EDGE('',*,*,#348,.T.);
#1069 = ORIENTED_EDGE('',*,*,#857,.T.);
#1070 = ORIENTED_EDGE('',*,*,#1071,.F.);
#1071 = EDGE_CURVE('',#404,#858,#1072,.T.);
#1072 = SURFACE_CURVE('',#1073,(#1077,#1084),.PCURVE_S1.);
#1073 = LINE('',#1074,#1075);
#1074 = CARTESIAN_POINT('',(26.55,-38.32431528246,44.541665943171));
#1075 = VECTOR('',#1076,1.);
#1076 = DIRECTION('',(0.,0.990268068742,-0.13917310096));
#1077 = PCURVE('',#364,#1078);
#1078 = DEFINITIONAL_REPRESENTATION('',(#1079),#1083);
#1079 = LINE('',#1080,#1081);
#1080 = CARTESIAN_POINT('',(5.987906083296,1.665334536938E-15));
#1081 = VECTOR('',#1082,1.);
#1082 = DIRECTION('',(0.,-1.));
#1083 = ( GEOMETRIC_REPRESENTATION_CONTEXT(2) 
PARAMETRIC_REPRESENTATION_CONTEXT() REPRESENTATION_CONTEXT('2D SPACE',''
  ) );
#1084 = PCURVE('',#442,#1085);
#1085 = DEFINITIONAL_REPRESENTATION('',(#1086),#1090);
#1086 = LINE('',#1087,#1088);
#1087 = CARTESIAN_POINT('',(-0.,0.));
#1088 = VECTOR('',#1089,1.);
#1089 = DIRECTION('',(2.775557561563E-17,-1.));
#1090 = ( GEOMETRIC_REPRESENTATION_CONTEXT(2) 
PARAMETRIC_REPRESENTATION_CONTEXT() REPRESENTATION_CONTEXT('2D SPACE',''
  ) );
#1091 = ORIENTED_EDGE('',*,*,#403,.F.);
#1092 = ADVANCED_FACE('',(#1093),#610,.F.);
#1093 = FACE_BOUND('',#1094,.F.);
#1094 = EDGE_LOOP('',(#1095,#1116,#1117,#1118));
#1095 = ORIENTED_EDGE('',*,*,#1096,.T.);
#1096 = EDGE_CURVE('',#567,#996,#1097,.T.);
#1097 = SURFACE_CURVE('',#1098,(#1102,#1109),.PCURVE_S1.);
#1098 = LINE('',#1099,#1100);
#1099 = CARTESIAN_POINT('',(13.55,-38.60266148438,42.561129805688));
#1100 = VECTOR('',#1101,1.);
#1101 = DIRECTION('',(0.,0.990268068742,-0.13917310096));
#1102 = PCURVE('',#610,#1103);
#1103 = DEFINITIONAL_REPRESENTATION('',(#1104),#1108);
#1104 = LINE('',#1105,#1106);
#1105 = CARTESIAN_POINT('',(0.,0.));
#1106 = VECTOR('',#1107,1.);
#1107 = DIRECTION('',(-2.775557561563E-17,-1.));
#1108 = ( GEOMETRIC_REPRESENTATION_CONTEXT(2) 
PARAMETRIC_REPRESENTATION_CONTEXT() REPRESENTATION_CONTEXT('2D SPACE',''
  ) );
#1109 = PCURVE('',#582,#1110);
#1110 = DEFINITIONAL_REPRESENTATION('',(#1111),#1115);
#1111 = LINE('',#1112,#1113);
#1112 = CARTESIAN_POINT('',(11.,0.));
#1113 = VECTOR('',#1114,1.);
#1114 = DIRECTION('',(0.,-1.));
#1115 = ( GEOMETRIC_REPRESENTATION_CONTEXT(2) 
PARAMETRIC_REPRESENTATION_CONTEXT() REPRESENTATION_CONTEXT('2D SPACE',''
  ) );
#1116 = ORIENTED_EDGE('',*,*,#1018,.T.);
#1117 = ORIENTED_EDGE('',*,*,#1042,.F.);
#1118 = ORIENTED_EDGE('',*,*,#594,.F.);
#1119 = ADVANCED_FACE('',(#1120),#582,.F.);
#1120 = FACE_BOUND('',#1121,.F.);
#1121 = EDGE_LOOP('',(#1122,#1123,#1144,#1145));
#1122 = ORIENTED_EDGE('',*,*,#566,.F.);
#1123 = ORIENTED_EDGE('',*,*,#1124,.T.);
#1124 = EDGE_CURVE('',#539,#973,#1125,.T.);
#1125 = SURFACE_CURVE('',#1126,(#1130,#1137),.PCURVE_S1.);
#1126 = LINE('',#1127,#1128);
#1127 = CARTESIAN_POINT('',(18.45,-38.65217488781,42.568088460736));
#1128 = VECTOR('',#1129,1.);
#1129 = DIRECTION('',(0.,0.990268068742,-0.13917310096));
#1130 = PCURVE('',#582,#1131);
#1131 = DEFINITIONAL_REPRESENTATION('',(#1132),#1136);
#1132 = LINE('',#1133,#1134);
#1133 = CARTESIAN_POINT('',(6.1,5.E-02));
#1134 = VECTOR('',#1135,1.);
#1135 = DIRECTION('',(0.,-1.));
#1136 = ( GEOMETRIC_REPRESENTATION_CONTEXT(2) 
PARAMETRIC_REPRESENTATION_CONTEXT() REPRESENTATION_CONTEXT('2D SPACE',''
  ) );
#1137 = PCURVE('',#554,#1138);
#1138 = DEFINITIONAL_REPRESENTATION('',(#1139),#1143);
#1139 = LINE('',#1140,#1141);
#1140 = CARTESIAN_POINT('',(5.E-02,-1.4));
#1141 = VECTOR('',#1142,1.);
#1142 = DIRECTION('',(1.,0.));
#1143 = ( GEOMETRIC_REPRESENTATION_CONTEXT(2) 
PARAMETRIC_REPRESENTATION_CONTEXT() REPRESENTATION_CONTEXT('2D SPACE',''
  ) );
#1144 = ORIENTED_EDGE('',*,*,#995,.T.);
#1145 = ORIENTED_EDGE('',*,*,#1096,.F.);
#1146 = ADVANCED_FACE('',(#1147),#554,.T.);
#1147 = FACE_BOUND('',#1148,.T.);
#1148 = EDGE_LOOP('',(#1149,#1170,#1171,#1172));
#1149 = ORIENTED_EDGE('',*,*,#1150,.F.);
#1150 = EDGE_CURVE('',#511,#950,#1151,.T.);
#1151 = SURFACE_CURVE('',#1152,(#1156,#1163),.PCURVE_S1.);
#1152 = LINE('',#1153,#1154);
#1153 = CARTESIAN_POINT('',(18.45,-38.50684594991,43.961422412022));
#1154 = VECTOR('',#1155,1.);
#1155 = DIRECTION('',(0.,0.990268068742,-0.13917310096));
#1156 = PCURVE('',#554,#1157);
#1157 = DEFINITIONAL_REPRESENTATION('',(#1158),#1162);
#1158 = LINE('',#1159,#1160);
#1159 = CARTESIAN_POINT('',(0.,0.));
#1160 = VECTOR('',#1161,1.);
#1161 = DIRECTION('',(1.,0.));
#1162 = ( GEOMETRIC_REPRESENTATION_CONTEXT(2) 
PARAMETRIC_REPRESENTATION_CONTEXT() REPRESENTATION_CONTEXT('2D SPACE',''
  ) );
#1163 = PCURVE('',#526,#1164);
#1164 = DEFINITIONAL_REPRESENTATION('',(#1165),#1169);
#1165 = LINE('',#1166,#1167);
#1166 = CARTESIAN_POINT('',(0.,0.));
#1167 = VECTOR('',#1168,1.);
#1168 = DIRECTION('',(1.,0.));
#1169 = ( GEOMETRIC_REPRESENTATION_CONTEXT(2) 
PARAMETRIC_REPRESENTATION_CONTEXT() REPRESENTATION_CONTEXT('2D SPACE',''
  ) );
#1170 = ORIENTED_EDGE('',*,*,#538,.T.);
#1171 = ORIENTED_EDGE('',*,*,#1124,.T.);
#1172 = ORIENTED_EDGE('',*,*,#972,.F.);
#1173 = ADVANCED_FACE('',(#1174),#526,.T.);
#1174 = FACE_BOUND('',#1175,.T.);
#1175 = EDGE_LOOP('',(#1176,#1197,#1198,#1199));
#1176 = ORIENTED_EDGE('',*,*,#1177,.F.);
#1177 = EDGE_CURVE('',#483,#927,#1178,.T.);
#1178 = SURFACE_CURVE('',#1179,(#1183,#1190),.PCURVE_S1.);
#1179 = LINE('',#1180,#1181);
#1180 = CARTESIAN_POINT('',(19.65,-38.50684594991,43.961422412022));
#1181 = VECTOR('',#1182,1.);
#1182 = DIRECTION('',(0.,0.990268068742,-0.13917310096));
#1183 = PCURVE('',#526,#1184);
#1184 = DEFINITIONAL_REPRESENTATION('',(#1185),#1189);
#1185 = LINE('',#1186,#1187);
#1186 = CARTESIAN_POINT('',(0.,1.2));
#1187 = VECTOR('',#1188,1.);
#1188 = DIRECTION('',(1.,0.));
#1189 = ( GEOMETRIC_REPRESENTATION_CONTEXT(2) 
PARAMETRIC_REPRESENTATION_CONTEXT() REPRESENTATION_CONTEXT('2D SPACE',''
  ) );
#1190 = PCURVE('',#498,#1191);
#1191 = DEFINITIONAL_REPRESENTATION('',(#1192),#1196);
#1192 = LINE('',#1193,#1194);
#1193 = CARTESIAN_POINT('',(0.,0.));
#1194 = VECTOR('',#1195,1.);
#1195 = DIRECTION('',(1.,0.));
#1196 = ( GEOMETRIC_REPRESENTATION_CONTEXT(2) 
PARAMETRIC_REPRESENTATION_CONTEXT() REPRESENTATION_CONTEXT('2D SPACE',''
  ) );
#1197 = ORIENTED_EDGE('',*,*,#510,.T.);
#1198 = ORIENTED_EDGE('',*,*,#1150,.T.);
#1199 = ORIENTED_EDGE('',*,*,#949,.F.);
#1200 = ADVANCED_FACE('',(#1201),#498,.F.);
#1201 = FACE_BOUND('',#1202,.F.);
#1202 = EDGE_LOOP('',(#1203,#1204,#1205,#1226));
#1203 = ORIENTED_EDGE('',*,*,#1177,.F.);
#1204 = ORIENTED_EDGE('',*,*,#482,.T.);
#1205 = ORIENTED_EDGE('',*,*,#1206,.T.);
#1206 = EDGE_CURVE('',#455,#904,#1207,.T.);
#1207 = SURFACE_CURVE('',#1208,(#1212,#1219),.PCURVE_S1.);
#1208 = LINE('',#1209,#1210);
#1209 = CARTESIAN_POINT('',(19.65,-38.65217488781,42.568088460736));
#1210 = VECTOR('',#1211,1.);
#1211 = DIRECTION('',(0.,0.990268068742,-0.13917310096));
#1212 = PCURVE('',#498,#1213);
#1213 = DEFINITIONAL_REPRESENTATION('',(#1214),#1218);
#1214 = LINE('',#1215,#1216);
#1215 = CARTESIAN_POINT('',(5.E-02,-1.4));
#1216 = VECTOR('',#1217,1.);
#1217 = DIRECTION('',(1.,0.));
#1218 = ( GEOMETRIC_REPRESENTATION_CONTEXT(2) 
PARAMETRIC_REPRESENTATION_CONTEXT() REPRESENTATION_CONTEXT('2D SPACE',''
  ) );
#1219 = PCURVE('',#470,#1220);
#1220 = DEFINITIONAL_REPRESENTATION('',(#1221),#1225);
#1221 = LINE('',#1222,#1223);
#1222 = CARTESIAN_POINT('',(4.9,5.E-02));
#1223 = VECTOR('',#1224,1.);
#1224 = DIRECTION('',(0.,-1.));
#1225 = ( GEOMETRIC_REPRESENTATION_CONTEXT(2) 
PARAMETRIC_REPRESENTATION_CONTEXT() REPRESENTATION_CONTEXT('2D SPACE',''
  ) );
#1226 = ORIENTED_EDGE('',*,*,#926,.F.);
#1227 = ADVANCED_FACE('',(#1228),#470,.F.);
#1228 = FACE_BOUND('',#1229,.F.);
#1229 = EDGE_LOOP('',(#1230,#1231,#1252,#1253));
#1230 = ORIENTED_EDGE('',*,*,#454,.F.);
#1231 = ORIENTED_EDGE('',*,*,#1232,.T.);
#1232 = EDGE_CURVE('',#427,#881,#1233,.T.);
#1233 = SURFACE_CURVE('',#1234,(#1238,#1245),.PCURVE_S1.);
#1234 = LINE('',#1235,#1236);
#1235 = CARTESIAN_POINT('',(24.55,-38.60266148438,42.561129805688));
#1236 = VECTOR('',#1237,1.);
#1237 = DIRECTION('',(0.,0.990268068742,-0.13917310096));
#1238 = PCURVE('',#470,#1239);
#1239 = DEFINITIONAL_REPRESENTATION('',(#1240),#1244);
#1240 = LINE('',#1241,#1242);
#1241 = CARTESIAN_POINT('',(0.,0.));
#1242 = VECTOR('',#1243,1.);
#1243 = DIRECTION('',(0.,-1.));
#1244 = ( GEOMETRIC_REPRESENTATION_CONTEXT(2) 
PARAMETRIC_REPRESENTATION_CONTEXT() REPRESENTATION_CONTEXT('2D SPACE',''
  ) );
#1245 = PCURVE('',#442,#1246);
#1246 = DEFINITIONAL_REPRESENTATION('',(#1247),#1251);
#1247 = LINE('',#1248,#1249);
#1248 = CARTESIAN_POINT('',(2.828427124746,-1.33226762955E-15));
#1249 = VECTOR('',#1250,1.);
#1250 = DIRECTION('',(2.775557561563E-17,-1.));
#1251 = ( GEOMETRIC_REPRESENTATION_CONTEXT(2) 
PARAMETRIC_REPRESENTATION_CONTEXT() REPRESENTATION_CONTEXT('2D SPACE',''
  ) );
#1252 = ORIENTED_EDGE('',*,*,#903,.T.);
#1253 = ORIENTED_EDGE('',*,*,#1206,.F.);
#1254 = ADVANCED_FACE('',(#1255),#442,.F.);
#1255 = FACE_BOUND('',#1256,.F.);
#1256 = EDGE_LOOP('',(#1257,#1258,#1259,#1260));
#1257 = ORIENTED_EDGE('',*,*,#1071,.T.);
#1258 = ORIENTED_EDGE('',*,*,#880,.T.);
#1259 = ORIENTED_EDGE('',*,*,#1232,.F.);
#1260 = ORIENTED_EDGE('',*,*,#426,.F.);
#1261 = ADVANCED_FACE('',(#1262),#156,.F.);
#1262 = FACE_BOUND('',#1263,.F.);
#1263 = EDGE_LOOP('',(#1264,#1265,#1266,#1289,#1317,#1345,#1373,#1401));
#1264 = ORIENTED_EDGE('',*,*,#834,.F.);
#1265 = ORIENTED_EDGE('',*,*,#140,.T.);
#1266 = ORIENTED_EDGE('',*,*,#1267,.T.);
#1267 = EDGE_CURVE('',#113,#1268,#1270,.T.);
#1268 = VERTEX_POINT('',#1269);
#1269 = CARTESIAN_POINT('',(21.75,-6.869761594152,47.045311630775));
#1270 = SURFACE_CURVE('',#1271,(#1275,#1282),.PCURVE_S1.);
#1271 = LINE('',#1272,#1273);
#1272 = CARTESIAN_POINT('',(19.248728075347,-6.521651824054,
    49.522241348998));
#1273 = VECTOR('',#1274,1.);
#1274 = DIRECTION('',(0.707106781187,-9.841024344762E-02,-0.7002252666)
  );
#1275 = PCURVE('',#156,#1276);
#1276 = DEFINITIONAL_REPRESENTATION('',(#1277),#1281);
#1277 = LINE('',#1278,#1279);
#1278 = CARTESIAN_POINT('',(-1.93786007122,-26.8));
#1279 = VECTOR('',#1280,1.);
#1280 = DIRECTION('',(1.,-1.387778780781E-17));
#1281 = ( GEOMETRIC_REPRESENTATION_CONTEXT(2) 
PARAMETRIC_REPRESENTATION_CONTEXT() REPRESENTATION_CONTEXT('2D SPACE',''
  ) );
#1282 = PCURVE('',#128,#1283);
#1283 = DEFINITIONAL_REPRESENTATION('',(#1284),#1288);
#1284 = LINE('',#1285,#1286);
#1285 = CARTESIAN_POINT('',(2.898728075347,-0.158180080646));
#1286 = VECTOR('',#1287,1.);
#1287 = DIRECTION('',(0.707106781187,0.707106781187));
#1288 = ( GEOMETRIC_REPRESENTATION_CONTEXT(2) 
PARAMETRIC_REPRESENTATION_CONTEXT() REPRESENTATION_CONTEXT('2D SPACE',''
  ) );
#1289 = ORIENTED_EDGE('',*,*,#1290,.F.);
#1290 = EDGE_CURVE('',#1291,#1268,#1293,.T.);
#1291 = VERTEX_POINT('',#1292);
#1292 = CARTESIAN_POINT('',(21.75,-3.502850160431,46.57212308751));
#1293 = SURFACE_CURVE('',#1294,(#1298,#1305),.PCURVE_S1.);
#1294 = LINE('',#1295,#1296);
#1295 = CARTESIAN_POINT('',(21.75,-20.13935371528,48.910231183639));
#1296 = VECTOR('',#1297,1.);
#1297 = DIRECTION('',(0.,-0.990268068742,0.13917310096));
#1298 = PCURVE('',#156,#1299);
#1299 = DEFINITIONAL_REPRESENTATION('',(#1300),#1304);
#1300 = LINE('',#1301,#1302);
#1301 = CARTESIAN_POINT('',(1.599472607808,-13.4));
#1302 = VECTOR('',#1303,1.);
#1303 = DIRECTION('',(-1.387778780781E-17,1.));
#1304 = ( GEOMETRIC_REPRESENTATION_CONTEXT(2) 
PARAMETRIC_REPRESENTATION_CONTEXT() REPRESENTATION_CONTEXT('2D SPACE',''
  ) );
#1305 = PCURVE('',#1306,#1311);
#1306 = PLANE('',#1307);
#1307 = AXIS2_PLACEMENT_3D('',#1308,#1309,#1310);
#1308 = CARTESIAN_POINT('',(21.75,-6.543666236387,49.365600666023));
#1309 = DIRECTION('',(1.,0.,0.));
#1310 = DIRECTION('',(0.,0.990268068742,-0.13917310096));
#1311 = DEFINITIONAL_REPRESENTATION('',(#1312),#1316);
#1312 = LINE('',#1313,#1314);
#1313 = CARTESIAN_POINT('',(-13.4,-2.343091844007));
#1314 = VECTOR('',#1315,1.);
#1315 = DIRECTION('',(-1.,0.));
#1316 = ( GEOMETRIC_REPRESENTATION_CONTEXT(2) 
PARAMETRIC_REPRESENTATION_CONTEXT() REPRESENTATION_CONTEXT('2D SPACE',''
  ) );
#1317 = ORIENTED_EDGE('',*,*,#1318,.F.);
#1318 = EDGE_CURVE('',#1319,#1291,#1321,.T.);
#1319 = VERTEX_POINT('',#1320);
#1320 = CARTESIAN_POINT('',(20.619002072697,-3.345445671709,
    47.692114220732));
#1321 = SURFACE_CURVE('',#1322,(#1326,#1333),.PCURVE_S1.);
#1322 = LINE('',#1323,#1324);
#1323 = CARTESIAN_POINT('',(19.248728075347,-3.154740390332,
    49.049052805734));
#1324 = VECTOR('',#1325,1.);
#1325 = DIRECTION('',(0.707106781187,-9.841024344762E-02,-0.7002252666)
  );
#1326 = PCURVE('',#156,#1327);
#1327 = DEFINITIONAL_REPRESENTATION('',(#1328),#1332);
#1328 = LINE('',#1329,#1330);
#1329 = CARTESIAN_POINT('',(-1.93786007122,-30.2));
#1330 = VECTOR('',#1331,1.);
#1331 = DIRECTION('',(1.,-1.387778780781E-17));
#1332 = ( GEOMETRIC_REPRESENTATION_CONTEXT(2) 
PARAMETRIC_REPRESENTATION_CONTEXT() REPRESENTATION_CONTEXT('2D SPACE',''
  ) );
#1333 = PCURVE('',#1334,#1339);
#1334 = PLANE('',#1335);
#1335 = AXIS2_PLACEMENT_3D('',#1336,#1337,#1338);
#1336 = CARTESIAN_POINT('',(16.35,-3.176754802666,48.892412122759));
#1337 = DIRECTION('',(0.,0.990268068742,-0.13917310096));
#1338 = DIRECTION('',(1.,0.,0.));
#1339 = DEFINITIONAL_REPRESENTATION('',(#1340),#1344);
#1340 = LINE('',#1341,#1342);
#1341 = CARTESIAN_POINT('',(2.898728075347,-0.158180080646));
#1342 = VECTOR('',#1343,1.);
#1343 = DIRECTION('',(0.707106781187,0.707106781187));
#1344 = ( GEOMETRIC_REPRESENTATION_CONTEXT(2) 
PARAMETRIC_REPRESENTATION_CONTEXT() REPRESENTATION_CONTEXT('2D SPACE',''
  ) );
#1345 = ORIENTED_EDGE('',*,*,#1346,.T.);
#1346 = EDGE_CURVE('',#1319,#1347,#1349,.T.);
#1347 = VERTEX_POINT('',#1348);
#1348 = CARTESIAN_POINT('',(20.619002072697,2.398109126993,
    46.884910235163));
#1349 = SURFACE_CURVE('',#1350,(#1354,#1361),.PCURVE_S1.);
#1350 = LINE('',#1351,#1352);
#1351 = CARTESIAN_POINT('',(20.619002072697,-33.2515413477,
    51.895141869725));
#1352 = VECTOR('',#1353,1.);
#1353 = DIRECTION('',(0.,0.990268068742,-0.13917310096));
#1354 = PCURVE('',#156,#1355);
#1355 = DEFINITIONAL_REPRESENTATION('',(#1356),#1360);
#1356 = LINE('',#1357,#1358);
#1357 = CARTESIAN_POINT('',(0.,0.));
#1358 = VECTOR('',#1359,1.);
#1359 = DIRECTION('',(1.387778780781E-17,-1.));
#1360 = ( GEOMETRIC_REPRESENTATION_CONTEXT(2) 
PARAMETRIC_REPRESENTATION_CONTEXT() REPRESENTATION_CONTEXT('2D SPACE',''
  ) );
#1361 = PCURVE('',#1362,#1367);
#1362 = PLANE('',#1363);
#1363 = AXIS2_PLACEMENT_3D('',#1364,#1365,#1366);
#1364 = CARTESIAN_POINT('',(17.480997927303,-33.2515413477,
    51.895141869725));
#1365 = DIRECTION('',(1.415196377296E-16,-0.13917310096,-0.990268068742)
  );
#1366 = DIRECTION('',(1.,1.969572682957E-17,1.401423783435E-16));
#1367 = DEFINITIONAL_REPRESENTATION('',(#1368),#1372);
#1368 = LINE('',#1369,#1370);
#1369 = CARTESIAN_POINT('',(3.138004145394,0.));
#1370 = VECTOR('',#1371,1.);
#1371 = DIRECTION('',(0.,-1.));
#1372 = ( GEOMETRIC_REPRESENTATION_CONTEXT(2) 
PARAMETRIC_REPRESENTATION_CONTEXT() REPRESENTATION_CONTEXT('2D SPACE',''
  ) );
#1373 = ORIENTED_EDGE('',*,*,#1374,.T.);
#1374 = EDGE_CURVE('',#1347,#1375,#1377,.T.);
#1375 = VERTEX_POINT('',#1376);
#1376 = CARTESIAN_POINT('',(22.837906083296,2.089297375105,
    44.687600445864));
#1377 = SURFACE_CURVE('',#1378,(#1382,#1389),.PCURVE_S1.);
#1378 = LINE('',#1379,#1380);
#1379 = CARTESIAN_POINT('',(20.619002072697,2.398109126993,
    46.884910235163));
#1380 = VECTOR('',#1381,1.);
#1381 = DIRECTION('',(0.707106781187,-9.841024344762E-02,-0.7002252666)
  );
#1382 = PCURVE('',#156,#1383);
#1383 = DEFINITIONAL_REPRESENTATION('',(#1384),#1388);
#1384 = LINE('',#1385,#1386);
#1385 = CARTESIAN_POINT('',(2.6645352591E-15,-36.));
#1386 = VECTOR('',#1387,1.);
#1387 = DIRECTION('',(1.,-1.387778780781E-17));
#1388 = ( GEOMETRIC_REPRESENTATION_CONTEXT(2) 
PARAMETRIC_REPRESENTATION_CONTEXT() REPRESENTATION_CONTEXT('2D SPACE',''
  ) );
#1389 = PCURVE('',#1390,#1395);
#1390 = PLANE('',#1391);
#1391 = AXIS2_PLACEMENT_3D('',#1392,#1393,#1394);
#1392 = CARTESIAN_POINT('',(19.05,1.870934491235,43.133867793483));
#1393 = DIRECTION('',(0.,0.990268068742,-0.13917310096));
#1394 = DIRECTION('',(1.,0.,0.));
#1395 = DEFINITIONAL_REPRESENTATION('',(#1396),#1400);
#1396 = LINE('',#1397,#1398);
#1397 = CARTESIAN_POINT('',(1.569002072697,-3.787906083296));
#1398 = VECTOR('',#1399,1.);
#1399 = DIRECTION('',(0.707106781187,0.707106781187));
#1400 = ( GEOMETRIC_REPRESENTATION_CONTEXT(2) 
PARAMETRIC_REPRESENTATION_CONTEXT() REPRESENTATION_CONTEXT('2D SPACE',''
  ) );
#1401 = ORIENTED_EDGE('',*,*,#1402,.F.);
#1402 = EDGE_CURVE('',#807,#1375,#1403,.T.);
#1403 = SURFACE_CURVE('',#1404,(#1408,#1415),.PCURVE_S1.);
#1404 = LINE('',#1405,#1406);
#1405 = CARTESIAN_POINT('',(22.837906083296,-33.56035309959,
    49.697832080426));
#1406 = VECTOR('',#1407,1.);
#1407 = DIRECTION('',(0.,0.990268068742,-0.13917310096));
#1408 = PCURVE('',#156,#1409);
#1409 = DEFINITIONAL_REPRESENTATION('',(#1410),#1414);
#1410 = LINE('',#1411,#1412);
#1411 = CARTESIAN_POINT('',(3.138004145394,5.551115123126E-17));
#1412 = VECTOR('',#1413,1.);
#1413 = DIRECTION('',(1.387778780781E-17,-1.));
#1414 = ( GEOMETRIC_REPRESENTATION_CONTEXT(2) 
PARAMETRIC_REPRESENTATION_CONTEXT() REPRESENTATION_CONTEXT('2D SPACE',''
  ) );
#1415 = PCURVE('',#822,#1416);
#1416 = DEFINITIONAL_REPRESENTATION('',(#1417),#1421);
#1417 = LINE('',#1418,#1419);
#1418 = CARTESIAN_POINT('',(0.,0.));
#1419 = VECTOR('',#1420,1.);
#1420 = DIRECTION('',(0.,-1.));
#1421 = ( GEOMETRIC_REPRESENTATION_CONTEXT(2) 
PARAMETRIC_REPRESENTATION_CONTEXT() REPRESENTATION_CONTEXT('2D SPACE',''
  ) );
#1422 = ADVANCED_FACE('',(#1423),#822,.F.);
#1423 = FACE_BOUND('',#1424,.F.);
#1424 = EDGE_LOOP('',(#1425,#1426,#1449,#1470));
#1425 = ORIENTED_EDGE('',*,*,#1402,.T.);
#1426 = ORIENTED_EDGE('',*,*,#1427,.T.);
#1427 = EDGE_CURVE('',#1375,#1428,#1430,.T.);
#1428 = VERTEX_POINT('',#1429);
#1429 = CARTESIAN_POINT('',(22.837906083296,1.652571607365,
    41.580135141102));
#1430 = SURFACE_CURVE('',#1431,(#1435,#1442),.PCURVE_S1.);
#1431 = LINE('',#1432,#1433);
#1432 = CARTESIAN_POINT('',(22.837906083296,2.089297375105,
    44.687600445864));
#1433 = VECTOR('',#1434,1.);
#1434 = DIRECTION('',(2.830392754592E-16,-0.13917310096,-0.990268068742)
  );
#1435 = PCURVE('',#822,#1436);
#1436 = DEFINITIONAL_REPRESENTATION('',(#1437),#1441);
#1437 = LINE('',#1438,#1439);
#1438 = CARTESIAN_POINT('',(0.,-36.));
#1439 = VECTOR('',#1440,1.);
#1440 = DIRECTION('',(1.,0.));
#1441 = ( GEOMETRIC_REPRESENTATION_CONTEXT(2) 
PARAMETRIC_REPRESENTATION_CONTEXT() REPRESENTATION_CONTEXT('2D SPACE',''
  ) );
#1442 = PCURVE('',#1390,#1443);
#1443 = DEFINITIONAL_REPRESENTATION('',(#1444),#1448);
#1444 = LINE('',#1445,#1446);
#1445 = CARTESIAN_POINT('',(3.787906083296,-1.569002072697));
#1446 = VECTOR('',#1447,1.);
#1447 = DIRECTION('',(2.830392754592E-16,1.));
#1448 = ( GEOMETRIC_REPRESENTATION_CONTEXT(2) 
PARAMETRIC_REPRESENTATION_CONTEXT() REPRESENTATION_CONTEXT('2D SPACE',''
  ) );
#1449 = ORIENTED_EDGE('',*,*,#1450,.F.);
#1450 = EDGE_CURVE('',#779,#1428,#1451,.T.);
#1451 = SURFACE_CURVE('',#1452,(#1456,#1463),.PCURVE_S1.);
#1452 = LINE('',#1453,#1454);
#1453 = CARTESIAN_POINT('',(22.837906083296,-33.99707886733,
    46.590366775664));
#1454 = VECTOR('',#1455,1.);
#1455 = DIRECTION('',(0.,0.990268068742,-0.13917310096));
#1456 = PCURVE('',#822,#1457);
#1457 = DEFINITIONAL_REPRESENTATION('',(#1458),#1462);
#1458 = LINE('',#1459,#1460);
#1459 = CARTESIAN_POINT('',(3.138004145394,-2.775557561563E-16));
#1460 = VECTOR('',#1461,1.);
#1461 = DIRECTION('',(0.,-1.));
#1462 = ( GEOMETRIC_REPRESENTATION_CONTEXT(2) 
PARAMETRIC_REPRESENTATION_CONTEXT() REPRESENTATION_CONTEXT('2D SPACE',''
  ) );
#1463 = PCURVE('',#794,#1464);
#1464 = DEFINITIONAL_REPRESENTATION('',(#1465),#1469);
#1465 = LINE('',#1466,#1467);
#1466 = CARTESIAN_POINT('',(-0.,0.));
#1467 = VECTOR('',#1468,1.);
#1468 = DIRECTION('',(2.775557561563E-17,-1.));
#1469 = ( GEOMETRIC_REPRESENTATION_CONTEXT(2) 
PARAMETRIC_REPRESENTATION_CONTEXT() REPRESENTATION_CONTEXT('2D SPACE',''
  ) );
#1470 = ORIENTED_EDGE('',*,*,#806,.F.);
#1471 = ADVANCED_FACE('',(#1472),#794,.F.);
#1472 = FACE_BOUND('',#1473,.F.);
#1473 = EDGE_LOOP('',(#1474,#1475,#1476,#1499,#1527,#1550,#1573,#1596));
#1474 = ORIENTED_EDGE('',*,*,#778,.F.);
#1475 = ORIENTED_EDGE('',*,*,#1450,.T.);
#1476 = ORIENTED_EDGE('',*,*,#1477,.T.);
#1477 = EDGE_CURVE('',#1428,#1478,#1480,.T.);
#1478 = VERTEX_POINT('',#1479);
#1479 = CARTESIAN_POINT('',(20.619002072697,1.343759855477,
    39.382825351803));
#1480 = SURFACE_CURVE('',#1481,(#1485,#1492),.PCURVE_S1.);
#1481 = LINE('',#1482,#1483);
#1482 = CARTESIAN_POINT('',(22.837906083296,1.652571607365,
    41.580135141102));
#1483 = VECTOR('',#1484,1.);
#1484 = DIRECTION('',(-0.707106781187,-9.841024344762E-02,-0.7002252666)
  );
#1485 = PCURVE('',#794,#1486);
#1486 = DEFINITIONAL_REPRESENTATION('',(#1487),#1491);
#1487 = LINE('',#1488,#1489);
#1488 = CARTESIAN_POINT('',(4.440892098501E-16,-36.));
#1489 = VECTOR('',#1490,1.);
#1490 = DIRECTION('',(1.,-1.387778780781E-17));
#1491 = ( GEOMETRIC_REPRESENTATION_CONTEXT(2) 
PARAMETRIC_REPRESENTATION_CONTEXT() REPRESENTATION_CONTEXT('2D SPACE',''
  ) );
#1492 = PCURVE('',#1390,#1493);
#1493 = DEFINITIONAL_REPRESENTATION('',(#1494),#1498);
#1494 = LINE('',#1495,#1496);
#1495 = CARTESIAN_POINT('',(3.787906083296,1.569002072697));
#1496 = VECTOR('',#1497,1.);
#1497 = DIRECTION('',(-0.707106781187,0.707106781187));
#1498 = ( GEOMETRIC_REPRESENTATION_CONTEXT(2) 
PARAMETRIC_REPRESENTATION_CONTEXT() REPRESENTATION_CONTEXT('2D SPACE',''
  ) );
#1499 = ORIENTED_EDGE('',*,*,#1500,.F.);
#1500 = EDGE_CURVE('',#1501,#1478,#1503,.T.);
#1501 = VERTEX_POINT('',#1502);
#1502 = CARTESIAN_POINT('',(20.619002072697,-4.399794943224,
    40.190029337371));
#1503 = SURFACE_CURVE('',#1504,(#1508,#1515),.PCURVE_S1.);
#1504 = LINE('',#1505,#1506);
#1505 = CARTESIAN_POINT('',(20.619002072697,-34.30589061922,
    44.393056986365));
#1506 = VECTOR('',#1507,1.);
#1507 = DIRECTION('',(0.,0.990268068742,-0.13917310096));
#1508 = PCURVE('',#794,#1509);
#1509 = DEFINITIONAL_REPRESENTATION('',(#1510),#1514);
#1510 = LINE('',#1511,#1512);
#1511 = CARTESIAN_POINT('',(3.138004145394,-9.436895709314E-16));
#1512 = VECTOR('',#1513,1.);
#1513 = DIRECTION('',(2.775557561563E-17,-1.));
#1514 = ( GEOMETRIC_REPRESENTATION_CONTEXT(2) 
PARAMETRIC_REPRESENTATION_CONTEXT() REPRESENTATION_CONTEXT('2D SPACE',''
  ) );
#1515 = PCURVE('',#1516,#1521);
#1516 = PLANE('',#1517);
#1517 = AXIS2_PLACEMENT_3D('',#1518,#1519,#1520);
#1518 = CARTESIAN_POINT('',(20.619002072697,-34.30589061922,
    44.393056986365));
#1519 = DIRECTION('',(0.,0.13917310096,0.990268068742));
#1520 = DIRECTION('',(-1.,0.,0.));
#1521 = DEFINITIONAL_REPRESENTATION('',(#1522),#1526);
#1522 = LINE('',#1523,#1524);
#1523 = CARTESIAN_POINT('',(0.,0.));
#1524 = VECTOR('',#1525,1.);
#1525 = DIRECTION('',(0.,-1.));
#1526 = ( GEOMETRIC_REPRESENTATION_CONTEXT(2) 
PARAMETRIC_REPRESENTATION_CONTEXT() REPRESENTATION_CONTEXT('2D SPACE',''
  ) );
#1527 = ORIENTED_EDGE('',*,*,#1528,.F.);
#1528 = EDGE_CURVE('',#1529,#1501,#1531,.T.);
#1529 = VERTEX_POINT('',#1530);
#1530 = CARTESIAN_POINT('',(21.75,-4.242390454502,41.310020470592));
#1531 = SURFACE_CURVE('',#1532,(#1536,#1543),.PCURVE_S1.);
#1532 = LINE('',#1533,#1534);
#1533 = CARTESIAN_POINT('',(22.858180080646,-4.088161596256,
    42.407415818872));
#1534 = VECTOR('',#1535,1.);
#1535 = DIRECTION('',(-0.707106781187,-9.841024344762E-02,-0.7002252666)
  );
#1536 = PCURVE('',#794,#1537);
#1537 = DEFINITIONAL_REPRESENTATION('',(#1538),#1542);
#1538 = LINE('',#1539,#1540);
#1539 = CARTESIAN_POINT('',(-2.867176201609E-02,-30.2));
#1540 = VECTOR('',#1541,1.);
#1541 = DIRECTION('',(1.,-1.387778780781E-17));
#1542 = ( GEOMETRIC_REPRESENTATION_CONTEXT(2) 
PARAMETRIC_REPRESENTATION_CONTEXT() REPRESENTATION_CONTEXT('2D SPACE',''
  ) );
#1543 = PCURVE('',#1334,#1544);
#1544 = DEFINITIONAL_REPRESENTATION('',(#1545),#1549);
#1545 = LINE('',#1546,#1547);
#1546 = CARTESIAN_POINT('',(6.508180080646,6.548728075347));
#1547 = VECTOR('',#1548,1.);
#1548 = DIRECTION('',(-0.707106781187,0.707106781187));
#1549 = ( GEOMETRIC_REPRESENTATION_CONTEXT(2) 
PARAMETRIC_REPRESENTATION_CONTEXT() REPRESENTATION_CONTEXT('2D SPACE',''
  ) );
#1550 = ORIENTED_EDGE('',*,*,#1551,.F.);
#1551 = EDGE_CURVE('',#1552,#1529,#1554,.T.);
#1552 = VERTEX_POINT('',#1553);
#1553 = CARTESIAN_POINT('',(21.75,-7.609301888223,41.783209013856));
#1554 = SURFACE_CURVE('',#1555,(#1559,#1566),.PCURVE_S1.);
#1555 = LINE('',#1556,#1557);
#1556 = CARTESIAN_POINT('',(21.75,-20.87889400936,43.648128566721));
#1557 = VECTOR('',#1558,1.);
#1558 = DIRECTION('',(0.,0.990268068742,-0.13917310096));
#1559 = PCURVE('',#794,#1560);
#1560 = DEFINITIONAL_REPRESENTATION('',(#1561),#1565);
#1561 = LINE('',#1562,#1563);
#1562 = CARTESIAN_POINT('',(1.538531537586,-13.4));
#1563 = VECTOR('',#1564,1.);
#1564 = DIRECTION('',(2.775557561563E-17,-1.));
#1565 = ( GEOMETRIC_REPRESENTATION_CONTEXT(2) 
PARAMETRIC_REPRESENTATION_CONTEXT() REPRESENTATION_CONTEXT('2D SPACE',''
  ) );
#1566 = PCURVE('',#1306,#1567);
#1567 = DEFINITIONAL_REPRESENTATION('',(#1568),#1572);
#1568 = LINE('',#1569,#1570);
#1569 = CARTESIAN_POINT('',(-13.4,-7.656908155993));
#1570 = VECTOR('',#1571,1.);
#1571 = DIRECTION('',(1.,0.));
#1572 = ( GEOMETRIC_REPRESENTATION_CONTEXT(2) 
PARAMETRIC_REPRESENTATION_CONTEXT() REPRESENTATION_CONTEXT('2D SPACE',''
  ) );
#1573 = ORIENTED_EDGE('',*,*,#1574,.T.);
#1574 = EDGE_CURVE('',#1552,#1575,#1577,.T.);
#1575 = VERTEX_POINT('',#1576);
#1576 = CARTESIAN_POINT('',(20.619002072697,-7.766706376946,
    40.663217880635));
#1577 = SURFACE_CURVE('',#1578,(#1582,#1589),.PCURVE_S1.);
#1578 = LINE('',#1579,#1580);
#1579 = CARTESIAN_POINT('',(22.858180080646,-7.455073029978,
    42.880604362136));
#1580 = VECTOR('',#1581,1.);
#1581 = DIRECTION('',(-0.707106781187,-9.841024344762E-02,-0.7002252666)
  );
#1582 = PCURVE('',#794,#1583);
#1583 = DEFINITIONAL_REPRESENTATION('',(#1584),#1588);
#1584 = LINE('',#1585,#1586);
#1585 = CARTESIAN_POINT('',(-2.867176201609E-02,-26.8));
#1586 = VECTOR('',#1587,1.);
#1587 = DIRECTION('',(1.,-1.387778780781E-17));
#1588 = ( GEOMETRIC_REPRESENTATION_CONTEXT(2) 
PARAMETRIC_REPRESENTATION_CONTEXT() REPRESENTATION_CONTEXT('2D SPACE',''
  ) );
#1589 = PCURVE('',#128,#1590);
#1590 = DEFINITIONAL_REPRESENTATION('',(#1591),#1595);
#1591 = LINE('',#1592,#1593);
#1592 = CARTESIAN_POINT('',(6.508180080646,6.548728075347));
#1593 = VECTOR('',#1594,1.);
#1594 = DIRECTION('',(-0.707106781187,0.707106781187));
#1595 = ( GEOMETRIC_REPRESENTATION_CONTEXT(2) 
PARAMETRIC_REPRESENTATION_CONTEXT() REPRESENTATION_CONTEXT('2D SPACE',''
  ) );
#1596 = ORIENTED_EDGE('',*,*,#1597,.F.);
#1597 = EDGE_CURVE('',#751,#1575,#1598,.T.);
#1598 = SURFACE_CURVE('',#1599,(#1603,#1610),.PCURVE_S1.);
#1599 = LINE('',#1600,#1601);
#1600 = CARTESIAN_POINT('',(20.619002072697,-34.30589061922,
    44.393056986365));
#1601 = VECTOR('',#1602,1.);
#1602 = DIRECTION('',(0.,0.990268068742,-0.13917310096));
#1603 = PCURVE('',#794,#1604);
#1604 = DEFINITIONAL_REPRESENTATION('',(#1605),#1609);
#1605 = LINE('',#1606,#1607);
#1606 = CARTESIAN_POINT('',(3.138004145394,-9.436895709314E-16));
#1607 = VECTOR('',#1608,1.);
#1608 = DIRECTION('',(2.775557561563E-17,-1.));
#1609 = ( GEOMETRIC_REPRESENTATION_CONTEXT(2) 
PARAMETRIC_REPRESENTATION_CONTEXT() REPRESENTATION_CONTEXT('2D SPACE',''
  ) );
#1610 = PCURVE('',#766,#1611);
#1611 = DEFINITIONAL_REPRESENTATION('',(#1612),#1616);
#1612 = LINE('',#1613,#1614);
#1613 = CARTESIAN_POINT('',(0.,0.));
#1614 = VECTOR('',#1615,1.);
#1615 = DIRECTION('',(0.,-1.));
#1616 = ( GEOMETRIC_REPRESENTATION_CONTEXT(2) 
PARAMETRIC_REPRESENTATION_CONTEXT() REPRESENTATION_CONTEXT('2D SPACE',''
  ) );
#1617 = ADVANCED_FACE('',(#1618),#766,.F.);
#1618 = FACE_BOUND('',#1619,.F.);
#1619 = EDGE_LOOP('',(#1620,#1621,#1622,#1645));
#1620 = ORIENTED_EDGE('',*,*,#750,.F.);
#1621 = ORIENTED_EDGE('',*,*,#1597,.T.);
#1622 = ORIENTED_EDGE('',*,*,#1623,.T.);
#1623 = EDGE_CURVE('',#1575,#1624,#1626,.T.);
#1624 = VERTEX_POINT('',#1625);
#1625 = CARTESIAN_POINT('',(17.480997927303,-7.766706376946,
    40.663217880635));
#1626 = SURFACE_CURVE('',#1627,(#1631,#1638),.PCURVE_S1.);
#1627 = LINE('',#1628,#1629);
#1628 = CARTESIAN_POINT('',(18.484501036348,-7.766706376946,
    40.663217880635));
#1629 = VECTOR('',#1630,1.);
#1630 = DIRECTION('',(-1.,0.,0.));
#1631 = PCURVE('',#766,#1632);
#1632 = DEFINITIONAL_REPRESENTATION('',(#1633),#1637);
#1633 = LINE('',#1634,#1635);
#1634 = CARTESIAN_POINT('',(2.134501036348,-26.8));
#1635 = VECTOR('',#1636,1.);
#1636 = DIRECTION('',(1.,0.));
#1637 = ( GEOMETRIC_REPRESENTATION_CONTEXT(2) 
PARAMETRIC_REPRESENTATION_CONTEXT() REPRESENTATION_CONTEXT('2D SPACE',''
  ) );
#1638 = PCURVE('',#128,#1639);
#1639 = DEFINITIONAL_REPRESENTATION('',(#1640),#1644);
#1640 = LINE('',#1641,#1642);
#1641 = CARTESIAN_POINT('',(2.134501036348,8.787906083296));
#1642 = VECTOR('',#1643,1.);
#1643 = DIRECTION('',(-1.,-0.));
#1644 = ( GEOMETRIC_REPRESENTATION_CONTEXT(2) 
PARAMETRIC_REPRESENTATION_CONTEXT() REPRESENTATION_CONTEXT('2D SPACE',''
  ) );
#1645 = ORIENTED_EDGE('',*,*,#1646,.F.);
#1646 = EDGE_CURVE('',#723,#1624,#1647,.T.);
#1647 = SURFACE_CURVE('',#1648,(#1652,#1659),.PCURVE_S1.);
#1648 = LINE('',#1649,#1650);
#1649 = CARTESIAN_POINT('',(17.480997927303,-34.30589061922,
    44.393056986365));
#1650 = VECTOR('',#1651,1.);
#1651 = DIRECTION('',(0.,0.990268068742,-0.13917310096));
#1652 = PCURVE('',#766,#1653);
#1653 = DEFINITIONAL_REPRESENTATION('',(#1654),#1658);
#1654 = LINE('',#1655,#1656);
#1655 = CARTESIAN_POINT('',(3.138004145394,0.));
#1656 = VECTOR('',#1657,1.);
#1657 = DIRECTION('',(0.,-1.));
#1658 = ( GEOMETRIC_REPRESENTATION_CONTEXT(2) 
PARAMETRIC_REPRESENTATION_CONTEXT() REPRESENTATION_CONTEXT('2D SPACE',''
  ) );
#1659 = PCURVE('',#738,#1660);
#1660 = DEFINITIONAL_REPRESENTATION('',(#1661),#1665);
#1661 = LINE('',#1662,#1663);
#1662 = CARTESIAN_POINT('',(0.,0.));
#1663 = VECTOR('',#1664,1.);
#1664 = DIRECTION('',(-1.387778780781E-17,-1.));
#1665 = ( GEOMETRIC_REPRESENTATION_CONTEXT(2) 
PARAMETRIC_REPRESENTATION_CONTEXT() REPRESENTATION_CONTEXT('2D SPACE',''
  ) );
#1666 = ADVANCED_FACE('',(#1667),#738,.F.);
#1667 = FACE_BOUND('',#1668,.F.);
#1668 = EDGE_LOOP('',(#1669,#1670,#1671,#1694,#1722,#1745,#1768,#1791));
#1669 = ORIENTED_EDGE('',*,*,#722,.F.);
#1670 = ORIENTED_EDGE('',*,*,#1646,.T.);
#1671 = ORIENTED_EDGE('',*,*,#1672,.T.);
#1672 = EDGE_CURVE('',#1624,#1673,#1675,.T.);
#1673 = VERTEX_POINT('',#1674);
#1674 = CARTESIAN_POINT('',(16.35,-7.609301888223,41.783209013856));
#1675 = SURFACE_CURVE('',#1676,(#1680,#1687),.PCURVE_S1.);
#1676 = LINE('',#1677,#1678);
#1677 = CARTESIAN_POINT('',(15.001271924653,-7.421595219626,
    43.118811360288));
#1678 = VECTOR('',#1679,1.);
#1679 = DIRECTION('',(-0.707106781187,9.841024344762E-02,0.7002252666));
#1680 = PCURVE('',#738,#1681);
#1681 = DEFINITIONAL_REPRESENTATION('',(#1682),#1686);
#1682 = LINE('',#1683,#1684);
#1683 = CARTESIAN_POINT('',(3.506862143917,-26.8));
#1684 = VECTOR('',#1685,1.);
#1685 = DIRECTION('',(1.,0.));
#1686 = ( GEOMETRIC_REPRESENTATION_CONTEXT(2) 
PARAMETRIC_REPRESENTATION_CONTEXT() REPRESENTATION_CONTEXT('2D SPACE',''
  ) );
#1687 = PCURVE('',#128,#1688);
#1688 = DEFINITIONAL_REPRESENTATION('',(#1689),#1693);
#1689 = LINE('',#1690,#1691);
#1690 = CARTESIAN_POINT('',(-1.348728075347,6.308180080646));
#1691 = VECTOR('',#1692,1.);
#1692 = DIRECTION('',(-0.707106781187,-0.707106781187));
#1693 = ( GEOMETRIC_REPRESENTATION_CONTEXT(2) 
PARAMETRIC_REPRESENTATION_CONTEXT() REPRESENTATION_CONTEXT('2D SPACE',''
  ) );
#1694 = ORIENTED_EDGE('',*,*,#1695,.T.);
#1695 = EDGE_CURVE('',#1673,#1696,#1698,.T.);
#1696 = VERTEX_POINT('',#1697);
#1697 = CARTESIAN_POINT('',(16.35,-4.242390454502,41.310020470592));
#1698 = SURFACE_CURVE('',#1699,(#1703,#1710),.PCURVE_S1.);
#1699 = LINE('',#1700,#1701);
#1700 = CARTESIAN_POINT('',(16.35,-20.87889400936,43.648128566721));
#1701 = VECTOR('',#1702,1.);
#1702 = DIRECTION('',(0.,0.990268068742,-0.13917310096));
#1703 = PCURVE('',#738,#1704);
#1704 = DEFINITIONAL_REPRESENTATION('',(#1705),#1709);
#1705 = LINE('',#1706,#1707);
#1706 = CARTESIAN_POINT('',(1.599472607808,-13.4));
#1707 = VECTOR('',#1708,1.);
#1708 = DIRECTION('',(-1.387778780781E-17,-1.));
#1709 = ( GEOMETRIC_REPRESENTATION_CONTEXT(2) 
PARAMETRIC_REPRESENTATION_CONTEXT() REPRESENTATION_CONTEXT('2D SPACE',''
  ) );
#1710 = PCURVE('',#1711,#1716);
#1711 = PLANE('',#1712);
#1712 = AXIS2_PLACEMENT_3D('',#1713,#1714,#1715);
#1713 = CARTESIAN_POINT('',(16.35,-6.543666236387,49.365600666023));
#1714 = DIRECTION('',(1.,0.,0.));
#1715 = DIRECTION('',(0.,0.990268068742,-0.13917310096));
#1716 = DEFINITIONAL_REPRESENTATION('',(#1717),#1721);
#1717 = LINE('',#1718,#1719);
#1718 = CARTESIAN_POINT('',(-13.4,-7.656908155993));
#1719 = VECTOR('',#1720,1.);
#1720 = DIRECTION('',(1.,0.));
#1721 = ( GEOMETRIC_REPRESENTATION_CONTEXT(2) 
PARAMETRIC_REPRESENTATION_CONTEXT() REPRESENTATION_CONTEXT('2D SPACE',''
  ) );
#1722 = ORIENTED_EDGE('',*,*,#1723,.F.);
#1723 = EDGE_CURVE('',#1724,#1696,#1726,.T.);
#1724 = VERTEX_POINT('',#1725);
#1725 = CARTESIAN_POINT('',(17.480997927303,-4.399794943224,
    40.190029337371));
#1726 = SURFACE_CURVE('',#1727,(#1731,#1738),.PCURVE_S1.);
#1727 = LINE('',#1728,#1729);
#1728 = CARTESIAN_POINT('',(15.001271924653,-4.054683785904,
    42.645622817023));
#1729 = VECTOR('',#1730,1.);
#1730 = DIRECTION('',(-0.707106781187,9.841024344762E-02,0.7002252666));
#1731 = PCURVE('',#738,#1732);
#1732 = DEFINITIONAL_REPRESENTATION('',(#1733),#1737);
#1733 = LINE('',#1734,#1735);
#1734 = CARTESIAN_POINT('',(3.506862143917,-30.2));
#1735 = VECTOR('',#1736,1.);
#1736 = DIRECTION('',(1.,0.));
#1737 = ( GEOMETRIC_REPRESENTATION_CONTEXT(2) 
PARAMETRIC_REPRESENTATION_CONTEXT() REPRESENTATION_CONTEXT('2D SPACE',''
  ) );
#1738 = PCURVE('',#1334,#1739);
#1739 = DEFINITIONAL_REPRESENTATION('',(#1740),#1744);
#1740 = LINE('',#1741,#1742);
#1741 = CARTESIAN_POINT('',(-1.348728075347,6.308180080646));
#1742 = VECTOR('',#1743,1.);
#1743 = DIRECTION('',(-0.707106781187,-0.707106781187));
#1744 = ( GEOMETRIC_REPRESENTATION_CONTEXT(2) 
PARAMETRIC_REPRESENTATION_CONTEXT() REPRESENTATION_CONTEXT('2D SPACE',''
  ) );
#1745 = ORIENTED_EDGE('',*,*,#1746,.T.);
#1746 = EDGE_CURVE('',#1724,#1747,#1749,.T.);
#1747 = VERTEX_POINT('',#1748);
#1748 = CARTESIAN_POINT('',(17.480997927303,1.343759855477,
    39.382825351803));
#1749 = SURFACE_CURVE('',#1750,(#1754,#1761),.PCURVE_S1.);
#1750 = LINE('',#1751,#1752);
#1751 = CARTESIAN_POINT('',(17.480997927303,-34.30589061922,
    44.393056986365));
#1752 = VECTOR('',#1753,1.);
#1753 = DIRECTION('',(0.,0.990268068742,-0.13917310096));
#1754 = PCURVE('',#738,#1755);
#1755 = DEFINITIONAL_REPRESENTATION('',(#1756),#1760);
#1756 = LINE('',#1757,#1758);
#1757 = CARTESIAN_POINT('',(0.,0.));
#1758 = VECTOR('',#1759,1.);
#1759 = DIRECTION('',(-1.387778780781E-17,-1.));
#1760 = ( GEOMETRIC_REPRESENTATION_CONTEXT(2) 
PARAMETRIC_REPRESENTATION_CONTEXT() REPRESENTATION_CONTEXT('2D SPACE',''
  ) );
#1761 = PCURVE('',#1516,#1762);
#1762 = DEFINITIONAL_REPRESENTATION('',(#1763),#1767);
#1763 = LINE('',#1764,#1765);
#1764 = CARTESIAN_POINT('',(3.138004145394,0.));
#1765 = VECTOR('',#1766,1.);
#1766 = DIRECTION('',(0.,-1.));
#1767 = ( GEOMETRIC_REPRESENTATION_CONTEXT(2) 
PARAMETRIC_REPRESENTATION_CONTEXT() REPRESENTATION_CONTEXT('2D SPACE',''
  ) );
#1768 = ORIENTED_EDGE('',*,*,#1769,.T.);
#1769 = EDGE_CURVE('',#1747,#1770,#1772,.T.);
#1770 = VERTEX_POINT('',#1771);
#1771 = CARTESIAN_POINT('',(15.262093916704,1.652571607365,
    41.580135141102));
#1772 = SURFACE_CURVE('',#1773,(#1777,#1784),.PCURVE_S1.);
#1773 = LINE('',#1774,#1775);
#1774 = CARTESIAN_POINT('',(17.480997927303,1.343759855477,
    39.382825351803));
#1775 = VECTOR('',#1776,1.);
#1776 = DIRECTION('',(-0.707106781187,9.841024344762E-02,0.7002252666));
#1777 = PCURVE('',#738,#1778);
#1778 = DEFINITIONAL_REPRESENTATION('',(#1779),#1783);
#1779 = LINE('',#1780,#1781);
#1780 = CARTESIAN_POINT('',(7.549516567451E-15,-36.));
#1781 = VECTOR('',#1782,1.);
#1782 = DIRECTION('',(1.,0.));
#1783 = ( GEOMETRIC_REPRESENTATION_CONTEXT(2) 
PARAMETRIC_REPRESENTATION_CONTEXT() REPRESENTATION_CONTEXT('2D SPACE',''
  ) );
#1784 = PCURVE('',#1390,#1785);
#1785 = DEFINITIONAL_REPRESENTATION('',(#1786),#1790);
#1786 = LINE('',#1787,#1788);
#1787 = CARTESIAN_POINT('',(-1.569002072697,3.787906083296));
#1788 = VECTOR('',#1789,1.);
#1789 = DIRECTION('',(-0.707106781187,-0.707106781187));
#1790 = ( GEOMETRIC_REPRESENTATION_CONTEXT(2) 
PARAMETRIC_REPRESENTATION_CONTEXT() REPRESENTATION_CONTEXT('2D SPACE',''
  ) );
#1791 = ORIENTED_EDGE('',*,*,#1792,.F.);
#1792 = EDGE_CURVE('',#695,#1770,#1793,.T.);
#1793 = SURFACE_CURVE('',#1794,(#1798,#1805),.PCURVE_S1.);
#1794 = LINE('',#1795,#1796);
#1795 = CARTESIAN_POINT('',(15.262093916704,-33.99707886733,
    46.590366775664));
#1796 = VECTOR('',#1797,1.);
#1797 = DIRECTION('',(0.,0.990268068742,-0.13917310096));
#1798 = PCURVE('',#738,#1799);
#1799 = DEFINITIONAL_REPRESENTATION('',(#1800),#1804);
#1800 = LINE('',#1801,#1802);
#1801 = CARTESIAN_POINT('',(3.138004145394,9.436895709314E-16));
#1802 = VECTOR('',#1803,1.);
#1803 = DIRECTION('',(-1.387778780781E-17,-1.));
#1804 = ( GEOMETRIC_REPRESENTATION_CONTEXT(2) 
PARAMETRIC_REPRESENTATION_CONTEXT() REPRESENTATION_CONTEXT('2D SPACE',''
  ) );
#1805 = PCURVE('',#710,#1806);
#1806 = DEFINITIONAL_REPRESENTATION('',(#1807),#1811);
#1807 = LINE('',#1808,#1809);
#1808 = CARTESIAN_POINT('',(0.,0.));
#1809 = VECTOR('',#1810,1.);
#1810 = DIRECTION('',(0.,-1.));
#1811 = ( GEOMETRIC_REPRESENTATION_CONTEXT(2) 
PARAMETRIC_REPRESENTATION_CONTEXT() REPRESENTATION_CONTEXT('2D SPACE',''
  ) );
#1812 = ADVANCED_FACE('',(#1813),#710,.F.);
#1813 = FACE_BOUND('',#1814,.F.);
#1814 = EDGE_LOOP('',(#1815,#1816,#1839,#1860));
#1815 = ORIENTED_EDGE('',*,*,#1792,.T.);
#1816 = ORIENTED_EDGE('',*,*,#1817,.T.);
#1817 = EDGE_CURVE('',#1770,#1818,#1820,.T.);
#1818 = VERTEX_POINT('',#1819);
#1819 = CARTESIAN_POINT('',(15.262093916704,2.089297375105,
    44.687600445864));
#1820 = SURFACE_CURVE('',#1821,(#1825,#1832),.PCURVE_S1.);
#1821 = LINE('',#1822,#1823);
#1822 = CARTESIAN_POINT('',(15.262093916704,1.652571607365,
    41.580135141102));
#1823 = VECTOR('',#1824,1.);
#1824 = DIRECTION('',(-1.415196377296E-16,0.13917310096,0.990268068742)
  );
#1825 = PCURVE('',#710,#1826);
#1826 = DEFINITIONAL_REPRESENTATION('',(#1827),#1831);
#1827 = LINE('',#1828,#1829);
#1828 = CARTESIAN_POINT('',(0.,-36.));
#1829 = VECTOR('',#1830,1.);
#1830 = DIRECTION('',(1.,0.));
#1831 = ( GEOMETRIC_REPRESENTATION_CONTEXT(2) 
PARAMETRIC_REPRESENTATION_CONTEXT() REPRESENTATION_CONTEXT('2D SPACE',''
  ) );
#1832 = PCURVE('',#1390,#1833);
#1833 = DEFINITIONAL_REPRESENTATION('',(#1834),#1838);
#1834 = LINE('',#1835,#1836);
#1835 = CARTESIAN_POINT('',(-3.787906083296,1.569002072697));
#1836 = VECTOR('',#1837,1.);
#1837 = DIRECTION('',(-1.415196377296E-16,-1.));
#1838 = ( GEOMETRIC_REPRESENTATION_CONTEXT(2) 
PARAMETRIC_REPRESENTATION_CONTEXT() REPRESENTATION_CONTEXT('2D SPACE',''
  ) );
#1839 = ORIENTED_EDGE('',*,*,#1840,.F.);
#1840 = EDGE_CURVE('',#672,#1818,#1841,.T.);
#1841 = SURFACE_CURVE('',#1842,(#1846,#1853),.PCURVE_S1.);
#1842 = LINE('',#1843,#1844);
#1843 = CARTESIAN_POINT('',(15.262093916704,-33.56035309959,
    49.697832080426));
#1844 = VECTOR('',#1845,1.);
#1845 = DIRECTION('',(0.,0.990268068742,-0.13917310096));
#1846 = PCURVE('',#710,#1847);
#1847 = DEFINITIONAL_REPRESENTATION('',(#1848),#1852);
#1848 = LINE('',#1849,#1850);
#1849 = CARTESIAN_POINT('',(3.138004145394,2.775557561563E-16));
#1850 = VECTOR('',#1851,1.);
#1851 = DIRECTION('',(0.,-1.));
#1852 = ( GEOMETRIC_REPRESENTATION_CONTEXT(2) 
PARAMETRIC_REPRESENTATION_CONTEXT() REPRESENTATION_CONTEXT('2D SPACE',''
  ) );
#1853 = PCURVE('',#100,#1854);
#1854 = DEFINITIONAL_REPRESENTATION('',(#1855),#1859);
#1855 = LINE('',#1856,#1857);
#1856 = CARTESIAN_POINT('',(0.,0.));
#1857 = VECTOR('',#1858,1.);
#1858 = DIRECTION('',(0.,-1.));
#1859 = ( GEOMETRIC_REPRESENTATION_CONTEXT(2) 
PARAMETRIC_REPRESENTATION_CONTEXT() REPRESENTATION_CONTEXT('2D SPACE',''
  ) );
#1860 = ORIENTED_EDGE('',*,*,#694,.F.);
#1861 = ADVANCED_FACE('',(#1862),#100,.F.);
#1862 = FACE_BOUND('',#1863,.F.);
#1863 = EDGE_LOOP('',(#1864,#1865,#1866,#1889,#1912,#1935,#1958,#1979));
#1864 = ORIENTED_EDGE('',*,*,#671,.F.);
#1865 = ORIENTED_EDGE('',*,*,#1840,.T.);
#1866 = ORIENTED_EDGE('',*,*,#1867,.T.);
#1867 = EDGE_CURVE('',#1818,#1868,#1870,.T.);
#1868 = VERTEX_POINT('',#1869);
#1869 = CARTESIAN_POINT('',(17.480997927303,2.398109126993,
    46.884910235163));
#1870 = SURFACE_CURVE('',#1871,(#1875,#1882),.PCURVE_S1.);
#1871 = LINE('',#1872,#1873);
#1872 = CARTESIAN_POINT('',(15.262093916704,2.089297375105,
    44.687600445864));
#1873 = VECTOR('',#1874,1.);
#1874 = DIRECTION('',(0.707106781187,9.841024344762E-02,0.7002252666));
#1875 = PCURVE('',#100,#1876);
#1876 = DEFINITIONAL_REPRESENTATION('',(#1877),#1881);
#1877 = LINE('',#1878,#1879);
#1878 = CARTESIAN_POINT('',(-2.6645352591E-15,-36.));
#1879 = VECTOR('',#1880,1.);
#1880 = DIRECTION('',(1.,0.));
#1881 = ( GEOMETRIC_REPRESENTATION_CONTEXT(2) 
PARAMETRIC_REPRESENTATION_CONTEXT() REPRESENTATION_CONTEXT('2D SPACE',''
  ) );
#1882 = PCURVE('',#1390,#1883);
#1883 = DEFINITIONAL_REPRESENTATION('',(#1884),#1888);
#1884 = LINE('',#1885,#1886);
#1885 = CARTESIAN_POINT('',(-3.787906083296,-1.569002072697));
#1886 = VECTOR('',#1887,1.);
#1887 = DIRECTION('',(0.707106781187,-0.707106781187));
#1888 = ( GEOMETRIC_REPRESENTATION_CONTEXT(2) 
PARAMETRIC_REPRESENTATION_CONTEXT() REPRESENTATION_CONTEXT('2D SPACE',''
  ) );
#1889 = ORIENTED_EDGE('',*,*,#1890,.F.);
#1890 = EDGE_CURVE('',#1891,#1868,#1893,.T.);
#1891 = VERTEX_POINT('',#1892);
#1892 = CARTESIAN_POINT('',(17.480997927303,-3.345445671709,
    47.692114220732));
#1893 = SURFACE_CURVE('',#1894,(#1898,#1905),.PCURVE_S1.);
#1894 = LINE('',#1895,#1896);
#1895 = CARTESIAN_POINT('',(17.480997927303,-33.2515413477,
    51.895141869725));
#1896 = VECTOR('',#1897,1.);
#1897 = DIRECTION('',(0.,0.990268068742,-0.13917310096));
#1898 = PCURVE('',#100,#1899);
#1899 = DEFINITIONAL_REPRESENTATION('',(#1900),#1904);
#1900 = LINE('',#1901,#1902);
#1901 = CARTESIAN_POINT('',(3.138004145394,-5.551115123126E-17));
#1902 = VECTOR('',#1903,1.);
#1903 = DIRECTION('',(0.,-1.));
#1904 = ( GEOMETRIC_REPRESENTATION_CONTEXT(2) 
PARAMETRIC_REPRESENTATION_CONTEXT() REPRESENTATION_CONTEXT('2D SPACE',''
  ) );
#1905 = PCURVE('',#1362,#1906);
#1906 = DEFINITIONAL_REPRESENTATION('',(#1907),#1911);
#1907 = LINE('',#1908,#1909);
#1908 = CARTESIAN_POINT('',(0.,0.));
#1909 = VECTOR('',#1910,1.);
#1910 = DIRECTION('',(0.,-1.));
#1911 = ( GEOMETRIC_REPRESENTATION_CONTEXT(2) 
PARAMETRIC_REPRESENTATION_CONTEXT() REPRESENTATION_CONTEXT('2D SPACE',''
  ) );
#1912 = ORIENTED_EDGE('',*,*,#1913,.F.);
#1913 = EDGE_CURVE('',#1914,#1891,#1916,.T.);
#1914 = VERTEX_POINT('',#1915);
#1915 = CARTESIAN_POINT('',(16.35,-3.502850160431,46.57212308751));
#1916 = SURFACE_CURVE('',#1917,(#1921,#1928),.PCURVE_S1.);
#1917 = LINE('',#1918,#1919);
#1918 = CARTESIAN_POINT('',(16.391819919354,-3.497029952572,
    46.613536018284));
#1919 = VECTOR('',#1920,1.);
#1920 = DIRECTION('',(0.707106781187,9.841024344762E-02,0.7002252666));
#1921 = PCURVE('',#100,#1922);
#1922 = DEFINITIONAL_REPRESENTATION('',(#1923),#1927);
#1923 = LINE('',#1924,#1925);
#1924 = CARTESIAN_POINT('',(1.597673834713,-30.2));
#1925 = VECTOR('',#1926,1.);
#1926 = DIRECTION('',(1.,0.));
#1927 = ( GEOMETRIC_REPRESENTATION_CONTEXT(2) 
PARAMETRIC_REPRESENTATION_CONTEXT() REPRESENTATION_CONTEXT('2D SPACE',''
  ) );
#1928 = PCURVE('',#1334,#1929);
#1929 = DEFINITIONAL_REPRESENTATION('',(#1930),#1934);
#1930 = LINE('',#1931,#1932);
#1931 = CARTESIAN_POINT('',(4.181991935357E-02,2.301271924653));
#1932 = VECTOR('',#1933,1.);
#1933 = DIRECTION('',(0.707106781187,-0.707106781187));
#1934 = ( GEOMETRIC_REPRESENTATION_CONTEXT(2) 
PARAMETRIC_REPRESENTATION_CONTEXT() REPRESENTATION_CONTEXT('2D SPACE',''
  ) );
#1935 = ORIENTED_EDGE('',*,*,#1936,.T.);
#1936 = EDGE_CURVE('',#1914,#1937,#1939,.T.);
#1937 = VERTEX_POINT('',#1938);
#1938 = CARTESIAN_POINT('',(16.35,-6.869761594152,47.045311630775));
#1939 = SURFACE_CURVE('',#1940,(#1944,#1951),.PCURVE_S1.);
#1940 = LINE('',#1941,#1942);
#1941 = CARTESIAN_POINT('',(16.35,-20.13935371528,48.910231183639));
#1942 = VECTOR('',#1943,1.);
#1943 = DIRECTION('',(0.,-0.990268068742,0.13917310096));
#1944 = PCURVE('',#100,#1945);
#1945 = DEFINITIONAL_REPRESENTATION('',(#1946),#1950);
#1946 = LINE('',#1947,#1948);
#1947 = CARTESIAN_POINT('',(1.538531537586,-13.4));
#1948 = VECTOR('',#1949,1.);
#1949 = DIRECTION('',(0.,1.));
#1950 = ( GEOMETRIC_REPRESENTATION_CONTEXT(2) 
PARAMETRIC_REPRESENTATION_CONTEXT() REPRESENTATION_CONTEXT('2D SPACE',''
  ) );
#1951 = PCURVE('',#1711,#1952);
#1952 = DEFINITIONAL_REPRESENTATION('',(#1953),#1957);
#1953 = LINE('',#1954,#1955);
#1954 = CARTESIAN_POINT('',(-13.4,-2.343091844007));
#1955 = VECTOR('',#1956,1.);
#1956 = DIRECTION('',(-1.,0.));
#1957 = ( GEOMETRIC_REPRESENTATION_CONTEXT(2) 
PARAMETRIC_REPRESENTATION_CONTEXT() REPRESENTATION_CONTEXT('2D SPACE',''
  ) );
#1958 = ORIENTED_EDGE('',*,*,#1959,.T.);
#1959 = EDGE_CURVE('',#1937,#85,#1960,.T.);
#1960 = SURFACE_CURVE('',#1961,(#1965,#1972),.PCURVE_S1.);
#1961 = LINE('',#1962,#1963);
#1962 = CARTESIAN_POINT('',(16.391819919354,-6.863941386294,
    47.086724561548));
#1963 = VECTOR('',#1964,1.);
#1964 = DIRECTION('',(0.707106781187,9.841024344762E-02,0.7002252666));
#1965 = PCURVE('',#100,#1966);
#1966 = DEFINITIONAL_REPRESENTATION('',(#1967),#1971);
#1967 = LINE('',#1968,#1969);
#1968 = CARTESIAN_POINT('',(1.597673834713,-26.8));
#1969 = VECTOR('',#1970,1.);
#1970 = DIRECTION('',(1.,0.));
#1971 = ( GEOMETRIC_REPRESENTATION_CONTEXT(2) 
PARAMETRIC_REPRESENTATION_CONTEXT() REPRESENTATION_CONTEXT('2D SPACE',''
  ) );
#1972 = PCURVE('',#128,#1973);
#1973 = DEFINITIONAL_REPRESENTATION('',(#1974),#1978);
#1974 = LINE('',#1975,#1976);
#1975 = CARTESIAN_POINT('',(4.181991935357E-02,2.301271924653));
#1976 = VECTOR('',#1977,1.);
#1977 = DIRECTION('',(0.707106781187,-0.707106781187));
#1978 = ( GEOMETRIC_REPRESENTATION_CONTEXT(2) 
PARAMETRIC_REPRESENTATION_CONTEXT() REPRESENTATION_CONTEXT('2D SPACE',''
  ) );
#1979 = ORIENTED_EDGE('',*,*,#84,.F.);
#1980 = ADVANCED_FACE('',(#1981),#128,.T.);
#1981 = FACE_BOUND('',#1982,.T.);
#1982 = EDGE_LOOP('',(#1983,#2004,#2005,#2006,#2007,#2028,#2029,#2030));
#1983 = ORIENTED_EDGE('',*,*,#1984,.F.);
#1984 = EDGE_CURVE('',#1937,#1673,#1985,.T.);
#1985 = SURFACE_CURVE('',#1986,(#1990,#1997),.PCURVE_S1.);
#1986 = LINE('',#1987,#1988);
#1987 = CARTESIAN_POINT('',(16.35,-6.543666236387,49.365600666023));
#1988 = VECTOR('',#1989,1.);
#1989 = DIRECTION('',(0.,-0.13917310096,-0.990268068742));
#1990 = PCURVE('',#128,#1991);
#1991 = DEFINITIONAL_REPRESENTATION('',(#1992),#1996);
#1992 = LINE('',#1993,#1994);
#1993 = CARTESIAN_POINT('',(0.,0.));
#1994 = VECTOR('',#1995,1.);
#1995 = DIRECTION('',(0.,1.));
#1996 = ( GEOMETRIC_REPRESENTATION_CONTEXT(2) 
PARAMETRIC_REPRESENTATION_CONTEXT() REPRESENTATION_CONTEXT('2D SPACE',''
  ) );
#1997 = PCURVE('',#1711,#1998);
#1998 = DEFINITIONAL_REPRESENTATION('',(#1999),#2003);
#1999 = LINE('',#2000,#2001);
#2000 = CARTESIAN_POINT('',(0.,0.));
#2001 = VECTOR('',#2002,1.);
#2002 = DIRECTION('',(0.,-1.));
#2003 = ( GEOMETRIC_REPRESENTATION_CONTEXT(2) 
PARAMETRIC_REPRESENTATION_CONTEXT() REPRESENTATION_CONTEXT('2D SPACE',''
  ) );
#2004 = ORIENTED_EDGE('',*,*,#1959,.T.);
#2005 = ORIENTED_EDGE('',*,*,#112,.T.);
#2006 = ORIENTED_EDGE('',*,*,#1267,.T.);
#2007 = ORIENTED_EDGE('',*,*,#2008,.T.);
#2008 = EDGE_CURVE('',#1268,#1552,#2009,.T.);
#2009 = SURFACE_CURVE('',#2010,(#2014,#2021),.PCURVE_S1.);
#2010 = LINE('',#2011,#2012);
#2011 = CARTESIAN_POINT('',(21.75,-6.543666236387,49.365600666023));
#2012 = VECTOR('',#2013,1.);
#2013 = DIRECTION('',(0.,-0.13917310096,-0.990268068742));
#2014 = PCURVE('',#128,#2015);
#2015 = DEFINITIONAL_REPRESENTATION('',(#2016),#2020);
#2016 = LINE('',#2017,#2018);
#2017 = CARTESIAN_POINT('',(5.4,0.));
#2018 = VECTOR('',#2019,1.);
#2019 = DIRECTION('',(0.,1.));
#2020 = ( GEOMETRIC_REPRESENTATION_CONTEXT(2) 
PARAMETRIC_REPRESENTATION_CONTEXT() REPRESENTATION_CONTEXT('2D SPACE',''
  ) );
#2021 = PCURVE('',#1306,#2022);
#2022 = DEFINITIONAL_REPRESENTATION('',(#2023),#2027);
#2023 = LINE('',#2024,#2025);
#2024 = CARTESIAN_POINT('',(0.,0.));
#2025 = VECTOR('',#2026,1.);
#2026 = DIRECTION('',(0.,-1.));
#2027 = ( GEOMETRIC_REPRESENTATION_CONTEXT(2) 
PARAMETRIC_REPRESENTATION_CONTEXT() REPRESENTATION_CONTEXT('2D SPACE',''
  ) );
#2028 = ORIENTED_EDGE('',*,*,#1574,.T.);
#2029 = ORIENTED_EDGE('',*,*,#1623,.T.);
#2030 = ORIENTED_EDGE('',*,*,#1672,.T.);
#2031 = ADVANCED_FACE('',(#2032),#1390,.T.);
#2032 = FACE_BOUND('',#2033,.T.);
#2033 = EDGE_LOOP('',(#2034,#2035,#2056,#2057,#2058,#2059,#2080,#2081));
#2034 = ORIENTED_EDGE('',*,*,#1477,.T.);
#2035 = ORIENTED_EDGE('',*,*,#2036,.T.);
#2036 = EDGE_CURVE('',#1478,#1747,#2037,.T.);
#2037 = SURFACE_CURVE('',#2038,(#2042,#2049),.PCURVE_S1.);
#2038 = LINE('',#2039,#2040);
#2039 = CARTESIAN_POINT('',(20.619002072697,1.343759855477,
    39.382825351803));
#2040 = VECTOR('',#2041,1.);
#2041 = DIRECTION('',(-1.,0.,0.));
#2042 = PCURVE('',#1390,#2043);
#2043 = DEFINITIONAL_REPRESENTATION('',(#2044),#2048);
#2044 = LINE('',#2045,#2046);
#2045 = CARTESIAN_POINT('',(1.569002072697,3.787906083296));
#2046 = VECTOR('',#2047,1.);
#2047 = DIRECTION('',(-1.,-0.));
#2048 = ( GEOMETRIC_REPRESENTATION_CONTEXT(2) 
PARAMETRIC_REPRESENTATION_CONTEXT() REPRESENTATION_CONTEXT('2D SPACE',''
  ) );
#2049 = PCURVE('',#1516,#2050);
#2050 = DEFINITIONAL_REPRESENTATION('',(#2051),#2055);
#2051 = LINE('',#2052,#2053);
#2052 = CARTESIAN_POINT('',(0.,-36.));
#2053 = VECTOR('',#2054,1.);
#2054 = DIRECTION('',(1.,0.));
#2055 = ( GEOMETRIC_REPRESENTATION_CONTEXT(2) 
PARAMETRIC_REPRESENTATION_CONTEXT() REPRESENTATION_CONTEXT('2D SPACE',''
  ) );
#2056 = ORIENTED_EDGE('',*,*,#1769,.T.);
#2057 = ORIENTED_EDGE('',*,*,#1817,.T.);
#2058 = ORIENTED_EDGE('',*,*,#1867,.T.);
#2059 = ORIENTED_EDGE('',*,*,#2060,.T.);
#2060 = EDGE_CURVE('',#1868,#1347,#2061,.T.);
#2061 = SURFACE_CURVE('',#2062,(#2066,#2073),.PCURVE_S1.);
#2062 = LINE('',#2063,#2064);
#2063 = CARTESIAN_POINT('',(17.480997927303,2.398109126993,
    46.884910235163));
#2064 = VECTOR('',#2065,1.);
#2065 = DIRECTION('',(1.,1.969572682957E-17,1.401423783435E-16));
#2066 = PCURVE('',#1390,#2067);
#2067 = DEFINITIONAL_REPRESENTATION('',(#2068),#2072);
#2068 = LINE('',#2069,#2070);
#2069 = CARTESIAN_POINT('',(-1.569002072697,-3.787906083296));
#2070 = VECTOR('',#2071,1.);
#2071 = DIRECTION('',(1.,-1.415196377296E-16));
#2072 = ( GEOMETRIC_REPRESENTATION_CONTEXT(2) 
PARAMETRIC_REPRESENTATION_CONTEXT() REPRESENTATION_CONTEXT('2D SPACE',''
  ) );
#2073 = PCURVE('',#1362,#2074);
#2074 = DEFINITIONAL_REPRESENTATION('',(#2075),#2079);
#2075 = LINE('',#2076,#2077);
#2076 = CARTESIAN_POINT('',(0.,-36.));
#2077 = VECTOR('',#2078,1.);
#2078 = DIRECTION('',(1.,0.));
#2079 = ( GEOMETRIC_REPRESENTATION_CONTEXT(2) 
PARAMETRIC_REPRESENTATION_CONTEXT() REPRESENTATION_CONTEXT('2D SPACE',''
  ) );
#2080 = ORIENTED_EDGE('',*,*,#1374,.T.);
#2081 = ORIENTED_EDGE('',*,*,#1427,.T.);
#2082 = ADVANCED_FACE('',(#2083),#1362,.F.);
#2083 = FACE_BOUND('',#2084,.F.);
#2084 = EDGE_LOOP('',(#2085,#2106,#2107,#2108));
#2085 = ORIENTED_EDGE('',*,*,#2086,.F.);
#2086 = EDGE_CURVE('',#1891,#1319,#2087,.T.);
#2087 = SURFACE_CURVE('',#2088,(#2092,#2099),.PCURVE_S1.);
#2088 = LINE('',#2089,#2090);
#2089 = CARTESIAN_POINT('',(16.915498963652,-3.345445671709,
    47.692114220732));
#2090 = VECTOR('',#2091,1.);
#2091 = DIRECTION('',(1.,1.969572682957E-17,1.401423783435E-16));
#2092 = PCURVE('',#1362,#2093);
#2093 = DEFINITIONAL_REPRESENTATION('',(#2094),#2098);
#2094 = LINE('',#2095,#2096);
#2095 = CARTESIAN_POINT('',(-0.565498963652,-30.2));
#2096 = VECTOR('',#2097,1.);
#2097 = DIRECTION('',(1.,0.));
#2098 = ( GEOMETRIC_REPRESENTATION_CONTEXT(2) 
PARAMETRIC_REPRESENTATION_CONTEXT() REPRESENTATION_CONTEXT('2D SPACE',''
  ) );
#2099 = PCURVE('',#1334,#2100);
#2100 = DEFINITIONAL_REPRESENTATION('',(#2101),#2105);
#2101 = LINE('',#2102,#2103);
#2102 = CARTESIAN_POINT('',(0.565498963652,1.212093916704));
#2103 = VECTOR('',#2104,1.);
#2104 = DIRECTION('',(1.,-1.415196377296E-16));
#2105 = ( GEOMETRIC_REPRESENTATION_CONTEXT(2) 
PARAMETRIC_REPRESENTATION_CONTEXT() REPRESENTATION_CONTEXT('2D SPACE',''
  ) );
#2106 = ORIENTED_EDGE('',*,*,#1890,.T.);
#2107 = ORIENTED_EDGE('',*,*,#2060,.T.);
#2108 = ORIENTED_EDGE('',*,*,#1346,.F.);
#2109 = ADVANCED_FACE('',(#2110),#1334,.F.);
#2110 = FACE_BOUND('',#2111,.F.);
#2111 = EDGE_LOOP('',(#2112,#2133,#2134,#2135,#2136,#2157,#2158,#2179));
#2112 = ORIENTED_EDGE('',*,*,#2113,.F.);
#2113 = EDGE_CURVE('',#1914,#1696,#2114,.T.);
#2114 = SURFACE_CURVE('',#2115,(#2119,#2126),.PCURVE_S1.);
#2115 = LINE('',#2116,#2117);
#2116 = CARTESIAN_POINT('',(16.35,-3.176754802666,48.892412122759));
#2117 = VECTOR('',#2118,1.);
#2118 = DIRECTION('',(0.,-0.13917310096,-0.990268068742));
#2119 = PCURVE('',#1334,#2120);
#2120 = DEFINITIONAL_REPRESENTATION('',(#2121),#2125);
#2121 = LINE('',#2122,#2123);
#2122 = CARTESIAN_POINT('',(0.,0.));
#2123 = VECTOR('',#2124,1.);
#2124 = DIRECTION('',(0.,1.));
#2125 = ( GEOMETRIC_REPRESENTATION_CONTEXT(2) 
PARAMETRIC_REPRESENTATION_CONTEXT() REPRESENTATION_CONTEXT('2D SPACE',''
  ) );
#2126 = PCURVE('',#1711,#2127);
#2127 = DEFINITIONAL_REPRESENTATION('',(#2128),#2132);
#2128 = LINE('',#2129,#2130);
#2129 = CARTESIAN_POINT('',(3.4,3.885780586188E-16));
#2130 = VECTOR('',#2131,1.);
#2131 = DIRECTION('',(0.,-1.));
#2132 = ( GEOMETRIC_REPRESENTATION_CONTEXT(2) 
PARAMETRIC_REPRESENTATION_CONTEXT() REPRESENTATION_CONTEXT('2D SPACE',''
  ) );
#2133 = ORIENTED_EDGE('',*,*,#1913,.T.);
#2134 = ORIENTED_EDGE('',*,*,#2086,.T.);
#2135 = ORIENTED_EDGE('',*,*,#1318,.T.);
#2136 = ORIENTED_EDGE('',*,*,#2137,.T.);
#2137 = EDGE_CURVE('',#1291,#1529,#2138,.T.);
#2138 = SURFACE_CURVE('',#2139,(#2143,#2150),.PCURVE_S1.);
#2139 = LINE('',#2140,#2141);
#2140 = CARTESIAN_POINT('',(21.75,-3.176754802666,48.892412122759));
#2141 = VECTOR('',#2142,1.);
#2142 = DIRECTION('',(0.,-0.13917310096,-0.990268068742));
#2143 = PCURVE('',#1334,#2144);
#2144 = DEFINITIONAL_REPRESENTATION('',(#2145),#2149);
#2145 = LINE('',#2146,#2147);
#2146 = CARTESIAN_POINT('',(5.4,0.));
#2147 = VECTOR('',#2148,1.);
#2148 = DIRECTION('',(0.,1.));
#2149 = ( GEOMETRIC_REPRESENTATION_CONTEXT(2) 
PARAMETRIC_REPRESENTATION_CONTEXT() REPRESENTATION_CONTEXT('2D SPACE',''
  ) );
#2150 = PCURVE('',#1306,#2151);
#2151 = DEFINITIONAL_REPRESENTATION('',(#2152),#2156);
#2152 = LINE('',#2153,#2154);
#2153 = CARTESIAN_POINT('',(3.4,3.885780586188E-16));
#2154 = VECTOR('',#2155,1.);
#2155 = DIRECTION('',(0.,-1.));
#2156 = ( GEOMETRIC_REPRESENTATION_CONTEXT(2) 
PARAMETRIC_REPRESENTATION_CONTEXT() REPRESENTATION_CONTEXT('2D SPACE',''
  ) );
#2157 = ORIENTED_EDGE('',*,*,#1528,.T.);
#2158 = ORIENTED_EDGE('',*,*,#2159,.T.);
#2159 = EDGE_CURVE('',#1501,#1724,#2160,.T.);
#2160 = SURFACE_CURVE('',#2161,(#2165,#2172),.PCURVE_S1.);
#2161 = LINE('',#2162,#2163);
#2162 = CARTESIAN_POINT('',(18.484501036348,-4.399794943224,
    40.190029337371));
#2163 = VECTOR('',#2164,1.);
#2164 = DIRECTION('',(-1.,0.,0.));
#2165 = PCURVE('',#1334,#2166);
#2166 = DEFINITIONAL_REPRESENTATION('',(#2167),#2171);
#2167 = LINE('',#2168,#2169);
#2168 = CARTESIAN_POINT('',(2.134501036348,8.787906083296));
#2169 = VECTOR('',#2170,1.);
#2170 = DIRECTION('',(-1.,-0.));
#2171 = ( GEOMETRIC_REPRESENTATION_CONTEXT(2) 
PARAMETRIC_REPRESENTATION_CONTEXT() REPRESENTATION_CONTEXT('2D SPACE',''
  ) );
#2172 = PCURVE('',#1516,#2173);
#2173 = DEFINITIONAL_REPRESENTATION('',(#2174),#2178);
#2174 = LINE('',#2175,#2176);
#2175 = CARTESIAN_POINT('',(2.134501036348,-30.2));
#2176 = VECTOR('',#2177,1.);
#2177 = DIRECTION('',(1.,0.));
#2178 = ( GEOMETRIC_REPRESENTATION_CONTEXT(2) 
PARAMETRIC_REPRESENTATION_CONTEXT() REPRESENTATION_CONTEXT('2D SPACE',''
  ) );
#2179 = ORIENTED_EDGE('',*,*,#1723,.T.);
#2180 = ADVANCED_FACE('',(#2181),#1306,.F.);
#2181 = FACE_BOUND('',#2182,.F.);
#2182 = EDGE_LOOP('',(#2183,#2184,#2185,#2186));
#2183 = ORIENTED_EDGE('',*,*,#2137,.F.);
#2184 = ORIENTED_EDGE('',*,*,#1290,.T.);
#2185 = ORIENTED_EDGE('',*,*,#2008,.T.);
#2186 = ORIENTED_EDGE('',*,*,#1551,.T.);
#2187 = ADVANCED_FACE('',(#2188),#1516,.F.);
#2188 = FACE_BOUND('',#2189,.F.);
#2189 = EDGE_LOOP('',(#2190,#2191,#2192,#2193));
#2190 = ORIENTED_EDGE('',*,*,#2159,.F.);
#2191 = ORIENTED_EDGE('',*,*,#1500,.T.);
#2192 = ORIENTED_EDGE('',*,*,#2036,.T.);
#2193 = ORIENTED_EDGE('',*,*,#1746,.F.);
#2194 = ADVANCED_FACE('',(#2195),#1711,.T.);
#2195 = FACE_BOUND('',#2196,.T.);
#2196 = EDGE_LOOP('',(#2197,#2198,#2199,#2200));
#2197 = ORIENTED_EDGE('',*,*,#2113,.F.);
#2198 = ORIENTED_EDGE('',*,*,#1936,.T.);
#2199 = ORIENTED_EDGE('',*,*,#1984,.T.);
#2200 = ORIENTED_EDGE('',*,*,#1695,.T.);
#2201 = ( GEOMETRIC_REPRESENTATION_CONTEXT(3) 
GLOBAL_UNCERTAINTY_ASSIGNED_CONTEXT((#2205)) 
GLOBAL_UNIT_ASSIGNED_CONTEXT((#2202,#2203,#2204)) REPRESENTATION_CONTEXT
('Context #1','3D Context with UNIT and UNCERTAINTY') );
#2202 = ( LENGTH_UNIT() NAMED_UNIT(*) SI_UNIT(.MILLI.,.METRE.) );
#2203 = ( NAMED_UNIT(*) PLANE_ANGLE_UNIT() SI_UNIT($,.RADIAN.) );
#2204 = ( NAMED_UNIT(*) SI_UNIT($,.STERADIAN.) SOLID_ANGLE_UNIT() );
#2205 = UNCERTAINTY_MEASURE_WITH_UNIT(LENGTH_MEASURE(1.E-07),#2202,
  'distance_accuracy_value','confusion accuracy');
#2206 = PRODUCT_RELATED_PRODUCT_CATEGORY('part',$,(#7));
ENDSEC;
END-ISO-10303-21;
