ISO-10303-21;
HEADER;
FILE_DESCRIPTION(('Open CASCADE Model'),'2;1');
FILE_NAME('Open CASCADE Shape Model','2026-09-18T06:46:39',('Author'),(
    'Open CASCADE'),'Open CASCADE STEP processor 7.9','Open CASCADE 7.9'
  ,'Unknown');
FILE_SCHEMA(('AUTOMOTIVE_DESIGN { 1 0 10303 214 1 1 1 1 }'));
ENDSEC;
DATA;
#1 = APPLICATION_PROTOCOL_DEFINITION('international standard',
  'automotive_design',2000,#2);
#2 = APPLICATION_CONTEXT(
  'core data for automotive mechanical design processes');
#3 = SHAPE_DEFINITION_REPRESENTATION(#4,#10);
#4 = PRODUCT_DEFINITION_SHAPE('','',#5);
#5 = PRODUCT_DEFINITION('design','',#6,#9);
#6 = PRODUCT_DEFINITION_FORMATION('','',#7);
#7 = PRODUCT('Open CASCADE STEP translator 7.9 2',
  'Open CASCADE STEP translator 7.9 2','',(#8));
#8 = PRODUCT_CONTEXT('',#2,'mechanical');
#9 = PRODUCT_DEFINITION_CONTEXT('part definition',#2,'design');
#10 = ADVANCED_BREP_SHAPE_REPRESENTATION('',(#11,#15),#4041);
#11 = AXIS2_PLACEMENT_3D('',#12,#13,#14);
#12 = CARTESIAN_POINT('',(0.,0.,0.));
#13 = DIRECTION('',(0.,0.,1.));
#14 = DIRECTION('',(1.,0.,-0.));
#15 = MANIFOLD_SOLID_BREP('',#16);
#16 = CLOSED_SHELL('',(#17,#168,#1542,#1591,#1640,#2735,#2789,#2836,
    #2863,#2890,#2897,#2927,#2954,#2981,#3008,#3035,#3062,#3089,#3116,
    #3143,#3170,#3197,#3224,#3251,#3278,#3305,#3332,#3359,#3386,#3413,
    #3440,#3467,#3494,#3521,#3548,#3575,#3602,#3629,#3656,#3683,#3710,
    #3737,#3764,#3791,#3818,#3845,#3872,#3899,#3926,#3953,#3980,#4007,
    #4034));
#17 = ADVANCED_FACE('',(#18,#137),#32,.F.);
#18 = FACE_BOUND('',#19,.F.);
#19 = EDGE_LOOP('',(#20,#55,#83,#111));
#20 = ORIENTED_EDGE('',*,*,#21,.F.);
#21 = EDGE_CURVE('',#22,#24,#26,.T.);
#22 = VERTEX_POINT('',#23);
#23 = CARTESIAN_POINT('',(0.,-33.53516575129,40.536163881235));
#24 = VERTEX_POINT('',#25);
#25 = CARTESIAN_POINT('',(0.,-18.05617767967,38.3607339773));
#26 = SURFACE_CURVE('',#27,(#31,#43),.PCURVE_S1.);
#27 = LINE('',#28,#29);
#28 = CARTESIAN_POINT('',(0.,-33.53516575129,40.536163881235));
#29 = VECTOR('',#30,1.);
#30 = DIRECTION('',(0.,0.990268068742,-0.13917310096));
#31 = PCURVE('',#32,#37);
#32 = PLANE('',#33);
#33 = AXIS2_PLACEMENT_3D('',#34,#35,#36);
#34 = CARTESIAN_POINT('',(0.,-33.53516575129,40.536163881235));
#35 = DIRECTION('',(0.,0.13917310096,0.990268068742));
#36 = DIRECTION('',(0.,0.990268068742,-0.13917310096));
#37 = DEFINITIONAL_REPRESENTATION('',(#38),#42);
#38 = LINE('',#39,#40);
#39 = CARTESIAN_POINT('',(0.,0.));
#40 = VECTOR('',#41,1.);
#41 = DIRECTION('',(1.,0.));
#42 = ( GEOMETRIC_REPRESENTATION_CONTEXT(2) 
PARAMETRIC_REPRESENTATION_CONTEXT() REPRESENTATION_CONTEXT('2D SPACE',''
  ) );
#43 = PCURVE('',#44,#49);
#44 = PLANE('',#45);
#45 = AXIS2_PLACEMENT_3D('',#46,#47,#48);
#46 = CARTESIAN_POINT('',(0.,-9.903352846103,44.788635963898));
#47 = DIRECTION('',(1.,0.,0.));
#48 = DIRECTION('',(0.,0.13917310096,0.990268068742));
#49 = DEFINITIONAL_REPRESENTATION('',(#50),#54);
#50 = LINE('',#51,#52);
#51 = CARTESIAN_POINT('',(-7.5,22.81));
#52 = VECTOR('',#53,1.);
#53 = DIRECTION('',(0.,-1.));
#54 = ( GEOMETRIC_REPRESENTATION_CONTEXT(2) 
PARAMETRIC_REPRESENTATION_CONTEXT() REPRESENTATION_CONTEXT('2D SPACE',''
  ) );
#55 = ORIENTED_EDGE('',*,*,#56,.T.);
#56 = EDGE_CURVE('',#22,#57,#59,.T.);
#57 = VERTEX_POINT('',#58);
#58 = CARTESIAN_POINT('',(38.1,-33.53516575129,40.536163881235));
#59 = SURFACE_CURVE('',#60,(#64,#71),.PCURVE_S1.);
#60 = LINE('',#61,#62);
#61 = CARTESIAN_POINT('',(0.,-33.53516575129,40.536163881235));
#62 = VECTOR('',#63,1.);
#63 = DIRECTION('',(1.,0.,0.));
#64 = PCURVE('',#32,#65);
#65 = DEFINITIONAL_REPRESENTATION('',(#66),#70);
#66 = LINE('',#67,#68);
#67 = CARTESIAN_POINT('',(0.,0.));
#68 = VECTOR('',#69,1.);
#69 = DIRECTION('',(0.,-1.));
#70 = ( GEOMETRIC_REPRESENTATION_CONTEXT(2) 
PARAMETRIC_REPRESENTATION_CONTEXT() REPRESENTATION_CONTEXT('2D SPACE',''
  ) );
#71 = PCURVE('',#72,#77);
#72 = PLANE('',#73);
#73 = AXIS2_PLACEMENT_3D('',#74,#75,#76);
#74 = CARTESIAN_POINT('',(0.,-31.44756923689,55.390184912359));
#75 = DIRECTION('',(0.,0.990268068742,-0.13917310096));
#76 = DIRECTION('',(0.,-0.13917310096,-0.990268068742));
#77 = DEFINITIONAL_REPRESENTATION('',(#78),#82);
#78 = LINE('',#79,#80);
#79 = CARTESIAN_POINT('',(15.,0.));
#80 = VECTOR('',#81,1.);
#81 = DIRECTION('',(0.,-1.));
#82 = ( GEOMETRIC_REPRESENTATION_CONTEXT(2) 
PARAMETRIC_REPRESENTATION_CONTEXT() REPRESENTATION_CONTEXT('2D SPACE',''
  ) );
#83 = ORIENTED_EDGE('',*,*,#84,.T.);
#84 = EDGE_CURVE('',#57,#85,#87,.T.);
#85 = VERTEX_POINT('',#86);
#86 = CARTESIAN_POINT('',(38.1,-18.05617767967,38.3607339773));
#87 = SURFACE_CURVE('',#88,(#92,#99),.PCURVE_S1.);
#88 = LINE('',#89,#90);
#89 = CARTESIAN_POINT('',(38.1,-33.53516575129,40.536163881235));
#90 = VECTOR('',#91,1.);
#91 = DIRECTION('',(0.,0.990268068742,-0.13917310096));
#92 = PCURVE('',#32,#93);
#93 = DEFINITIONAL_REPRESENTATION('',(#94),#98);
#94 = LINE('',#95,#96);
#95 = CARTESIAN_POINT('',(0.,-38.1));
#96 = VECTOR('',#97,1.);
#97 = DIRECTION('',(1.,0.));
#98 = ( GEOMETRIC_REPRESENTATION_CONTEXT(2) 
PARAMETRIC_REPRESENTATION_CONTEXT() REPRESENTATION_CONTEXT('2D SPACE',''
  ) );
#99 = PCURVE('',#100,#105);
#100 = PLANE('',#101);
#101 = AXIS2_PLACEMENT_3D('',#102,#103,#104);
#102 = CARTESIAN_POINT('',(38.1,-9.903352846103,44.788635963898));
#103 = DIRECTION('',(1.,0.,0.));
#104 = DIRECTION('',(0.,0.13917310096,0.990268068742));
#105 = DEFINITIONAL_REPRESENTATION('',(#106),#110);
#106 = LINE('',#107,#108);
#107 = CARTESIAN_POINT('',(-7.5,22.81));
#108 = VECTOR('',#109,1.);
#109 = DIRECTION('',(0.,-1.));
#110 = ( GEOMETRIC_REPRESENTATION_CONTEXT(2) 
PARAMETRIC_REPRESENTATION_CONTEXT() REPRESENTATION_CONTEXT('2D SPACE',''
  ) );
#111 = ORIENTED_EDGE('',*,*,#112,.F.);
#112 = EDGE_CURVE('',#24,#85,#113,.T.);
#113 = SURFACE_CURVE('',#114,(#118,#125),.PCURVE_S1.);
#114 = LINE('',#115,#116);
#115 = CARTESIAN_POINT('',(0.,-18.05617767967,38.3607339773));
#116 = VECTOR('',#117,1.);
#117 = DIRECTION('',(1.,0.,0.));
#118 = PCURVE('',#32,#119);
#119 = DEFINITIONAL_REPRESENTATION('',(#120),#124);
#120 = LINE('',#121,#122);
#121 = CARTESIAN_POINT('',(15.631108949416,0.));
#122 = VECTOR('',#123,1.);
#123 = DIRECTION('',(0.,-1.));
#124 = ( GEOMETRIC_REPRESENTATION_CONTEXT(2) 
PARAMETRIC_REPRESENTATION_CONTEXT() REPRESENTATION_CONTEXT('2D SPACE',''
  ) );
#125 = PCURVE('',#126,#131);
#126 = PLANE('',#127);
#127 = AXIS2_PLACEMENT_3D('',#128,#129,#130);
#128 = CARTESIAN_POINT('',(0.,-22.09476158014,31.152647621295));
#129 = DIRECTION('',(0.,-0.872399936597,0.48879274813));
#130 = DIRECTION('',(0.,0.48879274813,0.872399936597));
#131 = DEFINITIONAL_REPRESENTATION('',(#132),#136);
#132 = LINE('',#133,#134);
#133 = CARTESIAN_POINT('',(8.262364603234,0.));
#134 = VECTOR('',#135,1.);
#135 = DIRECTION('',(0.,-1.));
#136 = ( GEOMETRIC_REPRESENTATION_CONTEXT(2) 
PARAMETRIC_REPRESENTATION_CONTEXT() REPRESENTATION_CONTEXT('2D SPACE',''
  ) );
#137 = FACE_BOUND('',#138,.F.);
#138 = EDGE_LOOP('',(#139));
#139 = ORIENTED_EDGE('',*,*,#140,.F.);
#140 = EDGE_CURVE('',#141,#141,#143,.T.);
#141 = VERTEX_POINT('',#142);
#142 = CARTESIAN_POINT('',(23.25,-27.59355733884,39.701125275475));
#143 = SURFACE_CURVE('',#144,(#149,#156),.PCURVE_S1.);
#144 = CIRCLE('',#145,4.2);
#145 = AXIS2_PLACEMENT_3D('',#146,#147,#148);
#146 = CARTESIAN_POINT('',(19.05,-27.59355733884,39.701125275475));
#147 = DIRECTION('',(0.,0.13917310096,0.990268068742));
#148 = DIRECTION('',(1.,0.,-0.));
#149 = PCURVE('',#32,#150);
#150 = DEFINITIONAL_REPRESENTATION('',(#151),#155);
#151 = CIRCLE('',#152,4.2);
#152 = AXIS2_PLACEMENT_2D('',#153,#154);
#153 = CARTESIAN_POINT('',(6.,-19.05));
#154 = DIRECTION('',(0.,-1.));
#155 = ( GEOMETRIC_REPRESENTATION_CONTEXT(2) 
PARAMETRIC_REPRESENTATION_CONTEXT() REPRESENTATION_CONTEXT('2D SPACE',''
  ) );
#156 = PCURVE('',#157,#162);
#157 = CYLINDRICAL_SURFACE('',#158,4.2);
#158 = AXIS2_PLACEMENT_3D('',#159,#160,#161);
#159 = CARTESIAN_POINT('',(19.05,-29.26363455037,27.817908450576));
#160 = DIRECTION('',(0.,0.13917310096,0.990268068742));
#161 = DIRECTION('',(1.,0.,0.));
#162 = DEFINITIONAL_REPRESENTATION('',(#163),#167);
#163 = LINE('',#164,#165);
#164 = CARTESIAN_POINT('',(0.,12.));
#165 = VECTOR('',#166,1.);
#166 = DIRECTION('',(1.,0.));
#167 = ( GEOMETRIC_REPRESENTATION_CONTEXT(2) 
PARAMETRIC_REPRESENTATION_CONTEXT() REPRESENTATION_CONTEXT('2D SPACE',''
  ) );
#168 = ADVANCED_FACE('',(#169),#44,.F.);
#169 = FACE_BOUND('',#170,.F.);
#170 = EDGE_LOOP('',(#171,#201,#229,#257,#285,#313,#341,#369,#397,#425,
    #453,#481,#509,#537,#565,#593,#621,#649,#677,#705,#733,#761,#789,
    #817,#845,#873,#901,#929,#957,#985,#1013,#1041,#1069,#1097,#1125,
    #1153,#1181,#1209,#1237,#1265,#1298,#1326,#1359,#1387,#1415,#1436,
    #1437,#1460,#1488,#1516));
#171 = ORIENTED_EDGE('',*,*,#172,.T.);
#172 = EDGE_CURVE('',#173,#175,#177,.T.);
#173 = VERTEX_POINT('',#174);
#174 = CARTESIAN_POINT('',(0.,11.640863544692,34.187087015437));
#175 = VERTEX_POINT('',#176);
#176 = CARTESIAN_POINT('',(0.,13.728460059093,49.041108046561));
#177 = SURFACE_CURVE('',#178,(#182,#189),.PCURVE_S1.);
#178 = LINE('',#179,#180);
#179 = CARTESIAN_POINT('',(0.,11.640863544692,34.187087015437));
#180 = VECTOR('',#181,1.);
#181 = DIRECTION('',(0.,0.13917310096,0.990268068742));
#182 = PCURVE('',#44,#183);
#183 = DEFINITIONAL_REPRESENTATION('',(#184),#188);
#184 = LINE('',#185,#186);
#185 = CARTESIAN_POINT('',(-7.5,-22.81));
#186 = VECTOR('',#187,1.);
#187 = DIRECTION('',(1.,0.));
#188 = ( GEOMETRIC_REPRESENTATION_CONTEXT(2) 
PARAMETRIC_REPRESENTATION_CONTEXT() REPRESENTATION_CONTEXT('2D SPACE',''
  ) );
#189 = PCURVE('',#190,#195);
#190 = PLANE('',#191);
#191 = AXIS2_PLACEMENT_3D('',#192,#193,#194);
#192 = CARTESIAN_POINT('',(0.,11.640863544692,34.187087015437));
#193 = DIRECTION('',(0.,-0.990268068742,0.13917310096));
#194 = DIRECTION('',(0.,0.13917310096,0.990268068742));
#195 = DEFINITIONAL_REPRESENTATION('',(#196),#200);
#196 = LINE('',#197,#198);
#197 = CARTESIAN_POINT('',(0.,0.));
#198 = VECTOR('',#199,1.);
#199 = DIRECTION('',(1.,0.));
#200 = ( GEOMETRIC_REPRESENTATION_CONTEXT(2) 
PARAMETRIC_REPRESENTATION_CONTEXT() REPRESENTATION_CONTEXT('2D SPACE',''
  ) );
#201 = ORIENTED_EDGE('',*,*,#202,.T.);
#202 = EDGE_CURVE('',#175,#203,#205,.T.);
#203 = VERTEX_POINT('',#204);
#204 = CARTESIAN_POINT('',(0.,5.935050358097,50.136400351116));
#205 = SURFACE_CURVE('',#206,(#210,#217),.PCURVE_S1.);
#206 = LINE('',#207,#208);
#207 = CARTESIAN_POINT('',(0.,13.728460059093,49.041108046561));
#208 = VECTOR('',#209,1.);
#209 = DIRECTION('',(0.,-0.990268068742,0.13917310096));
#210 = PCURVE('',#44,#211);
#211 = DEFINITIONAL_REPRESENTATION('',(#212),#216);
#212 = LINE('',#213,#214);
#213 = CARTESIAN_POINT('',(7.5,-22.81));
#214 = VECTOR('',#215,1.);
#215 = DIRECTION('',(0.,1.));
#216 = ( GEOMETRIC_REPRESENTATION_CONTEXT(2) 
PARAMETRIC_REPRESENTATION_CONTEXT() REPRESENTATION_CONTEXT('2D SPACE',''
  ) );
#217 = PCURVE('',#218,#223);
#218 = PLANE('',#219);
#219 = AXIS2_PLACEMENT_3D('',#220,#221,#222);
#220 = CARTESIAN_POINT('',(0.,13.728460059093,49.041108046561));
#221 = DIRECTION('',(0.,-0.13917310096,-0.990268068742));
#222 = DIRECTION('',(0.,-0.990268068742,0.13917310096));
#223 = DEFINITIONAL_REPRESENTATION('',(#224),#228);
#224 = LINE('',#225,#226);
#225 = CARTESIAN_POINT('',(0.,0.));
#226 = VECTOR('',#227,1.);
#227 = DIRECTION('',(1.,0.));
#228 = ( GEOMETRIC_REPRESENTATION_CONTEXT(2) 
PARAMETRIC_REPRESENTATION_CONTEXT() REPRESENTATION_CONTEXT('2D SPACE',''
  ) );
#229 = ORIENTED_EDGE('',*,*,#230,.T.);
#230 = EDGE_CURVE('',#203,#231,#233,.T.);
#231 = VERTEX_POINT('',#232);
#232 = CARTESIAN_POINT('',(0.,6.397751065962,53.428686958384));
#233 = SURFACE_CURVE('',#234,(#238,#245),.PCURVE_S1.);
#234 = LINE('',#235,#236);
#235 = CARTESIAN_POINT('',(0.,5.656704156177,48.155864213633));
#236 = VECTOR('',#237,1.);
#237 = DIRECTION('',(0.,0.13917310096,0.990268068742));
#238 = PCURVE('',#44,#239);
#239 = DEFINITIONAL_REPRESENTATION('',(#240),#244);
#240 = LINE('',#241,#242);
#241 = CARTESIAN_POINT('',(5.5,-14.94));
#242 = VECTOR('',#243,1.);
#243 = DIRECTION('',(1.,0.));
#244 = ( GEOMETRIC_REPRESENTATION_CONTEXT(2) 
PARAMETRIC_REPRESENTATION_CONTEXT() REPRESENTATION_CONTEXT('2D SPACE',''
  ) );
#245 = PCURVE('',#246,#251);
#246 = PLANE('',#247);
#247 = AXIS2_PLACEMENT_3D('',#248,#249,#250);
#248 = CARTESIAN_POINT('',(0.,5.656704156177,48.155864213633));
#249 = DIRECTION('',(0.,-0.990268068742,0.13917310096));
#250 = DIRECTION('',(0.,0.13917310096,0.990268068742));
#251 = DEFINITIONAL_REPRESENTATION('',(#252),#256);
#252 = LINE('',#253,#254);
#253 = CARTESIAN_POINT('',(0.,0.));
#254 = VECTOR('',#255,1.);
#255 = DIRECTION('',(1.,0.));
#256 = ( GEOMETRIC_REPRESENTATION_CONTEXT(2) 
PARAMETRIC_REPRESENTATION_CONTEXT() REPRESENTATION_CONTEXT('2D SPACE',''
  ) );
#257 = ORIENTED_EDGE('',*,*,#258,.F.);
#258 = EDGE_CURVE('',#259,#231,#261,.T.);
#259 = VERTEX_POINT('',#260);
#260 = CARTESIAN_POINT('',(0.,3.497286419658,52.909638929347));
#261 = SURFACE_CURVE('',#262,(#266,#273),.PCURVE_S1.);
#262 = LINE('',#263,#264);
#263 = CARTESIAN_POINT('',(0.,3.497286419658,52.909638929347));
#264 = VECTOR('',#265,1.);
#265 = DIRECTION('',(0.,0.984362439258,0.176155011786));
#266 = PCURVE('',#44,#267);
#267 = DEFINITIONAL_REPRESENTATION('',(#268),#272);
#268 = LINE('',#269,#270);
#269 = CARTESIAN_POINT('',(9.906978444303,-12.14));
#270 = VECTOR('',#271,1.);
#271 = DIRECTION('',(0.311437456461,-0.950266652426));
#272 = ( GEOMETRIC_REPRESENTATION_CONTEXT(2) 
PARAMETRIC_REPRESENTATION_CONTEXT() REPRESENTATION_CONTEXT('2D SPACE',''
  ) );
#273 = PCURVE('',#274,#279);
#274 = PLANE('',#275);
#275 = AXIS2_PLACEMENT_3D('',#276,#277,#278);
#276 = CARTESIAN_POINT('',(0.,6.397751065962,53.428686958384));
#277 = DIRECTION('',(0.,0.176155011786,-0.984362439258));
#278 = DIRECTION('',(0.,-0.984362439258,-0.176155011786));
#279 = DEFINITIONAL_REPRESENTATION('',(#280),#284);
#280 = LINE('',#281,#282);
#281 = CARTESIAN_POINT('',(2.946541365891,0.));
#282 = VECTOR('',#283,1.);
#283 = DIRECTION('',(-1.,0.));
#284 = ( GEOMETRIC_REPRESENTATION_CONTEXT(2) 
PARAMETRIC_REPRESENTATION_CONTEXT() REPRESENTATION_CONTEXT('2D SPACE',''
  ) );
#285 = ORIENTED_EDGE('',*,*,#286,.T.);
#286 = EDGE_CURVE('',#259,#287,#289,.T.);
#287 = VERTEX_POINT('',#288);
#288 = CARTESIAN_POINT('',(0.,3.29011040842,52.872564318646));
#289 = SURFACE_CURVE('',#290,(#294,#301),.PCURVE_S1.);
#290 = LINE('',#291,#292);
#291 = CARTESIAN_POINT('',(0.,3.497286419658,52.909638929347));
#292 = VECTOR('',#293,1.);
#293 = DIRECTION('',(0.,-0.984362638856,-0.176153896421));
#294 = PCURVE('',#44,#295);
#295 = DEFINITIONAL_REPRESENTATION('',(#296),#300);
#296 = LINE('',#297,#298);
#297 = CARTESIAN_POINT('',(9.906978444303,-12.14));
#298 = VECTOR('',#299,1.);
#299 = DIRECTION('',(-0.311436379729,0.95026700531));
#300 = ( GEOMETRIC_REPRESENTATION_CONTEXT(2) 
PARAMETRIC_REPRESENTATION_CONTEXT() REPRESENTATION_CONTEXT('2D SPACE',''
  ) );
#301 = PCURVE('',#302,#307);
#302 = PLANE('',#303);
#303 = AXIS2_PLACEMENT_3D('',#304,#305,#306);
#304 = CARTESIAN_POINT('',(0.,3.497286419658,52.909638929347));
#305 = DIRECTION('',(0.,0.176153896421,-0.984362638856));
#306 = DIRECTION('',(0.,-0.984362638856,-0.176153896421));
#307 = DEFINITIONAL_REPRESENTATION('',(#308),#312);
#308 = LINE('',#309,#310);
#309 = CARTESIAN_POINT('',(0.,0.));
#310 = VECTOR('',#311,1.);
#311 = DIRECTION('',(1.,0.));
#312 = ( GEOMETRIC_REPRESENTATION_CONTEXT(2) 
PARAMETRIC_REPRESENTATION_CONTEXT() REPRESENTATION_CONTEXT('2D SPACE',''
  ) );
#313 = ORIENTED_EDGE('',*,*,#314,.F.);
#314 = EDGE_CURVE('',#315,#287,#317,.T.);
#315 = VERTEX_POINT('',#316);
#316 = CARTESIAN_POINT('',(0.,2.461406395176,52.72426610145));
#317 = SURFACE_CURVE('',#318,(#322,#329),.PCURVE_S1.);
#318 = LINE('',#319,#320);
#319 = CARTESIAN_POINT('',(0.,2.461406395176,52.72426610145));
#320 = VECTOR('',#321,1.);
#321 = DIRECTION('',(0.,0.984362684156,0.176153643281));
#322 = PCURVE('',#44,#323);
#323 = DEFINITIONAL_REPRESENTATION('',(#324),#328);
#324 = LINE('',#325,#326);
#325 = CARTESIAN_POINT('',(9.579243016794,-11.14));
#326 = VECTOR('',#327,1.);
#327 = DIRECTION('',(0.311436135357,-0.9502670854));
#328 = ( GEOMETRIC_REPRESENTATION_CONTEXT(2) 
PARAMETRIC_REPRESENTATION_CONTEXT() REPRESENTATION_CONTEXT('2D SPACE',''
  ) );
#329 = PCURVE('',#330,#335);
#330 = PLANE('',#331);
#331 = AXIS2_PLACEMENT_3D('',#332,#333,#334);
#332 = CARTESIAN_POINT('',(0.,3.29011040842,52.872564318646));
#333 = DIRECTION('',(0.,0.176153643281,-0.984362684156));
#334 = DIRECTION('',(0.,-0.984362684156,-0.176153643281));
#335 = DEFINITIONAL_REPRESENTATION('',(#336),#340);
#336 = LINE('',#337,#338);
#337 = CARTESIAN_POINT('',(0.841868578099,0.));
#338 = VECTOR('',#339,1.);
#339 = DIRECTION('',(-1.,0.));
#340 = ( GEOMETRIC_REPRESENTATION_CONTEXT(2) 
PARAMETRIC_REPRESENTATION_CONTEXT() REPRESENTATION_CONTEXT('2D SPACE',''
  ) );
#341 = ORIENTED_EDGE('',*,*,#342,.T.);
#342 = EDGE_CURVE('',#315,#343,#345,.T.);
#343 = VERTEX_POINT('',#344);
#344 = CARTESIAN_POINT('',(0.,2.254272476163,52.687490992495));
#345 = SURFACE_CURVE('',#346,(#350,#357),.PCURVE_S1.);
#346 = LINE('',#347,#348);
#347 = CARTESIAN_POINT('',(0.,2.461406395176,52.72426610145));
#348 = VECTOR('',#349,1.);
#349 = DIRECTION('',(0.,-0.984602374838,-0.174808934166));
#350 = PCURVE('',#44,#351);
#351 = DEFINITIONAL_REPRESENTATION('',(#352),#356);
#352 = LINE('',#353,#354);
#353 = CARTESIAN_POINT('',(9.579243016794,-11.14));
#354 = VECTOR('',#355,1.);
#355 = DIRECTION('',(-0.310137871354,0.950691590765));
#356 = ( GEOMETRIC_REPRESENTATION_CONTEXT(2) 
PARAMETRIC_REPRESENTATION_CONTEXT() REPRESENTATION_CONTEXT('2D SPACE',''
  ) );
#357 = PCURVE('',#358,#363);
#358 = PLANE('',#359);
#359 = AXIS2_PLACEMENT_3D('',#360,#361,#362);
#360 = CARTESIAN_POINT('',(0.,2.461406395176,52.72426610145));
#361 = DIRECTION('',(0.,0.174808934166,-0.984602374838));
#362 = DIRECTION('',(0.,-0.984602374838,-0.174808934166));
#363 = DEFINITIONAL_REPRESENTATION('',(#364),#368);
#364 = LINE('',#365,#366);
#365 = CARTESIAN_POINT('',(0.,0.));
#366 = VECTOR('',#367,1.);
#367 = DIRECTION('',(1.,0.));
#368 = ( GEOMETRIC_REPRESENTATION_CONTEXT(2) 
PARAMETRIC_REPRESENTATION_CONTEXT() REPRESENTATION_CONTEXT('2D SPACE',''
  ) );
#369 = ORIENTED_EDGE('',*,*,#370,.T.);
#370 = EDGE_CURVE('',#343,#371,#373,.T.);
#371 = VERTEX_POINT('',#372);
#372 = CARTESIAN_POINT('',(0.,2.056191729336,52.715132550798));
#373 = SURFACE_CURVE('',#374,(#378,#385),.PCURVE_S1.);
#374 = LINE('',#375,#376);
#375 = CARTESIAN_POINT('',(0.,2.254272476163,52.687490992495));
#376 = VECTOR('',#377,1.);
#377 = DIRECTION('',(0.,-0.990403263582,0.138207725852));
#378 = PCURVE('',#44,#379);
#379 = DEFINITIONAL_REPRESENTATION('',(#380),#384);
#380 = LINE('',#381,#382);
#381 = CARTESIAN_POINT('',(9.513998330849,-10.94));
#382 = VECTOR('',#383,1.);
#383 = DIRECTION('',(-9.747956290271E-04,0.999999524887));
#384 = ( GEOMETRIC_REPRESENTATION_CONTEXT(2) 
PARAMETRIC_REPRESENTATION_CONTEXT() REPRESENTATION_CONTEXT('2D SPACE',''
  ) );
#385 = PCURVE('',#386,#391);
#386 = PLANE('',#387);
#387 = AXIS2_PLACEMENT_3D('',#388,#389,#390);
#388 = CARTESIAN_POINT('',(0.,2.254272476163,52.687490992495));
#389 = DIRECTION('',(0.,-0.138207725852,-0.990403263582));
#390 = DIRECTION('',(0.,-0.990403263582,0.138207725852));
#391 = DEFINITIONAL_REPRESENTATION('',(#392),#396);
#392 = LINE('',#393,#394);
#393 = CARTESIAN_POINT('',(0.,0.));
#394 = VECTOR('',#395,1.);
#395 = DIRECTION('',(1.,-0.));
#396 = ( GEOMETRIC_REPRESENTATION_CONTEXT(2) 
PARAMETRIC_REPRESENTATION_CONTEXT() REPRESENTATION_CONTEXT('2D SPACE',''
  ) );
#397 = ORIENTED_EDGE('',*,*,#398,.T.);
#398 = EDGE_CURVE('',#371,#399,#401,.T.);
#399 = VERTEX_POINT('',#400);
#400 = CARTESIAN_POINT('',(0.,1.863675755007,52.782369522849));
#401 = SURFACE_CURVE('',#402,(#406,#413),.PCURVE_S1.);
#402 = LINE('',#403,#404);
#403 = CARTESIAN_POINT('',(0.,2.056191729336,52.715132550798));
#404 = VECTOR('',#405,1.);
#405 = DIRECTION('',(0.,-0.944077748905,0.329722920074));
#406 = PCURVE('',#44,#407);
#407 = DEFINITIONAL_REPRESENTATION('',(#408),#412);
#408 = LINE('',#409,#410);
#409 = CARTESIAN_POINT('',(9.51380337163,-10.74));
#410 = VECTOR('',#411,1.);
#411 = DIRECTION('',(0.195123851419,0.980778610395));
#412 = ( GEOMETRIC_REPRESENTATION_CONTEXT(2) 
PARAMETRIC_REPRESENTATION_CONTEXT() REPRESENTATION_CONTEXT('2D SPACE',''
  ) );
#413 = PCURVE('',#414,#419);
#414 = PLANE('',#415);
#415 = AXIS2_PLACEMENT_3D('',#416,#417,#418);
#416 = CARTESIAN_POINT('',(0.,2.056191729336,52.715132550798));
#417 = DIRECTION('',(0.,-0.329722920074,-0.944077748905));
#418 = DIRECTION('',(0.,-0.944077748905,0.329722920074));
#419 = DEFINITIONAL_REPRESENTATION('',(#420),#424);
#420 = LINE('',#421,#422);
#421 = CARTESIAN_POINT('',(0.,0.));
#422 = VECTOR('',#423,1.);
#423 = DIRECTION('',(1.,0.));
#424 = ( GEOMETRIC_REPRESENTATION_CONTEXT(2) 
PARAMETRIC_REPRESENTATION_CONTEXT() REPRESENTATION_CONTEXT('2D SPACE',''
  ) );
#425 = ORIENTED_EDGE('',*,*,#426,.F.);
#426 = EDGE_CURVE('',#427,#399,#429,.T.);
#427 = VERTEX_POINT('',#428);
#428 = CARTESIAN_POINT('',(0.,1.480827293529,52.932379785515));
#429 = SURFACE_CURVE('',#430,(#434,#441),.PCURVE_S1.);
#430 = LINE('',#431,#432);
#431 = CARTESIAN_POINT('',(0.,1.480827293529,52.932379785515));
#432 = VECTOR('',#433,1.);
#433 = DIRECTION('',(0.,0.931077632892,-0.36482110894));
#434 = PCURVE('',#44,#435);
#435 = DEFINITIONAL_REPRESENTATION('',(#436),#440);
#436 = LINE('',#437,#438);
#437 = CARTESIAN_POINT('',(9.648861118479,-10.14));
#438 = VECTOR('',#439,1.);
#439 = DIRECTION('',(-0.231689733583,-0.972789734399));
#440 = ( GEOMETRIC_REPRESENTATION_CONTEXT(2) 
PARAMETRIC_REPRESENTATION_CONTEXT() REPRESENTATION_CONTEXT('2D SPACE',''
  ) );
#441 = PCURVE('',#442,#447);
#442 = PLANE('',#443);
#443 = AXIS2_PLACEMENT_3D('',#444,#445,#446);
#444 = CARTESIAN_POINT('',(0.,1.863675755007,52.782369522849));
#445 = DIRECTION('',(0.,-0.364821108941,-0.931077632892));
#446 = DIRECTION('',(0.,-0.931077632892,0.364821108941));
#447 = DEFINITIONAL_REPRESENTATION('',(#448),#452);
#448 = LINE('',#449,#450);
#449 = CARTESIAN_POINT('',(0.411188549648,0.));
#450 = VECTOR('',#451,1.);
#451 = DIRECTION('',(-1.,0.));
#452 = ( GEOMETRIC_REPRESENTATION_CONTEXT(2) 
PARAMETRIC_REPRESENTATION_CONTEXT() REPRESENTATION_CONTEXT('2D SPACE',''
  ) );
#453 = ORIENTED_EDGE('',*,*,#454,.T.);
#454 = EDGE_CURVE('',#427,#455,#457,.T.);
#455 = VERTEX_POINT('',#456);
#456 = CARTESIAN_POINT('',(0.,1.289730413694,53.009714139559));
#457 = SURFACE_CURVE('',#458,(#462,#469),.PCURVE_S1.);
#458 = LINE('',#459,#460);
#459 = CARTESIAN_POINT('',(0.,1.480827293529,52.932379785515));
#460 = VECTOR('',#461,1.);
#461 = DIRECTION('',(0.,-0.926971075837,0.375132809231));
#462 = PCURVE('',#44,#463);
#463 = DEFINITIONAL_REPRESENTATION('',(#464),#468);
#464 = LINE('',#465,#466);
#465 = CARTESIAN_POINT('',(9.648861118479,-10.14));
#466 = VECTOR('',#467,1.);
#467 = DIRECTION('',(0.242472603394,0.970158253381));
#468 = ( GEOMETRIC_REPRESENTATION_CONTEXT(2) 
PARAMETRIC_REPRESENTATION_CONTEXT() REPRESENTATION_CONTEXT('2D SPACE',''
  ) );
#469 = PCURVE('',#470,#475);
#470 = PLANE('',#471);
#471 = AXIS2_PLACEMENT_3D('',#472,#473,#474);
#472 = CARTESIAN_POINT('',(0.,1.480827293529,52.932379785515));
#473 = DIRECTION('',(0.,-0.375132809231,-0.926971075837));
#474 = DIRECTION('',(0.,-0.926971075837,0.375132809231));
#475 = DEFINITIONAL_REPRESENTATION('',(#476),#480);
#476 = LINE('',#477,#478);
#477 = CARTESIAN_POINT('',(0.,0.));
#478 = VECTOR('',#479,1.);
#479 = DIRECTION('',(1.,0.));
#480 = ( GEOMETRIC_REPRESENTATION_CONTEXT(2) 
PARAMETRIC_REPRESENTATION_CONTEXT() REPRESENTATION_CONTEXT('2D SPACE',''
  ) );
#481 = ORIENTED_EDGE('',*,*,#482,.F.);
#482 = EDGE_CURVE('',#483,#455,#485,.T.);
#483 = VERTEX_POINT('',#484);
#484 = CARTESIAN_POINT('',(0.,0.910882673038,53.188191010037));
#485 = SURFACE_CURVE('',#486,(#490,#497),.PCURVE_S1.);
#486 = LINE('',#487,#488);
#487 = CARTESIAN_POINT('',(0.,0.910882673038,53.188191010037));
#488 = VECTOR('',#489,1.);
#489 = DIRECTION('',(0.,0.904638692575,-0.426179347102));
#490 = PCURVE('',#44,#491);
#491 = DEFINITIONAL_REPRESENTATION('',(#492),#496);
#492 = LINE('',#493,#494);
#493 = CARTESIAN_POINT('',(9.82286184554,-9.54));
#494 = VECTOR('',#495,1.);
#495 = DIRECTION('',(-0.296130426898,-0.955147512306));
#496 = ( GEOMETRIC_REPRESENTATION_CONTEXT(2) 
PARAMETRIC_REPRESENTATION_CONTEXT() REPRESENTATION_CONTEXT('2D SPACE',''
  ) );
#497 = PCURVE('',#498,#503);
#498 = PLANE('',#499);
#499 = AXIS2_PLACEMENT_3D('',#500,#501,#502);
#500 = CARTESIAN_POINT('',(0.,1.289730413694,53.009714139559));
#501 = DIRECTION('',(0.,-0.426179347102,-0.904638692575));
#502 = DIRECTION('',(0.,-0.904638692575,0.426179347102));
#503 = DEFINITIONAL_REPRESENTATION('',(#504),#508);
#504 = LINE('',#505,#506);
#505 = CARTESIAN_POINT('',(0.418783480924,0.));
#506 = VECTOR('',#507,1.);
#507 = DIRECTION('',(-1.,0.));
#508 = ( GEOMETRIC_REPRESENTATION_CONTEXT(2) 
PARAMETRIC_REPRESENTATION_CONTEXT() REPRESENTATION_CONTEXT('2D SPACE',''
  ) );
#509 = ORIENTED_EDGE('',*,*,#510,.T.);
#510 = EDGE_CURVE('',#483,#511,#513,.T.);
#511 = VERTEX_POINT('',#512);
#512 = CARTESIAN_POINT('',(0.,0.722155583239,53.282387296354));
#513 = SURFACE_CURVE('',#514,(#518,#525),.PCURVE_S1.);
#514 = LINE('',#515,#516);
#515 = CARTESIAN_POINT('',(0.,0.910882673038,53.188191010037));
#516 = VECTOR('',#517,1.);
#517 = DIRECTION('',(0.,-0.89474415132,0.446579112453));
#518 = PCURVE('',#44,#519);
#519 = DEFINITIONAL_REPRESENTATION('',(#520),#524);
#520 = LINE('',#521,#522);
#521 = CARTESIAN_POINT('',(9.82286184554,-9.54));
#522 = VECTOR('',#523,1.);
#523 = DIRECTION('',(0.317708717124,0.948188362649));
#524 = ( GEOMETRIC_REPRESENTATION_CONTEXT(2) 
PARAMETRIC_REPRESENTATION_CONTEXT() REPRESENTATION_CONTEXT('2D SPACE',''
  ) );
#525 = PCURVE('',#526,#531);
#526 = PLANE('',#527);
#527 = AXIS2_PLACEMENT_3D('',#528,#529,#530);
#528 = CARTESIAN_POINT('',(0.,0.910882673038,53.188191010037));
#529 = DIRECTION('',(0.,-0.446579112453,-0.89474415132));
#530 = DIRECTION('',(0.,-0.89474415132,0.446579112453));
#531 = DEFINITIONAL_REPRESENTATION('',(#532),#536);
#532 = LINE('',#533,#534);
#533 = CARTESIAN_POINT('',(0.,0.));
#534 = VECTOR('',#535,1.);
#535 = DIRECTION('',(1.,0.));
#536 = ( GEOMETRIC_REPRESENTATION_CONTEXT(2) 
PARAMETRIC_REPRESENTATION_CONTEXT() REPRESENTATION_CONTEXT('2D SPACE',''
  ) );
#537 = ORIENTED_EDGE('',*,*,#538,.T.);
#538 = EDGE_CURVE('',#511,#539,#541,.T.);
#539 = VERTEX_POINT('',#540);
#540 = CARTESIAN_POINT('',(0.,0.534886820892,53.386960121666));
#541 = SURFACE_CURVE('',#542,(#546,#553),.PCURVE_S1.);
#542 = LINE('',#543,#544);
#543 = CARTESIAN_POINT('',(0.,0.722155583239,53.282387296354));
#544 = VECTOR('',#545,1.);
#545 = DIRECTION('',(0.,-0.873097038771,0.487546470493));
#546 = PCURVE('',#44,#547);
#547 = DEFINITIONAL_REPRESENTATION('',(#548),#552);
#548 = LINE('',#549,#550);
#549 = CARTESIAN_POINT('',(9.889875685751,-9.34));
#550 = VECTOR('',#551,1.);
#551 = DIRECTION('',(0.361290079432,0.932453472568));
#552 = ( GEOMETRIC_REPRESENTATION_CONTEXT(2) 
PARAMETRIC_REPRESENTATION_CONTEXT() REPRESENTATION_CONTEXT('2D SPACE',''
  ) );
#553 = PCURVE('',#554,#559);
#554 = PLANE('',#555);
#555 = AXIS2_PLACEMENT_3D('',#556,#557,#558);
#556 = CARTESIAN_POINT('',(0.,0.722155583239,53.282387296354));
#557 = DIRECTION('',(0.,-0.487546470493,-0.873097038771));
#558 = DIRECTION('',(0.,-0.873097038771,0.487546470493));
#559 = DEFINITIONAL_REPRESENTATION('',(#560),#564);
#560 = LINE('',#561,#562);
#561 = CARTESIAN_POINT('',(0.,0.));
#562 = VECTOR('',#563,1.);
#563 = DIRECTION('',(1.,0.));
#564 = ( GEOMETRIC_REPRESENTATION_CONTEXT(2) 
PARAMETRIC_REPRESENTATION_CONTEXT() REPRESENTATION_CONTEXT('2D SPACE',''
  ) );
#565 = ORIENTED_EDGE('',*,*,#566,.T.);
#566 = EDGE_CURVE('',#539,#567,#569,.T.);
#567 = VERTEX_POINT('',#568);
#568 = CARTESIAN_POINT('',(0.,0.347545408233,53.491016013151));
#569 = SURFACE_CURVE('',#570,(#574,#581),.PCURVE_S1.);
#570 = LINE('',#571,#572);
#571 = CARTESIAN_POINT('',(0.,0.534886820892,53.386960121666));
#572 = VECTOR('',#573,1.);
#573 = DIRECTION('',(0.,-0.874202183866,0.485562088433));
#574 = PCURVE('',#44,#575);
#575 = DEFINITIONAL_REPRESENTATION('',(#576),#580);
#576 = LINE('',#577,#578);
#577 = CARTESIAN_POINT('',(9.967368041147,-9.14));
#578 = VECTOR('',#579,1.);
#579 = DIRECTION('',(0.359171202772,0.933271689863));
#580 = ( GEOMETRIC_REPRESENTATION_CONTEXT(2) 
PARAMETRIC_REPRESENTATION_CONTEXT() REPRESENTATION_CONTEXT('2D SPACE',''
  ) );
#581 = PCURVE('',#582,#587);
#582 = PLANE('',#583);
#583 = AXIS2_PLACEMENT_3D('',#584,#585,#586);
#584 = CARTESIAN_POINT('',(0.,0.534886820892,53.386960121666));
#585 = DIRECTION('',(0.,-0.485562088433,-0.874202183866));
#586 = DIRECTION('',(0.,-0.874202183866,0.485562088433));
#587 = DEFINITIONAL_REPRESENTATION('',(#588),#592);
#588 = LINE('',#589,#590);
#589 = CARTESIAN_POINT('',(0.,0.));
#590 = VECTOR('',#591,1.);
#591 = DIRECTION('',(1.,0.));
#592 = ( GEOMETRIC_REPRESENTATION_CONTEXT(2) 
PARAMETRIC_REPRESENTATION_CONTEXT() REPRESENTATION_CONTEXT('2D SPACE',''
  ) );
#593 = ORIENTED_EDGE('',*,*,#594,.T.);
#594 = EDGE_CURVE('',#567,#595,#597,.T.);
#595 = VERTEX_POINT('',#596);
#596 = CARTESIAN_POINT('',(0.,0.161589214815,53.604928251679));
#597 = SURFACE_CURVE('',#598,(#602,#609),.PCURVE_S1.);
#598 = LINE('',#599,#600);
#599 = CARTESIAN_POINT('',(0.,0.347545408233,53.491016013151));
#600 = VECTOR('',#601,1.);
#601 = DIRECTION('',(0.,-0.852725676074,0.522358996634));
#602 = PCURVE('',#44,#603);
#603 = DEFINITIONAL_REPRESENTATION('',(#604),#608);
#604 = LINE('',#605,#606);
#605 = CARTESIAN_POINT('',(10.044338382511,-8.94));
#606 = VECTOR('',#607,1.);
#607 = DIRECTION('',(0.398598958179,0.917125329788));
#608 = ( GEOMETRIC_REPRESENTATION_CONTEXT(2) 
PARAMETRIC_REPRESENTATION_CONTEXT() REPRESENTATION_CONTEXT('2D SPACE',''
  ) );
#609 = PCURVE('',#610,#615);
#610 = PLANE('',#611);
#611 = AXIS2_PLACEMENT_3D('',#612,#613,#614);
#612 = CARTESIAN_POINT('',(0.,0.347545408233,53.491016013151));
#613 = DIRECTION('',(0.,-0.522358996634,-0.852725676074));
#614 = DIRECTION('',(0.,-0.852725676074,0.522358996634));
#615 = DEFINITIONAL_REPRESENTATION('',(#616),#620);
#616 = LINE('',#617,#618);
#617 = CARTESIAN_POINT('',(0.,0.));
#618 = VECTOR('',#619,1.);
#619 = DIRECTION('',(1.,0.));
#620 = ( GEOMETRIC_REPRESENTATION_CONTEXT(2) 
PARAMETRIC_REPRESENTATION_CONTEXT() REPRESENTATION_CONTEXT('2D SPACE',''
  ) );
#621 = ORIENTED_EDGE('',*,*,#622,.T.);
#622 = EDGE_CURVE('',#595,#623,#625,.T.);
#623 = VERTEX_POINT('',#624);
#624 = CARTESIAN_POINT('',(0.,-2.374528169522E-02,53.723264093561));
#625 = SURFACE_CURVE('',#626,(#630,#637),.PCURVE_S1.);
#626 = LINE('',#627,#628);
#627 = CARTESIAN_POINT('',(0.,0.161589214815,53.604928251679));
#628 = VECTOR('',#629,1.);
#629 = DIRECTION('',(0.,-0.842845420813,0.538155736394));
#630 = PCURVE('',#44,#631);
#631 = DEFINITIONAL_REPRESENTATION('',(#632),#636);
#632 = LINE('',#633,#634);
#633 = CARTESIAN_POINT('',(10.131261934883,-8.74));
#634 = VECTOR('',#635,1.);
#635 = DIRECTION('',(0.415617030917,0.90953970975));
#636 = ( GEOMETRIC_REPRESENTATION_CONTEXT(2) 
PARAMETRIC_REPRESENTATION_CONTEXT() REPRESENTATION_CONTEXT('2D SPACE',''
  ) );
#637 = PCURVE('',#638,#643);
#638 = PLANE('',#639);
#639 = AXIS2_PLACEMENT_3D('',#640,#641,#642);
#640 = CARTESIAN_POINT('',(0.,0.161589214815,53.604928251679));
#641 = DIRECTION('',(0.,-0.538155736394,-0.842845420813));
#642 = DIRECTION('',(0.,-0.842845420813,0.538155736394));
#643 = DEFINITIONAL_REPRESENTATION('',(#644),#648);
#644 = LINE('',#645,#646);
#645 = CARTESIAN_POINT('',(0.,0.));
#646 = VECTOR('',#647,1.);
#647 = DIRECTION('',(1.,0.));
#648 = ( GEOMETRIC_REPRESENTATION_CONTEXT(2) 
PARAMETRIC_REPRESENTATION_CONTEXT() REPRESENTATION_CONTEXT('2D SPACE',''
  ) );
#649 = ORIENTED_EDGE('',*,*,#650,.T.);
#650 = EDGE_CURVE('',#623,#651,#653,.T.);
#651 = VERTEX_POINT('',#652);
#652 = CARTESIAN_POINT('',(0.,-0.208755764721,53.843905411183));
#653 = SURFACE_CURVE('',#654,(#658,#665),.PCURVE_S1.);
#654 = LINE('',#655,#656);
#655 = CARTESIAN_POINT('',(0.,-2.374528169522E-02,53.723264093561));
#656 = VECTOR('',#657,1.);
#657 = DIRECTION('',(0.,-0.837647248433,0.546211577315));
#658 = PCURVE('',#44,#659);
#659 = DEFINITIONAL_REPRESENTATION('',(#660),#664);
#660 = LINE('',#661,#662);
#661 = CARTESIAN_POINT('',(10.222652563893,-8.54));
#662 = VECTOR('',#663,1.);
#663 = DIRECTION('',(0.424317918717,0.905513281987));
#664 = ( GEOMETRIC_REPRESENTATION_CONTEXT(2) 
PARAMETRIC_REPRESENTATION_CONTEXT() REPRESENTATION_CONTEXT('2D SPACE',''
  ) );
#665 = PCURVE('',#666,#671);
#666 = PLANE('',#667);
#667 = AXIS2_PLACEMENT_3D('',#668,#669,#670);
#668 = CARTESIAN_POINT('',(0.,-2.374528169522E-02,53.723264093561));
#669 = DIRECTION('',(0.,-0.546211577315,-0.837647248433));
#670 = DIRECTION('',(0.,-0.837647248433,0.546211577315));
#671 = DEFINITIONAL_REPRESENTATION('',(#672),#676);
#672 = LINE('',#673,#674);
#673 = CARTESIAN_POINT('',(0.,0.));
#674 = VECTOR('',#675,1.);
#675 = DIRECTION('',(1.,0.));
#676 = ( GEOMETRIC_REPRESENTATION_CONTEXT(2) 
PARAMETRIC_REPRESENTATION_CONTEXT() REPRESENTATION_CONTEXT('2D SPACE',''
  ) );
#677 = ORIENTED_EDGE('',*,*,#678,.T.);
#678 = EDGE_CURVE('',#651,#679,#681,.T.);
#679 = VERTEX_POINT('',#680);
#680 = CARTESIAN_POINT('',(0.,-0.391809509184,53.978469647124));
#681 = SURFACE_CURVE('',#682,(#686,#693),.PCURVE_S1.);
#682 = LINE('',#683,#684);
#683 = CARTESIAN_POINT('',(0.,-0.208755764721,53.843905411183));
#684 = VECTOR('',#685,1.);
#685 = DIRECTION('',(0.,-0.805722652,0.592293008615));
#686 = PCURVE('',#44,#687);
#687 = DEFINITIONAL_REPRESENTATION('',(#688),#692);
#688 = LINE('',#689,#690);
#689 = CARTESIAN_POINT('',(10.316371325872,-8.34));
#690 = VECTOR('',#691,1.);
#691 = DIRECTION('',(0.474393933777,0.880312669223));
#692 = ( GEOMETRIC_REPRESENTATION_CONTEXT(2) 
PARAMETRIC_REPRESENTATION_CONTEXT() REPRESENTATION_CONTEXT('2D SPACE',''
  ) );
#693 = PCURVE('',#694,#699);
#694 = PLANE('',#695);
#695 = AXIS2_PLACEMENT_3D('',#696,#697,#698);
#696 = CARTESIAN_POINT('',(0.,-0.208755764721,53.843905411183));
#697 = DIRECTION('',(0.,-0.592293008615,-0.805722652));
#698 = DIRECTION('',(0.,-0.805722652,0.592293008615));
#699 = DEFINITIONAL_REPRESENTATION('',(#700),#704);
#700 = LINE('',#701,#702);
#701 = CARTESIAN_POINT('',(0.,0.));
#702 = VECTOR('',#703,1.);
#703 = DIRECTION('',(1.,0.));
#704 = ( GEOMETRIC_REPRESENTATION_CONTEXT(2) 
PARAMETRIC_REPRESENTATION_CONTEXT() REPRESENTATION_CONTEXT('2D SPACE',''
  ) );
#705 = ORIENTED_EDGE('',*,*,#706,.T.);
#706 = EDGE_CURVE('',#679,#707,#709,.T.);
#707 = VERTEX_POINT('',#708);
#708 = CARTESIAN_POINT('',(0.,-0.574808575533,54.113422938066));
#709 = SURFACE_CURVE('',#710,(#714,#721),.PCURVE_S1.);
#710 = LINE('',#711,#712);
#711 = CARTESIAN_POINT('',(0.,-0.391809509184,53.978469647124));
#712 = VECTOR('',#713,1.);
#713 = DIRECTION('',(0.,-0.80482080848,0.593517873563));
#714 = PCURVE('',#44,#715);
#715 = DEFINITIONAL_REPRESENTATION('',(#716),#720);
#716 = LINE('',#717,#718);
#717 = CARTESIAN_POINT('',(10.424149834659,-8.14));
#718 = VECTOR('',#719,1.);
#719 = DIRECTION('',(0.475732390783,0.879590070635));
#720 = ( GEOMETRIC_REPRESENTATION_CONTEXT(2) 
PARAMETRIC_REPRESENTATION_CONTEXT() REPRESENTATION_CONTEXT('2D SPACE',''
  ) );
#721 = PCURVE('',#722,#727);
#722 = PLANE('',#723);
#723 = AXIS2_PLACEMENT_3D('',#724,#725,#726);
#724 = CARTESIAN_POINT('',(0.,-0.391809509184,53.978469647124));
#725 = DIRECTION('',(0.,-0.593517873563,-0.80482080848));
#726 = DIRECTION('',(0.,-0.80482080848,0.593517873563));
#727 = DEFINITIONAL_REPRESENTATION('',(#728),#732);
#728 = LINE('',#729,#730);
#729 = CARTESIAN_POINT('',(0.,0.));
#730 = VECTOR('',#731,1.);
#731 = DIRECTION('',(1.,0.));
#732 = ( GEOMETRIC_REPRESENTATION_CONTEXT(2) 
PARAMETRIC_REPRESENTATION_CONTEXT() REPRESENTATION_CONTEXT('2D SPACE',''
  ) );
#733 = ORIENTED_EDGE('',*,*,#734,.T.);
#734 = EDGE_CURVE('',#707,#735,#737,.T.);
#735 = VERTEX_POINT('',#736);
#736 = CARTESIAN_POINT('',(0.,-0.756293994277,54.259146391345));
#737 = SURFACE_CURVE('',#738,(#742,#749),.PCURVE_S1.);
#738 = LINE('',#739,#740);
#739 = CARTESIAN_POINT('',(0.,-0.574808575533,54.113422938066));
#740 = VECTOR('',#741,1.);
#741 = DIRECTION('',(0.,-0.77974603014,0.626095941914));
#742 = PCURVE('',#44,#743);
#743 = DEFINITIONAL_REPRESENTATION('',(#744),#748);
#744 = LINE('',#745,#746);
#745 = CARTESIAN_POINT('',(10.532321221915,-7.94));
#746 = VECTOR('',#747,1.);
#747 = DIRECTION('',(0.51148314627,0.85929330911));
#748 = ( GEOMETRIC_REPRESENTATION_CONTEXT(2) 
PARAMETRIC_REPRESENTATION_CONTEXT() REPRESENTATION_CONTEXT('2D SPACE',''
  ) );
#749 = PCURVE('',#750,#755);
#750 = PLANE('',#751);
#751 = AXIS2_PLACEMENT_3D('',#752,#753,#754);
#752 = CARTESIAN_POINT('',(0.,-0.574808575533,54.113422938066));
#753 = DIRECTION('',(0.,-0.626095941914,-0.77974603014));
#754 = DIRECTION('',(0.,-0.77974603014,0.626095941914));
#755 = DEFINITIONAL_REPRESENTATION('',(#756),#760);
#756 = LINE('',#757,#758);
#757 = CARTESIAN_POINT('',(0.,0.));
#758 = VECTOR('',#759,1.);
#759 = DIRECTION('',(1.,0.));
#760 = ( GEOMETRIC_REPRESENTATION_CONTEXT(2) 
PARAMETRIC_REPRESENTATION_CONTEXT() REPRESENTATION_CONTEXT('2D SPACE',''
  ) );
#761 = ORIENTED_EDGE('',*,*,#762,.T.);
#762 = EDGE_CURVE('',#735,#763,#765,.T.);
#763 = VERTEX_POINT('',#764);
#764 = CARTESIAN_POINT('',(0.,-0.936926358556,54.410939642537));
#765 = SURFACE_CURVE('',#766,(#770,#777),.PCURVE_S1.);
#766 = LINE('',#767,#768);
#767 = CARTESIAN_POINT('',(0.,-0.756293994277,54.259146391345));
#768 = VECTOR('',#769,1.);
#769 = DIRECTION('',(0.,-0.765575297717,0.643346301401));
#770 = PCURVE('',#44,#771);
#771 = DEFINITIONAL_REPRESENTATION('',(#772),#776);
#772 = LINE('',#773,#774);
#773 = CARTESIAN_POINT('',(10.651368616058,-7.74));
#774 = VECTOR('',#775,1.);
#775 = DIRECTION('',(0.530537811219,0.847661271303));
#776 = ( GEOMETRIC_REPRESENTATION_CONTEXT(2) 
PARAMETRIC_REPRESENTATION_CONTEXT() REPRESENTATION_CONTEXT('2D SPACE',''
  ) );
#777 = PCURVE('',#778,#783);
#778 = PLANE('',#779);
#779 = AXIS2_PLACEMENT_3D('',#780,#781,#782);
#780 = CARTESIAN_POINT('',(0.,-0.756293994277,54.259146391345));
#781 = DIRECTION('',(0.,-0.643346301401,-0.765575297717));
#782 = DIRECTION('',(0.,-0.765575297717,0.643346301401));
#783 = DEFINITIONAL_REPRESENTATION('',(#784),#788);
#784 = LINE('',#785,#786);
#785 = CARTESIAN_POINT('',(0.,0.));
#786 = VECTOR('',#787,1.);
#787 = DIRECTION('',(1.,0.));
#788 = ( GEOMETRIC_REPRESENTATION_CONTEXT(2) 
PARAMETRIC_REPRESENTATION_CONTEXT() REPRESENTATION_CONTEXT('2D SPACE',''
  ) );
#789 = ORIENTED_EDGE('',*,*,#790,.T.);
#790 = EDGE_CURVE('',#763,#791,#793,.T.);
#791 = VERTEX_POINT('',#792);
#792 = CARTESIAN_POINT('',(0.,-1.116803408287,54.568107235997));
#793 = SURFACE_CURVE('',#794,(#798,#805),.PCURVE_S1.);
#794 = LINE('',#795,#796);
#795 = CARTESIAN_POINT('',(0.,-0.936926358556,54.410939642537));
#796 = VECTOR('',#797,1.);
#797 = DIRECTION('',(0.,-0.753042948586,0.657971365323));
#798 = PCURVE('',#44,#799);
#799 = DEFINITIONAL_REPRESENTATION('',(#800),#804);
#800 = LINE('',#801,#802);
#801 = CARTESIAN_POINT('',(10.776545459492,-7.54));
#802 = VECTOR('',#803,1.);
#803 = DIRECTION('',(0.546764710915,0.837286301631));
#804 = ( GEOMETRIC_REPRESENTATION_CONTEXT(2) 
PARAMETRIC_REPRESENTATION_CONTEXT() REPRESENTATION_CONTEXT('2D SPACE',''
  ) );
#805 = PCURVE('',#806,#811);
#806 = PLANE('',#807);
#807 = AXIS2_PLACEMENT_3D('',#808,#809,#810);
#808 = CARTESIAN_POINT('',(0.,-0.936926358556,54.410939642537));
#809 = DIRECTION('',(0.,-0.657971365323,-0.753042948586));
#810 = DIRECTION('',(0.,-0.753042948586,0.657971365323));
#811 = DEFINITIONAL_REPRESENTATION('',(#812),#816);
#812 = LINE('',#813,#814);
#813 = CARTESIAN_POINT('',(0.,0.));
#814 = VECTOR('',#815,1.);
#815 = DIRECTION('',(1.,0.));
#816 = ( GEOMETRIC_REPRESENTATION_CONTEXT(2) 
PARAMETRIC_REPRESENTATION_CONTEXT() REPRESENTATION_CONTEXT('2D SPACE',''
  ) );
#817 = ORIENTED_EDGE('',*,*,#818,.T.);
#818 = EDGE_CURVE('',#791,#819,#821,.T.);
#819 = VERTEX_POINT('',#820);
#820 = CARTESIAN_POINT('',(0.,-1.294855108337,54.73826286731));
#821 = SURFACE_CURVE('',#822,(#826,#833),.PCURVE_S1.);
#822 = LINE('',#823,#824);
#823 = CARTESIAN_POINT('',(0.,-1.116803408287,54.568107235997));
#824 = VECTOR('',#825,1.);
#825 = DIRECTION('',(0.,-0.722955522857,0.690894573702));
#826 = PCURVE('',#44,#827);
#827 = DEFINITIONAL_REPRESENTATION('',(#828),#832);
#828 = LINE('',#829,#830);
#829 = CARTESIAN_POINT('',(10.907149461935,-7.34));
#830 = VECTOR('',#831,1.);
#831 = DIRECTION('',(0.583554873232,0.812073709664));
#832 = ( GEOMETRIC_REPRESENTATION_CONTEXT(2) 
PARAMETRIC_REPRESENTATION_CONTEXT() REPRESENTATION_CONTEXT('2D SPACE',''
  ) );
#833 = PCURVE('',#834,#839);
#834 = PLANE('',#835);
#835 = AXIS2_PLACEMENT_3D('',#836,#837,#838);
#836 = CARTESIAN_POINT('',(0.,-1.116803408287,54.568107235997));
#837 = DIRECTION('',(0.,-0.690894573702,-0.722955522857));
#838 = DIRECTION('',(0.,-0.722955522857,0.690894573702));
#839 = DEFINITIONAL_REPRESENTATION('',(#840),#844);
#840 = LINE('',#841,#842);
#841 = CARTESIAN_POINT('',(0.,0.));
#842 = VECTOR('',#843,1.);
#843 = DIRECTION('',(1.,0.));
#844 = ( GEOMETRIC_REPRESENTATION_CONTEXT(2) 
PARAMETRIC_REPRESENTATION_CONTEXT() REPRESENTATION_CONTEXT('2D SPACE',''
  ) );
#845 = ORIENTED_EDGE('',*,*,#846,.T.);
#846 = EDGE_CURVE('',#819,#847,#849,.T.);
#847 = VERTEX_POINT('',#848);
#848 = CARTESIAN_POINT('',(0.,-1.472693145454,54.909938789382));
#849 = SURFACE_CURVE('',#850,(#854,#861),.PCURVE_S1.);
#850 = LINE('',#851,#852);
#851 = CARTESIAN_POINT('',(0.,-1.294855108337,54.73826286731));
#852 = VECTOR('',#853,1.);
#853 = DIRECTION('',(0.,-0.719461637473,0.694532182267));
#854 = PCURVE('',#44,#855);
#855 = DEFINITIONAL_REPRESENTATION('',(#856),#860);
#856 = LINE('',#857,#858);
#857 = CARTESIAN_POINT('',(11.050869143113,-7.14));
#858 = VECTOR('',#859,1.);
#859 = DIRECTION('',(0.587643335703,0.809120083797));
#860 = ( GEOMETRIC_REPRESENTATION_CONTEXT(2) 
PARAMETRIC_REPRESENTATION_CONTEXT() REPRESENTATION_CONTEXT('2D SPACE',''
  ) );
#861 = PCURVE('',#862,#867);
#862 = PLANE('',#863);
#863 = AXIS2_PLACEMENT_3D('',#864,#865,#866);
#864 = CARTESIAN_POINT('',(0.,-1.294855108337,54.73826286731));
#865 = DIRECTION('',(0.,-0.694532182267,-0.719461637473));
#866 = DIRECTION('',(0.,-0.719461637473,0.694532182267));
#867 = DEFINITIONAL_REPRESENTATION('',(#868),#872);
#868 = LINE('',#869,#870);
#869 = CARTESIAN_POINT('',(0.,0.));
#870 = VECTOR('',#871,1.);
#871 = DIRECTION('',(1.,0.));
#872 = ( GEOMETRIC_REPRESENTATION_CONTEXT(2) 
PARAMETRIC_REPRESENTATION_CONTEXT() REPRESENTATION_CONTEXT('2D SPACE',''
  ) );
#873 = ORIENTED_EDGE('',*,*,#874,.T.);
#874 = EDGE_CURVE('',#847,#875,#877,.T.);
#875 = VERTEX_POINT('',#876);
#876 = CARTESIAN_POINT('',(0.,-1.64818647524,55.098298171007));
#877 = SURFACE_CURVE('',#878,(#882,#889),.PCURVE_S1.);
#878 = LINE('',#879,#880);
#879 = CARTESIAN_POINT('',(0.,-1.472693145454,54.909938789382));
#880 = VECTOR('',#881,1.);
#881 = DIRECTION('',(0.,-0.68167701602,0.731653227855));
#882 = PCURVE('',#44,#883);
#883 = DEFINITIONAL_REPRESENTATION('',(#884),#888);
#884 = LINE('',#885,#886);
#885 = CARTESIAN_POINT('',(11.196124055819,-6.94));
#886 = VECTOR('',#887,1.);
#887 = DIRECTION('',(0.629661724764,0.776869430707));
#888 = ( GEOMETRIC_REPRESENTATION_CONTEXT(2) 
PARAMETRIC_REPRESENTATION_CONTEXT() REPRESENTATION_CONTEXT('2D SPACE',''
  ) );
#889 = PCURVE('',#890,#895);
#890 = PLANE('',#891);
#891 = AXIS2_PLACEMENT_3D('',#892,#893,#894);
#892 = CARTESIAN_POINT('',(0.,-1.472693145454,54.909938789382));
#893 = DIRECTION('',(0.,-0.731653227855,-0.68167701602));
#894 = DIRECTION('',(0.,-0.68167701602,0.731653227855));
#895 = DEFINITIONAL_REPRESENTATION('',(#896),#900);
#896 = LINE('',#897,#898);
#897 = CARTESIAN_POINT('',(0.,0.));
#898 = VECTOR('',#899,1.);
#899 = DIRECTION('',(1.,0.));
#900 = ( GEOMETRIC_REPRESENTATION_CONTEXT(2) 
PARAMETRIC_REPRESENTATION_CONTEXT() REPRESENTATION_CONTEXT('2D SPACE',''
  ) );
#901 = ORIENTED_EDGE('',*,*,#902,.T.);
#902 = EDGE_CURVE('',#875,#903,#905,.T.);
#903 = VERTEX_POINT('',#904);
#904 = CARTESIAN_POINT('',(0.,-1.823286725336,55.289454459958));
#905 = SURFACE_CURVE('',#906,(#910,#917),.PCURVE_S1.);
#906 = LINE('',#907,#908);
#907 = CARTESIAN_POINT('',(0.,-1.64818647524,55.098298171007));
#908 = VECTOR('',#909,1.);
#909 = DIRECTION('',(0.,-0.67545973607,0.73739687072));
#910 = PCURVE('',#44,#911);
#911 = DEFINITIONAL_REPRESENTATION('',(#912),#916);
#912 = LINE('',#913,#914);
#913 = CARTESIAN_POINT('',(11.358226385986,-6.74));
#914 = VECTOR('',#915,1.);
#915 = DIRECTION('',(0.636214749021,0.771512017487));
#916 = ( GEOMETRIC_REPRESENTATION_CONTEXT(2) 
PARAMETRIC_REPRESENTATION_CONTEXT() REPRESENTATION_CONTEXT('2D SPACE',''
  ) );
#917 = PCURVE('',#918,#923);
#918 = PLANE('',#919);
#919 = AXIS2_PLACEMENT_3D('',#920,#921,#922);
#920 = CARTESIAN_POINT('',(0.,-1.64818647524,55.098298171007));
#921 = DIRECTION('',(0.,-0.73739687072,-0.67545973607));
#922 = DIRECTION('',(0.,-0.67545973607,0.73739687072));
#923 = DEFINITIONAL_REPRESENTATION('',(#924),#928);
#924 = LINE('',#925,#926);
#925 = CARTESIAN_POINT('',(0.,0.));
#926 = VECTOR('',#927,1.);
#927 = DIRECTION('',(1.,0.));
#928 = ( GEOMETRIC_REPRESENTATION_CONTEXT(2) 
PARAMETRIC_REPRESENTATION_CONTEXT() REPRESENTATION_CONTEXT('2D SPACE',''
  ) );
#929 = ORIENTED_EDGE('',*,*,#930,.T.);
#930 = EDGE_CURVE('',#903,#931,#933,.T.);
#931 = VERTEX_POINT('',#932);
#932 = CARTESIAN_POINT('',(0.,-1.996374273679,55.494931866025));
#933 = SURFACE_CURVE('',#934,(#938,#945),.PCURVE_S1.);
#934 = LINE('',#935,#936);
#935 = CARTESIAN_POINT('',(0.,-1.823286725336,55.289454459958));
#936 = VECTOR('',#937,1.);
#937 = DIRECTION('',(0.,-0.644253214357,0.764812261794));
#938 = PCURVE('',#44,#939);
#939 = DEFINITIONAL_REPRESENTATION('',(#940),#944);
#940 = LINE('',#941,#942);
#941 = CARTESIAN_POINT('',(11.523153110288,-6.54));
#942 = VECTOR('',#943,1.);
#943 = DIRECTION('',(0.667706443791,0.744424680488));
#944 = ( GEOMETRIC_REPRESENTATION_CONTEXT(2) 
PARAMETRIC_REPRESENTATION_CONTEXT() REPRESENTATION_CONTEXT('2D SPACE',''
  ) );
#945 = PCURVE('',#946,#951);
#946 = PLANE('',#947);
#947 = AXIS2_PLACEMENT_3D('',#948,#949,#950);
#948 = CARTESIAN_POINT('',(0.,-1.823286725336,55.289454459958));
#949 = DIRECTION('',(0.,-0.764812261794,-0.644253214357));
#950 = DIRECTION('',(0.,-0.644253214357,0.764812261794));
#951 = DEFINITIONAL_REPRESENTATION('',(#952),#956);
#952 = LINE('',#953,#954);
#953 = CARTESIAN_POINT('',(0.,0.));
#954 = VECTOR('',#955,1.);
#955 = DIRECTION('',(1.,0.));
#956 = ( GEOMETRIC_REPRESENTATION_CONTEXT(2) 
PARAMETRIC_REPRESENTATION_CONTEXT() REPRESENTATION_CONTEXT('2D SPACE',''
  ) );
#957 = ORIENTED_EDGE('',*,*,#958,.T.);
#958 = EDGE_CURVE('',#931,#959,#961,.T.);
#959 = VERTEX_POINT('',#960);
#960 = CARTESIAN_POINT('',(0.,-2.168475798359,55.707425195005));
#961 = SURFACE_CURVE('',#962,(#966,#973),.PCURVE_S1.);
#962 = LINE('',#963,#964);
#963 = CARTESIAN_POINT('',(0.,-1.996374273679,55.494931866025));
#964 = VECTOR('',#965,1.);
#965 = DIRECTION('',(0.,-0.629381834188,0.777096201763));
#966 = PCURVE('',#44,#967);
#967 = DEFINITIONAL_REPRESENTATION('',(#968),#972);
#968 = LINE('',#969,#970);
#969 = CARTESIAN_POINT('',(11.702541693524,-6.34));
#970 = VECTOR('',#971,1.);
#971 = DIRECTION('',(0.681940533394,0.731407621586));
#972 = ( GEOMETRIC_REPRESENTATION_CONTEXT(2) 
PARAMETRIC_REPRESENTATION_CONTEXT() REPRESENTATION_CONTEXT('2D SPACE',''
  ) );
#973 = PCURVE('',#974,#979);
#974 = PLANE('',#975);
#975 = AXIS2_PLACEMENT_3D('',#976,#977,#978);
#976 = CARTESIAN_POINT('',(0.,-1.996374273679,55.494931866025));
#977 = DIRECTION('',(0.,-0.777096201763,-0.629381834188));
#978 = DIRECTION('',(0.,-0.629381834188,0.777096201763));
#979 = DEFINITIONAL_REPRESENTATION('',(#980),#984);
#980 = LINE('',#981,#982);
#981 = CARTESIAN_POINT('',(0.,0.));
#982 = VECTOR('',#983,1.);
#983 = DIRECTION('',(1.,0.));
#984 = ( GEOMETRIC_REPRESENTATION_CONTEXT(2) 
PARAMETRIC_REPRESENTATION_CONTEXT() REPRESENTATION_CONTEXT('2D SPACE',''
  ) );
#985 = ORIENTED_EDGE('',*,*,#986,.T.);
#986 = EDGE_CURVE('',#959,#987,#989,.T.);
#987 = VERTEX_POINT('',#988);
#988 = CARTESIAN_POINT('',(0.,-2.338740009897,55.932991686289));
#989 = SURFACE_CURVE('',#990,(#994,#1001),.PCURVE_S1.);
#990 = LINE('',#991,#992);
#991 = CARTESIAN_POINT('',(0.,-2.168475798359,55.707425195005));
#992 = VECTOR('',#993,1.);
#993 = DIRECTION('',(0.,-0.602464052318,0.798146017759));
#994 = PCURVE('',#44,#995);
#995 = DEFINITIONAL_REPRESENTATION('',(#996),#1000);
#996 = LINE('',#997,#998);
#997 = CARTESIAN_POINT('',(11.889015149164,-6.14));
#998 = VECTOR('',#999,1.);
#999 = DIRECTION('',(0.706531725202,0.707681369885));
#1000 = ( GEOMETRIC_REPRESENTATION_CONTEXT(2) 
PARAMETRIC_REPRESENTATION_CONTEXT() REPRESENTATION_CONTEXT('2D SPACE',''
  ) );
#1001 = PCURVE('',#1002,#1007);
#1002 = PLANE('',#1003);
#1003 = AXIS2_PLACEMENT_3D('',#1004,#1005,#1006);
#1004 = CARTESIAN_POINT('',(0.,-2.168475798359,55.707425195005));
#1005 = DIRECTION('',(0.,-0.798146017759,-0.602464052318));
#1006 = DIRECTION('',(0.,-0.602464052318,0.798146017759));
#1007 = DEFINITIONAL_REPRESENTATION('',(#1008),#1012);
#1008 = LINE('',#1009,#1010);
#1009 = CARTESIAN_POINT('',(0.,0.));
#1010 = VECTOR('',#1011,1.);
#1011 = DIRECTION('',(1.,0.));
#1012 = ( GEOMETRIC_REPRESENTATION_CONTEXT(2) 
PARAMETRIC_REPRESENTATION_CONTEXT() REPRESENTATION_CONTEXT('2D SPACE',''
  ) );
#1013 = ORIENTED_EDGE('',*,*,#1014,.T.);
#1014 = EDGE_CURVE('',#987,#1015,#1017,.T.);
#1015 = VERTEX_POINT('',#1016);
#1016 = CARTESIAN_POINT('',(0.,-2.507500405457,56.169258384247));
#1017 = SURFACE_CURVE('',#1018,(#1022,#1029),.PCURVE_S1.);
#1018 = LINE('',#1019,#1020);
#1019 = CARTESIAN_POINT('',(0.,-2.338740009897,55.932991686289));
#1020 = VECTOR('',#1021,1.);
#1021 = DIRECTION('',(0.,-0.581234700885,0.813735966077));
#1022 = PCURVE('',#44,#1023);
#1023 = DEFINITIONAL_REPRESENTATION('',(#1024),#1028);
#1024 = LINE('',#1025,#1026);
#1025 = CARTESIAN_POINT('',(12.088690244558,-5.94));
#1026 = VECTOR('',#1027,1.);
#1027 = DIRECTION('',(0.724924507884,0.688828322493));
#1028 = ( GEOMETRIC_REPRESENTATION_CONTEXT(2) 
PARAMETRIC_REPRESENTATION_CONTEXT() REPRESENTATION_CONTEXT('2D SPACE',''
  ) );
#1029 = PCURVE('',#1030,#1035);
#1030 = PLANE('',#1031);
#1031 = AXIS2_PLACEMENT_3D('',#1032,#1033,#1034);
#1032 = CARTESIAN_POINT('',(0.,-2.338740009897,55.932991686289));
#1033 = DIRECTION('',(0.,-0.813735966077,-0.581234700885));
#1034 = DIRECTION('',(0.,-0.581234700885,0.813735966077));
#1035 = DEFINITIONAL_REPRESENTATION('',(#1036),#1040);
#1036 = LINE('',#1037,#1038);
#1037 = CARTESIAN_POINT('',(0.,0.));
#1038 = VECTOR('',#1039,1.);
#1039 = DIRECTION('',(1.,0.));
#1040 = ( GEOMETRIC_REPRESENTATION_CONTEXT(2) 
PARAMETRIC_REPRESENTATION_CONTEXT() REPRESENTATION_CONTEXT('2D SPACE',''
  ) );
#1041 = ORIENTED_EDGE('',*,*,#1042,.T.);
#1042 = EDGE_CURVE('',#1015,#1043,#1045,.T.);
#1043 = VERTEX_POINT('',#1044);
#1044 = CARTESIAN_POINT('',(0.,-2.674426096757,56.41857968135));
#1045 = SURFACE_CURVE('',#1046,(#1050,#1057),.PCURVE_S1.);
#1046 = LINE('',#1047,#1048);
#1047 = CARTESIAN_POINT('',(0.,-2.507500405457,56.169258384247));
#1048 = VECTOR('',#1049,1.);
#1049 = DIRECTION('',(0.,-0.556340793287,0.830954223604));
#1050 = PCURVE('',#44,#1051);
#1051 = DEFINITIONAL_REPRESENTATION('',(#1052),#1056);
#1052 = LINE('',#1053,#1054);
#1053 = CARTESIAN_POINT('',(12.299170703683,-5.74));
#1054 = VECTOR('',#1055,1.);
#1055 = DIRECTION('',(0.745439760829,0.666572998985));
#1056 = ( GEOMETRIC_REPRESENTATION_CONTEXT(2) 
PARAMETRIC_REPRESENTATION_CONTEXT() REPRESENTATION_CONTEXT('2D SPACE',''
  ) );
#1057 = PCURVE('',#1058,#1063);
#1058 = PLANE('',#1059);
#1059 = AXIS2_PLACEMENT_3D('',#1060,#1061,#1062);
#1060 = CARTESIAN_POINT('',(0.,-2.507500405457,56.169258384247));
#1061 = DIRECTION('',(0.,-0.830954223604,-0.556340793287));
#1062 = DIRECTION('',(0.,-0.556340793287,0.830954223604));
#1063 = DEFINITIONAL_REPRESENTATION('',(#1064),#1068);
#1064 = LINE('',#1065,#1066);
#1065 = CARTESIAN_POINT('',(0.,0.));
#1066 = VECTOR('',#1067,1.);
#1067 = DIRECTION('',(1.,0.));
#1068 = ( GEOMETRIC_REPRESENTATION_CONTEXT(2) 
PARAMETRIC_REPRESENTATION_CONTEXT() REPRESENTATION_CONTEXT('2D SPACE',''
  ) );
#1069 = ORIENTED_EDGE('',*,*,#1070,.T.);
#1070 = EDGE_CURVE('',#1043,#1071,#1073,.T.);
#1071 = VERTEX_POINT('',#1072);
#1072 = CARTESIAN_POINT('',(0.,-2.839400458944,56.681785406543));
#1073 = SURFACE_CURVE('',#1074,(#1078,#1085),.PCURVE_S1.);
#1074 = LINE('',#1075,#1076);
#1075 = CARTESIAN_POINT('',(0.,-2.674426096757,56.41857968135));
#1076 = VECTOR('',#1077,1.);
#1077 = DIRECTION('',(0.,-0.531088340223,0.847316454979));
#1078 = PCURVE('',#44,#1079);
#1079 = DEFINITIONAL_REPRESENTATION('',(#1080),#1084);
#1080 = LINE('',#1081,#1082);
#1081 = CARTESIAN_POINT('',(12.522834056974,-5.54));
#1082 = VECTOR('',#1083,1.);
#1083 = DIRECTION('',(0.765157218293,0.643843483538));
#1084 = ( GEOMETRIC_REPRESENTATION_CONTEXT(2) 
PARAMETRIC_REPRESENTATION_CONTEXT() REPRESENTATION_CONTEXT('2D SPACE',''
  ) );
#1085 = PCURVE('',#1086,#1091);
#1086 = PLANE('',#1087);
#1087 = AXIS2_PLACEMENT_3D('',#1088,#1089,#1090);
#1088 = CARTESIAN_POINT('',(0.,-2.674426096757,56.41857968135));
#1089 = DIRECTION('',(0.,-0.847316454979,-0.531088340223));
#1090 = DIRECTION('',(0.,-0.531088340223,0.847316454979));
#1091 = DEFINITIONAL_REPRESENTATION('',(#1092),#1096);
#1092 = LINE('',#1093,#1094);
#1093 = CARTESIAN_POINT('',(0.,0.));
#1094 = VECTOR('',#1095,1.);
#1095 = DIRECTION('',(1.,0.));
#1096 = ( GEOMETRIC_REPRESENTATION_CONTEXT(2) 
PARAMETRIC_REPRESENTATION_CONTEXT() REPRESENTATION_CONTEXT('2D SPACE',''
  ) );
#1097 = ORIENTED_EDGE('',*,*,#1098,.T.);
#1098 = EDGE_CURVE('',#1071,#1099,#1101,.T.);
#1099 = VERTEX_POINT('',#1100);
#1100 = CARTESIAN_POINT('',(0.,-3.002332735816,56.959521323752));
#1101 = SURFACE_CURVE('',#1102,(#1106,#1113),.PCURVE_S1.);
#1102 = LINE('',#1103,#1104);
#1103 = CARTESIAN_POINT('',(0.,-2.839400458944,56.681785406543));
#1104 = VECTOR('',#1105,1.);
#1105 = DIRECTION('',(0.,-0.50600045344,0.862533211603));
#1106 = PCURVE('',#44,#1107);
#1107 = DEFINITIONAL_REPRESENTATION('',(#1108),#1112);
#1108 = LINE('',#1109,#1110);
#1109 = CARTESIAN_POINT('',(12.760518288578,-5.34));
#1110 = VECTOR('',#1111,1.);
#1111 = DIRECTION('',(0.783717445487,0.621117513551));
#1112 = ( GEOMETRIC_REPRESENTATION_CONTEXT(2) 
PARAMETRIC_REPRESENTATION_CONTEXT() REPRESENTATION_CONTEXT('2D SPACE',''
  ) );
#1113 = PCURVE('',#1114,#1119);
#1114 = PLANE('',#1115);
#1115 = AXIS2_PLACEMENT_3D('',#1116,#1117,#1118);
#1116 = CARTESIAN_POINT('',(0.,-2.839400458944,56.681785406543));
#1117 = DIRECTION('',(0.,-0.862533211603,-0.50600045344));
#1118 = DIRECTION('',(0.,-0.50600045344,0.862533211603));
#1119 = DEFINITIONAL_REPRESENTATION('',(#1120),#1124);
#1120 = LINE('',#1121,#1122);
#1121 = CARTESIAN_POINT('',(0.,0.));
#1122 = VECTOR('',#1123,1.);
#1123 = DIRECTION('',(1.,0.));
#1124 = ( GEOMETRIC_REPRESENTATION_CONTEXT(2) 
PARAMETRIC_REPRESENTATION_CONTEXT() REPRESENTATION_CONTEXT('2D SPACE',''
  ) );
#1125 = ORIENTED_EDGE('',*,*,#1126,.T.);
#1126 = EDGE_CURVE('',#1099,#1127,#1129,.T.);
#1127 = VERTEX_POINT('',#1128);
#1128 = CARTESIAN_POINT('',(0.,-3.162957931387,57.253672977402));
#1129 = SURFACE_CURVE('',#1130,(#1134,#1141),.PCURVE_S1.);
#1130 = LINE('',#1131,#1132);
#1131 = CARTESIAN_POINT('',(0.,-3.002332735816,56.959521323752));
#1132 = VECTOR('',#1133,1.);
#1133 = DIRECTION('',(0.,-0.479263330655,0.877671157034));
#1134 = PCURVE('',#44,#1135);
#1135 = DEFINITIONAL_REPRESENTATION('',(#1136),#1140);
#1136 = LINE('',#1137,#1138);
#1137 = CARTESIAN_POINT('',(13.012875508714,-5.14));
#1138 = VECTOR('',#1139,1.);
#1139 = DIRECTION('',(0.802429157763,0.596747389414));
#1140 = ( GEOMETRIC_REPRESENTATION_CONTEXT(2) 
PARAMETRIC_REPRESENTATION_CONTEXT() REPRESENTATION_CONTEXT('2D SPACE',''
  ) );
#1141 = PCURVE('',#1142,#1147);
#1142 = PLANE('',#1143);
#1143 = AXIS2_PLACEMENT_3D('',#1144,#1145,#1146);
#1144 = CARTESIAN_POINT('',(0.,-3.002332735816,56.959521323752));
#1145 = DIRECTION('',(0.,-0.877671157034,-0.479263330655));
#1146 = DIRECTION('',(0.,-0.479263330655,0.877671157034));
#1147 = DEFINITIONAL_REPRESENTATION('',(#1148),#1152);
#1148 = LINE('',#1149,#1150);
#1149 = CARTESIAN_POINT('',(0.,0.));
#1150 = VECTOR('',#1151,1.);
#1151 = DIRECTION('',(1.,0.));
#1152 = ( GEOMETRIC_REPRESENTATION_CONTEXT(2) 
PARAMETRIC_REPRESENTATION_CONTEXT() REPRESENTATION_CONTEXT('2D SPACE',''
  ) );
#1153 = ORIENTED_EDGE('',*,*,#1154,.T.);
#1154 = EDGE_CURVE('',#1127,#1155,#1157,.T.);
#1155 = VERTEX_POINT('',#1156);
#1156 = CARTESIAN_POINT('',(0.,-3.967630329319,51.528131360717));
#1157 = SURFACE_CURVE('',#1158,(#1162,#1169),.PCURVE_S1.);
#1158 = LINE('',#1159,#1160);
#1159 = CARTESIAN_POINT('',(0.,-3.023784830427,58.243941046143));
#1160 = VECTOR('',#1161,1.);
#1161 = DIRECTION('',(0.,-0.13917310096,-0.990268068742));
#1162 = PCURVE('',#44,#1163);
#1163 = DEFINITIONAL_REPRESENTATION('',(#1164),#1168);
#1164 = LINE('',#1165,#1166);
#1165 = CARTESIAN_POINT('',(14.281809792131,-4.94));
#1166 = VECTOR('',#1167,1.);
#1167 = DIRECTION('',(-1.,0.));
#1168 = ( GEOMETRIC_REPRESENTATION_CONTEXT(2) 
PARAMETRIC_REPRESENTATION_CONTEXT() REPRESENTATION_CONTEXT('2D SPACE',''
  ) );
#1169 = PCURVE('',#1170,#1175);
#1170 = PLANE('',#1171);
#1171 = AXIS2_PLACEMENT_3D('',#1172,#1173,#1174);
#1172 = CARTESIAN_POINT('',(0.,-3.023784830427,58.243941046143));
#1173 = DIRECTION('',(0.,0.990268068742,-0.13917310096));
#1174 = DIRECTION('',(0.,-0.13917310096,-0.990268068742));
#1175 = DEFINITIONAL_REPRESENTATION('',(#1176),#1180);
#1176 = LINE('',#1177,#1178);
#1177 = CARTESIAN_POINT('',(0.,0.));
#1178 = VECTOR('',#1179,1.);
#1179 = DIRECTION('',(1.,0.));
#1180 = ( GEOMETRIC_REPRESENTATION_CONTEXT(2) 
PARAMETRIC_REPRESENTATION_CONTEXT() REPRESENTATION_CONTEXT('2D SPACE',''
  ) );
#1181 = ORIENTED_EDGE('',*,*,#1182,.T.);
#1182 = EDGE_CURVE('',#1155,#1183,#1185,.T.);
#1183 = VERTEX_POINT('',#1184);
#1184 = CARTESIAN_POINT('',(0.,-13.62274399954,52.885069095078));
#1185 = SURFACE_CURVE('',#1186,(#1190,#1197),.PCURVE_S1.);
#1186 = LINE('',#1187,#1188);
#1187 = CARTESIAN_POINT('',(0.,13.728460059093,49.041108046561));
#1188 = VECTOR('',#1189,1.);
#1189 = DIRECTION('',(0.,-0.990268068742,0.13917310096));
#1190 = PCURVE('',#44,#1191);
#1191 = DEFINITIONAL_REPRESENTATION('',(#1192),#1196);
#1192 = LINE('',#1193,#1194);
#1193 = CARTESIAN_POINT('',(7.5,-22.81));
#1194 = VECTOR('',#1195,1.);
#1195 = DIRECTION('',(0.,1.));
#1196 = ( GEOMETRIC_REPRESENTATION_CONTEXT(2) 
PARAMETRIC_REPRESENTATION_CONTEXT() REPRESENTATION_CONTEXT('2D SPACE',''
  ) );
#1197 = PCURVE('',#1198,#1203);
#1198 = PLANE('',#1199);
#1199 = AXIS2_PLACEMENT_3D('',#1200,#1201,#1202);
#1200 = CARTESIAN_POINT('',(0.,13.728460059093,49.041108046561));
#1201 = DIRECTION('',(0.,-0.13917310096,-0.990268068742));
#1202 = DIRECTION('',(0.,-0.990268068742,0.13917310096));
#1203 = DEFINITIONAL_REPRESENTATION('',(#1204),#1208);
#1204 = LINE('',#1205,#1206);
#1205 = CARTESIAN_POINT('',(0.,0.));
#1206 = VECTOR('',#1207,1.);
#1207 = DIRECTION('',(1.,0.));
#1208 = ( GEOMETRIC_REPRESENTATION_CONTEXT(2) 
PARAMETRIC_REPRESENTATION_CONTEXT() REPRESENTATION_CONTEXT('2D SPACE',''
  ) );
#1209 = ORIENTED_EDGE('',*,*,#1210,.F.);
#1210 = EDGE_CURVE('',#1211,#1183,#1213,.T.);
#1211 = VERTEX_POINT('',#1212);
#1212 = CARTESIAN_POINT('',(0.,-4.854838639065,115.27195742579));
#1213 = SURFACE_CURVE('',#1214,(#1218,#1225),.PCURVE_S1.);
#1214 = LINE('',#1215,#1216);
#1215 = CARTESIAN_POINT('',(0.,-4.854838639065,115.27195742579));
#1216 = VECTOR('',#1217,1.);
#1217 = DIRECTION('',(0.,-0.13917310096,-0.990268068742));
#1218 = PCURVE('',#44,#1219);
#1219 = DEFINITIONAL_REPRESENTATION('',(#1220),#1224);
#1220 = LINE('',#1221,#1222);
#1221 = CARTESIAN_POINT('',(70.5,4.81));
#1222 = VECTOR('',#1223,1.);
#1223 = DIRECTION('',(-1.,0.));
#1224 = ( GEOMETRIC_REPRESENTATION_CONTEXT(2) 
PARAMETRIC_REPRESENTATION_CONTEXT() REPRESENTATION_CONTEXT('2D SPACE',''
  ) );
#1225 = PCURVE('',#1226,#1231);
#1226 = PLANE('',#1227);
#1227 = AXIS2_PLACEMENT_3D('',#1228,#1229,#1230);
#1228 = CARTESIAN_POINT('',(0.,-4.854838639065,115.27195742579));
#1229 = DIRECTION('',(0.,0.990268068742,-0.13917310096));
#1230 = DIRECTION('',(0.,-0.13917310096,-0.990268068742));
#1231 = DEFINITIONAL_REPRESENTATION('',(#1232),#1236);
#1232 = LINE('',#1233,#1234);
#1233 = CARTESIAN_POINT('',(0.,0.));
#1234 = VECTOR('',#1235,1.);
#1235 = DIRECTION('',(1.,0.));
#1236 = ( GEOMETRIC_REPRESENTATION_CONTEXT(2) 
PARAMETRIC_REPRESENTATION_CONTEXT() REPRESENTATION_CONTEXT('2D SPACE',''
  ) );
#1237 = ORIENTED_EDGE('',*,*,#1238,.F.);
#1238 = EDGE_CURVE('',#1239,#1211,#1241,.T.);
#1239 = VERTEX_POINT('',#1240);
#1240 = CARTESIAN_POINT('',(0.,-6.150781635768,119.13055830691));
#1241 = SURFACE_CURVE('',#1242,(#1246,#1253),.PCURVE_S1.);
#1242 = LINE('',#1243,#1244);
#1243 = CARTESIAN_POINT('',(0.,-6.278682372708,119.51137590268));
#1244 = VECTOR('',#1245,1.);
#1245 = DIRECTION('',(0.,0.318381137776,-0.947962789939));
#1246 = PCURVE('',#44,#1247);
#1247 = DEFINITIONAL_REPRESENTATION('',(#1248),#1252);
#1248 = LINE('',#1249,#1250);
#1249 = CARTESIAN_POINT('',(74.5,6.81));
#1250 = VECTOR('',#1251,1.);
#1251 = DIRECTION('',(-0.894427191,-0.4472135955));
#1252 = ( GEOMETRIC_REPRESENTATION_CONTEXT(2) 
PARAMETRIC_REPRESENTATION_CONTEXT() REPRESENTATION_CONTEXT('2D SPACE',''
  ) );
#1253 = PCURVE('',#1254,#1259);
#1254 = PLANE('',#1255);
#1255 = AXIS2_PLACEMENT_3D('',#1256,#1257,#1258);
#1256 = CARTESIAN_POINT('',(0.,-6.278682372708,119.51137590268));
#1257 = DIRECTION('',(0.,0.947962789939,0.318381137776));
#1258 = DIRECTION('',(0.,0.318381137776,-0.947962789939));
#1259 = DEFINITIONAL_REPRESENTATION('',(#1260),#1264);
#1260 = LINE('',#1261,#1262);
#1261 = CARTESIAN_POINT('',(0.,0.));
#1262 = VECTOR('',#1263,1.);
#1263 = DIRECTION('',(1.,0.));
#1264 = ( GEOMETRIC_REPRESENTATION_CONTEXT(2) 
PARAMETRIC_REPRESENTATION_CONTEXT() REPRESENTATION_CONTEXT('2D SPACE',''
  ) );
#1265 = ORIENTED_EDGE('',*,*,#1266,.F.);
#1266 = EDGE_CURVE('',#1267,#1239,#1269,.T.);
#1267 = VERTEX_POINT('',#1268);
#1268 = CARTESIAN_POINT('',(0.,-6.676494933604,119.56728481204));
#1269 = SURFACE_CURVE('',#1270,(#1275,#1286),.PCURVE_S1.);
#1270 = CIRCLE('',#1271,0.65);
#1271 = AXIS2_PLACEMENT_3D('',#1272,#1273,#1274);
#1272 = CARTESIAN_POINT('',(0.,-6.766957449228,118.92361056736));
#1273 = DIRECTION('',(-1.,0.,0.));
#1274 = DIRECTION('',(0.,0.13917310096,0.990268068742));
#1275 = PCURVE('',#44,#1276);
#1276 = DEFINITIONAL_REPRESENTATION('',(#1277),#1285);
#1277 = ( BOUNDED_CURVE() B_SPLINE_CURVE(2,(#1278,#1279,#1280,#1281,
#1282,#1283,#1284),.UNSPECIFIED.,.T.,.F.) B_SPLINE_CURVE_WITH_KNOTS((1,2
    ,2,2,2,1),(-2.094395102393,0.,2.094395102393,4.188790204786,
6.28318530718,8.377580409573),.UNSPECIFIED.) CURVE() 
GEOMETRIC_REPRESENTATION_ITEM() RATIONAL_B_SPLINE_CURVE((1.,0.5,1.,0.5,
1.,0.5,1.)) REPRESENTATION_ITEM('') );
#1278 = CARTESIAN_POINT('',(74.5,7.211722092687));
#1279 = CARTESIAN_POINT('',(74.5,6.085889067768));
#1280 = CARTESIAN_POINT('',(73.525,6.648805580228));
#1281 = CARTESIAN_POINT('',(72.55,7.211722092687));
#1282 = CARTESIAN_POINT('',(73.525,7.774638605147));
#1283 = CARTESIAN_POINT('',(74.5,8.337555117607));
#1284 = CARTESIAN_POINT('',(74.5,7.211722092687));
#1285 = ( GEOMETRIC_REPRESENTATION_CONTEXT(2) 
PARAMETRIC_REPRESENTATION_CONTEXT() REPRESENTATION_CONTEXT('2D SPACE',''
  ) );
#1286 = PCURVE('',#1287,#1292);
#1287 = CYLINDRICAL_SURFACE('',#1288,0.65);
#1288 = AXIS2_PLACEMENT_3D('',#1289,#1290,#1291);
#1289 = CARTESIAN_POINT('',(0.,-6.766957449228,118.92361056736));
#1290 = DIRECTION('',(1.,0.,0.));
#1291 = DIRECTION('',(0.,0.13917310096,0.990268068742));
#1292 = DEFINITIONAL_REPRESENTATION('',(#1293),#1297);
#1293 = LINE('',#1294,#1295);
#1294 = CARTESIAN_POINT('',(-0.,0.));
#1295 = VECTOR('',#1296,1.);
#1296 = DIRECTION('',(-1.,0.));
#1297 = ( GEOMETRIC_REPRESENTATION_CONTEXT(2) 
PARAMETRIC_REPRESENTATION_CONTEXT() REPRESENTATION_CONTEXT('2D SPACE',''
  ) );
#1298 = ORIENTED_EDGE('',*,*,#1299,.F.);
#1299 = EDGE_CURVE('',#1300,#1267,#1302,.T.);
#1300 = VERTEX_POINT('',#1301);
#1301 = CARTESIAN_POINT('',(0.,-9.596080402992,119.97760579089));
#1302 = SURFACE_CURVE('',#1303,(#1307,#1314),.PCURVE_S1.);
#1303 = LINE('',#1304,#1305);
#1304 = CARTESIAN_POINT('',(0.,-10.23975464767,120.06806830652));
#1305 = VECTOR('',#1306,1.);
#1306 = DIRECTION('',(0.,0.990268068742,-0.13917310096));
#1307 = PCURVE('',#44,#1308);
#1308 = DEFINITIONAL_REPRESENTATION('',(#1309),#1313);
#1309 = LINE('',#1310,#1311);
#1310 = CARTESIAN_POINT('',(74.5,10.81));
#1311 = VECTOR('',#1312,1.);
#1312 = DIRECTION('',(0.,-1.));
#1313 = ( GEOMETRIC_REPRESENTATION_CONTEXT(2) 
PARAMETRIC_REPRESENTATION_CONTEXT() REPRESENTATION_CONTEXT('2D SPACE',''
  ) );
#1314 = PCURVE('',#1315,#1320);
#1315 = PLANE('',#1316);
#1316 = AXIS2_PLACEMENT_3D('',#1317,#1318,#1319);
#1317 = CARTESIAN_POINT('',(0.,-10.23975464767,120.06806830652));
#1318 = DIRECTION('',(0.,0.13917310096,0.990268068742));
#1319 = DIRECTION('',(0.,0.990268068742,-0.13917310096));
#1320 = DEFINITIONAL_REPRESENTATION('',(#1321),#1325);
#1321 = LINE('',#1322,#1323);
#1322 = CARTESIAN_POINT('',(0.,0.));
#1323 = VECTOR('',#1324,1.);
#1324 = DIRECTION('',(1.,0.));
#1325 = ( GEOMETRIC_REPRESENTATION_CONTEXT(2) 
PARAMETRIC_REPRESENTATION_CONTEXT() REPRESENTATION_CONTEXT('2D SPACE',''
  ) );
#1326 = ORIENTED_EDGE('',*,*,#1327,.F.);
#1327 = EDGE_CURVE('',#1328,#1300,#1330,.T.);
#1328 = VERTEX_POINT('',#1329);
#1329 = CARTESIAN_POINT('',(0.,-10.33021716329,119.42439406184));
#1330 = SURFACE_CURVE('',#1331,(#1336,#1347),.PCURVE_S1.);
#1331 = CIRCLE('',#1332,0.65);
#1332 = AXIS2_PLACEMENT_3D('',#1333,#1334,#1335);
#1333 = CARTESIAN_POINT('',(0.,-9.686542918616,119.33393154621));
#1334 = DIRECTION('',(-1.,0.,0.));
#1335 = DIRECTION('',(0.,0.13917310096,0.990268068742));
#1336 = PCURVE('',#44,#1337);
#1337 = DEFINITIONAL_REPRESENTATION('',(#1338),#1346);
#1338 = ( BOUNDED_CURVE() B_SPLINE_CURVE(2,(#1339,#1340,#1341,#1342,
#1343,#1344,#1345),.UNSPECIFIED.,.T.,.F.) B_SPLINE_CURVE_WITH_KNOTS((1,2
    ,2,2,2,1),(-2.094395102393,0.,2.094395102393,4.188790204786,
6.28318530718,8.377580409573),.UNSPECIFIED.) CURVE() 
GEOMETRIC_REPRESENTATION_ITEM() RATIONAL_B_SPLINE_CURVE((1.,0.5,1.,0.5,
1.,0.5,1.)) REPRESENTATION_ITEM('') );
#1339 = CARTESIAN_POINT('',(74.5,10.16));
#1340 = CARTESIAN_POINT('',(74.5,9.03416697508));
#1341 = CARTESIAN_POINT('',(73.525,9.59708348754));
#1342 = CARTESIAN_POINT('',(72.55,10.16));
#1343 = CARTESIAN_POINT('',(73.525,10.72291651246));
#1344 = CARTESIAN_POINT('',(74.5,11.28583302492));
#1345 = CARTESIAN_POINT('',(74.5,10.16));
#1346 = ( GEOMETRIC_REPRESENTATION_CONTEXT(2) 
PARAMETRIC_REPRESENTATION_CONTEXT() REPRESENTATION_CONTEXT('2D SPACE',''
  ) );
#1347 = PCURVE('',#1348,#1353);
#1348 = CYLINDRICAL_SURFACE('',#1349,0.65);
#1349 = AXIS2_PLACEMENT_3D('',#1350,#1351,#1352);
#1350 = CARTESIAN_POINT('',(0.,-9.686542918616,119.33393154621));
#1351 = DIRECTION('',(1.,0.,0.));
#1352 = DIRECTION('',(0.,-0.990268068742,0.13917310096));
#1353 = DEFINITIONAL_REPRESENTATION('',(#1354),#1358);
#1354 = LINE('',#1355,#1356);
#1355 = CARTESIAN_POINT('',(4.712388980385,-0.));
#1356 = VECTOR('',#1357,1.);
#1357 = DIRECTION('',(-1.,0.));
#1358 = ( GEOMETRIC_REPRESENTATION_CONTEXT(2) 
PARAMETRIC_REPRESENTATION_CONTEXT() REPRESENTATION_CONTEXT('2D SPACE',''
  ) );
#1359 = ORIENTED_EDGE('',*,*,#1360,.F.);
#1360 = EDGE_CURVE('',#1361,#1328,#1363,.T.);
#1361 = VERTEX_POINT('',#1362);
#1362 = CARTESIAN_POINT('',(0.,-18.31179450335,62.632520319512));
#1363 = SURFACE_CURVE('',#1364,(#1368,#1375),.PCURVE_S1.);
#1364 = LINE('',#1365,#1366);
#1365 = CARTESIAN_POINT('',(0.,-19.70352551295,52.729839632097));
#1366 = VECTOR('',#1367,1.);
#1367 = DIRECTION('',(0.,0.13917310096,0.990268068742));
#1368 = PCURVE('',#44,#1369);
#1369 = DEFINITIONAL_REPRESENTATION('',(#1370),#1374);
#1370 = LINE('',#1371,#1372);
#1371 = CARTESIAN_POINT('',(6.5,10.81));
#1372 = VECTOR('',#1373,1.);
#1373 = DIRECTION('',(1.,0.));
#1374 = ( GEOMETRIC_REPRESENTATION_CONTEXT(2) 
PARAMETRIC_REPRESENTATION_CONTEXT() REPRESENTATION_CONTEXT('2D SPACE',''
  ) );
#1375 = PCURVE('',#1376,#1381);
#1376 = PLANE('',#1377);
#1377 = AXIS2_PLACEMENT_3D('',#1378,#1379,#1380);
#1378 = CARTESIAN_POINT('',(0.,-19.70352551295,52.729839632097));
#1379 = DIRECTION('',(0.,-0.990268068742,0.13917310096));
#1380 = DIRECTION('',(0.,0.13917310096,0.990268068742));
#1381 = DEFINITIONAL_REPRESENTATION('',(#1382),#1386);
#1382 = LINE('',#1383,#1384);
#1383 = CARTESIAN_POINT('',(0.,0.));
#1384 = VECTOR('',#1385,1.);
#1385 = DIRECTION('',(1.,0.));
#1386 = ( GEOMETRIC_REPRESENTATION_CONTEXT(2) 
PARAMETRIC_REPRESENTATION_CONTEXT() REPRESENTATION_CONTEXT('2D SPACE',''
  ) );
#1387 = ORIENTED_EDGE('',*,*,#1388,.T.);
#1388 = EDGE_CURVE('',#1361,#1389,#1391,.T.);
#1389 = VERTEX_POINT('',#1390);
#1390 = CARTESIAN_POINT('',(0.,-30.19501132825,64.302597531033));
#1391 = SURFACE_CURVE('',#1392,(#1396,#1403),.PCURVE_S1.);
#1392 = LINE('',#1393,#1394);
#1393 = CARTESIAN_POINT('',(0.,-18.31179450335,62.632520319512));
#1394 = VECTOR('',#1395,1.);
#1395 = DIRECTION('',(0.,-0.990268068742,0.13917310096));
#1396 = PCURVE('',#44,#1397);
#1397 = DEFINITIONAL_REPRESENTATION('',(#1398),#1402);
#1398 = LINE('',#1399,#1400);
#1399 = CARTESIAN_POINT('',(16.5,10.81));
#1400 = VECTOR('',#1401,1.);
#1401 = DIRECTION('',(0.,1.));
#1402 = ( GEOMETRIC_REPRESENTATION_CONTEXT(2) 
PARAMETRIC_REPRESENTATION_CONTEXT() REPRESENTATION_CONTEXT('2D SPACE',''
  ) );
#1403 = PCURVE('',#1404,#1409);
#1404 = PLANE('',#1405);
#1405 = AXIS2_PLACEMENT_3D('',#1406,#1407,#1408);
#1406 = CARTESIAN_POINT('',(0.,-18.31179450335,62.632520319512));
#1407 = DIRECTION('',(0.,-0.13917310096,-0.990268068742));
#1408 = DIRECTION('',(0.,-0.990268068742,0.13917310096));
#1409 = DEFINITIONAL_REPRESENTATION('',(#1410),#1414);
#1410 = LINE('',#1411,#1412);
#1411 = CARTESIAN_POINT('',(0.,0.));
#1412 = VECTOR('',#1413,1.);
#1413 = DIRECTION('',(1.,0.));
#1414 = ( GEOMETRIC_REPRESENTATION_CONTEXT(2) 
PARAMETRIC_REPRESENTATION_CONTEXT() REPRESENTATION_CONTEXT('2D SPACE',''
  ) );
#1415 = ORIENTED_EDGE('',*,*,#1416,.F.);
#1416 = EDGE_CURVE('',#22,#1389,#1417,.T.);
#1417 = SURFACE_CURVE('',#1418,(#1422,#1429),.PCURVE_S1.);
#1418 = LINE('',#1419,#1420);
#1419 = CARTESIAN_POINT('',(0.,-33.53516575129,40.536163881235));
#1420 = VECTOR('',#1421,1.);
#1421 = DIRECTION('',(0.,0.13917310096,0.990268068742));
#1422 = PCURVE('',#44,#1423);
#1423 = DEFINITIONAL_REPRESENTATION('',(#1424),#1428);
#1424 = LINE('',#1425,#1426);
#1425 = CARTESIAN_POINT('',(-7.5,22.81));
#1426 = VECTOR('',#1427,1.);
#1427 = DIRECTION('',(1.,0.));
#1428 = ( GEOMETRIC_REPRESENTATION_CONTEXT(2) 
PARAMETRIC_REPRESENTATION_CONTEXT() REPRESENTATION_CONTEXT('2D SPACE',''
  ) );
#1429 = PCURVE('',#72,#1430);
#1430 = DEFINITIONAL_REPRESENTATION('',(#1431),#1435);
#1431 = LINE('',#1432,#1433);
#1432 = CARTESIAN_POINT('',(15.,0.));
#1433 = VECTOR('',#1434,1.);
#1434 = DIRECTION('',(-1.,0.));
#1435 = ( GEOMETRIC_REPRESENTATION_CONTEXT(2) 
PARAMETRIC_REPRESENTATION_CONTEXT() REPRESENTATION_CONTEXT('2D SPACE',''
  ) );
#1436 = ORIENTED_EDGE('',*,*,#21,.T.);
#1437 = ORIENTED_EDGE('',*,*,#1438,.F.);
#1438 = EDGE_CURVE('',#1439,#24,#1441,.T.);
#1439 = VERTEX_POINT('',#1440);
#1440 = CARTESIAN_POINT('',(0.,-22.09476158014,31.152647621295));
#1441 = SURFACE_CURVE('',#1442,(#1446,#1453),.PCURVE_S1.);
#1442 = LINE('',#1443,#1444);
#1443 = CARTESIAN_POINT('',(0.,-22.09476158014,31.152647621295));
#1444 = VECTOR('',#1445,1.);
#1445 = DIRECTION('',(0.,0.48879274813,0.872399936597));
#1446 = PCURVE('',#44,#1447);
#1447 = DEFINITIONAL_REPRESENTATION('',(#1448),#1452);
#1448 = LINE('',#1449,#1450);
#1449 = CARTESIAN_POINT('',(-15.2,10.175));
#1450 = VECTOR('',#1451,1.);
#1451 = DIRECTION('',(0.931936602869,-0.362621246252));
#1452 = ( GEOMETRIC_REPRESENTATION_CONTEXT(2) 
PARAMETRIC_REPRESENTATION_CONTEXT() REPRESENTATION_CONTEXT('2D SPACE',''
  ) );
#1453 = PCURVE('',#126,#1454);
#1454 = DEFINITIONAL_REPRESENTATION('',(#1455),#1459);
#1455 = LINE('',#1456,#1457);
#1456 = CARTESIAN_POINT('',(0.,0.));
#1457 = VECTOR('',#1458,1.);
#1458 = DIRECTION('',(1.,0.));
#1459 = ( GEOMETRIC_REPRESENTATION_CONTEXT(2) 
PARAMETRIC_REPRESENTATION_CONTEXT() REPRESENTATION_CONTEXT('2D SPACE',''
  ) );
#1460 = ORIENTED_EDGE('',*,*,#1461,.F.);
#1461 = EDGE_CURVE('',#1462,#1439,#1464,.T.);
#1462 = VERTEX_POINT('',#1463);
#1463 = CARTESIAN_POINT('',(0.,3.058047365895,27.617650856909));
#1464 = SURFACE_CURVE('',#1465,(#1469,#1476),.PCURVE_S1.);
#1465 = LINE('',#1466,#1467);
#1466 = CARTESIAN_POINT('',(0.,3.058047365895,27.617650856909));
#1467 = VECTOR('',#1468,1.);
#1468 = DIRECTION('',(0.,-0.990268068742,0.13917310096));
#1469 = PCURVE('',#44,#1470);
#1470 = DEFINITIONAL_REPRESENTATION('',(#1471),#1475);
#1471 = LINE('',#1472,#1473);
#1472 = CARTESIAN_POINT('',(-15.2,-15.225));
#1473 = VECTOR('',#1474,1.);
#1474 = DIRECTION('',(0.,1.));
#1475 = ( GEOMETRIC_REPRESENTATION_CONTEXT(2) 
PARAMETRIC_REPRESENTATION_CONTEXT() REPRESENTATION_CONTEXT('2D SPACE',''
  ) );
#1476 = PCURVE('',#1477,#1482);
#1477 = PLANE('',#1478);
#1478 = AXIS2_PLACEMENT_3D('',#1479,#1480,#1481);
#1479 = CARTESIAN_POINT('',(0.,3.058047365895,27.617650856909));
#1480 = DIRECTION('',(0.,-0.13917310096,-0.990268068742));
#1481 = DIRECTION('',(0.,-0.990268068742,0.13917310096));
#1482 = DEFINITIONAL_REPRESENTATION('',(#1483),#1487);
#1483 = LINE('',#1484,#1485);
#1484 = CARTESIAN_POINT('',(0.,0.));
#1485 = VECTOR('',#1486,1.);
#1486 = DIRECTION('',(1.,0.));
#1487 = ( GEOMETRIC_REPRESENTATION_CONTEXT(2) 
PARAMETRIC_REPRESENTATION_CONTEXT() REPRESENTATION_CONTEXT('2D SPACE',''
  ) );
#1488 = ORIENTED_EDGE('',*,*,#1489,.F.);
#1489 = EDGE_CURVE('',#1490,#1462,#1492,.T.);
#1490 = VERTEX_POINT('',#1491);
#1491 = CARTESIAN_POINT('',(0.,1.162729220209,35.659692759524));
#1492 = SURFACE_CURVE('',#1493,(#1497,#1504),.PCURVE_S1.);
#1493 = LINE('',#1494,#1495);
#1494 = CARTESIAN_POINT('',(0.,1.160267768072,35.670136969787));
#1495 = VECTOR('',#1496,1.);
#1496 = DIRECTION('',(0.,0.229391734292,-0.973334183227));
#1497 = PCURVE('',#44,#1498);
#1498 = DEFINITIONAL_REPRESENTATION('',(#1499),#1503);
#1499 = LINE('',#1500,#1501);
#1500 = CARTESIAN_POINT('',(-7.49,-12.225));
#1501 = VECTOR('',#1502,1.);
#1502 = DIRECTION('',(-0.931936602869,-0.362621246252));
#1503 = ( GEOMETRIC_REPRESENTATION_CONTEXT(2) 
PARAMETRIC_REPRESENTATION_CONTEXT() REPRESENTATION_CONTEXT('2D SPACE',''
  ) );
#1504 = PCURVE('',#1505,#1510);
#1505 = PLANE('',#1506);
#1506 = AXIS2_PLACEMENT_3D('',#1507,#1508,#1509);
#1507 = CARTESIAN_POINT('',(0.,1.160267768072,35.670136969787));
#1508 = DIRECTION('',(0.,0.973334183227,0.229391734292));
#1509 = DIRECTION('',(0.,0.229391734292,-0.973334183227));
#1510 = DEFINITIONAL_REPRESENTATION('',(#1511),#1515);
#1511 = LINE('',#1512,#1513);
#1512 = CARTESIAN_POINT('',(0.,0.));
#1513 = VECTOR('',#1514,1.);
#1514 = DIRECTION('',(1.,0.));
#1515 = ( GEOMETRIC_REPRESENTATION_CONTEXT(2) 
PARAMETRIC_REPRESENTATION_CONTEXT() REPRESENTATION_CONTEXT('2D SPACE',''
  ) );
#1516 = ORIENTED_EDGE('',*,*,#1517,.T.);
#1517 = EDGE_CURVE('',#1490,#173,#1518,.T.);
#1518 = SURFACE_CURVE('',#1519,(#1523,#1530),.PCURVE_S1.);
#1519 = LINE('',#1520,#1521);
#1520 = CARTESIAN_POINT('',(0.,-33.53516575129,40.536163881235));
#1521 = VECTOR('',#1522,1.);
#1522 = DIRECTION('',(0.,0.990268068742,-0.13917310096));
#1523 = PCURVE('',#44,#1524);
#1524 = DEFINITIONAL_REPRESENTATION('',(#1525),#1529);
#1525 = LINE('',#1526,#1527);
#1526 = CARTESIAN_POINT('',(-7.5,22.81));
#1527 = VECTOR('',#1528,1.);
#1528 = DIRECTION('',(0.,-1.));
#1529 = ( GEOMETRIC_REPRESENTATION_CONTEXT(2) 
PARAMETRIC_REPRESENTATION_CONTEXT() REPRESENTATION_CONTEXT('2D SPACE',''
  ) );
#1530 = PCURVE('',#1531,#1536);
#1531 = PLANE('',#1532);
#1532 = AXIS2_PLACEMENT_3D('',#1533,#1534,#1535);
#1533 = CARTESIAN_POINT('',(0.,-33.53516575129,40.536163881235));
#1534 = DIRECTION('',(0.,0.13917310096,0.990268068742));
#1535 = DIRECTION('',(0.,0.990268068742,-0.13917310096));
#1536 = DEFINITIONAL_REPRESENTATION('',(#1537),#1541);
#1537 = LINE('',#1538,#1539);
#1538 = CARTESIAN_POINT('',(0.,0.));
#1539 = VECTOR('',#1540,1.);
#1540 = DIRECTION('',(1.,0.));
#1541 = ( GEOMETRIC_REPRESENTATION_CONTEXT(2) 
PARAMETRIC_REPRESENTATION_CONTEXT() REPRESENTATION_CONTEXT('2D SPACE',''
  ) );
#1542 = ADVANCED_FACE('',(#1543),#72,.F.);
#1543 = FACE_BOUND('',#1544,.F.);
#1544 = EDGE_LOOP('',(#1545,#1546,#1569,#1590));
#1545 = ORIENTED_EDGE('',*,*,#1416,.T.);
#1546 = ORIENTED_EDGE('',*,*,#1547,.T.);
#1547 = EDGE_CURVE('',#1389,#1548,#1550,.T.);
#1548 = VERTEX_POINT('',#1549);
#1549 = CARTESIAN_POINT('',(38.1,-30.19501132825,64.302597531033));
#1550 = SURFACE_CURVE('',#1551,(#1555,#1562),.PCURVE_S1.);
#1551 = LINE('',#1552,#1553);
#1552 = CARTESIAN_POINT('',(0.,-30.19501132825,64.302597531033));
#1553 = VECTOR('',#1554,1.);
#1554 = DIRECTION('',(1.,0.,0.));
#1555 = PCURVE('',#72,#1556);
#1556 = DEFINITIONAL_REPRESENTATION('',(#1557),#1561);
#1557 = LINE('',#1558,#1559);
#1558 = CARTESIAN_POINT('',(-9.,0.));
#1559 = VECTOR('',#1560,1.);
#1560 = DIRECTION('',(0.,-1.));
#1561 = ( GEOMETRIC_REPRESENTATION_CONTEXT(2) 
PARAMETRIC_REPRESENTATION_CONTEXT() REPRESENTATION_CONTEXT('2D SPACE',''
  ) );
#1562 = PCURVE('',#1404,#1563);
#1563 = DEFINITIONAL_REPRESENTATION('',(#1564),#1568);
#1564 = LINE('',#1565,#1566);
#1565 = CARTESIAN_POINT('',(12.,0.));
#1566 = VECTOR('',#1567,1.);
#1567 = DIRECTION('',(0.,-1.));
#1568 = ( GEOMETRIC_REPRESENTATION_CONTEXT(2) 
PARAMETRIC_REPRESENTATION_CONTEXT() REPRESENTATION_CONTEXT('2D SPACE',''
  ) );
#1569 = ORIENTED_EDGE('',*,*,#1570,.T.);
#1570 = EDGE_CURVE('',#1548,#57,#1571,.T.);
#1571 = SURFACE_CURVE('',#1572,(#1576,#1583),.PCURVE_S1.);
#1572 = LINE('',#1573,#1574);
#1573 = CARTESIAN_POINT('',(38.1,-30.19501132825,64.302597531033));
#1574 = VECTOR('',#1575,1.);
#1575 = DIRECTION('',(0.,-0.13917310096,-0.990268068742));
#1576 = PCURVE('',#72,#1577);
#1577 = DEFINITIONAL_REPRESENTATION('',(#1578),#1582);
#1578 = LINE('',#1579,#1580);
#1579 = CARTESIAN_POINT('',(-9.,-38.1));
#1580 = VECTOR('',#1581,1.);
#1581 = DIRECTION('',(1.,0.));
#1582 = ( GEOMETRIC_REPRESENTATION_CONTEXT(2) 
PARAMETRIC_REPRESENTATION_CONTEXT() REPRESENTATION_CONTEXT('2D SPACE',''
  ) );
#1583 = PCURVE('',#100,#1584);
#1584 = DEFINITIONAL_REPRESENTATION('',(#1585),#1589);
#1585 = LINE('',#1586,#1587);
#1586 = CARTESIAN_POINT('',(16.5,22.81));
#1587 = VECTOR('',#1588,1.);
#1588 = DIRECTION('',(-1.,0.));
#1589 = ( GEOMETRIC_REPRESENTATION_CONTEXT(2) 
PARAMETRIC_REPRESENTATION_CONTEXT() REPRESENTATION_CONTEXT('2D SPACE',''
  ) );
#1590 = ORIENTED_EDGE('',*,*,#56,.F.);
#1591 = ADVANCED_FACE('',(#1592),#126,.T.);
#1592 = FACE_BOUND('',#1593,.T.);
#1593 = EDGE_LOOP('',(#1594,#1595,#1618,#1639));
#1594 = ORIENTED_EDGE('',*,*,#1438,.F.);
#1595 = ORIENTED_EDGE('',*,*,#1596,.T.);
#1596 = EDGE_CURVE('',#1439,#1597,#1599,.T.);
#1597 = VERTEX_POINT('',#1598);
#1598 = CARTESIAN_POINT('',(38.1,-22.09476158014,31.152647621295));
#1599 = SURFACE_CURVE('',#1600,(#1604,#1611),.PCURVE_S1.);
#1600 = LINE('',#1601,#1602);
#1601 = CARTESIAN_POINT('',(0.,-22.09476158014,31.152647621295));
#1602 = VECTOR('',#1603,1.);
#1603 = DIRECTION('',(1.,0.,0.));
#1604 = PCURVE('',#126,#1605);
#1605 = DEFINITIONAL_REPRESENTATION('',(#1606),#1610);
#1606 = LINE('',#1607,#1608);
#1607 = CARTESIAN_POINT('',(0.,0.));
#1608 = VECTOR('',#1609,1.);
#1609 = DIRECTION('',(0.,-1.));
#1610 = ( GEOMETRIC_REPRESENTATION_CONTEXT(2) 
PARAMETRIC_REPRESENTATION_CONTEXT() REPRESENTATION_CONTEXT('2D SPACE',''
  ) );
#1611 = PCURVE('',#1477,#1612);
#1612 = DEFINITIONAL_REPRESENTATION('',(#1613),#1617);
#1613 = LINE('',#1614,#1615);
#1614 = CARTESIAN_POINT('',(25.4,0.));
#1615 = VECTOR('',#1616,1.);
#1616 = DIRECTION('',(0.,-1.));
#1617 = ( GEOMETRIC_REPRESENTATION_CONTEXT(2) 
PARAMETRIC_REPRESENTATION_CONTEXT() REPRESENTATION_CONTEXT('2D SPACE',''
  ) );
#1618 = ORIENTED_EDGE('',*,*,#1619,.T.);
#1619 = EDGE_CURVE('',#1597,#85,#1620,.T.);
#1620 = SURFACE_CURVE('',#1621,(#1625,#1632),.PCURVE_S1.);
#1621 = LINE('',#1622,#1623);
#1622 = CARTESIAN_POINT('',(38.1,-22.09476158014,31.152647621295));
#1623 = VECTOR('',#1624,1.);
#1624 = DIRECTION('',(0.,0.48879274813,0.872399936597));
#1625 = PCURVE('',#126,#1626);
#1626 = DEFINITIONAL_REPRESENTATION('',(#1627),#1631);
#1627 = LINE('',#1628,#1629);
#1628 = CARTESIAN_POINT('',(0.,-38.1));
#1629 = VECTOR('',#1630,1.);
#1630 = DIRECTION('',(1.,0.));
#1631 = ( GEOMETRIC_REPRESENTATION_CONTEXT(2) 
PARAMETRIC_REPRESENTATION_CONTEXT() REPRESENTATION_CONTEXT('2D SPACE',''
  ) );
#1632 = PCURVE('',#100,#1633);
#1633 = DEFINITIONAL_REPRESENTATION('',(#1634),#1638);
#1634 = LINE('',#1635,#1636);
#1635 = CARTESIAN_POINT('',(-15.2,10.175));
#1636 = VECTOR('',#1637,1.);
#1637 = DIRECTION('',(0.931936602869,-0.362621246252));
#1638 = ( GEOMETRIC_REPRESENTATION_CONTEXT(2) 
PARAMETRIC_REPRESENTATION_CONTEXT() REPRESENTATION_CONTEXT('2D SPACE',''
  ) );
#1639 = ORIENTED_EDGE('',*,*,#112,.F.);
#1640 = ADVANCED_FACE('',(#1641),#100,.T.);
#1641 = FACE_BOUND('',#1642,.T.);
#1642 = EDGE_LOOP('',(#1643,#1668,#1691,#1714,#1737,#1760,#1783,#1806,
    #1829,#1852,#1875,#1898,#1921,#1944,#1967,#1990,#2013,#2036,#2059,
    #2082,#2105,#2128,#2151,#2174,#2197,#2220,#2243,#2266,#2289,#2312,
    #2335,#2358,#2381,#2404,#2427,#2450,#2473,#2496,#2519,#2542,#2570,
    #2593,#2621,#2644,#2665,#2666,#2667,#2668,#2691,#2714));
#1643 = ORIENTED_EDGE('',*,*,#1644,.T.);
#1644 = EDGE_CURVE('',#1645,#1647,#1649,.T.);
#1645 = VERTEX_POINT('',#1646);
#1646 = CARTESIAN_POINT('',(38.1,11.640863544692,34.187087015437));
#1647 = VERTEX_POINT('',#1648);
#1648 = CARTESIAN_POINT('',(38.1,13.728460059093,49.041108046561));
#1649 = SURFACE_CURVE('',#1650,(#1654,#1661),.PCURVE_S1.);
#1650 = LINE('',#1651,#1652);
#1651 = CARTESIAN_POINT('',(38.1,11.640863544692,34.187087015437));
#1652 = VECTOR('',#1653,1.);
#1653 = DIRECTION('',(0.,0.13917310096,0.990268068742));
#1654 = PCURVE('',#100,#1655);
#1655 = DEFINITIONAL_REPRESENTATION('',(#1656),#1660);
#1656 = LINE('',#1657,#1658);
#1657 = CARTESIAN_POINT('',(-7.5,-22.81));
#1658 = VECTOR('',#1659,1.);
#1659 = DIRECTION('',(1.,0.));
#1660 = ( GEOMETRIC_REPRESENTATION_CONTEXT(2) 
PARAMETRIC_REPRESENTATION_CONTEXT() REPRESENTATION_CONTEXT('2D SPACE',''
  ) );
#1661 = PCURVE('',#190,#1662);
#1662 = DEFINITIONAL_REPRESENTATION('',(#1663),#1667);
#1663 = LINE('',#1664,#1665);
#1664 = CARTESIAN_POINT('',(0.,-38.1));
#1665 = VECTOR('',#1666,1.);
#1666 = DIRECTION('',(1.,0.));
#1667 = ( GEOMETRIC_REPRESENTATION_CONTEXT(2) 
PARAMETRIC_REPRESENTATION_CONTEXT() REPRESENTATION_CONTEXT('2D SPACE',''
  ) );
#1668 = ORIENTED_EDGE('',*,*,#1669,.T.);
#1669 = EDGE_CURVE('',#1647,#1670,#1672,.T.);
#1670 = VERTEX_POINT('',#1671);
#1671 = CARTESIAN_POINT('',(38.1,5.935050358097,50.136400351116));
#1672 = SURFACE_CURVE('',#1673,(#1677,#1684),.PCURVE_S1.);
#1673 = LINE('',#1674,#1675);
#1674 = CARTESIAN_POINT('',(38.1,13.728460059093,49.041108046561));
#1675 = VECTOR('',#1676,1.);
#1676 = DIRECTION('',(0.,-0.990268068742,0.13917310096));
#1677 = PCURVE('',#100,#1678);
#1678 = DEFINITIONAL_REPRESENTATION('',(#1679),#1683);
#1679 = LINE('',#1680,#1681);
#1680 = CARTESIAN_POINT('',(7.5,-22.81));
#1681 = VECTOR('',#1682,1.);
#1682 = DIRECTION('',(0.,1.));
#1683 = ( GEOMETRIC_REPRESENTATION_CONTEXT(2) 
PARAMETRIC_REPRESENTATION_CONTEXT() REPRESENTATION_CONTEXT('2D SPACE',''
  ) );
#1684 = PCURVE('',#218,#1685);
#1685 = DEFINITIONAL_REPRESENTATION('',(#1686),#1690);
#1686 = LINE('',#1687,#1688);
#1687 = CARTESIAN_POINT('',(0.,-38.1));
#1688 = VECTOR('',#1689,1.);
#1689 = DIRECTION('',(1.,0.));
#1690 = ( GEOMETRIC_REPRESENTATION_CONTEXT(2) 
PARAMETRIC_REPRESENTATION_CONTEXT() REPRESENTATION_CONTEXT('2D SPACE',''
  ) );
#1691 = ORIENTED_EDGE('',*,*,#1692,.T.);
#1692 = EDGE_CURVE('',#1670,#1693,#1695,.T.);
#1693 = VERTEX_POINT('',#1694);
#1694 = CARTESIAN_POINT('',(38.1,6.397751065962,53.428686958384));
#1695 = SURFACE_CURVE('',#1696,(#1700,#1707),.PCURVE_S1.);
#1696 = LINE('',#1697,#1698);
#1697 = CARTESIAN_POINT('',(38.1,5.656704156177,48.155864213633));
#1698 = VECTOR('',#1699,1.);
#1699 = DIRECTION('',(0.,0.13917310096,0.990268068742));
#1700 = PCURVE('',#100,#1701);
#1701 = DEFINITIONAL_REPRESENTATION('',(#1702),#1706);
#1702 = LINE('',#1703,#1704);
#1703 = CARTESIAN_POINT('',(5.5,-14.94));
#1704 = VECTOR('',#1705,1.);
#1705 = DIRECTION('',(1.,0.));
#1706 = ( GEOMETRIC_REPRESENTATION_CONTEXT(2) 
PARAMETRIC_REPRESENTATION_CONTEXT() REPRESENTATION_CONTEXT('2D SPACE',''
  ) );
#1707 = PCURVE('',#246,#1708);
#1708 = DEFINITIONAL_REPRESENTATION('',(#1709),#1713);
#1709 = LINE('',#1710,#1711);
#1710 = CARTESIAN_POINT('',(0.,-38.1));
#1711 = VECTOR('',#1712,1.);
#1712 = DIRECTION('',(1.,0.));
#1713 = ( GEOMETRIC_REPRESENTATION_CONTEXT(2) 
PARAMETRIC_REPRESENTATION_CONTEXT() REPRESENTATION_CONTEXT('2D SPACE',''
  ) );
#1714 = ORIENTED_EDGE('',*,*,#1715,.T.);
#1715 = EDGE_CURVE('',#1693,#1716,#1718,.T.);
#1716 = VERTEX_POINT('',#1717);
#1717 = CARTESIAN_POINT('',(38.1,3.497286419658,52.909638929347));
#1718 = SURFACE_CURVE('',#1719,(#1723,#1730),.PCURVE_S1.);
#1719 = LINE('',#1720,#1721);
#1720 = CARTESIAN_POINT('',(38.1,6.397751065962,53.428686958384));
#1721 = VECTOR('',#1722,1.);
#1722 = DIRECTION('',(0.,-0.984362439258,-0.176155011786));
#1723 = PCURVE('',#100,#1724);
#1724 = DEFINITIONAL_REPRESENTATION('',(#1725),#1729);
#1725 = LINE('',#1726,#1727);
#1726 = CARTESIAN_POINT('',(10.824641792653,-14.94));
#1727 = VECTOR('',#1728,1.);
#1728 = DIRECTION('',(-0.311437456461,0.950266652426));
#1729 = ( GEOMETRIC_REPRESENTATION_CONTEXT(2) 
PARAMETRIC_REPRESENTATION_CONTEXT() REPRESENTATION_CONTEXT('2D SPACE',''
  ) );
#1730 = PCURVE('',#274,#1731);
#1731 = DEFINITIONAL_REPRESENTATION('',(#1732),#1736);
#1732 = LINE('',#1733,#1734);
#1733 = CARTESIAN_POINT('',(0.,-38.1));
#1734 = VECTOR('',#1735,1.);
#1735 = DIRECTION('',(1.,0.));
#1736 = ( GEOMETRIC_REPRESENTATION_CONTEXT(2) 
PARAMETRIC_REPRESENTATION_CONTEXT() REPRESENTATION_CONTEXT('2D SPACE',''
  ) );
#1737 = ORIENTED_EDGE('',*,*,#1738,.T.);
#1738 = EDGE_CURVE('',#1716,#1739,#1741,.T.);
#1739 = VERTEX_POINT('',#1740);
#1740 = CARTESIAN_POINT('',(38.1,3.29011040842,52.872564318646));
#1741 = SURFACE_CURVE('',#1742,(#1746,#1753),.PCURVE_S1.);
#1742 = LINE('',#1743,#1744);
#1743 = CARTESIAN_POINT('',(38.1,3.497286419658,52.909638929347));
#1744 = VECTOR('',#1745,1.);
#1745 = DIRECTION('',(0.,-0.984362638856,-0.176153896421));
#1746 = PCURVE('',#100,#1747);
#1747 = DEFINITIONAL_REPRESENTATION('',(#1748),#1752);
#1748 = LINE('',#1749,#1750);
#1749 = CARTESIAN_POINT('',(9.906978444303,-12.14));
#1750 = VECTOR('',#1751,1.);
#1751 = DIRECTION('',(-0.311436379729,0.95026700531));
#1752 = ( GEOMETRIC_REPRESENTATION_CONTEXT(2) 
PARAMETRIC_REPRESENTATION_CONTEXT() REPRESENTATION_CONTEXT('2D SPACE',''
  ) );
#1753 = PCURVE('',#302,#1754);
#1754 = DEFINITIONAL_REPRESENTATION('',(#1755),#1759);
#1755 = LINE('',#1756,#1757);
#1756 = CARTESIAN_POINT('',(0.,-38.1));
#1757 = VECTOR('',#1758,1.);
#1758 = DIRECTION('',(1.,0.));
#1759 = ( GEOMETRIC_REPRESENTATION_CONTEXT(2) 
PARAMETRIC_REPRESENTATION_CONTEXT() REPRESENTATION_CONTEXT('2D SPACE',''
  ) );
#1760 = ORIENTED_EDGE('',*,*,#1761,.T.);
#1761 = EDGE_CURVE('',#1739,#1762,#1764,.T.);
#1762 = VERTEX_POINT('',#1763);
#1763 = CARTESIAN_POINT('',(38.1,2.461406395176,52.72426610145));
#1764 = SURFACE_CURVE('',#1765,(#1769,#1776),.PCURVE_S1.);
#1765 = LINE('',#1766,#1767);
#1766 = CARTESIAN_POINT('',(38.1,3.29011040842,52.872564318646));
#1767 = VECTOR('',#1768,1.);
#1768 = DIRECTION('',(0.,-0.984362684156,-0.176153643281));
#1769 = PCURVE('',#100,#1770);
#1770 = DEFINITIONAL_REPRESENTATION('',(#1771),#1775);
#1771 = LINE('',#1772,#1773);
#1772 = CARTESIAN_POINT('',(9.841431313236,-11.94));
#1773 = VECTOR('',#1774,1.);
#1774 = DIRECTION('',(-0.311436135357,0.9502670854));
#1775 = ( GEOMETRIC_REPRESENTATION_CONTEXT(2) 
PARAMETRIC_REPRESENTATION_CONTEXT() REPRESENTATION_CONTEXT('2D SPACE',''
  ) );
#1776 = PCURVE('',#330,#1777);
#1777 = DEFINITIONAL_REPRESENTATION('',(#1778),#1782);
#1778 = LINE('',#1779,#1780);
#1779 = CARTESIAN_POINT('',(0.,-38.1));
#1780 = VECTOR('',#1781,1.);
#1781 = DIRECTION('',(1.,0.));
#1782 = ( GEOMETRIC_REPRESENTATION_CONTEXT(2) 
PARAMETRIC_REPRESENTATION_CONTEXT() REPRESENTATION_CONTEXT('2D SPACE',''
  ) );
#1783 = ORIENTED_EDGE('',*,*,#1784,.T.);
#1784 = EDGE_CURVE('',#1762,#1785,#1787,.T.);
#1785 = VERTEX_POINT('',#1786);
#1786 = CARTESIAN_POINT('',(38.1,2.254272476163,52.687490992495));
#1787 = SURFACE_CURVE('',#1788,(#1792,#1799),.PCURVE_S1.);
#1788 = LINE('',#1789,#1790);
#1789 = CARTESIAN_POINT('',(38.1,2.461406395176,52.72426610145));
#1790 = VECTOR('',#1791,1.);
#1791 = DIRECTION('',(0.,-0.984602374838,-0.174808934166));
#1792 = PCURVE('',#100,#1793);
#1793 = DEFINITIONAL_REPRESENTATION('',(#1794),#1798);
#1794 = LINE('',#1795,#1796);
#1795 = CARTESIAN_POINT('',(9.579243016794,-11.14));
#1796 = VECTOR('',#1797,1.);
#1797 = DIRECTION('',(-0.310137871354,0.950691590765));
#1798 = ( GEOMETRIC_REPRESENTATION_CONTEXT(2) 
PARAMETRIC_REPRESENTATION_CONTEXT() REPRESENTATION_CONTEXT('2D SPACE',''
  ) );
#1799 = PCURVE('',#358,#1800);
#1800 = DEFINITIONAL_REPRESENTATION('',(#1801),#1805);
#1801 = LINE('',#1802,#1803);
#1802 = CARTESIAN_POINT('',(0.,-38.1));
#1803 = VECTOR('',#1804,1.);
#1804 = DIRECTION('',(1.,0.));
#1805 = ( GEOMETRIC_REPRESENTATION_CONTEXT(2) 
PARAMETRIC_REPRESENTATION_CONTEXT() REPRESENTATION_CONTEXT('2D SPACE',''
  ) );
#1806 = ORIENTED_EDGE('',*,*,#1807,.T.);
#1807 = EDGE_CURVE('',#1785,#1808,#1810,.T.);
#1808 = VERTEX_POINT('',#1809);
#1809 = CARTESIAN_POINT('',(38.1,2.056191729336,52.715132550798));
#1810 = SURFACE_CURVE('',#1811,(#1815,#1822),.PCURVE_S1.);
#1811 = LINE('',#1812,#1813);
#1812 = CARTESIAN_POINT('',(38.1,2.254272476163,52.687490992495));
#1813 = VECTOR('',#1814,1.);
#1814 = DIRECTION('',(0.,-0.990403263582,0.138207725852));
#1815 = PCURVE('',#100,#1816);
#1816 = DEFINITIONAL_REPRESENTATION('',(#1817),#1821);
#1817 = LINE('',#1818,#1819);
#1818 = CARTESIAN_POINT('',(9.513998330849,-10.94));
#1819 = VECTOR('',#1820,1.);
#1820 = DIRECTION('',(-9.747956290271E-04,0.999999524887));
#1821 = ( GEOMETRIC_REPRESENTATION_CONTEXT(2) 
PARAMETRIC_REPRESENTATION_CONTEXT() REPRESENTATION_CONTEXT('2D SPACE',''
  ) );
#1822 = PCURVE('',#386,#1823);
#1823 = DEFINITIONAL_REPRESENTATION('',(#1824),#1828);
#1824 = LINE('',#1825,#1826);
#1825 = CARTESIAN_POINT('',(0.,-38.1));
#1826 = VECTOR('',#1827,1.);
#1827 = DIRECTION('',(1.,-0.));
#1828 = ( GEOMETRIC_REPRESENTATION_CONTEXT(2) 
PARAMETRIC_REPRESENTATION_CONTEXT() REPRESENTATION_CONTEXT('2D SPACE',''
  ) );
#1829 = ORIENTED_EDGE('',*,*,#1830,.T.);
#1830 = EDGE_CURVE('',#1808,#1831,#1833,.T.);
#1831 = VERTEX_POINT('',#1832);
#1832 = CARTESIAN_POINT('',(38.1,1.863675755007,52.782369522849));
#1833 = SURFACE_CURVE('',#1834,(#1838,#1845),.PCURVE_S1.);
#1834 = LINE('',#1835,#1836);
#1835 = CARTESIAN_POINT('',(38.1,2.056191729336,52.715132550798));
#1836 = VECTOR('',#1837,1.);
#1837 = DIRECTION('',(0.,-0.944077748905,0.329722920074));
#1838 = PCURVE('',#100,#1839);
#1839 = DEFINITIONAL_REPRESENTATION('',(#1840),#1844);
#1840 = LINE('',#1841,#1842);
#1841 = CARTESIAN_POINT('',(9.51380337163,-10.74));
#1842 = VECTOR('',#1843,1.);
#1843 = DIRECTION('',(0.195123851419,0.980778610395));
#1844 = ( GEOMETRIC_REPRESENTATION_CONTEXT(2) 
PARAMETRIC_REPRESENTATION_CONTEXT() REPRESENTATION_CONTEXT('2D SPACE',''
  ) );
#1845 = PCURVE('',#414,#1846);
#1846 = DEFINITIONAL_REPRESENTATION('',(#1847),#1851);
#1847 = LINE('',#1848,#1849);
#1848 = CARTESIAN_POINT('',(0.,-38.1));
#1849 = VECTOR('',#1850,1.);
#1850 = DIRECTION('',(1.,0.));
#1851 = ( GEOMETRIC_REPRESENTATION_CONTEXT(2) 
PARAMETRIC_REPRESENTATION_CONTEXT() REPRESENTATION_CONTEXT('2D SPACE',''
  ) );
#1852 = ORIENTED_EDGE('',*,*,#1853,.T.);
#1853 = EDGE_CURVE('',#1831,#1854,#1856,.T.);
#1854 = VERTEX_POINT('',#1855);
#1855 = CARTESIAN_POINT('',(38.1,1.480827293529,52.932379785515));
#1856 = SURFACE_CURVE('',#1857,(#1861,#1868),.PCURVE_S1.);
#1857 = LINE('',#1858,#1859);
#1858 = CARTESIAN_POINT('',(38.1,1.863675755007,52.782369522849));
#1859 = VECTOR('',#1860,1.);
#1860 = DIRECTION('',(0.,-0.931077632892,0.36482110894));
#1861 = PCURVE('',#100,#1862);
#1862 = DEFINITIONAL_REPRESENTATION('',(#1863),#1867);
#1863 = LINE('',#1864,#1865);
#1864 = CARTESIAN_POINT('',(9.553592952959,-10.54));
#1865 = VECTOR('',#1866,1.);
#1866 = DIRECTION('',(0.231689733583,0.972789734399));
#1867 = ( GEOMETRIC_REPRESENTATION_CONTEXT(2) 
PARAMETRIC_REPRESENTATION_CONTEXT() REPRESENTATION_CONTEXT('2D SPACE',''
  ) );
#1868 = PCURVE('',#442,#1869);
#1869 = DEFINITIONAL_REPRESENTATION('',(#1870),#1874);
#1870 = LINE('',#1871,#1872);
#1871 = CARTESIAN_POINT('',(0.,-38.1));
#1872 = VECTOR('',#1873,1.);
#1873 = DIRECTION('',(1.,0.));
#1874 = ( GEOMETRIC_REPRESENTATION_CONTEXT(2) 
PARAMETRIC_REPRESENTATION_CONTEXT() REPRESENTATION_CONTEXT('2D SPACE',''
  ) );
#1875 = ORIENTED_EDGE('',*,*,#1876,.T.);
#1876 = EDGE_CURVE('',#1854,#1877,#1879,.T.);
#1877 = VERTEX_POINT('',#1878);
#1878 = CARTESIAN_POINT('',(38.1,1.289730413694,53.009714139559));
#1879 = SURFACE_CURVE('',#1880,(#1884,#1891),.PCURVE_S1.);
#1880 = LINE('',#1881,#1882);
#1881 = CARTESIAN_POINT('',(38.1,1.480827293529,52.932379785515));
#1882 = VECTOR('',#1883,1.);
#1883 = DIRECTION('',(0.,-0.926971075837,0.375132809231));
#1884 = PCURVE('',#100,#1885);
#1885 = DEFINITIONAL_REPRESENTATION('',(#1886),#1890);
#1886 = LINE('',#1887,#1888);
#1887 = CARTESIAN_POINT('',(9.648861118479,-10.14));
#1888 = VECTOR('',#1889,1.);
#1889 = DIRECTION('',(0.242472603394,0.970158253381));
#1890 = ( GEOMETRIC_REPRESENTATION_CONTEXT(2) 
PARAMETRIC_REPRESENTATION_CONTEXT() REPRESENTATION_CONTEXT('2D SPACE',''
  ) );
#1891 = PCURVE('',#470,#1892);
#1892 = DEFINITIONAL_REPRESENTATION('',(#1893),#1897);
#1893 = LINE('',#1894,#1895);
#1894 = CARTESIAN_POINT('',(0.,-38.1));
#1895 = VECTOR('',#1896,1.);
#1896 = DIRECTION('',(1.,0.));
#1897 = ( GEOMETRIC_REPRESENTATION_CONTEXT(2) 
PARAMETRIC_REPRESENTATION_CONTEXT() REPRESENTATION_CONTEXT('2D SPACE',''
  ) );
#1898 = ORIENTED_EDGE('',*,*,#1899,.T.);
#1899 = EDGE_CURVE('',#1877,#1900,#1902,.T.);
#1900 = VERTEX_POINT('',#1901);
#1901 = CARTESIAN_POINT('',(38.1,0.910882673038,53.188191010037));
#1902 = SURFACE_CURVE('',#1903,(#1907,#1914),.PCURVE_S1.);
#1903 = LINE('',#1904,#1905);
#1904 = CARTESIAN_POINT('',(38.1,1.289730413694,53.009714139559));
#1905 = VECTOR('',#1906,1.);
#1906 = DIRECTION('',(0.,-0.904638692575,0.426179347102));
#1907 = PCURVE('',#100,#1908);
#1908 = DEFINITIONAL_REPRESENTATION('',(#1909),#1913);
#1909 = LINE('',#1910,#1911);
#1910 = CARTESIAN_POINT('',(9.698847314556,-9.94));
#1911 = VECTOR('',#1912,1.);
#1912 = DIRECTION('',(0.296130426898,0.955147512306));
#1913 = ( GEOMETRIC_REPRESENTATION_CONTEXT(2) 
PARAMETRIC_REPRESENTATION_CONTEXT() REPRESENTATION_CONTEXT('2D SPACE',''
  ) );
#1914 = PCURVE('',#498,#1915);
#1915 = DEFINITIONAL_REPRESENTATION('',(#1916),#1920);
#1916 = LINE('',#1917,#1918);
#1917 = CARTESIAN_POINT('',(0.,-38.1));
#1918 = VECTOR('',#1919,1.);
#1919 = DIRECTION('',(1.,0.));
#1920 = ( GEOMETRIC_REPRESENTATION_CONTEXT(2) 
PARAMETRIC_REPRESENTATION_CONTEXT() REPRESENTATION_CONTEXT('2D SPACE',''
  ) );
#1921 = ORIENTED_EDGE('',*,*,#1922,.T.);
#1922 = EDGE_CURVE('',#1900,#1923,#1925,.T.);
#1923 = VERTEX_POINT('',#1924);
#1924 = CARTESIAN_POINT('',(38.1,0.722155583239,53.282387296354));
#1925 = SURFACE_CURVE('',#1926,(#1930,#1937),.PCURVE_S1.);
#1926 = LINE('',#1927,#1928);
#1927 = CARTESIAN_POINT('',(38.1,0.910882673038,53.188191010037));
#1928 = VECTOR('',#1929,1.);
#1929 = DIRECTION('',(0.,-0.89474415132,0.446579112453));
#1930 = PCURVE('',#100,#1931);
#1931 = DEFINITIONAL_REPRESENTATION('',(#1932),#1936);
#1932 = LINE('',#1933,#1934);
#1933 = CARTESIAN_POINT('',(9.82286184554,-9.54));
#1934 = VECTOR('',#1935,1.);
#1935 = DIRECTION('',(0.317708717124,0.948188362649));
#1936 = ( GEOMETRIC_REPRESENTATION_CONTEXT(2) 
PARAMETRIC_REPRESENTATION_CONTEXT() REPRESENTATION_CONTEXT('2D SPACE',''
  ) );
#1937 = PCURVE('',#526,#1938);
#1938 = DEFINITIONAL_REPRESENTATION('',(#1939),#1943);
#1939 = LINE('',#1940,#1941);
#1940 = CARTESIAN_POINT('',(0.,-38.1));
#1941 = VECTOR('',#1942,1.);
#1942 = DIRECTION('',(1.,0.));
#1943 = ( GEOMETRIC_REPRESENTATION_CONTEXT(2) 
PARAMETRIC_REPRESENTATION_CONTEXT() REPRESENTATION_CONTEXT('2D SPACE',''
  ) );
#1944 = ORIENTED_EDGE('',*,*,#1945,.T.);
#1945 = EDGE_CURVE('',#1923,#1946,#1948,.T.);
#1946 = VERTEX_POINT('',#1947);
#1947 = CARTESIAN_POINT('',(38.1,0.534886820892,53.386960121666));
#1948 = SURFACE_CURVE('',#1949,(#1953,#1960),.PCURVE_S1.);
#1949 = LINE('',#1950,#1951);
#1950 = CARTESIAN_POINT('',(38.1,0.722155583239,53.282387296354));
#1951 = VECTOR('',#1952,1.);
#1952 = DIRECTION('',(0.,-0.873097038771,0.487546470493));
#1953 = PCURVE('',#100,#1954);
#1954 = DEFINITIONAL_REPRESENTATION('',(#1955),#1959);
#1955 = LINE('',#1956,#1957);
#1956 = CARTESIAN_POINT('',(9.889875685751,-9.34));
#1957 = VECTOR('',#1958,1.);
#1958 = DIRECTION('',(0.361290079432,0.932453472568));
#1959 = ( GEOMETRIC_REPRESENTATION_CONTEXT(2) 
PARAMETRIC_REPRESENTATION_CONTEXT() REPRESENTATION_CONTEXT('2D SPACE',''
  ) );
#1960 = PCURVE('',#554,#1961);
#1961 = DEFINITIONAL_REPRESENTATION('',(#1962),#1966);
#1962 = LINE('',#1963,#1964);
#1963 = CARTESIAN_POINT('',(0.,-38.1));
#1964 = VECTOR('',#1965,1.);
#1965 = DIRECTION('',(1.,0.));
#1966 = ( GEOMETRIC_REPRESENTATION_CONTEXT(2) 
PARAMETRIC_REPRESENTATION_CONTEXT() REPRESENTATION_CONTEXT('2D SPACE',''
  ) );
#1967 = ORIENTED_EDGE('',*,*,#1968,.T.);
#1968 = EDGE_CURVE('',#1946,#1969,#1971,.T.);
#1969 = VERTEX_POINT('',#1970);
#1970 = CARTESIAN_POINT('',(38.1,0.347545408233,53.491016013151));
#1971 = SURFACE_CURVE('',#1972,(#1976,#1983),.PCURVE_S1.);
#1972 = LINE('',#1973,#1974);
#1973 = CARTESIAN_POINT('',(38.1,0.534886820892,53.386960121666));
#1974 = VECTOR('',#1975,1.);
#1975 = DIRECTION('',(0.,-0.874202183866,0.485562088433));
#1976 = PCURVE('',#100,#1977);
#1977 = DEFINITIONAL_REPRESENTATION('',(#1978),#1982);
#1978 = LINE('',#1979,#1980);
#1979 = CARTESIAN_POINT('',(9.967368041147,-9.14));
#1980 = VECTOR('',#1981,1.);
#1981 = DIRECTION('',(0.359171202772,0.933271689863));
#1982 = ( GEOMETRIC_REPRESENTATION_CONTEXT(2) 
PARAMETRIC_REPRESENTATION_CONTEXT() REPRESENTATION_CONTEXT('2D SPACE',''
  ) );
#1983 = PCURVE('',#582,#1984);
#1984 = DEFINITIONAL_REPRESENTATION('',(#1985),#1989);
#1985 = LINE('',#1986,#1987);
#1986 = CARTESIAN_POINT('',(0.,-38.1));
#1987 = VECTOR('',#1988,1.);
#1988 = DIRECTION('',(1.,0.));
#1989 = ( GEOMETRIC_REPRESENTATION_CONTEXT(2) 
PARAMETRIC_REPRESENTATION_CONTEXT() REPRESENTATION_CONTEXT('2D SPACE',''
  ) );
#1990 = ORIENTED_EDGE('',*,*,#1991,.T.);
#1991 = EDGE_CURVE('',#1969,#1992,#1994,.T.);
#1992 = VERTEX_POINT('',#1993);
#1993 = CARTESIAN_POINT('',(38.1,0.161589214815,53.604928251679));
#1994 = SURFACE_CURVE('',#1995,(#1999,#2006),.PCURVE_S1.);
#1995 = LINE('',#1996,#1997);
#1996 = CARTESIAN_POINT('',(38.1,0.347545408233,53.491016013151));
#1997 = VECTOR('',#1998,1.);
#1998 = DIRECTION('',(0.,-0.852725676074,0.522358996634));
#1999 = PCURVE('',#100,#2000);
#2000 = DEFINITIONAL_REPRESENTATION('',(#2001),#2005);
#2001 = LINE('',#2002,#2003);
#2002 = CARTESIAN_POINT('',(10.044338382511,-8.94));
#2003 = VECTOR('',#2004,1.);
#2004 = DIRECTION('',(0.398598958179,0.917125329788));
#2005 = ( GEOMETRIC_REPRESENTATION_CONTEXT(2) 
PARAMETRIC_REPRESENTATION_CONTEXT() REPRESENTATION_CONTEXT('2D SPACE',''
  ) );
#2006 = PCURVE('',#610,#2007);
#2007 = DEFINITIONAL_REPRESENTATION('',(#2008),#2012);
#2008 = LINE('',#2009,#2010);
#2009 = CARTESIAN_POINT('',(0.,-38.1));
#2010 = VECTOR('',#2011,1.);
#2011 = DIRECTION('',(1.,0.));
#2012 = ( GEOMETRIC_REPRESENTATION_CONTEXT(2) 
PARAMETRIC_REPRESENTATION_CONTEXT() REPRESENTATION_CONTEXT('2D SPACE',''
  ) );
#2013 = ORIENTED_EDGE('',*,*,#2014,.T.);
#2014 = EDGE_CURVE('',#1992,#2015,#2017,.T.);
#2015 = VERTEX_POINT('',#2016);
#2016 = CARTESIAN_POINT('',(38.1,-2.374528169522E-02,53.723264093561));
#2017 = SURFACE_CURVE('',#2018,(#2022,#2029),.PCURVE_S1.);
#2018 = LINE('',#2019,#2020);
#2019 = CARTESIAN_POINT('',(38.1,0.161589214815,53.604928251679));
#2020 = VECTOR('',#2021,1.);
#2021 = DIRECTION('',(0.,-0.842845420813,0.538155736394));
#2022 = PCURVE('',#100,#2023);
#2023 = DEFINITIONAL_REPRESENTATION('',(#2024),#2028);
#2024 = LINE('',#2025,#2026);
#2025 = CARTESIAN_POINT('',(10.131261934883,-8.74));
#2026 = VECTOR('',#2027,1.);
#2027 = DIRECTION('',(0.415617030917,0.90953970975));
#2028 = ( GEOMETRIC_REPRESENTATION_CONTEXT(2) 
PARAMETRIC_REPRESENTATION_CONTEXT() REPRESENTATION_CONTEXT('2D SPACE',''
  ) );
#2029 = PCURVE('',#638,#2030);
#2030 = DEFINITIONAL_REPRESENTATION('',(#2031),#2035);
#2031 = LINE('',#2032,#2033);
#2032 = CARTESIAN_POINT('',(0.,-38.1));
#2033 = VECTOR('',#2034,1.);
#2034 = DIRECTION('',(1.,0.));
#2035 = ( GEOMETRIC_REPRESENTATION_CONTEXT(2) 
PARAMETRIC_REPRESENTATION_CONTEXT() REPRESENTATION_CONTEXT('2D SPACE',''
  ) );
#2036 = ORIENTED_EDGE('',*,*,#2037,.T.);
#2037 = EDGE_CURVE('',#2015,#2038,#2040,.T.);
#2038 = VERTEX_POINT('',#2039);
#2039 = CARTESIAN_POINT('',(38.1,-0.208755764721,53.843905411183));
#2040 = SURFACE_CURVE('',#2041,(#2045,#2052),.PCURVE_S1.);
#2041 = LINE('',#2042,#2043);
#2042 = CARTESIAN_POINT('',(38.1,-2.374528169522E-02,53.723264093561));
#2043 = VECTOR('',#2044,1.);
#2044 = DIRECTION('',(0.,-0.837647248433,0.546211577315));
#2045 = PCURVE('',#100,#2046);
#2046 = DEFINITIONAL_REPRESENTATION('',(#2047),#2051);
#2047 = LINE('',#2048,#2049);
#2048 = CARTESIAN_POINT('',(10.222652563893,-8.54));
#2049 = VECTOR('',#2050,1.);
#2050 = DIRECTION('',(0.424317918717,0.905513281987));
#2051 = ( GEOMETRIC_REPRESENTATION_CONTEXT(2) 
PARAMETRIC_REPRESENTATION_CONTEXT() REPRESENTATION_CONTEXT('2D SPACE',''
  ) );
#2052 = PCURVE('',#666,#2053);
#2053 = DEFINITIONAL_REPRESENTATION('',(#2054),#2058);
#2054 = LINE('',#2055,#2056);
#2055 = CARTESIAN_POINT('',(0.,-38.1));
#2056 = VECTOR('',#2057,1.);
#2057 = DIRECTION('',(1.,0.));
#2058 = ( GEOMETRIC_REPRESENTATION_CONTEXT(2) 
PARAMETRIC_REPRESENTATION_CONTEXT() REPRESENTATION_CONTEXT('2D SPACE',''
  ) );
#2059 = ORIENTED_EDGE('',*,*,#2060,.T.);
#2060 = EDGE_CURVE('',#2038,#2061,#2063,.T.);
#2061 = VERTEX_POINT('',#2062);
#2062 = CARTESIAN_POINT('',(38.1,-0.391809509184,53.978469647124));
#2063 = SURFACE_CURVE('',#2064,(#2068,#2075),.PCURVE_S1.);
#2064 = LINE('',#2065,#2066);
#2065 = CARTESIAN_POINT('',(38.1,-0.208755764721,53.843905411183));
#2066 = VECTOR('',#2067,1.);
#2067 = DIRECTION('',(0.,-0.805722652,0.592293008615));
#2068 = PCURVE('',#100,#2069);
#2069 = DEFINITIONAL_REPRESENTATION('',(#2070),#2074);
#2070 = LINE('',#2071,#2072);
#2071 = CARTESIAN_POINT('',(10.316371325872,-8.34));
#2072 = VECTOR('',#2073,1.);
#2073 = DIRECTION('',(0.474393933777,0.880312669223));
#2074 = ( GEOMETRIC_REPRESENTATION_CONTEXT(2) 
PARAMETRIC_REPRESENTATION_CONTEXT() REPRESENTATION_CONTEXT('2D SPACE',''
  ) );
#2075 = PCURVE('',#694,#2076);
#2076 = DEFINITIONAL_REPRESENTATION('',(#2077),#2081);
#2077 = LINE('',#2078,#2079);
#2078 = CARTESIAN_POINT('',(0.,-38.1));
#2079 = VECTOR('',#2080,1.);
#2080 = DIRECTION('',(1.,0.));
#2081 = ( GEOMETRIC_REPRESENTATION_CONTEXT(2) 
PARAMETRIC_REPRESENTATION_CONTEXT() REPRESENTATION_CONTEXT('2D SPACE',''
  ) );
#2082 = ORIENTED_EDGE('',*,*,#2083,.T.);
#2083 = EDGE_CURVE('',#2061,#2084,#2086,.T.);
#2084 = VERTEX_POINT('',#2085);
#2085 = CARTESIAN_POINT('',(38.1,-0.574808575533,54.113422938066));
#2086 = SURFACE_CURVE('',#2087,(#2091,#2098),.PCURVE_S1.);
#2087 = LINE('',#2088,#2089);
#2088 = CARTESIAN_POINT('',(38.1,-0.391809509184,53.978469647124));
#2089 = VECTOR('',#2090,1.);
#2090 = DIRECTION('',(0.,-0.80482080848,0.593517873563));
#2091 = PCURVE('',#100,#2092);
#2092 = DEFINITIONAL_REPRESENTATION('',(#2093),#2097);
#2093 = LINE('',#2094,#2095);
#2094 = CARTESIAN_POINT('',(10.424149834659,-8.14));
#2095 = VECTOR('',#2096,1.);
#2096 = DIRECTION('',(0.475732390783,0.879590070635));
#2097 = ( GEOMETRIC_REPRESENTATION_CONTEXT(2) 
PARAMETRIC_REPRESENTATION_CONTEXT() REPRESENTATION_CONTEXT('2D SPACE',''
  ) );
#2098 = PCURVE('',#722,#2099);
#2099 = DEFINITIONAL_REPRESENTATION('',(#2100),#2104);
#2100 = LINE('',#2101,#2102);
#2101 = CARTESIAN_POINT('',(0.,-38.1));
#2102 = VECTOR('',#2103,1.);
#2103 = DIRECTION('',(1.,0.));
#2104 = ( GEOMETRIC_REPRESENTATION_CONTEXT(2) 
PARAMETRIC_REPRESENTATION_CONTEXT() REPRESENTATION_CONTEXT('2D SPACE',''
  ) );
#2105 = ORIENTED_EDGE('',*,*,#2106,.T.);
#2106 = EDGE_CURVE('',#2084,#2107,#2109,.T.);
#2107 = VERTEX_POINT('',#2108);
#2108 = CARTESIAN_POINT('',(38.1,-0.756293994277,54.259146391345));
#2109 = SURFACE_CURVE('',#2110,(#2114,#2121),.PCURVE_S1.);
#2110 = LINE('',#2111,#2112);
#2111 = CARTESIAN_POINT('',(38.1,-0.574808575533,54.113422938066));
#2112 = VECTOR('',#2113,1.);
#2113 = DIRECTION('',(0.,-0.77974603014,0.626095941914));
#2114 = PCURVE('',#100,#2115);
#2115 = DEFINITIONAL_REPRESENTATION('',(#2116),#2120);
#2116 = LINE('',#2117,#2118);
#2117 = CARTESIAN_POINT('',(10.532321221915,-7.94));
#2118 = VECTOR('',#2119,1.);
#2119 = DIRECTION('',(0.51148314627,0.85929330911));
#2120 = ( GEOMETRIC_REPRESENTATION_CONTEXT(2) 
PARAMETRIC_REPRESENTATION_CONTEXT() REPRESENTATION_CONTEXT('2D SPACE',''
  ) );
#2121 = PCURVE('',#750,#2122);
#2122 = DEFINITIONAL_REPRESENTATION('',(#2123),#2127);
#2123 = LINE('',#2124,#2125);
#2124 = CARTESIAN_POINT('',(0.,-38.1));
#2125 = VECTOR('',#2126,1.);
#2126 = DIRECTION('',(1.,0.));
#2127 = ( GEOMETRIC_REPRESENTATION_CONTEXT(2) 
PARAMETRIC_REPRESENTATION_CONTEXT() REPRESENTATION_CONTEXT('2D SPACE',''
  ) );
#2128 = ORIENTED_EDGE('',*,*,#2129,.T.);
#2129 = EDGE_CURVE('',#2107,#2130,#2132,.T.);
#2130 = VERTEX_POINT('',#2131);
#2131 = CARTESIAN_POINT('',(38.1,-0.936926358556,54.410939642537));
#2132 = SURFACE_CURVE('',#2133,(#2137,#2144),.PCURVE_S1.);
#2133 = LINE('',#2134,#2135);
#2134 = CARTESIAN_POINT('',(38.1,-0.756293994277,54.259146391345));
#2135 = VECTOR('',#2136,1.);
#2136 = DIRECTION('',(0.,-0.765575297717,0.643346301401));
#2137 = PCURVE('',#100,#2138);
#2138 = DEFINITIONAL_REPRESENTATION('',(#2139),#2143);
#2139 = LINE('',#2140,#2141);
#2140 = CARTESIAN_POINT('',(10.651368616058,-7.74));
#2141 = VECTOR('',#2142,1.);
#2142 = DIRECTION('',(0.530537811219,0.847661271303));
#2143 = ( GEOMETRIC_REPRESENTATION_CONTEXT(2) 
PARAMETRIC_REPRESENTATION_CONTEXT() REPRESENTATION_CONTEXT('2D SPACE',''
  ) );
#2144 = PCURVE('',#778,#2145);
#2145 = DEFINITIONAL_REPRESENTATION('',(#2146),#2150);
#2146 = LINE('',#2147,#2148);
#2147 = CARTESIAN_POINT('',(0.,-38.1));
#2148 = VECTOR('',#2149,1.);
#2149 = DIRECTION('',(1.,0.));
#2150 = ( GEOMETRIC_REPRESENTATION_CONTEXT(2) 
PARAMETRIC_REPRESENTATION_CONTEXT() REPRESENTATION_CONTEXT('2D SPACE',''
  ) );
#2151 = ORIENTED_EDGE('',*,*,#2152,.T.);
#2152 = EDGE_CURVE('',#2130,#2153,#2155,.T.);
#2153 = VERTEX_POINT('',#2154);
#2154 = CARTESIAN_POINT('',(38.1,-1.116803408287,54.568107235997));
#2155 = SURFACE_CURVE('',#2156,(#2160,#2167),.PCURVE_S1.);
#2156 = LINE('',#2157,#2158);
#2157 = CARTESIAN_POINT('',(38.1,-0.936926358556,54.410939642537));
#2158 = VECTOR('',#2159,1.);
#2159 = DIRECTION('',(0.,-0.753042948586,0.657971365323));
#2160 = PCURVE('',#100,#2161);
#2161 = DEFINITIONAL_REPRESENTATION('',(#2162),#2166);
#2162 = LINE('',#2163,#2164);
#2163 = CARTESIAN_POINT('',(10.776545459492,-7.54));
#2164 = VECTOR('',#2165,1.);
#2165 = DIRECTION('',(0.546764710915,0.837286301631));
#2166 = ( GEOMETRIC_REPRESENTATION_CONTEXT(2) 
PARAMETRIC_REPRESENTATION_CONTEXT() REPRESENTATION_CONTEXT('2D SPACE',''
  ) );
#2167 = PCURVE('',#806,#2168);
#2168 = DEFINITIONAL_REPRESENTATION('',(#2169),#2173);
#2169 = LINE('',#2170,#2171);
#2170 = CARTESIAN_POINT('',(0.,-38.1));
#2171 = VECTOR('',#2172,1.);
#2172 = DIRECTION('',(1.,0.));
#2173 = ( GEOMETRIC_REPRESENTATION_CONTEXT(2) 
PARAMETRIC_REPRESENTATION_CONTEXT() REPRESENTATION_CONTEXT('2D SPACE',''
  ) );
#2174 = ORIENTED_EDGE('',*,*,#2175,.T.);
#2175 = EDGE_CURVE('',#2153,#2176,#2178,.T.);
#2176 = VERTEX_POINT('',#2177);
#2177 = CARTESIAN_POINT('',(38.1,-1.294855108337,54.73826286731));
#2178 = SURFACE_CURVE('',#2179,(#2183,#2190),.PCURVE_S1.);
#2179 = LINE('',#2180,#2181);
#2180 = CARTESIAN_POINT('',(38.1,-1.116803408287,54.568107235997));
#2181 = VECTOR('',#2182,1.);
#2182 = DIRECTION('',(0.,-0.722955522857,0.690894573702));
#2183 = PCURVE('',#100,#2184);
#2184 = DEFINITIONAL_REPRESENTATION('',(#2185),#2189);
#2185 = LINE('',#2186,#2187);
#2186 = CARTESIAN_POINT('',(10.907149461935,-7.34));
#2187 = VECTOR('',#2188,1.);
#2188 = DIRECTION('',(0.583554873232,0.812073709664));
#2189 = ( GEOMETRIC_REPRESENTATION_CONTEXT(2) 
PARAMETRIC_REPRESENTATION_CONTEXT() REPRESENTATION_CONTEXT('2D SPACE',''
  ) );
#2190 = PCURVE('',#834,#2191);
#2191 = DEFINITIONAL_REPRESENTATION('',(#2192),#2196);
#2192 = LINE('',#2193,#2194);
#2193 = CARTESIAN_POINT('',(0.,-38.1));
#2194 = VECTOR('',#2195,1.);
#2195 = DIRECTION('',(1.,0.));
#2196 = ( GEOMETRIC_REPRESENTATION_CONTEXT(2) 
PARAMETRIC_REPRESENTATION_CONTEXT() REPRESENTATION_CONTEXT('2D SPACE',''
  ) );
#2197 = ORIENTED_EDGE('',*,*,#2198,.T.);
#2198 = EDGE_CURVE('',#2176,#2199,#2201,.T.);
#2199 = VERTEX_POINT('',#2200);
#2200 = CARTESIAN_POINT('',(38.1,-1.472693145454,54.909938789382));
#2201 = SURFACE_CURVE('',#2202,(#2206,#2213),.PCURVE_S1.);
#2202 = LINE('',#2203,#2204);
#2203 = CARTESIAN_POINT('',(38.1,-1.294855108337,54.73826286731));
#2204 = VECTOR('',#2205,1.);
#2205 = DIRECTION('',(0.,-0.719461637473,0.694532182267));
#2206 = PCURVE('',#100,#2207);
#2207 = DEFINITIONAL_REPRESENTATION('',(#2208),#2212);
#2208 = LINE('',#2209,#2210);
#2209 = CARTESIAN_POINT('',(11.050869143113,-7.14));
#2210 = VECTOR('',#2211,1.);
#2211 = DIRECTION('',(0.587643335703,0.809120083797));
#2212 = ( GEOMETRIC_REPRESENTATION_CONTEXT(2) 
PARAMETRIC_REPRESENTATION_CONTEXT() REPRESENTATION_CONTEXT('2D SPACE',''
  ) );
#2213 = PCURVE('',#862,#2214);
#2214 = DEFINITIONAL_REPRESENTATION('',(#2215),#2219);
#2215 = LINE('',#2216,#2217);
#2216 = CARTESIAN_POINT('',(0.,-38.1));
#2217 = VECTOR('',#2218,1.);
#2218 = DIRECTION('',(1.,0.));
#2219 = ( GEOMETRIC_REPRESENTATION_CONTEXT(2) 
PARAMETRIC_REPRESENTATION_CONTEXT() REPRESENTATION_CONTEXT('2D SPACE',''
  ) );
#2220 = ORIENTED_EDGE('',*,*,#2221,.T.);
#2221 = EDGE_CURVE('',#2199,#2222,#2224,.T.);
#2222 = VERTEX_POINT('',#2223);
#2223 = CARTESIAN_POINT('',(38.1,-1.64818647524,55.098298171007));
#2224 = SURFACE_CURVE('',#2225,(#2229,#2236),.PCURVE_S1.);
#2225 = LINE('',#2226,#2227);
#2226 = CARTESIAN_POINT('',(38.1,-1.472693145454,54.909938789382));
#2227 = VECTOR('',#2228,1.);
#2228 = DIRECTION('',(0.,-0.68167701602,0.731653227855));
#2229 = PCURVE('',#100,#2230);
#2230 = DEFINITIONAL_REPRESENTATION('',(#2231),#2235);
#2231 = LINE('',#2232,#2233);
#2232 = CARTESIAN_POINT('',(11.196124055819,-6.94));
#2233 = VECTOR('',#2234,1.);
#2234 = DIRECTION('',(0.629661724764,0.776869430707));
#2235 = ( GEOMETRIC_REPRESENTATION_CONTEXT(2) 
PARAMETRIC_REPRESENTATION_CONTEXT() REPRESENTATION_CONTEXT('2D SPACE',''
  ) );
#2236 = PCURVE('',#890,#2237);
#2237 = DEFINITIONAL_REPRESENTATION('',(#2238),#2242);
#2238 = LINE('',#2239,#2240);
#2239 = CARTESIAN_POINT('',(0.,-38.1));
#2240 = VECTOR('',#2241,1.);
#2241 = DIRECTION('',(1.,0.));
#2242 = ( GEOMETRIC_REPRESENTATION_CONTEXT(2) 
PARAMETRIC_REPRESENTATION_CONTEXT() REPRESENTATION_CONTEXT('2D SPACE',''
  ) );
#2243 = ORIENTED_EDGE('',*,*,#2244,.T.);
#2244 = EDGE_CURVE('',#2222,#2245,#2247,.T.);
#2245 = VERTEX_POINT('',#2246);
#2246 = CARTESIAN_POINT('',(38.1,-1.823286725336,55.289454459958));
#2247 = SURFACE_CURVE('',#2248,(#2252,#2259),.PCURVE_S1.);
#2248 = LINE('',#2249,#2250);
#2249 = CARTESIAN_POINT('',(38.1,-1.64818647524,55.098298171007));
#2250 = VECTOR('',#2251,1.);
#2251 = DIRECTION('',(0.,-0.67545973607,0.73739687072));
#2252 = PCURVE('',#100,#2253);
#2253 = DEFINITIONAL_REPRESENTATION('',(#2254),#2258);
#2254 = LINE('',#2255,#2256);
#2255 = CARTESIAN_POINT('',(11.358226385986,-6.74));
#2256 = VECTOR('',#2257,1.);
#2257 = DIRECTION('',(0.636214749021,0.771512017487));
#2258 = ( GEOMETRIC_REPRESENTATION_CONTEXT(2) 
PARAMETRIC_REPRESENTATION_CONTEXT() REPRESENTATION_CONTEXT('2D SPACE',''
  ) );
#2259 = PCURVE('',#918,#2260);
#2260 = DEFINITIONAL_REPRESENTATION('',(#2261),#2265);
#2261 = LINE('',#2262,#2263);
#2262 = CARTESIAN_POINT('',(0.,-38.1));
#2263 = VECTOR('',#2264,1.);
#2264 = DIRECTION('',(1.,0.));
#2265 = ( GEOMETRIC_REPRESENTATION_CONTEXT(2) 
PARAMETRIC_REPRESENTATION_CONTEXT() REPRESENTATION_CONTEXT('2D SPACE',''
  ) );
#2266 = ORIENTED_EDGE('',*,*,#2267,.T.);
#2267 = EDGE_CURVE('',#2245,#2268,#2270,.T.);
#2268 = VERTEX_POINT('',#2269);
#2269 = CARTESIAN_POINT('',(38.1,-1.996374273679,55.494931866025));
#2270 = SURFACE_CURVE('',#2271,(#2275,#2282),.PCURVE_S1.);
#2271 = LINE('',#2272,#2273);
#2272 = CARTESIAN_POINT('',(38.1,-1.823286725336,55.289454459958));
#2273 = VECTOR('',#2274,1.);
#2274 = DIRECTION('',(0.,-0.644253214357,0.764812261794));
#2275 = PCURVE('',#100,#2276);
#2276 = DEFINITIONAL_REPRESENTATION('',(#2277),#2281);
#2277 = LINE('',#2278,#2279);
#2278 = CARTESIAN_POINT('',(11.523153110288,-6.54));
#2279 = VECTOR('',#2280,1.);
#2280 = DIRECTION('',(0.667706443791,0.744424680488));
#2281 = ( GEOMETRIC_REPRESENTATION_CONTEXT(2) 
PARAMETRIC_REPRESENTATION_CONTEXT() REPRESENTATION_CONTEXT('2D SPACE',''
  ) );
#2282 = PCURVE('',#946,#2283);
#2283 = DEFINITIONAL_REPRESENTATION('',(#2284),#2288);
#2284 = LINE('',#2285,#2286);
#2285 = CARTESIAN_POINT('',(0.,-38.1));
#2286 = VECTOR('',#2287,1.);
#2287 = DIRECTION('',(1.,0.));
#2288 = ( GEOMETRIC_REPRESENTATION_CONTEXT(2) 
PARAMETRIC_REPRESENTATION_CONTEXT() REPRESENTATION_CONTEXT('2D SPACE',''
  ) );
#2289 = ORIENTED_EDGE('',*,*,#2290,.T.);
#2290 = EDGE_CURVE('',#2268,#2291,#2293,.T.);
#2291 = VERTEX_POINT('',#2292);
#2292 = CARTESIAN_POINT('',(38.1,-2.168475798359,55.707425195005));
#2293 = SURFACE_CURVE('',#2294,(#2298,#2305),.PCURVE_S1.);
#2294 = LINE('',#2295,#2296);
#2295 = CARTESIAN_POINT('',(38.1,-1.996374273679,55.494931866025));
#2296 = VECTOR('',#2297,1.);
#2297 = DIRECTION('',(0.,-0.629381834188,0.777096201763));
#2298 = PCURVE('',#100,#2299);
#2299 = DEFINITIONAL_REPRESENTATION('',(#2300),#2304);
#2300 = LINE('',#2301,#2302);
#2301 = CARTESIAN_POINT('',(11.702541693524,-6.34));
#2302 = VECTOR('',#2303,1.);
#2303 = DIRECTION('',(0.681940533394,0.731407621586));
#2304 = ( GEOMETRIC_REPRESENTATION_CONTEXT(2) 
PARAMETRIC_REPRESENTATION_CONTEXT() REPRESENTATION_CONTEXT('2D SPACE',''
  ) );
#2305 = PCURVE('',#974,#2306);
#2306 = DEFINITIONAL_REPRESENTATION('',(#2307),#2311);
#2307 = LINE('',#2308,#2309);
#2308 = CARTESIAN_POINT('',(0.,-38.1));
#2309 = VECTOR('',#2310,1.);
#2310 = DIRECTION('',(1.,0.));
#2311 = ( GEOMETRIC_REPRESENTATION_CONTEXT(2) 
PARAMETRIC_REPRESENTATION_CONTEXT() REPRESENTATION_CONTEXT('2D SPACE',''
  ) );
#2312 = ORIENTED_EDGE('',*,*,#2313,.T.);
#2313 = EDGE_CURVE('',#2291,#2314,#2316,.T.);
#2314 = VERTEX_POINT('',#2315);
#2315 = CARTESIAN_POINT('',(38.1,-2.338740009897,55.932991686289));
#2316 = SURFACE_CURVE('',#2317,(#2321,#2328),.PCURVE_S1.);
#2317 = LINE('',#2318,#2319);
#2318 = CARTESIAN_POINT('',(38.1,-2.168475798359,55.707425195005));
#2319 = VECTOR('',#2320,1.);
#2320 = DIRECTION('',(0.,-0.602464052318,0.798146017759));
#2321 = PCURVE('',#100,#2322);
#2322 = DEFINITIONAL_REPRESENTATION('',(#2323),#2327);
#2323 = LINE('',#2324,#2325);
#2324 = CARTESIAN_POINT('',(11.889015149164,-6.14));
#2325 = VECTOR('',#2326,1.);
#2326 = DIRECTION('',(0.706531725202,0.707681369885));
#2327 = ( GEOMETRIC_REPRESENTATION_CONTEXT(2) 
PARAMETRIC_REPRESENTATION_CONTEXT() REPRESENTATION_CONTEXT('2D SPACE',''
  ) );
#2328 = PCURVE('',#1002,#2329);
#2329 = DEFINITIONAL_REPRESENTATION('',(#2330),#2334);
#2330 = LINE('',#2331,#2332);
#2331 = CARTESIAN_POINT('',(0.,-38.1));
#2332 = VECTOR('',#2333,1.);
#2333 = DIRECTION('',(1.,0.));
#2334 = ( GEOMETRIC_REPRESENTATION_CONTEXT(2) 
PARAMETRIC_REPRESENTATION_CONTEXT() REPRESENTATION_CONTEXT('2D SPACE',''
  ) );
#2335 = ORIENTED_EDGE('',*,*,#2336,.T.);
#2336 = EDGE_CURVE('',#2314,#2337,#2339,.T.);
#2337 = VERTEX_POINT('',#2338);
#2338 = CARTESIAN_POINT('',(38.1,-2.507500405457,56.169258384247));
#2339 = SURFACE_CURVE('',#2340,(#2344,#2351),.PCURVE_S1.);
#2340 = LINE('',#2341,#2342);
#2341 = CARTESIAN_POINT('',(38.1,-2.338740009897,55.932991686289));
#2342 = VECTOR('',#2343,1.);
#2343 = DIRECTION('',(0.,-0.581234700885,0.813735966077));
#2344 = PCURVE('',#100,#2345);
#2345 = DEFINITIONAL_REPRESENTATION('',(#2346),#2350);
#2346 = LINE('',#2347,#2348);
#2347 = CARTESIAN_POINT('',(12.088690244558,-5.94));
#2348 = VECTOR('',#2349,1.);
#2349 = DIRECTION('',(0.724924507884,0.688828322493));
#2350 = ( GEOMETRIC_REPRESENTATION_CONTEXT(2) 
PARAMETRIC_REPRESENTATION_CONTEXT() REPRESENTATION_CONTEXT('2D SPACE',''
  ) );
#2351 = PCURVE('',#1030,#2352);
#2352 = DEFINITIONAL_REPRESENTATION('',(#2353),#2357);
#2353 = LINE('',#2354,#2355);
#2354 = CARTESIAN_POINT('',(0.,-38.1));
#2355 = VECTOR('',#2356,1.);
#2356 = DIRECTION('',(1.,0.));
#2357 = ( GEOMETRIC_REPRESENTATION_CONTEXT(2) 
PARAMETRIC_REPRESENTATION_CONTEXT() REPRESENTATION_CONTEXT('2D SPACE',''
  ) );
#2358 = ORIENTED_EDGE('',*,*,#2359,.T.);
#2359 = EDGE_CURVE('',#2337,#2360,#2362,.T.);
#2360 = VERTEX_POINT('',#2361);
#2361 = CARTESIAN_POINT('',(38.1,-2.674426096757,56.41857968135));
#2362 = SURFACE_CURVE('',#2363,(#2367,#2374),.PCURVE_S1.);
#2363 = LINE('',#2364,#2365);
#2364 = CARTESIAN_POINT('',(38.1,-2.507500405457,56.169258384247));
#2365 = VECTOR('',#2366,1.);
#2366 = DIRECTION('',(0.,-0.556340793287,0.830954223604));
#2367 = PCURVE('',#100,#2368);
#2368 = DEFINITIONAL_REPRESENTATION('',(#2369),#2373);
#2369 = LINE('',#2370,#2371);
#2370 = CARTESIAN_POINT('',(12.299170703683,-5.74));
#2371 = VECTOR('',#2372,1.);
#2372 = DIRECTION('',(0.745439760829,0.666572998985));
#2373 = ( GEOMETRIC_REPRESENTATION_CONTEXT(2) 
PARAMETRIC_REPRESENTATION_CONTEXT() REPRESENTATION_CONTEXT('2D SPACE',''
  ) );
#2374 = PCURVE('',#1058,#2375);
#2375 = DEFINITIONAL_REPRESENTATION('',(#2376),#2380);
#2376 = LINE('',#2377,#2378);
#2377 = CARTESIAN_POINT('',(0.,-38.1));
#2378 = VECTOR('',#2379,1.);
#2379 = DIRECTION('',(1.,0.));
#2380 = ( GEOMETRIC_REPRESENTATION_CONTEXT(2) 
PARAMETRIC_REPRESENTATION_CONTEXT() REPRESENTATION_CONTEXT('2D SPACE',''
  ) );
#2381 = ORIENTED_EDGE('',*,*,#2382,.T.);
#2382 = EDGE_CURVE('',#2360,#2383,#2385,.T.);
#2383 = VERTEX_POINT('',#2384);
#2384 = CARTESIAN_POINT('',(38.1,-2.839400458944,56.681785406543));
#2385 = SURFACE_CURVE('',#2386,(#2390,#2397),.PCURVE_S1.);
#2386 = LINE('',#2387,#2388);
#2387 = CARTESIAN_POINT('',(38.1,-2.674426096757,56.41857968135));
#2388 = VECTOR('',#2389,1.);
#2389 = DIRECTION('',(0.,-0.531088340223,0.847316454979));
#2390 = PCURVE('',#100,#2391);
#2391 = DEFINITIONAL_REPRESENTATION('',(#2392),#2396);
#2392 = LINE('',#2393,#2394);
#2393 = CARTESIAN_POINT('',(12.522834056974,-5.54));
#2394 = VECTOR('',#2395,1.);
#2395 = DIRECTION('',(0.765157218293,0.643843483538));
#2396 = ( GEOMETRIC_REPRESENTATION_CONTEXT(2) 
PARAMETRIC_REPRESENTATION_CONTEXT() REPRESENTATION_CONTEXT('2D SPACE',''
  ) );
#2397 = PCURVE('',#1086,#2398);
#2398 = DEFINITIONAL_REPRESENTATION('',(#2399),#2403);
#2399 = LINE('',#2400,#2401);
#2400 = CARTESIAN_POINT('',(0.,-38.1));
#2401 = VECTOR('',#2402,1.);
#2402 = DIRECTION('',(1.,0.));
#2403 = ( GEOMETRIC_REPRESENTATION_CONTEXT(2) 
PARAMETRIC_REPRESENTATION_CONTEXT() REPRESENTATION_CONTEXT('2D SPACE',''
  ) );
#2404 = ORIENTED_EDGE('',*,*,#2405,.T.);
#2405 = EDGE_CURVE('',#2383,#2406,#2408,.T.);
#2406 = VERTEX_POINT('',#2407);
#2407 = CARTESIAN_POINT('',(38.1,-3.002332735816,56.959521323752));
#2408 = SURFACE_CURVE('',#2409,(#2413,#2420),.PCURVE_S1.);
#2409 = LINE('',#2410,#2411);
#2410 = CARTESIAN_POINT('',(38.1,-2.839400458944,56.681785406543));
#2411 = VECTOR('',#2412,1.);
#2412 = DIRECTION('',(0.,-0.50600045344,0.862533211603));
#2413 = PCURVE('',#100,#2414);
#2414 = DEFINITIONAL_REPRESENTATION('',(#2415),#2419);
#2415 = LINE('',#2416,#2417);
#2416 = CARTESIAN_POINT('',(12.760518288578,-5.34));
#2417 = VECTOR('',#2418,1.);
#2418 = DIRECTION('',(0.783717445487,0.621117513551));
#2419 = ( GEOMETRIC_REPRESENTATION_CONTEXT(2) 
PARAMETRIC_REPRESENTATION_CONTEXT() REPRESENTATION_CONTEXT('2D SPACE',''
  ) );
#2420 = PCURVE('',#1114,#2421);
#2421 = DEFINITIONAL_REPRESENTATION('',(#2422),#2426);
#2422 = LINE('',#2423,#2424);
#2423 = CARTESIAN_POINT('',(0.,-38.1));
#2424 = VECTOR('',#2425,1.);
#2425 = DIRECTION('',(1.,0.));
#2426 = ( GEOMETRIC_REPRESENTATION_CONTEXT(2) 
PARAMETRIC_REPRESENTATION_CONTEXT() REPRESENTATION_CONTEXT('2D SPACE',''
  ) );
#2427 = ORIENTED_EDGE('',*,*,#2428,.T.);
#2428 = EDGE_CURVE('',#2406,#2429,#2431,.T.);
#2429 = VERTEX_POINT('',#2430);
#2430 = CARTESIAN_POINT('',(38.1,-3.162957931387,57.253672977402));
#2431 = SURFACE_CURVE('',#2432,(#2436,#2443),.PCURVE_S1.);
#2432 = LINE('',#2433,#2434);
#2433 = CARTESIAN_POINT('',(38.1,-3.002332735816,56.959521323752));
#2434 = VECTOR('',#2435,1.);
#2435 = DIRECTION('',(0.,-0.479263330655,0.877671157034));
#2436 = PCURVE('',#100,#2437);
#2437 = DEFINITIONAL_REPRESENTATION('',(#2438),#2442);
#2438 = LINE('',#2439,#2440);
#2439 = CARTESIAN_POINT('',(13.012875508714,-5.14));
#2440 = VECTOR('',#2441,1.);
#2441 = DIRECTION('',(0.802429157763,0.596747389414));
#2442 = ( GEOMETRIC_REPRESENTATION_CONTEXT(2) 
PARAMETRIC_REPRESENTATION_CONTEXT() REPRESENTATION_CONTEXT('2D SPACE',''
  ) );
#2443 = PCURVE('',#1142,#2444);
#2444 = DEFINITIONAL_REPRESENTATION('',(#2445),#2449);
#2445 = LINE('',#2446,#2447);
#2446 = CARTESIAN_POINT('',(0.,-38.1));
#2447 = VECTOR('',#2448,1.);
#2448 = DIRECTION('',(1.,0.));
#2449 = ( GEOMETRIC_REPRESENTATION_CONTEXT(2) 
PARAMETRIC_REPRESENTATION_CONTEXT() REPRESENTATION_CONTEXT('2D SPACE',''
  ) );
#2450 = ORIENTED_EDGE('',*,*,#2451,.T.);
#2451 = EDGE_CURVE('',#2429,#2452,#2454,.T.);
#2452 = VERTEX_POINT('',#2453);
#2453 = CARTESIAN_POINT('',(38.1,-3.967630329319,51.528131360717));
#2454 = SURFACE_CURVE('',#2455,(#2459,#2466),.PCURVE_S1.);
#2455 = LINE('',#2456,#2457);
#2456 = CARTESIAN_POINT('',(38.1,-3.023784830427,58.243941046143));
#2457 = VECTOR('',#2458,1.);
#2458 = DIRECTION('',(0.,-0.13917310096,-0.990268068742));
#2459 = PCURVE('',#100,#2460);
#2460 = DEFINITIONAL_REPRESENTATION('',(#2461),#2465);
#2461 = LINE('',#2462,#2463);
#2462 = CARTESIAN_POINT('',(14.281809792131,-4.94));
#2463 = VECTOR('',#2464,1.);
#2464 = DIRECTION('',(-1.,0.));
#2465 = ( GEOMETRIC_REPRESENTATION_CONTEXT(2) 
PARAMETRIC_REPRESENTATION_CONTEXT() REPRESENTATION_CONTEXT('2D SPACE',''
  ) );
#2466 = PCURVE('',#1170,#2467);
#2467 = DEFINITIONAL_REPRESENTATION('',(#2468),#2472);
#2468 = LINE('',#2469,#2470);
#2469 = CARTESIAN_POINT('',(0.,-38.1));
#2470 = VECTOR('',#2471,1.);
#2471 = DIRECTION('',(1.,0.));
#2472 = ( GEOMETRIC_REPRESENTATION_CONTEXT(2) 
PARAMETRIC_REPRESENTATION_CONTEXT() REPRESENTATION_CONTEXT('2D SPACE',''
  ) );
#2473 = ORIENTED_EDGE('',*,*,#2474,.T.);
#2474 = EDGE_CURVE('',#2452,#2475,#2477,.T.);
#2475 = VERTEX_POINT('',#2476);
#2476 = CARTESIAN_POINT('',(38.1,-13.62274399954,52.885069095078));
#2477 = SURFACE_CURVE('',#2478,(#2482,#2489),.PCURVE_S1.);
#2478 = LINE('',#2479,#2480);
#2479 = CARTESIAN_POINT('',(38.1,13.728460059093,49.041108046561));
#2480 = VECTOR('',#2481,1.);
#2481 = DIRECTION('',(0.,-0.990268068742,0.13917310096));
#2482 = PCURVE('',#100,#2483);
#2483 = DEFINITIONAL_REPRESENTATION('',(#2484),#2488);
#2484 = LINE('',#2485,#2486);
#2485 = CARTESIAN_POINT('',(7.5,-22.81));
#2486 = VECTOR('',#2487,1.);
#2487 = DIRECTION('',(0.,1.));
#2488 = ( GEOMETRIC_REPRESENTATION_CONTEXT(2) 
PARAMETRIC_REPRESENTATION_CONTEXT() REPRESENTATION_CONTEXT('2D SPACE',''
  ) );
#2489 = PCURVE('',#1198,#2490);
#2490 = DEFINITIONAL_REPRESENTATION('',(#2491),#2495);
#2491 = LINE('',#2492,#2493);
#2492 = CARTESIAN_POINT('',(0.,-38.1));
#2493 = VECTOR('',#2494,1.);
#2494 = DIRECTION('',(1.,0.));
#2495 = ( GEOMETRIC_REPRESENTATION_CONTEXT(2) 
PARAMETRIC_REPRESENTATION_CONTEXT() REPRESENTATION_CONTEXT('2D SPACE',''
  ) );
#2496 = ORIENTED_EDGE('',*,*,#2497,.F.);
#2497 = EDGE_CURVE('',#2498,#2475,#2500,.T.);
#2498 = VERTEX_POINT('',#2499);
#2499 = CARTESIAN_POINT('',(38.1,-4.854838639065,115.27195742579));
#2500 = SURFACE_CURVE('',#2501,(#2505,#2512),.PCURVE_S1.);
#2501 = LINE('',#2502,#2503);
#2502 = CARTESIAN_POINT('',(38.1,-4.854838639065,115.27195742579));
#2503 = VECTOR('',#2504,1.);
#2504 = DIRECTION('',(0.,-0.13917310096,-0.990268068742));
#2505 = PCURVE('',#100,#2506);
#2506 = DEFINITIONAL_REPRESENTATION('',(#2507),#2511);
#2507 = LINE('',#2508,#2509);
#2508 = CARTESIAN_POINT('',(70.5,4.81));
#2509 = VECTOR('',#2510,1.);
#2510 = DIRECTION('',(-1.,0.));
#2511 = ( GEOMETRIC_REPRESENTATION_CONTEXT(2) 
PARAMETRIC_REPRESENTATION_CONTEXT() REPRESENTATION_CONTEXT('2D SPACE',''
  ) );
#2512 = PCURVE('',#1226,#2513);
#2513 = DEFINITIONAL_REPRESENTATION('',(#2514),#2518);
#2514 = LINE('',#2515,#2516);
#2515 = CARTESIAN_POINT('',(0.,-38.1));
#2516 = VECTOR('',#2517,1.);
#2517 = DIRECTION('',(1.,0.));
#2518 = ( GEOMETRIC_REPRESENTATION_CONTEXT(2) 
PARAMETRIC_REPRESENTATION_CONTEXT() REPRESENTATION_CONTEXT('2D SPACE',''
  ) );
#2519 = ORIENTED_EDGE('',*,*,#2520,.F.);
#2520 = EDGE_CURVE('',#2521,#2498,#2523,.T.);
#2521 = VERTEX_POINT('',#2522);
#2522 = CARTESIAN_POINT('',(38.1,-6.150781635768,119.13055830691));
#2523 = SURFACE_CURVE('',#2524,(#2528,#2535),.PCURVE_S1.);
#2524 = LINE('',#2525,#2526);
#2525 = CARTESIAN_POINT('',(38.1,-6.278682372708,119.51137590268));
#2526 = VECTOR('',#2527,1.);
#2527 = DIRECTION('',(0.,0.318381137776,-0.947962789939));
#2528 = PCURVE('',#100,#2529);
#2529 = DEFINITIONAL_REPRESENTATION('',(#2530),#2534);
#2530 = LINE('',#2531,#2532);
#2531 = CARTESIAN_POINT('',(74.5,6.81));
#2532 = VECTOR('',#2533,1.);
#2533 = DIRECTION('',(-0.894427191,-0.4472135955));
#2534 = ( GEOMETRIC_REPRESENTATION_CONTEXT(2) 
PARAMETRIC_REPRESENTATION_CONTEXT() REPRESENTATION_CONTEXT('2D SPACE',''
  ) );
#2535 = PCURVE('',#1254,#2536);
#2536 = DEFINITIONAL_REPRESENTATION('',(#2537),#2541);
#2537 = LINE('',#2538,#2539);
#2538 = CARTESIAN_POINT('',(0.,-38.1));
#2539 = VECTOR('',#2540,1.);
#2540 = DIRECTION('',(1.,0.));
#2541 = ( GEOMETRIC_REPRESENTATION_CONTEXT(2) 
PARAMETRIC_REPRESENTATION_CONTEXT() REPRESENTATION_CONTEXT('2D SPACE',''
  ) );
#2542 = ORIENTED_EDGE('',*,*,#2543,.F.);
#2543 = EDGE_CURVE('',#2544,#2521,#2546,.T.);
#2544 = VERTEX_POINT('',#2545);
#2545 = CARTESIAN_POINT('',(38.1,-6.676494933604,119.56728481204));
#2546 = SURFACE_CURVE('',#2547,(#2552,#2563),.PCURVE_S1.);
#2547 = CIRCLE('',#2548,0.65);
#2548 = AXIS2_PLACEMENT_3D('',#2549,#2550,#2551);
#2549 = CARTESIAN_POINT('',(38.1,-6.766957449228,118.92361056736));
#2550 = DIRECTION('',(-1.,0.,0.));
#2551 = DIRECTION('',(0.,0.13917310096,0.990268068742));
#2552 = PCURVE('',#100,#2553);
#2553 = DEFINITIONAL_REPRESENTATION('',(#2554),#2562);
#2554 = ( BOUNDED_CURVE() B_SPLINE_CURVE(2,(#2555,#2556,#2557,#2558,
#2559,#2560,#2561),.UNSPECIFIED.,.T.,.F.) B_SPLINE_CURVE_WITH_KNOTS((1,2
    ,2,2,2,1),(-2.094395102393,0.,2.094395102393,4.188790204786,
6.28318530718,8.377580409573),.UNSPECIFIED.) CURVE() 
GEOMETRIC_REPRESENTATION_ITEM() RATIONAL_B_SPLINE_CURVE((1.,0.5,1.,0.5,
1.,0.5,1.)) REPRESENTATION_ITEM('') );
#2555 = CARTESIAN_POINT('',(74.5,7.211722092687));
#2556 = CARTESIAN_POINT('',(74.5,6.085889067768));
#2557 = CARTESIAN_POINT('',(73.525,6.648805580228));
#2558 = CARTESIAN_POINT('',(72.55,7.211722092687));
#2559 = CARTESIAN_POINT('',(73.525,7.774638605147));
#2560 = CARTESIAN_POINT('',(74.5,8.337555117607));
#2561 = CARTESIAN_POINT('',(74.5,7.211722092687));
#2562 = ( GEOMETRIC_REPRESENTATION_CONTEXT(2) 
PARAMETRIC_REPRESENTATION_CONTEXT() REPRESENTATION_CONTEXT('2D SPACE',''
  ) );
#2563 = PCURVE('',#1287,#2564);
#2564 = DEFINITIONAL_REPRESENTATION('',(#2565),#2569);
#2565 = LINE('',#2566,#2567);
#2566 = CARTESIAN_POINT('',(-0.,38.1));
#2567 = VECTOR('',#2568,1.);
#2568 = DIRECTION('',(-1.,0.));
#2569 = ( GEOMETRIC_REPRESENTATION_CONTEXT(2) 
PARAMETRIC_REPRESENTATION_CONTEXT() REPRESENTATION_CONTEXT('2D SPACE',''
  ) );
#2570 = ORIENTED_EDGE('',*,*,#2571,.F.);
#2571 = EDGE_CURVE('',#2572,#2544,#2574,.T.);
#2572 = VERTEX_POINT('',#2573);
#2573 = CARTESIAN_POINT('',(38.1,-9.596080402992,119.97760579089));
#2574 = SURFACE_CURVE('',#2575,(#2579,#2586),.PCURVE_S1.);
#2575 = LINE('',#2576,#2577);
#2576 = CARTESIAN_POINT('',(38.1,-10.23975464767,120.06806830652));
#2577 = VECTOR('',#2578,1.);
#2578 = DIRECTION('',(0.,0.990268068742,-0.13917310096));
#2579 = PCURVE('',#100,#2580);
#2580 = DEFINITIONAL_REPRESENTATION('',(#2581),#2585);
#2581 = LINE('',#2582,#2583);
#2582 = CARTESIAN_POINT('',(74.5,10.81));
#2583 = VECTOR('',#2584,1.);
#2584 = DIRECTION('',(0.,-1.));
#2585 = ( GEOMETRIC_REPRESENTATION_CONTEXT(2) 
PARAMETRIC_REPRESENTATION_CONTEXT() REPRESENTATION_CONTEXT('2D SPACE',''
  ) );
#2586 = PCURVE('',#1315,#2587);
#2587 = DEFINITIONAL_REPRESENTATION('',(#2588),#2592);
#2588 = LINE('',#2589,#2590);
#2589 = CARTESIAN_POINT('',(0.,-38.1));
#2590 = VECTOR('',#2591,1.);
#2591 = DIRECTION('',(1.,0.));
#2592 = ( GEOMETRIC_REPRESENTATION_CONTEXT(2) 
PARAMETRIC_REPRESENTATION_CONTEXT() REPRESENTATION_CONTEXT('2D SPACE',''
  ) );
#2593 = ORIENTED_EDGE('',*,*,#2594,.F.);
#2594 = EDGE_CURVE('',#2595,#2572,#2597,.T.);
#2595 = VERTEX_POINT('',#2596);
#2596 = CARTESIAN_POINT('',(38.1,-10.33021716329,119.42439406184));
#2597 = SURFACE_CURVE('',#2598,(#2603,#2614),.PCURVE_S1.);
#2598 = CIRCLE('',#2599,0.65);
#2599 = AXIS2_PLACEMENT_3D('',#2600,#2601,#2602);
#2600 = CARTESIAN_POINT('',(38.1,-9.686542918616,119.33393154621));
#2601 = DIRECTION('',(-1.,0.,0.));
#2602 = DIRECTION('',(0.,0.13917310096,0.990268068742));
#2603 = PCURVE('',#100,#2604);
#2604 = DEFINITIONAL_REPRESENTATION('',(#2605),#2613);
#2605 = ( BOUNDED_CURVE() B_SPLINE_CURVE(2,(#2606,#2607,#2608,#2609,
#2610,#2611,#2612),.UNSPECIFIED.,.T.,.F.) B_SPLINE_CURVE_WITH_KNOTS((1,2
    ,2,2,2,1),(-2.094395102393,0.,2.094395102393,4.188790204786,
6.28318530718,8.377580409573),.UNSPECIFIED.) CURVE() 
GEOMETRIC_REPRESENTATION_ITEM() RATIONAL_B_SPLINE_CURVE((1.,0.5,1.,0.5,
1.,0.5,1.)) REPRESENTATION_ITEM('') );
#2606 = CARTESIAN_POINT('',(74.5,10.16));
#2607 = CARTESIAN_POINT('',(74.5,9.03416697508));
#2608 = CARTESIAN_POINT('',(73.525,9.59708348754));
#2609 = CARTESIAN_POINT('',(72.55,10.16));
#2610 = CARTESIAN_POINT('',(73.525,10.72291651246));
#2611 = CARTESIAN_POINT('',(74.5,11.28583302492));
#2612 = CARTESIAN_POINT('',(74.5,10.16));
#2613 = ( GEOMETRIC_REPRESENTATION_CONTEXT(2) 
PARAMETRIC_REPRESENTATION_CONTEXT() REPRESENTATION_CONTEXT('2D SPACE',''
  ) );
#2614 = PCURVE('',#1348,#2615);
#2615 = DEFINITIONAL_REPRESENTATION('',(#2616),#2620);
#2616 = LINE('',#2617,#2618);
#2617 = CARTESIAN_POINT('',(4.712388980385,38.1));
#2618 = VECTOR('',#2619,1.);
#2619 = DIRECTION('',(-1.,0.));
#2620 = ( GEOMETRIC_REPRESENTATION_CONTEXT(2) 
PARAMETRIC_REPRESENTATION_CONTEXT() REPRESENTATION_CONTEXT('2D SPACE',''
  ) );
#2621 = ORIENTED_EDGE('',*,*,#2622,.F.);
#2622 = EDGE_CURVE('',#2623,#2595,#2625,.T.);
#2623 = VERTEX_POINT('',#2624);
#2624 = CARTESIAN_POINT('',(38.1,-18.31179450335,62.632520319512));
#2625 = SURFACE_CURVE('',#2626,(#2630,#2637),.PCURVE_S1.);
#2626 = LINE('',#2627,#2628);
#2627 = CARTESIAN_POINT('',(38.1,-19.70352551295,52.729839632097));
#2628 = VECTOR('',#2629,1.);
#2629 = DIRECTION('',(0.,0.13917310096,0.990268068742));
#2630 = PCURVE('',#100,#2631);
#2631 = DEFINITIONAL_REPRESENTATION('',(#2632),#2636);
#2632 = LINE('',#2633,#2634);
#2633 = CARTESIAN_POINT('',(6.5,10.81));
#2634 = VECTOR('',#2635,1.);
#2635 = DIRECTION('',(1.,0.));
#2636 = ( GEOMETRIC_REPRESENTATION_CONTEXT(2) 
PARAMETRIC_REPRESENTATION_CONTEXT() REPRESENTATION_CONTEXT('2D SPACE',''
  ) );
#2637 = PCURVE('',#1376,#2638);
#2638 = DEFINITIONAL_REPRESENTATION('',(#2639),#2643);
#2639 = LINE('',#2640,#2641);
#2640 = CARTESIAN_POINT('',(0.,-38.1));
#2641 = VECTOR('',#2642,1.);
#2642 = DIRECTION('',(1.,0.));
#2643 = ( GEOMETRIC_REPRESENTATION_CONTEXT(2) 
PARAMETRIC_REPRESENTATION_CONTEXT() REPRESENTATION_CONTEXT('2D SPACE',''
  ) );
#2644 = ORIENTED_EDGE('',*,*,#2645,.T.);
#2645 = EDGE_CURVE('',#2623,#1548,#2646,.T.);
#2646 = SURFACE_CURVE('',#2647,(#2651,#2658),.PCURVE_S1.);
#2647 = LINE('',#2648,#2649);
#2648 = CARTESIAN_POINT('',(38.1,-18.31179450335,62.632520319512));
#2649 = VECTOR('',#2650,1.);
#2650 = DIRECTION('',(0.,-0.990268068742,0.13917310096));
#2651 = PCURVE('',#100,#2652);
#2652 = DEFINITIONAL_REPRESENTATION('',(#2653),#2657);
#2653 = LINE('',#2654,#2655);
#2654 = CARTESIAN_POINT('',(16.5,10.81));
#2655 = VECTOR('',#2656,1.);
#2656 = DIRECTION('',(0.,1.));
#2657 = ( GEOMETRIC_REPRESENTATION_CONTEXT(2) 
PARAMETRIC_REPRESENTATION_CONTEXT() REPRESENTATION_CONTEXT('2D SPACE',''
  ) );
#2658 = PCURVE('',#1404,#2659);
#2659 = DEFINITIONAL_REPRESENTATION('',(#2660),#2664);
#2660 = LINE('',#2661,#2662);
#2661 = CARTESIAN_POINT('',(0.,-38.1));
#2662 = VECTOR('',#2663,1.);
#2663 = DIRECTION('',(1.,0.));
#2664 = ( GEOMETRIC_REPRESENTATION_CONTEXT(2) 
PARAMETRIC_REPRESENTATION_CONTEXT() REPRESENTATION_CONTEXT('2D SPACE',''
  ) );
#2665 = ORIENTED_EDGE('',*,*,#1570,.T.);
#2666 = ORIENTED_EDGE('',*,*,#84,.T.);
#2667 = ORIENTED_EDGE('',*,*,#1619,.F.);
#2668 = ORIENTED_EDGE('',*,*,#2669,.F.);
#2669 = EDGE_CURVE('',#2670,#1597,#2672,.T.);
#2670 = VERTEX_POINT('',#2671);
#2671 = CARTESIAN_POINT('',(38.1,3.058047365895,27.617650856909));
#2672 = SURFACE_CURVE('',#2673,(#2677,#2684),.PCURVE_S1.);
#2673 = LINE('',#2674,#2675);
#2674 = CARTESIAN_POINT('',(38.1,3.058047365895,27.617650856909));
#2675 = VECTOR('',#2676,1.);
#2676 = DIRECTION('',(0.,-0.990268068742,0.13917310096));
#2677 = PCURVE('',#100,#2678);
#2678 = DEFINITIONAL_REPRESENTATION('',(#2679),#2683);
#2679 = LINE('',#2680,#2681);
#2680 = CARTESIAN_POINT('',(-15.2,-15.225));
#2681 = VECTOR('',#2682,1.);
#2682 = DIRECTION('',(0.,1.));
#2683 = ( GEOMETRIC_REPRESENTATION_CONTEXT(2) 
PARAMETRIC_REPRESENTATION_CONTEXT() REPRESENTATION_CONTEXT('2D SPACE',''
  ) );
#2684 = PCURVE('',#1477,#2685);
#2685 = DEFINITIONAL_REPRESENTATION('',(#2686),#2690);
#2686 = LINE('',#2687,#2688);
#2687 = CARTESIAN_POINT('',(0.,-38.1));
#2688 = VECTOR('',#2689,1.);
#2689 = DIRECTION('',(1.,0.));
#2690 = ( GEOMETRIC_REPRESENTATION_CONTEXT(2) 
PARAMETRIC_REPRESENTATION_CONTEXT() REPRESENTATION_CONTEXT('2D SPACE',''
  ) );
#2691 = ORIENTED_EDGE('',*,*,#2692,.F.);
#2692 = EDGE_CURVE('',#2693,#2670,#2695,.T.);
#2693 = VERTEX_POINT('',#2694);
#2694 = CARTESIAN_POINT('',(38.1,1.162729220209,35.659692759524));
#2695 = SURFACE_CURVE('',#2696,(#2700,#2707),.PCURVE_S1.);
#2696 = LINE('',#2697,#2698);
#2697 = CARTESIAN_POINT('',(38.1,1.160267768072,35.670136969787));
#2698 = VECTOR('',#2699,1.);
#2699 = DIRECTION('',(0.,0.229391734292,-0.973334183227));
#2700 = PCURVE('',#100,#2701);
#2701 = DEFINITIONAL_REPRESENTATION('',(#2702),#2706);
#2702 = LINE('',#2703,#2704);
#2703 = CARTESIAN_POINT('',(-7.49,-12.225));
#2704 = VECTOR('',#2705,1.);
#2705 = DIRECTION('',(-0.931936602869,-0.362621246252));
#2706 = ( GEOMETRIC_REPRESENTATION_CONTEXT(2) 
PARAMETRIC_REPRESENTATION_CONTEXT() REPRESENTATION_CONTEXT('2D SPACE',''
  ) );
#2707 = PCURVE('',#1505,#2708);
#2708 = DEFINITIONAL_REPRESENTATION('',(#2709),#2713);
#2709 = LINE('',#2710,#2711);
#2710 = CARTESIAN_POINT('',(0.,-38.1));
#2711 = VECTOR('',#2712,1.);
#2712 = DIRECTION('',(1.,0.));
#2713 = ( GEOMETRIC_REPRESENTATION_CONTEXT(2) 
PARAMETRIC_REPRESENTATION_CONTEXT() REPRESENTATION_CONTEXT('2D SPACE',''
  ) );
#2714 = ORIENTED_EDGE('',*,*,#2715,.T.);
#2715 = EDGE_CURVE('',#2693,#1645,#2716,.T.);
#2716 = SURFACE_CURVE('',#2717,(#2721,#2728),.PCURVE_S1.);
#2717 = LINE('',#2718,#2719);
#2718 = CARTESIAN_POINT('',(38.1,-33.53516575129,40.536163881235));
#2719 = VECTOR('',#2720,1.);
#2720 = DIRECTION('',(0.,0.990268068742,-0.13917310096));
#2721 = PCURVE('',#100,#2722);
#2722 = DEFINITIONAL_REPRESENTATION('',(#2723),#2727);
#2723 = LINE('',#2724,#2725);
#2724 = CARTESIAN_POINT('',(-7.5,22.81));
#2725 = VECTOR('',#2726,1.);
#2726 = DIRECTION('',(0.,-1.));
#2727 = ( GEOMETRIC_REPRESENTATION_CONTEXT(2) 
PARAMETRIC_REPRESENTATION_CONTEXT() REPRESENTATION_CONTEXT('2D SPACE',''
  ) );
#2728 = PCURVE('',#1531,#2729);
#2729 = DEFINITIONAL_REPRESENTATION('',(#2730),#2734);
#2730 = LINE('',#2731,#2732);
#2731 = CARTESIAN_POINT('',(0.,-38.1));
#2732 = VECTOR('',#2733,1.);
#2733 = DIRECTION('',(1.,0.));
#2734 = ( GEOMETRIC_REPRESENTATION_CONTEXT(2) 
PARAMETRIC_REPRESENTATION_CONTEXT() REPRESENTATION_CONTEXT('2D SPACE',''
  ) );
#2735 = ADVANCED_FACE('',(#2736),#157,.F.);
#2736 = FACE_BOUND('',#2737,.F.);
#2737 = EDGE_LOOP('',(#2738,#2766,#2787,#2788));
#2738 = ORIENTED_EDGE('',*,*,#2739,.F.);
#2739 = EDGE_CURVE('',#2740,#2740,#2742,.T.);
#2740 = VERTEX_POINT('',#2741);
#2741 = CARTESIAN_POINT('',(23.25,-24.2534029158,63.467558925273));
#2742 = SURFACE_CURVE('',#2743,(#2748,#2755),.PCURVE_S1.);
#2743 = CIRCLE('',#2744,4.2);
#2744 = AXIS2_PLACEMENT_3D('',#2745,#2746,#2747);
#2745 = CARTESIAN_POINT('',(19.05,-24.2534029158,63.467558925273));
#2746 = DIRECTION('',(0.,0.13917310096,0.990268068742));
#2747 = DIRECTION('',(1.,0.,-0.));
#2748 = PCURVE('',#157,#2749);
#2749 = DEFINITIONAL_REPRESENTATION('',(#2750),#2754);
#2750 = LINE('',#2751,#2752);
#2751 = CARTESIAN_POINT('',(0.,36.));
#2752 = VECTOR('',#2753,1.);
#2753 = DIRECTION('',(1.,0.));
#2754 = ( GEOMETRIC_REPRESENTATION_CONTEXT(2) 
PARAMETRIC_REPRESENTATION_CONTEXT() REPRESENTATION_CONTEXT('2D SPACE',''
  ) );
#2755 = PCURVE('',#1404,#2756);
#2756 = DEFINITIONAL_REPRESENTATION('',(#2757),#2765);
#2757 = ( BOUNDED_CURVE() B_SPLINE_CURVE(2,(#2758,#2759,#2760,#2761,
#2762,#2763,#2764),.UNSPECIFIED.,.T.,.F.) B_SPLINE_CURVE_WITH_KNOTS((1,2
    ,2,2,2,1),(-2.094395102393,0.,2.094395102393,4.188790204786,
6.28318530718,8.377580409573),.UNSPECIFIED.) CURVE() 
GEOMETRIC_REPRESENTATION_ITEM() RATIONAL_B_SPLINE_CURVE((1.,0.5,1.,0.5,
1.,0.5,1.)) REPRESENTATION_ITEM('') );
#2758 = CARTESIAN_POINT('',(6.,-23.25));
#2759 = CARTESIAN_POINT('',(-1.274613391789,-23.25));
#2760 = CARTESIAN_POINT('',(2.362693304105,-16.95));
#2761 = CARTESIAN_POINT('',(6.,-10.65));
#2762 = CARTESIAN_POINT('',(9.637306695895,-16.95));
#2763 = CARTESIAN_POINT('',(13.274613391789,-23.25));
#2764 = CARTESIAN_POINT('',(6.,-23.25));
#2765 = ( GEOMETRIC_REPRESENTATION_CONTEXT(2) 
PARAMETRIC_REPRESENTATION_CONTEXT() REPRESENTATION_CONTEXT('2D SPACE',''
  ) );
#2766 = ORIENTED_EDGE('',*,*,#2767,.F.);
#2767 = EDGE_CURVE('',#141,#2740,#2768,.T.);
#2768 = SEAM_CURVE('',#2769,(#2773,#2780),.PCURVE_S1.);
#2769 = LINE('',#2770,#2771);
#2770 = CARTESIAN_POINT('',(23.25,-29.26363455037,27.817908450576));
#2771 = VECTOR('',#2772,1.);
#2772 = DIRECTION('',(0.,0.13917310096,0.990268068742));
#2773 = PCURVE('',#157,#2774);
#2774 = DEFINITIONAL_REPRESENTATION('',(#2775),#2779);
#2775 = LINE('',#2776,#2777);
#2776 = CARTESIAN_POINT('',(6.28318530718,-0.));
#2777 = VECTOR('',#2778,1.);
#2778 = DIRECTION('',(0.,1.));
#2779 = ( GEOMETRIC_REPRESENTATION_CONTEXT(2) 
PARAMETRIC_REPRESENTATION_CONTEXT() REPRESENTATION_CONTEXT('2D SPACE',''
  ) );
#2780 = PCURVE('',#157,#2781);
#2781 = DEFINITIONAL_REPRESENTATION('',(#2782),#2786);
#2782 = LINE('',#2783,#2784);
#2783 = CARTESIAN_POINT('',(0.,-0.));
#2784 = VECTOR('',#2785,1.);
#2785 = DIRECTION('',(0.,1.));
#2786 = ( GEOMETRIC_REPRESENTATION_CONTEXT(2) 
PARAMETRIC_REPRESENTATION_CONTEXT() REPRESENTATION_CONTEXT('2D SPACE',''
  ) );
#2787 = ORIENTED_EDGE('',*,*,#140,.T.);
#2788 = ORIENTED_EDGE('',*,*,#2767,.T.);
#2789 = ADVANCED_FACE('',(#2790),#190,.F.);
#2790 = FACE_BOUND('',#2791,.F.);
#2791 = EDGE_LOOP('',(#2792,#2813,#2814,#2835));
#2792 = ORIENTED_EDGE('',*,*,#2793,.T.);
#2793 = EDGE_CURVE('',#173,#1645,#2794,.T.);
#2794 = SURFACE_CURVE('',#2795,(#2799,#2806),.PCURVE_S1.);
#2795 = LINE('',#2796,#2797);
#2796 = CARTESIAN_POINT('',(0.,11.640863544692,34.187087015437));
#2797 = VECTOR('',#2798,1.);
#2798 = DIRECTION('',(1.,0.,0.));
#2799 = PCURVE('',#190,#2800);
#2800 = DEFINITIONAL_REPRESENTATION('',(#2801),#2805);
#2801 = LINE('',#2802,#2803);
#2802 = CARTESIAN_POINT('',(0.,0.));
#2803 = VECTOR('',#2804,1.);
#2804 = DIRECTION('',(0.,-1.));
#2805 = ( GEOMETRIC_REPRESENTATION_CONTEXT(2) 
PARAMETRIC_REPRESENTATION_CONTEXT() REPRESENTATION_CONTEXT('2D SPACE',''
  ) );
#2806 = PCURVE('',#1531,#2807);
#2807 = DEFINITIONAL_REPRESENTATION('',(#2808),#2812);
#2808 = LINE('',#2809,#2810);
#2809 = CARTESIAN_POINT('',(45.62,0.));
#2810 = VECTOR('',#2811,1.);
#2811 = DIRECTION('',(0.,-1.));
#2812 = ( GEOMETRIC_REPRESENTATION_CONTEXT(2) 
PARAMETRIC_REPRESENTATION_CONTEXT() REPRESENTATION_CONTEXT('2D SPACE',''
  ) );
#2813 = ORIENTED_EDGE('',*,*,#1644,.T.);
#2814 = ORIENTED_EDGE('',*,*,#2815,.F.);
#2815 = EDGE_CURVE('',#175,#1647,#2816,.T.);
#2816 = SURFACE_CURVE('',#2817,(#2821,#2828),.PCURVE_S1.);
#2817 = LINE('',#2818,#2819);
#2818 = CARTESIAN_POINT('',(0.,13.728460059093,49.041108046561));
#2819 = VECTOR('',#2820,1.);
#2820 = DIRECTION('',(1.,0.,0.));
#2821 = PCURVE('',#190,#2822);
#2822 = DEFINITIONAL_REPRESENTATION('',(#2823),#2827);
#2823 = LINE('',#2824,#2825);
#2824 = CARTESIAN_POINT('',(15.,0.));
#2825 = VECTOR('',#2826,1.);
#2826 = DIRECTION('',(0.,-1.));
#2827 = ( GEOMETRIC_REPRESENTATION_CONTEXT(2) 
PARAMETRIC_REPRESENTATION_CONTEXT() REPRESENTATION_CONTEXT('2D SPACE',''
  ) );
#2828 = PCURVE('',#218,#2829);
#2829 = DEFINITIONAL_REPRESENTATION('',(#2830),#2834);
#2830 = LINE('',#2831,#2832);
#2831 = CARTESIAN_POINT('',(0.,0.));
#2832 = VECTOR('',#2833,1.);
#2833 = DIRECTION('',(0.,-1.));
#2834 = ( GEOMETRIC_REPRESENTATION_CONTEXT(2) 
PARAMETRIC_REPRESENTATION_CONTEXT() REPRESENTATION_CONTEXT('2D SPACE',''
  ) );
#2835 = ORIENTED_EDGE('',*,*,#172,.F.);
#2836 = ADVANCED_FACE('',(#2837),#1531,.F.);
#2837 = FACE_BOUND('',#2838,.F.);
#2838 = EDGE_LOOP('',(#2839,#2840,#2861,#2862));
#2839 = ORIENTED_EDGE('',*,*,#1517,.F.);
#2840 = ORIENTED_EDGE('',*,*,#2841,.F.);
#2841 = EDGE_CURVE('',#2693,#1490,#2842,.T.);
#2842 = SURFACE_CURVE('',#2843,(#2847,#2854),.PCURVE_S1.);
#2843 = LINE('',#2844,#2845);
#2844 = CARTESIAN_POINT('',(0.,1.162729220209,35.659692759524));
#2845 = VECTOR('',#2846,1.);
#2846 = DIRECTION('',(-1.,0.,0.));
#2847 = PCURVE('',#1531,#2848);
#2848 = DEFINITIONAL_REPRESENTATION('',(#2849),#2853);
#2849 = LINE('',#2850,#2851);
#2850 = CARTESIAN_POINT('',(35.038891050584,0.));
#2851 = VECTOR('',#2852,1.);
#2852 = DIRECTION('',(0.,1.));
#2853 = ( GEOMETRIC_REPRESENTATION_CONTEXT(2) 
PARAMETRIC_REPRESENTATION_CONTEXT() REPRESENTATION_CONTEXT('2D SPACE',''
  ) );
#2854 = PCURVE('',#1505,#2855);
#2855 = DEFINITIONAL_REPRESENTATION('',(#2856),#2860);
#2856 = LINE('',#2857,#2858);
#2857 = CARTESIAN_POINT('',(1.073034364056E-02,0.));
#2858 = VECTOR('',#2859,1.);
#2859 = DIRECTION('',(0.,1.));
#2860 = ( GEOMETRIC_REPRESENTATION_CONTEXT(2) 
PARAMETRIC_REPRESENTATION_CONTEXT() REPRESENTATION_CONTEXT('2D SPACE',''
  ) );
#2861 = ORIENTED_EDGE('',*,*,#2715,.T.);
#2862 = ORIENTED_EDGE('',*,*,#2793,.F.);
#2863 = ADVANCED_FACE('',(#2864),#1505,.T.);
#2864 = FACE_BOUND('',#2865,.T.);
#2865 = EDGE_LOOP('',(#2866,#2867,#2868,#2869));
#2866 = ORIENTED_EDGE('',*,*,#1489,.F.);
#2867 = ORIENTED_EDGE('',*,*,#2841,.F.);
#2868 = ORIENTED_EDGE('',*,*,#2692,.T.);
#2869 = ORIENTED_EDGE('',*,*,#2870,.F.);
#2870 = EDGE_CURVE('',#1462,#2670,#2871,.T.);
#2871 = SURFACE_CURVE('',#2872,(#2876,#2883),.PCURVE_S1.);
#2872 = LINE('',#2873,#2874);
#2873 = CARTESIAN_POINT('',(0.,3.058047365895,27.617650856909));
#2874 = VECTOR('',#2875,1.);
#2875 = DIRECTION('',(1.,0.,0.));
#2876 = PCURVE('',#1505,#2877);
#2877 = DEFINITIONAL_REPRESENTATION('',(#2878),#2882);
#2878 = LINE('',#2879,#2880);
#2879 = CARTESIAN_POINT('',(8.273094946874,0.));
#2880 = VECTOR('',#2881,1.);
#2881 = DIRECTION('',(0.,-1.));
#2882 = ( GEOMETRIC_REPRESENTATION_CONTEXT(2) 
PARAMETRIC_REPRESENTATION_CONTEXT() REPRESENTATION_CONTEXT('2D SPACE',''
  ) );
#2883 = PCURVE('',#1477,#2884);
#2884 = DEFINITIONAL_REPRESENTATION('',(#2885),#2889);
#2885 = LINE('',#2886,#2887);
#2886 = CARTESIAN_POINT('',(0.,0.));
#2887 = VECTOR('',#2888,1.);
#2888 = DIRECTION('',(0.,-1.));
#2889 = ( GEOMETRIC_REPRESENTATION_CONTEXT(2) 
PARAMETRIC_REPRESENTATION_CONTEXT() REPRESENTATION_CONTEXT('2D SPACE',''
  ) );
#2890 = ADVANCED_FACE('',(#2891),#1477,.T.);
#2891 = FACE_BOUND('',#2892,.T.);
#2892 = EDGE_LOOP('',(#2893,#2894,#2895,#2896));
#2893 = ORIENTED_EDGE('',*,*,#2870,.T.);
#2894 = ORIENTED_EDGE('',*,*,#2669,.T.);
#2895 = ORIENTED_EDGE('',*,*,#1596,.F.);
#2896 = ORIENTED_EDGE('',*,*,#1461,.F.);
#2897 = ADVANCED_FACE('',(#2898,#2924),#1404,.F.);
#2898 = FACE_BOUND('',#2899,.F.);
#2899 = EDGE_LOOP('',(#2900,#2921,#2922,#2923));
#2900 = ORIENTED_EDGE('',*,*,#2901,.T.);
#2901 = EDGE_CURVE('',#1361,#2623,#2902,.T.);
#2902 = SURFACE_CURVE('',#2903,(#2907,#2914),.PCURVE_S1.);
#2903 = LINE('',#2904,#2905);
#2904 = CARTESIAN_POINT('',(0.,-18.31179450335,62.632520319512));
#2905 = VECTOR('',#2906,1.);
#2906 = DIRECTION('',(1.,0.,0.));
#2907 = PCURVE('',#1404,#2908);
#2908 = DEFINITIONAL_REPRESENTATION('',(#2909),#2913);
#2909 = LINE('',#2910,#2911);
#2910 = CARTESIAN_POINT('',(0.,0.));
#2911 = VECTOR('',#2912,1.);
#2912 = DIRECTION('',(0.,-1.));
#2913 = ( GEOMETRIC_REPRESENTATION_CONTEXT(2) 
PARAMETRIC_REPRESENTATION_CONTEXT() REPRESENTATION_CONTEXT('2D SPACE',''
  ) );
#2914 = PCURVE('',#1376,#2915);
#2915 = DEFINITIONAL_REPRESENTATION('',(#2916),#2920);
#2916 = LINE('',#2917,#2918);
#2917 = CARTESIAN_POINT('',(10.,0.));
#2918 = VECTOR('',#2919,1.);
#2919 = DIRECTION('',(0.,-1.));
#2920 = ( GEOMETRIC_REPRESENTATION_CONTEXT(2) 
PARAMETRIC_REPRESENTATION_CONTEXT() REPRESENTATION_CONTEXT('2D SPACE',''
  ) );
#2921 = ORIENTED_EDGE('',*,*,#2645,.T.);
#2922 = ORIENTED_EDGE('',*,*,#1547,.F.);
#2923 = ORIENTED_EDGE('',*,*,#1388,.F.);
#2924 = FACE_BOUND('',#2925,.F.);
#2925 = EDGE_LOOP('',(#2926));
#2926 = ORIENTED_EDGE('',*,*,#2739,.T.);
#2927 = ADVANCED_FACE('',(#2928),#1376,.T.);
#2928 = FACE_BOUND('',#2929,.T.);
#2929 = EDGE_LOOP('',(#2930,#2931,#2932,#2933));
#2930 = ORIENTED_EDGE('',*,*,#1360,.F.);
#2931 = ORIENTED_EDGE('',*,*,#2901,.T.);
#2932 = ORIENTED_EDGE('',*,*,#2622,.T.);
#2933 = ORIENTED_EDGE('',*,*,#2934,.F.);
#2934 = EDGE_CURVE('',#1328,#2595,#2935,.T.);
#2935 = SURFACE_CURVE('',#2936,(#2940,#2947),.PCURVE_S1.);
#2936 = LINE('',#2937,#2938);
#2937 = CARTESIAN_POINT('',(0.,-10.33021716329,119.42439406184));
#2938 = VECTOR('',#2939,1.);
#2939 = DIRECTION('',(1.,0.,0.));
#2940 = PCURVE('',#1376,#2941);
#2941 = DEFINITIONAL_REPRESENTATION('',(#2942),#2946);
#2942 = LINE('',#2943,#2944);
#2943 = CARTESIAN_POINT('',(67.35,0.));
#2944 = VECTOR('',#2945,1.);
#2945 = DIRECTION('',(0.,-1.));
#2946 = ( GEOMETRIC_REPRESENTATION_CONTEXT(2) 
PARAMETRIC_REPRESENTATION_CONTEXT() REPRESENTATION_CONTEXT('2D SPACE',''
  ) );
#2947 = PCURVE('',#1348,#2948);
#2948 = DEFINITIONAL_REPRESENTATION('',(#2949),#2953);
#2949 = LINE('',#2950,#2951);
#2950 = CARTESIAN_POINT('',(-0.,0.));
#2951 = VECTOR('',#2952,1.);
#2952 = DIRECTION('',(-0.,1.));
#2953 = ( GEOMETRIC_REPRESENTATION_CONTEXT(2) 
PARAMETRIC_REPRESENTATION_CONTEXT() REPRESENTATION_CONTEXT('2D SPACE',''
  ) );
#2954 = ADVANCED_FACE('',(#2955),#1348,.T.);
#2955 = FACE_BOUND('',#2956,.F.);
#2956 = EDGE_LOOP('',(#2957,#2958,#2979,#2980));
#2957 = ORIENTED_EDGE('',*,*,#1327,.T.);
#2958 = ORIENTED_EDGE('',*,*,#2959,.T.);
#2959 = EDGE_CURVE('',#1300,#2572,#2960,.T.);
#2960 = SURFACE_CURVE('',#2961,(#2965,#2972),.PCURVE_S1.);
#2961 = LINE('',#2962,#2963);
#2962 = CARTESIAN_POINT('',(0.,-9.596080402992,119.97760579089));
#2963 = VECTOR('',#2964,1.);
#2964 = DIRECTION('',(1.,0.,0.));
#2965 = PCURVE('',#1348,#2966);
#2966 = DEFINITIONAL_REPRESENTATION('',(#2967),#2971);
#2967 = LINE('',#2968,#2969);
#2968 = CARTESIAN_POINT('',(-1.570796326795,0.));
#2969 = VECTOR('',#2970,1.);
#2970 = DIRECTION('',(-0.,1.));
#2971 = ( GEOMETRIC_REPRESENTATION_CONTEXT(2) 
PARAMETRIC_REPRESENTATION_CONTEXT() REPRESENTATION_CONTEXT('2D SPACE',''
  ) );
#2972 = PCURVE('',#1315,#2973);
#2973 = DEFINITIONAL_REPRESENTATION('',(#2974),#2978);
#2974 = LINE('',#2975,#2976);
#2975 = CARTESIAN_POINT('',(0.65,0.));
#2976 = VECTOR('',#2977,1.);
#2977 = DIRECTION('',(0.,-1.));
#2978 = ( GEOMETRIC_REPRESENTATION_CONTEXT(2) 
PARAMETRIC_REPRESENTATION_CONTEXT() REPRESENTATION_CONTEXT('2D SPACE',''
  ) );
#2979 = ORIENTED_EDGE('',*,*,#2594,.F.);
#2980 = ORIENTED_EDGE('',*,*,#2934,.F.);
#2981 = ADVANCED_FACE('',(#2982),#1315,.T.);
#2982 = FACE_BOUND('',#2983,.T.);
#2983 = EDGE_LOOP('',(#2984,#2985,#2986,#2987));
#2984 = ORIENTED_EDGE('',*,*,#1299,.F.);
#2985 = ORIENTED_EDGE('',*,*,#2959,.T.);
#2986 = ORIENTED_EDGE('',*,*,#2571,.T.);
#2987 = ORIENTED_EDGE('',*,*,#2988,.F.);
#2988 = EDGE_CURVE('',#1267,#2544,#2989,.T.);
#2989 = SURFACE_CURVE('',#2990,(#2994,#3001),.PCURVE_S1.);
#2990 = LINE('',#2991,#2992);
#2991 = CARTESIAN_POINT('',(0.,-6.676494933604,119.56728481204));
#2992 = VECTOR('',#2993,1.);
#2993 = DIRECTION('',(1.,0.,0.));
#2994 = PCURVE('',#1315,#2995);
#2995 = DEFINITIONAL_REPRESENTATION('',(#2996),#3000);
#2996 = LINE('',#2997,#2998);
#2997 = CARTESIAN_POINT('',(3.598277907313,0.));
#2998 = VECTOR('',#2999,1.);
#2999 = DIRECTION('',(0.,-1.));
#3000 = ( GEOMETRIC_REPRESENTATION_CONTEXT(2) 
PARAMETRIC_REPRESENTATION_CONTEXT() REPRESENTATION_CONTEXT('2D SPACE',''
  ) );
#3001 = PCURVE('',#1287,#3002);
#3002 = DEFINITIONAL_REPRESENTATION('',(#3003),#3007);
#3003 = LINE('',#3004,#3005);
#3004 = CARTESIAN_POINT('',(-0.,0.));
#3005 = VECTOR('',#3006,1.);
#3006 = DIRECTION('',(-0.,1.));
#3007 = ( GEOMETRIC_REPRESENTATION_CONTEXT(2) 
PARAMETRIC_REPRESENTATION_CONTEXT() REPRESENTATION_CONTEXT('2D SPACE',''
  ) );
#3008 = ADVANCED_FACE('',(#3009),#1287,.T.);
#3009 = FACE_BOUND('',#3010,.F.);
#3010 = EDGE_LOOP('',(#3011,#3012,#3033,#3034));
#3011 = ORIENTED_EDGE('',*,*,#1266,.T.);
#3012 = ORIENTED_EDGE('',*,*,#3013,.T.);
#3013 = EDGE_CURVE('',#1239,#2521,#3014,.T.);
#3014 = SURFACE_CURVE('',#3015,(#3019,#3026),.PCURVE_S1.);
#3015 = LINE('',#3016,#3017);
#3016 = CARTESIAN_POINT('',(0.,-6.150781635768,119.13055830691));
#3017 = VECTOR('',#3018,1.);
#3018 = DIRECTION('',(1.,0.,0.));
#3019 = PCURVE('',#1287,#3020);
#3020 = DEFINITIONAL_REPRESENTATION('',(#3021),#3025);
#3021 = LINE('',#3022,#3023);
#3022 = CARTESIAN_POINT('',(-1.107148717794,0.));
#3023 = VECTOR('',#3024,1.);
#3024 = DIRECTION('',(-0.,1.));
#3025 = ( GEOMETRIC_REPRESENTATION_CONTEXT(2) 
PARAMETRIC_REPRESENTATION_CONTEXT() REPRESENTATION_CONTEXT('2D SPACE',''
  ) );
#3026 = PCURVE('',#1254,#3027);
#3027 = DEFINITIONAL_REPRESENTATION('',(#3028),#3032);
#3028 = LINE('',#3029,#3030);
#3029 = CARTESIAN_POINT('',(0.401722092687,0.));
#3030 = VECTOR('',#3031,1.);
#3031 = DIRECTION('',(0.,-1.));
#3032 = ( GEOMETRIC_REPRESENTATION_CONTEXT(2) 
PARAMETRIC_REPRESENTATION_CONTEXT() REPRESENTATION_CONTEXT('2D SPACE',''
  ) );
#3033 = ORIENTED_EDGE('',*,*,#2543,.F.);
#3034 = ORIENTED_EDGE('',*,*,#2988,.F.);
#3035 = ADVANCED_FACE('',(#3036),#1254,.T.);
#3036 = FACE_BOUND('',#3037,.T.);
#3037 = EDGE_LOOP('',(#3038,#3039,#3040,#3041));
#3038 = ORIENTED_EDGE('',*,*,#1238,.F.);
#3039 = ORIENTED_EDGE('',*,*,#3013,.T.);
#3040 = ORIENTED_EDGE('',*,*,#2520,.T.);
#3041 = ORIENTED_EDGE('',*,*,#3042,.F.);
#3042 = EDGE_CURVE('',#1211,#2498,#3043,.T.);
#3043 = SURFACE_CURVE('',#3044,(#3048,#3055),.PCURVE_S1.);
#3044 = LINE('',#3045,#3046);
#3045 = CARTESIAN_POINT('',(0.,-4.854838639065,115.27195742579));
#3046 = VECTOR('',#3047,1.);
#3047 = DIRECTION('',(1.,0.,0.));
#3048 = PCURVE('',#1254,#3049);
#3049 = DEFINITIONAL_REPRESENTATION('',(#3050),#3054);
#3050 = LINE('',#3051,#3052);
#3051 = CARTESIAN_POINT('',(4.472135955,0.));
#3052 = VECTOR('',#3053,1.);
#3053 = DIRECTION('',(0.,-1.));
#3054 = ( GEOMETRIC_REPRESENTATION_CONTEXT(2) 
PARAMETRIC_REPRESENTATION_CONTEXT() REPRESENTATION_CONTEXT('2D SPACE',''
  ) );
#3055 = PCURVE('',#1226,#3056);
#3056 = DEFINITIONAL_REPRESENTATION('',(#3057),#3061);
#3057 = LINE('',#3058,#3059);
#3058 = CARTESIAN_POINT('',(0.,0.));
#3059 = VECTOR('',#3060,1.);
#3060 = DIRECTION('',(0.,-1.));
#3061 = ( GEOMETRIC_REPRESENTATION_CONTEXT(2) 
PARAMETRIC_REPRESENTATION_CONTEXT() REPRESENTATION_CONTEXT('2D SPACE',''
  ) );
#3062 = ADVANCED_FACE('',(#3063),#1226,.T.);
#3063 = FACE_BOUND('',#3064,.T.);
#3064 = EDGE_LOOP('',(#3065,#3066,#3067,#3068));
#3065 = ORIENTED_EDGE('',*,*,#1210,.F.);
#3066 = ORIENTED_EDGE('',*,*,#3042,.T.);
#3067 = ORIENTED_EDGE('',*,*,#2497,.T.);
#3068 = ORIENTED_EDGE('',*,*,#3069,.F.);
#3069 = EDGE_CURVE('',#1183,#2475,#3070,.T.);
#3070 = SURFACE_CURVE('',#3071,(#3075,#3082),.PCURVE_S1.);
#3071 = LINE('',#3072,#3073);
#3072 = CARTESIAN_POINT('',(0.,-13.62274399954,52.885069095078));
#3073 = VECTOR('',#3074,1.);
#3074 = DIRECTION('',(1.,0.,0.));
#3075 = PCURVE('',#1226,#3076);
#3076 = DEFINITIONAL_REPRESENTATION('',(#3077),#3081);
#3077 = LINE('',#3078,#3079);
#3078 = CARTESIAN_POINT('',(63.,0.));
#3079 = VECTOR('',#3080,1.);
#3080 = DIRECTION('',(0.,-1.));
#3081 = ( GEOMETRIC_REPRESENTATION_CONTEXT(2) 
PARAMETRIC_REPRESENTATION_CONTEXT() REPRESENTATION_CONTEXT('2D SPACE',''
  ) );
#3082 = PCURVE('',#1198,#3083);
#3083 = DEFINITIONAL_REPRESENTATION('',(#3084),#3088);
#3084 = LINE('',#3085,#3086);
#3085 = CARTESIAN_POINT('',(27.62,0.));
#3086 = VECTOR('',#3087,1.);
#3087 = DIRECTION('',(0.,-1.));
#3088 = ( GEOMETRIC_REPRESENTATION_CONTEXT(2) 
PARAMETRIC_REPRESENTATION_CONTEXT() REPRESENTATION_CONTEXT('2D SPACE',''
  ) );
#3089 = ADVANCED_FACE('',(#3090),#1198,.F.);
#3090 = FACE_BOUND('',#3091,.F.);
#3091 = EDGE_LOOP('',(#3092,#3093,#3114,#3115));
#3092 = ORIENTED_EDGE('',*,*,#1182,.F.);
#3093 = ORIENTED_EDGE('',*,*,#3094,.T.);
#3094 = EDGE_CURVE('',#1155,#2452,#3095,.T.);
#3095 = SURFACE_CURVE('',#3096,(#3100,#3107),.PCURVE_S1.);
#3096 = LINE('',#3097,#3098);
#3097 = CARTESIAN_POINT('',(0.,-3.967630329319,51.528131360717));
#3098 = VECTOR('',#3099,1.);
#3099 = DIRECTION('',(1.,0.,0.));
#3100 = PCURVE('',#1198,#3101);
#3101 = DEFINITIONAL_REPRESENTATION('',(#3102),#3106);
#3102 = LINE('',#3103,#3104);
#3103 = CARTESIAN_POINT('',(17.87,0.));
#3104 = VECTOR('',#3105,1.);
#3105 = DIRECTION('',(0.,-1.));
#3106 = ( GEOMETRIC_REPRESENTATION_CONTEXT(2) 
PARAMETRIC_REPRESENTATION_CONTEXT() REPRESENTATION_CONTEXT('2D SPACE',''
  ) );
#3107 = PCURVE('',#1170,#3108);
#3108 = DEFINITIONAL_REPRESENTATION('',(#3109),#3113);
#3109 = LINE('',#3110,#3111);
#3110 = CARTESIAN_POINT('',(6.781809792131,0.));
#3111 = VECTOR('',#3112,1.);
#3112 = DIRECTION('',(0.,-1.));
#3113 = ( GEOMETRIC_REPRESENTATION_CONTEXT(2) 
PARAMETRIC_REPRESENTATION_CONTEXT() REPRESENTATION_CONTEXT('2D SPACE',''
  ) );
#3114 = ORIENTED_EDGE('',*,*,#2474,.T.);
#3115 = ORIENTED_EDGE('',*,*,#3069,.F.);
#3116 = ADVANCED_FACE('',(#3117),#1170,.F.);
#3117 = FACE_BOUND('',#3118,.F.);
#3118 = EDGE_LOOP('',(#3119,#3120,#3141,#3142));
#3119 = ORIENTED_EDGE('',*,*,#1154,.F.);
#3120 = ORIENTED_EDGE('',*,*,#3121,.T.);
#3121 = EDGE_CURVE('',#1127,#2429,#3122,.T.);
#3122 = SURFACE_CURVE('',#3123,(#3127,#3134),.PCURVE_S1.);
#3123 = LINE('',#3124,#3125);
#3124 = CARTESIAN_POINT('',(0.,-3.162957931387,57.253672977402));
#3125 = VECTOR('',#3126,1.);
#3126 = DIRECTION('',(1.,0.,0.));
#3127 = PCURVE('',#1170,#3128);
#3128 = DEFINITIONAL_REPRESENTATION('',(#3129),#3133);
#3129 = LINE('',#3130,#3131);
#3130 = CARTESIAN_POINT('',(1.,0.));
#3131 = VECTOR('',#3132,1.);
#3132 = DIRECTION('',(0.,-1.));
#3133 = ( GEOMETRIC_REPRESENTATION_CONTEXT(2) 
PARAMETRIC_REPRESENTATION_CONTEXT() REPRESENTATION_CONTEXT('2D SPACE',''
  ) );
#3134 = PCURVE('',#1142,#3135);
#3135 = DEFINITIONAL_REPRESENTATION('',(#3136),#3140);
#3136 = LINE('',#3137,#3138);
#3137 = CARTESIAN_POINT('',(0.335150188418,0.));
#3138 = VECTOR('',#3139,1.);
#3139 = DIRECTION('',(0.,-1.));
#3140 = ( GEOMETRIC_REPRESENTATION_CONTEXT(2) 
PARAMETRIC_REPRESENTATION_CONTEXT() REPRESENTATION_CONTEXT('2D SPACE',''
  ) );
#3141 = ORIENTED_EDGE('',*,*,#2451,.T.);
#3142 = ORIENTED_EDGE('',*,*,#3094,.F.);
#3143 = ADVANCED_FACE('',(#3144),#1142,.F.);
#3144 = FACE_BOUND('',#3145,.F.);
#3145 = EDGE_LOOP('',(#3146,#3167,#3168,#3169));
#3146 = ORIENTED_EDGE('',*,*,#3147,.T.);
#3147 = EDGE_CURVE('',#1099,#2406,#3148,.T.);
#3148 = SURFACE_CURVE('',#3149,(#3153,#3160),.PCURVE_S1.);
#3149 = LINE('',#3150,#3151);
#3150 = CARTESIAN_POINT('',(0.,-3.002332735816,56.959521323752));
#3151 = VECTOR('',#3152,1.);
#3152 = DIRECTION('',(1.,0.,0.));
#3153 = PCURVE('',#1142,#3154);
#3154 = DEFINITIONAL_REPRESENTATION('',(#3155),#3159);
#3155 = LINE('',#3156,#3157);
#3156 = CARTESIAN_POINT('',(0.,0.));
#3157 = VECTOR('',#3158,1.);
#3158 = DIRECTION('',(0.,-1.));
#3159 = ( GEOMETRIC_REPRESENTATION_CONTEXT(2) 
PARAMETRIC_REPRESENTATION_CONTEXT() REPRESENTATION_CONTEXT('2D SPACE',''
  ) );
#3160 = PCURVE('',#1114,#3161);
#3161 = DEFINITIONAL_REPRESENTATION('',(#3162),#3166);
#3162 = LINE('',#3163,#3164);
#3163 = CARTESIAN_POINT('',(0.322000258625,0.));
#3164 = VECTOR('',#3165,1.);
#3165 = DIRECTION('',(0.,-1.));
#3166 = ( GEOMETRIC_REPRESENTATION_CONTEXT(2) 
PARAMETRIC_REPRESENTATION_CONTEXT() REPRESENTATION_CONTEXT('2D SPACE',''
  ) );
#3167 = ORIENTED_EDGE('',*,*,#2428,.T.);
#3168 = ORIENTED_EDGE('',*,*,#3121,.F.);
#3169 = ORIENTED_EDGE('',*,*,#1126,.F.);
#3170 = ADVANCED_FACE('',(#3171),#1114,.F.);
#3171 = FACE_BOUND('',#3172,.F.);
#3172 = EDGE_LOOP('',(#3173,#3194,#3195,#3196));
#3173 = ORIENTED_EDGE('',*,*,#3174,.T.);
#3174 = EDGE_CURVE('',#1071,#2383,#3175,.T.);
#3175 = SURFACE_CURVE('',#3176,(#3180,#3187),.PCURVE_S1.);
#3176 = LINE('',#3177,#3178);
#3177 = CARTESIAN_POINT('',(0.,-2.839400458944,56.681785406543));
#3178 = VECTOR('',#3179,1.);
#3179 = DIRECTION('',(1.,0.,0.));
#3180 = PCURVE('',#1114,#3181);
#3181 = DEFINITIONAL_REPRESENTATION('',(#3182),#3186);
#3182 = LINE('',#3183,#3184);
#3183 = CARTESIAN_POINT('',(0.,0.));
#3184 = VECTOR('',#3185,1.);
#3185 = DIRECTION('',(0.,-1.));
#3186 = ( GEOMETRIC_REPRESENTATION_CONTEXT(2) 
PARAMETRIC_REPRESENTATION_CONTEXT() REPRESENTATION_CONTEXT('2D SPACE',''
  ) );
#3187 = PCURVE('',#1086,#3188);
#3188 = DEFINITIONAL_REPRESENTATION('',(#3189),#3193);
#3189 = LINE('',#3190,#3191);
#3190 = CARTESIAN_POINT('',(0.310634502194,0.));
#3191 = VECTOR('',#3192,1.);
#3192 = DIRECTION('',(0.,-1.));
#3193 = ( GEOMETRIC_REPRESENTATION_CONTEXT(2) 
PARAMETRIC_REPRESENTATION_CONTEXT() REPRESENTATION_CONTEXT('2D SPACE',''
  ) );
#3194 = ORIENTED_EDGE('',*,*,#2405,.T.);
#3195 = ORIENTED_EDGE('',*,*,#3147,.F.);
#3196 = ORIENTED_EDGE('',*,*,#1098,.F.);
#3197 = ADVANCED_FACE('',(#3198),#1086,.F.);
#3198 = FACE_BOUND('',#3199,.F.);
#3199 = EDGE_LOOP('',(#3200,#3221,#3222,#3223));
#3200 = ORIENTED_EDGE('',*,*,#3201,.T.);
#3201 = EDGE_CURVE('',#1043,#2360,#3202,.T.);
#3202 = SURFACE_CURVE('',#3203,(#3207,#3214),.PCURVE_S1.);
#3203 = LINE('',#3204,#3205);
#3204 = CARTESIAN_POINT('',(0.,-2.674426096757,56.41857968135));
#3205 = VECTOR('',#3206,1.);
#3206 = DIRECTION('',(1.,0.,0.));
#3207 = PCURVE('',#1086,#3208);
#3208 = DEFINITIONAL_REPRESENTATION('',(#3209),#3213);
#3209 = LINE('',#3210,#3211);
#3210 = CARTESIAN_POINT('',(0.,0.));
#3211 = VECTOR('',#3212,1.);
#3212 = DIRECTION('',(0.,-1.));
#3213 = ( GEOMETRIC_REPRESENTATION_CONTEXT(2) 
PARAMETRIC_REPRESENTATION_CONTEXT() REPRESENTATION_CONTEXT('2D SPACE',''
  ) );
#3214 = PCURVE('',#1058,#3215);
#3215 = DEFINITIONAL_REPRESENTATION('',(#3216),#3220);
#3216 = LINE('',#3217,#3218);
#3217 = CARTESIAN_POINT('',(0.30004215638,0.));
#3218 = VECTOR('',#3219,1.);
#3219 = DIRECTION('',(0.,-1.));
#3220 = ( GEOMETRIC_REPRESENTATION_CONTEXT(2) 
PARAMETRIC_REPRESENTATION_CONTEXT() REPRESENTATION_CONTEXT('2D SPACE',''
  ) );
#3221 = ORIENTED_EDGE('',*,*,#2382,.T.);
#3222 = ORIENTED_EDGE('',*,*,#3174,.F.);
#3223 = ORIENTED_EDGE('',*,*,#1070,.F.);
#3224 = ADVANCED_FACE('',(#3225),#1058,.F.);
#3225 = FACE_BOUND('',#3226,.F.);
#3226 = EDGE_LOOP('',(#3227,#3248,#3249,#3250));
#3227 = ORIENTED_EDGE('',*,*,#3228,.T.);
#3228 = EDGE_CURVE('',#1015,#2337,#3229,.T.);
#3229 = SURFACE_CURVE('',#3230,(#3234,#3241),.PCURVE_S1.);
#3230 = LINE('',#3231,#3232);
#3231 = CARTESIAN_POINT('',(0.,-2.507500405457,56.169258384247));
#3232 = VECTOR('',#3233,1.);
#3233 = DIRECTION('',(1.,0.,0.));
#3234 = PCURVE('',#1058,#3235);
#3235 = DEFINITIONAL_REPRESENTATION('',(#3236),#3240);
#3236 = LINE('',#3237,#3238);
#3237 = CARTESIAN_POINT('',(0.,0.));
#3238 = VECTOR('',#3239,1.);
#3239 = DIRECTION('',(0.,-1.));
#3240 = ( GEOMETRIC_REPRESENTATION_CONTEXT(2) 
PARAMETRIC_REPRESENTATION_CONTEXT() REPRESENTATION_CONTEXT('2D SPACE',''
  ) );
#3241 = PCURVE('',#1030,#3242);
#3242 = DEFINITIONAL_REPRESENTATION('',(#3243),#3247);
#3243 = LINE('',#3244,#3245);
#3244 = CARTESIAN_POINT('',(0.290348107749,0.));
#3245 = VECTOR('',#3246,1.);
#3246 = DIRECTION('',(0.,-1.));
#3247 = ( GEOMETRIC_REPRESENTATION_CONTEXT(2) 
PARAMETRIC_REPRESENTATION_CONTEXT() REPRESENTATION_CONTEXT('2D SPACE',''
  ) );
#3248 = ORIENTED_EDGE('',*,*,#2359,.T.);
#3249 = ORIENTED_EDGE('',*,*,#3201,.F.);
#3250 = ORIENTED_EDGE('',*,*,#1042,.F.);
#3251 = ADVANCED_FACE('',(#3252),#1030,.F.);
#3252 = FACE_BOUND('',#3253,.F.);
#3253 = EDGE_LOOP('',(#3254,#3275,#3276,#3277));
#3254 = ORIENTED_EDGE('',*,*,#3255,.T.);
#3255 = EDGE_CURVE('',#987,#2314,#3256,.T.);
#3256 = SURFACE_CURVE('',#3257,(#3261,#3268),.PCURVE_S1.);
#3257 = LINE('',#3258,#3259);
#3258 = CARTESIAN_POINT('',(0.,-2.338740009897,55.932991686289));
#3259 = VECTOR('',#3260,1.);
#3260 = DIRECTION('',(1.,0.,0.));
#3261 = PCURVE('',#1030,#3262);
#3262 = DEFINITIONAL_REPRESENTATION('',(#3263),#3267);
#3263 = LINE('',#3264,#3265);
#3264 = CARTESIAN_POINT('',(0.,0.));
#3265 = VECTOR('',#3266,1.);
#3266 = DIRECTION('',(0.,-1.));
#3267 = ( GEOMETRIC_REPRESENTATION_CONTEXT(2) 
PARAMETRIC_REPRESENTATION_CONTEXT() REPRESENTATION_CONTEXT('2D SPACE',''
  ) );
#3268 = PCURVE('',#1002,#3269);
#3269 = DEFINITIONAL_REPRESENTATION('',(#3270),#3274);
#3270 = LINE('',#3271,#3272);
#3271 = CARTESIAN_POINT('',(0.282613063606,0.));
#3272 = VECTOR('',#3273,1.);
#3273 = DIRECTION('',(0.,-1.));
#3274 = ( GEOMETRIC_REPRESENTATION_CONTEXT(2) 
PARAMETRIC_REPRESENTATION_CONTEXT() REPRESENTATION_CONTEXT('2D SPACE',''
  ) );
#3275 = ORIENTED_EDGE('',*,*,#2336,.T.);
#3276 = ORIENTED_EDGE('',*,*,#3228,.F.);
#3277 = ORIENTED_EDGE('',*,*,#1014,.F.);
#3278 = ADVANCED_FACE('',(#3279),#1002,.F.);
#3279 = FACE_BOUND('',#3280,.F.);
#3280 = EDGE_LOOP('',(#3281,#3302,#3303,#3304));
#3281 = ORIENTED_EDGE('',*,*,#3282,.T.);
#3282 = EDGE_CURVE('',#959,#2291,#3283,.T.);
#3283 = SURFACE_CURVE('',#3284,(#3288,#3295),.PCURVE_S1.);
#3284 = LINE('',#3285,#3286);
#3285 = CARTESIAN_POINT('',(0.,-2.168475798359,55.707425195005));
#3286 = VECTOR('',#3287,1.);
#3287 = DIRECTION('',(1.,0.,0.));
#3288 = PCURVE('',#1002,#3289);
#3289 = DEFINITIONAL_REPRESENTATION('',(#3290),#3294);
#3290 = LINE('',#3291,#3292);
#3291 = CARTESIAN_POINT('',(0.,0.));
#3292 = VECTOR('',#3293,1.);
#3293 = DIRECTION('',(0.,-1.));
#3294 = ( GEOMETRIC_REPRESENTATION_CONTEXT(2) 
PARAMETRIC_REPRESENTATION_CONTEXT() REPRESENTATION_CONTEXT('2D SPACE',''
  ) );
#3295 = PCURVE('',#974,#3296);
#3296 = DEFINITIONAL_REPRESENTATION('',(#3297),#3301);
#3297 = LINE('',#3298,#3299);
#3298 = CARTESIAN_POINT('',(0.27344533212,0.));
#3299 = VECTOR('',#3300,1.);
#3300 = DIRECTION('',(0.,-1.));
#3301 = ( GEOMETRIC_REPRESENTATION_CONTEXT(2) 
PARAMETRIC_REPRESENTATION_CONTEXT() REPRESENTATION_CONTEXT('2D SPACE',''
  ) );
#3302 = ORIENTED_EDGE('',*,*,#2313,.T.);
#3303 = ORIENTED_EDGE('',*,*,#3255,.F.);
#3304 = ORIENTED_EDGE('',*,*,#986,.F.);
#3305 = ADVANCED_FACE('',(#3306),#974,.F.);
#3306 = FACE_BOUND('',#3307,.F.);
#3307 = EDGE_LOOP('',(#3308,#3329,#3330,#3331));
#3308 = ORIENTED_EDGE('',*,*,#3309,.T.);
#3309 = EDGE_CURVE('',#931,#2268,#3310,.T.);
#3310 = SURFACE_CURVE('',#3311,(#3315,#3322),.PCURVE_S1.);
#3311 = LINE('',#3312,#3313);
#3312 = CARTESIAN_POINT('',(0.,-1.996374273679,55.494931866025));
#3313 = VECTOR('',#3314,1.);
#3314 = DIRECTION('',(1.,0.,0.));
#3315 = PCURVE('',#974,#3316);
#3316 = DEFINITIONAL_REPRESENTATION('',(#3317),#3321);
#3317 = LINE('',#3318,#3319);
#3318 = CARTESIAN_POINT('',(0.,0.));
#3319 = VECTOR('',#3320,1.);
#3320 = DIRECTION('',(0.,-1.));
#3321 = ( GEOMETRIC_REPRESENTATION_CONTEXT(2) 
PARAMETRIC_REPRESENTATION_CONTEXT() REPRESENTATION_CONTEXT('2D SPACE',''
  ) );
#3322 = PCURVE('',#946,#3323);
#3323 = DEFINITIONAL_REPRESENTATION('',(#3324),#3328);
#3324 = LINE('',#3325,#3326);
#3325 = CARTESIAN_POINT('',(0.268663849067,0.));
#3326 = VECTOR('',#3327,1.);
#3327 = DIRECTION('',(0.,-1.));
#3328 = ( GEOMETRIC_REPRESENTATION_CONTEXT(2) 
PARAMETRIC_REPRESENTATION_CONTEXT() REPRESENTATION_CONTEXT('2D SPACE',''
  ) );
#3329 = ORIENTED_EDGE('',*,*,#2290,.T.);
#3330 = ORIENTED_EDGE('',*,*,#3282,.F.);
#3331 = ORIENTED_EDGE('',*,*,#958,.F.);
#3332 = ADVANCED_FACE('',(#3333),#946,.F.);
#3333 = FACE_BOUND('',#3334,.F.);
#3334 = EDGE_LOOP('',(#3335,#3356,#3357,#3358));
#3335 = ORIENTED_EDGE('',*,*,#3336,.T.);
#3336 = EDGE_CURVE('',#903,#2245,#3337,.T.);
#3337 = SURFACE_CURVE('',#3338,(#3342,#3349),.PCURVE_S1.);
#3338 = LINE('',#3339,#3340);
#3339 = CARTESIAN_POINT('',(0.,-1.823286725336,55.289454459958));
#3340 = VECTOR('',#3341,1.);
#3341 = DIRECTION('',(1.,0.,0.));
#3342 = PCURVE('',#946,#3343);
#3343 = DEFINITIONAL_REPRESENTATION('',(#3344),#3348);
#3344 = LINE('',#3345,#3346);
#3345 = CARTESIAN_POINT('',(0.,0.));
#3346 = VECTOR('',#3347,1.);
#3347 = DIRECTION('',(0.,-1.));
#3348 = ( GEOMETRIC_REPRESENTATION_CONTEXT(2) 
PARAMETRIC_REPRESENTATION_CONTEXT() REPRESENTATION_CONTEXT('2D SPACE',''
  ) );
#3349 = PCURVE('',#918,#3350);
#3350 = DEFINITIONAL_REPRESENTATION('',(#3351),#3355);
#3351 = LINE('',#3352,#3353);
#3352 = CARTESIAN_POINT('',(0.259231218007,0.));
#3353 = VECTOR('',#3354,1.);
#3354 = DIRECTION('',(0.,-1.));
#3355 = ( GEOMETRIC_REPRESENTATION_CONTEXT(2) 
PARAMETRIC_REPRESENTATION_CONTEXT() REPRESENTATION_CONTEXT('2D SPACE',''
  ) );
#3356 = ORIENTED_EDGE('',*,*,#2267,.T.);
#3357 = ORIENTED_EDGE('',*,*,#3309,.F.);
#3358 = ORIENTED_EDGE('',*,*,#930,.F.);
#3359 = ADVANCED_FACE('',(#3360),#918,.F.);
#3360 = FACE_BOUND('',#3361,.F.);
#3361 = EDGE_LOOP('',(#3362,#3383,#3384,#3385));
#3362 = ORIENTED_EDGE('',*,*,#3363,.T.);
#3363 = EDGE_CURVE('',#875,#2222,#3364,.T.);
#3364 = SURFACE_CURVE('',#3365,(#3369,#3376),.PCURVE_S1.);
#3365 = LINE('',#3366,#3367);
#3366 = CARTESIAN_POINT('',(0.,-1.64818647524,55.098298171007));
#3367 = VECTOR('',#3368,1.);
#3368 = DIRECTION('',(1.,0.,0.));
#3369 = PCURVE('',#918,#3370);
#3370 = DEFINITIONAL_REPRESENTATION('',(#3371),#3375);
#3371 = LINE('',#3372,#3373);
#3372 = CARTESIAN_POINT('',(0.,0.));
#3373 = VECTOR('',#3374,1.);
#3374 = DIRECTION('',(0.,-1.));
#3375 = ( GEOMETRIC_REPRESENTATION_CONTEXT(2) 
PARAMETRIC_REPRESENTATION_CONTEXT() REPRESENTATION_CONTEXT('2D SPACE',''
  ) );
#3376 = PCURVE('',#890,#3377);
#3377 = DEFINITIONAL_REPRESENTATION('',(#3378),#3382);
#3378 = LINE('',#3379,#3380);
#3379 = CARTESIAN_POINT('',(0.257443518942,0.));
#3380 = VECTOR('',#3381,1.);
#3381 = DIRECTION('',(0.,-1.));
#3382 = ( GEOMETRIC_REPRESENTATION_CONTEXT(2) 
PARAMETRIC_REPRESENTATION_CONTEXT() REPRESENTATION_CONTEXT('2D SPACE',''
  ) );
#3383 = ORIENTED_EDGE('',*,*,#2244,.T.);
#3384 = ORIENTED_EDGE('',*,*,#3336,.F.);
#3385 = ORIENTED_EDGE('',*,*,#902,.F.);
#3386 = ADVANCED_FACE('',(#3387),#890,.F.);
#3387 = FACE_BOUND('',#3388,.F.);
#3388 = EDGE_LOOP('',(#3389,#3410,#3411,#3412));
#3389 = ORIENTED_EDGE('',*,*,#3390,.T.);
#3390 = EDGE_CURVE('',#847,#2199,#3391,.T.);
#3391 = SURFACE_CURVE('',#3392,(#3396,#3403),.PCURVE_S1.);
#3392 = LINE('',#3393,#3394);
#3393 = CARTESIAN_POINT('',(0.,-1.472693145454,54.909938789382));
#3394 = VECTOR('',#3395,1.);
#3395 = DIRECTION('',(1.,0.,0.));
#3396 = PCURVE('',#890,#3397);
#3397 = DEFINITIONAL_REPRESENTATION('',(#3398),#3402);
#3398 = LINE('',#3399,#3400);
#3399 = CARTESIAN_POINT('',(0.,0.));
#3400 = VECTOR('',#3401,1.);
#3401 = DIRECTION('',(0.,-1.));
#3402 = ( GEOMETRIC_REPRESENTATION_CONTEXT(2) 
PARAMETRIC_REPRESENTATION_CONTEXT() REPRESENTATION_CONTEXT('2D SPACE',''
  ) );
#3403 = PCURVE('',#862,#3404);
#3404 = DEFINITIONAL_REPRESENTATION('',(#3405),#3409);
#3405 = LINE('',#3406,#3407);
#3406 = CARTESIAN_POINT('',(0.247182098189,0.));
#3407 = VECTOR('',#3408,1.);
#3408 = DIRECTION('',(0.,-1.));
#3409 = ( GEOMETRIC_REPRESENTATION_CONTEXT(2) 
PARAMETRIC_REPRESENTATION_CONTEXT() REPRESENTATION_CONTEXT('2D SPACE',''
  ) );
#3410 = ORIENTED_EDGE('',*,*,#2221,.T.);
#3411 = ORIENTED_EDGE('',*,*,#3363,.F.);
#3412 = ORIENTED_EDGE('',*,*,#874,.F.);
#3413 = ADVANCED_FACE('',(#3414),#862,.F.);
#3414 = FACE_BOUND('',#3415,.F.);
#3415 = EDGE_LOOP('',(#3416,#3437,#3438,#3439));
#3416 = ORIENTED_EDGE('',*,*,#3417,.T.);
#3417 = EDGE_CURVE('',#819,#2176,#3418,.T.);
#3418 = SURFACE_CURVE('',#3419,(#3423,#3430),.PCURVE_S1.);
#3419 = LINE('',#3420,#3421);
#3420 = CARTESIAN_POINT('',(0.,-1.294855108337,54.73826286731));
#3421 = VECTOR('',#3422,1.);
#3422 = DIRECTION('',(1.,0.,0.));
#3423 = PCURVE('',#862,#3424);
#3424 = DEFINITIONAL_REPRESENTATION('',(#3425),#3429);
#3425 = LINE('',#3426,#3427);
#3426 = CARTESIAN_POINT('',(0.,0.));
#3427 = VECTOR('',#3428,1.);
#3428 = DIRECTION('',(0.,-1.));
#3429 = ( GEOMETRIC_REPRESENTATION_CONTEXT(2) 
PARAMETRIC_REPRESENTATION_CONTEXT() REPRESENTATION_CONTEXT('2D SPACE',''
  ) );
#3430 = PCURVE('',#834,#3431);
#3431 = DEFINITIONAL_REPRESENTATION('',(#3432),#3436);
#3432 = LINE('',#3433,#3434);
#3433 = CARTESIAN_POINT('',(0.246283062264,0.));
#3434 = VECTOR('',#3435,1.);
#3435 = DIRECTION('',(0.,-1.));
#3436 = ( GEOMETRIC_REPRESENTATION_CONTEXT(2) 
PARAMETRIC_REPRESENTATION_CONTEXT() REPRESENTATION_CONTEXT('2D SPACE',''
  ) );
#3437 = ORIENTED_EDGE('',*,*,#2198,.T.);
#3438 = ORIENTED_EDGE('',*,*,#3390,.F.);
#3439 = ORIENTED_EDGE('',*,*,#846,.F.);
#3440 = ADVANCED_FACE('',(#3441),#834,.F.);
#3441 = FACE_BOUND('',#3442,.F.);
#3442 = EDGE_LOOP('',(#3443,#3464,#3465,#3466));
#3443 = ORIENTED_EDGE('',*,*,#3444,.T.);
#3444 = EDGE_CURVE('',#791,#2153,#3445,.T.);
#3445 = SURFACE_CURVE('',#3446,(#3450,#3457),.PCURVE_S1.);
#3446 = LINE('',#3447,#3448);
#3447 = CARTESIAN_POINT('',(0.,-1.116803408287,54.568107235997));
#3448 = VECTOR('',#3449,1.);
#3449 = DIRECTION('',(1.,0.,0.));
#3450 = PCURVE('',#834,#3451);
#3451 = DEFINITIONAL_REPRESENTATION('',(#3452),#3456);
#3452 = LINE('',#3453,#3454);
#3453 = CARTESIAN_POINT('',(0.,0.));
#3454 = VECTOR('',#3455,1.);
#3455 = DIRECTION('',(0.,-1.));
#3456 = ( GEOMETRIC_REPRESENTATION_CONTEXT(2) 
PARAMETRIC_REPRESENTATION_CONTEXT() REPRESENTATION_CONTEXT('2D SPACE',''
  ) );
#3457 = PCURVE('',#806,#3458);
#3458 = DEFINITIONAL_REPRESENTATION('',(#3459),#3463);
#3459 = LINE('',#3460,#3461);
#3460 = CARTESIAN_POINT('',(0.238866919966,0.));
#3461 = VECTOR('',#3462,1.);
#3462 = DIRECTION('',(0.,-1.));
#3463 = ( GEOMETRIC_REPRESENTATION_CONTEXT(2) 
PARAMETRIC_REPRESENTATION_CONTEXT() REPRESENTATION_CONTEXT('2D SPACE',''
  ) );
#3464 = ORIENTED_EDGE('',*,*,#2175,.T.);
#3465 = ORIENTED_EDGE('',*,*,#3417,.F.);
#3466 = ORIENTED_EDGE('',*,*,#818,.F.);
#3467 = ADVANCED_FACE('',(#3468),#806,.F.);
#3468 = FACE_BOUND('',#3469,.F.);
#3469 = EDGE_LOOP('',(#3470,#3491,#3492,#3493));
#3470 = ORIENTED_EDGE('',*,*,#3471,.T.);
#3471 = EDGE_CURVE('',#763,#2130,#3472,.T.);
#3472 = SURFACE_CURVE('',#3473,(#3477,#3484),.PCURVE_S1.);
#3473 = LINE('',#3474,#3475);
#3474 = CARTESIAN_POINT('',(0.,-0.936926358556,54.410939642537));
#3475 = VECTOR('',#3476,1.);
#3476 = DIRECTION('',(1.,0.,0.));
#3477 = PCURVE('',#806,#3478);
#3478 = DEFINITIONAL_REPRESENTATION('',(#3479),#3483);
#3479 = LINE('',#3480,#3481);
#3480 = CARTESIAN_POINT('',(0.,0.));
#3481 = VECTOR('',#3482,1.);
#3482 = DIRECTION('',(0.,-1.));
#3483 = ( GEOMETRIC_REPRESENTATION_CONTEXT(2) 
PARAMETRIC_REPRESENTATION_CONTEXT() REPRESENTATION_CONTEXT('2D SPACE',''
  ) );
#3484 = PCURVE('',#778,#3485);
#3485 = DEFINITIONAL_REPRESENTATION('',(#3486),#3490);
#3486 = LINE('',#3487,#3488);
#3487 = CARTESIAN_POINT('',(0.235943302792,0.));
#3488 = VECTOR('',#3489,1.);
#3489 = DIRECTION('',(0.,-1.));
#3490 = ( GEOMETRIC_REPRESENTATION_CONTEXT(2) 
PARAMETRIC_REPRESENTATION_CONTEXT() REPRESENTATION_CONTEXT('2D SPACE',''
  ) );
#3491 = ORIENTED_EDGE('',*,*,#2152,.T.);
#3492 = ORIENTED_EDGE('',*,*,#3444,.F.);
#3493 = ORIENTED_EDGE('',*,*,#790,.F.);
#3494 = ADVANCED_FACE('',(#3495),#778,.F.);
#3495 = FACE_BOUND('',#3496,.F.);
#3496 = EDGE_LOOP('',(#3497,#3518,#3519,#3520));
#3497 = ORIENTED_EDGE('',*,*,#3498,.T.);
#3498 = EDGE_CURVE('',#735,#2107,#3499,.T.);
#3499 = SURFACE_CURVE('',#3500,(#3504,#3511),.PCURVE_S1.);
#3500 = LINE('',#3501,#3502);
#3501 = CARTESIAN_POINT('',(0.,-0.756293994277,54.259146391345));
#3502 = VECTOR('',#3503,1.);
#3503 = DIRECTION('',(1.,0.,0.));
#3504 = PCURVE('',#778,#3505);
#3505 = DEFINITIONAL_REPRESENTATION('',(#3506),#3510);
#3506 = LINE('',#3507,#3508);
#3507 = CARTESIAN_POINT('',(0.,0.));
#3508 = VECTOR('',#3509,1.);
#3509 = DIRECTION('',(0.,-1.));
#3510 = ( GEOMETRIC_REPRESENTATION_CONTEXT(2) 
PARAMETRIC_REPRESENTATION_CONTEXT() REPRESENTATION_CONTEXT('2D SPACE',''
  ) );
#3511 = PCURVE('',#750,#3512);
#3512 = DEFINITIONAL_REPRESENTATION('',(#3513),#3517);
#3513 = LINE('',#3514,#3515);
#3514 = CARTESIAN_POINT('',(0.232749397533,0.));
#3515 = VECTOR('',#3516,1.);
#3516 = DIRECTION('',(0.,-1.));
#3517 = ( GEOMETRIC_REPRESENTATION_CONTEXT(2) 
PARAMETRIC_REPRESENTATION_CONTEXT() REPRESENTATION_CONTEXT('2D SPACE',''
  ) );
#3518 = ORIENTED_EDGE('',*,*,#2129,.T.);
#3519 = ORIENTED_EDGE('',*,*,#3471,.F.);
#3520 = ORIENTED_EDGE('',*,*,#762,.F.);
#3521 = ADVANCED_FACE('',(#3522),#750,.F.);
#3522 = FACE_BOUND('',#3523,.F.);
#3523 = EDGE_LOOP('',(#3524,#3545,#3546,#3547));
#3524 = ORIENTED_EDGE('',*,*,#3525,.T.);
#3525 = EDGE_CURVE('',#707,#2084,#3526,.T.);
#3526 = SURFACE_CURVE('',#3527,(#3531,#3538),.PCURVE_S1.);
#3527 = LINE('',#3528,#3529);
#3528 = CARTESIAN_POINT('',(0.,-0.574808575533,54.113422938066));
#3529 = VECTOR('',#3530,1.);
#3530 = DIRECTION('',(1.,0.,0.));
#3531 = PCURVE('',#750,#3532);
#3532 = DEFINITIONAL_REPRESENTATION('',(#3533),#3537);
#3533 = LINE('',#3534,#3535);
#3534 = CARTESIAN_POINT('',(0.,0.));
#3535 = VECTOR('',#3536,1.);
#3536 = DIRECTION('',(0.,-1.));
#3537 = ( GEOMETRIC_REPRESENTATION_CONTEXT(2) 
PARAMETRIC_REPRESENTATION_CONTEXT() REPRESENTATION_CONTEXT('2D SPACE',''
  ) );
#3538 = PCURVE('',#722,#3539);
#3539 = DEFINITIONAL_REPRESENTATION('',(#3540),#3544);
#3540 = LINE('',#3541,#3542);
#3541 = CARTESIAN_POINT('',(0.2273786468,0.));
#3542 = VECTOR('',#3543,1.);
#3543 = DIRECTION('',(0.,-1.));
#3544 = ( GEOMETRIC_REPRESENTATION_CONTEXT(2) 
PARAMETRIC_REPRESENTATION_CONTEXT() REPRESENTATION_CONTEXT('2D SPACE',''
  ) );
#3545 = ORIENTED_EDGE('',*,*,#2106,.T.);
#3546 = ORIENTED_EDGE('',*,*,#3498,.F.);
#3547 = ORIENTED_EDGE('',*,*,#734,.F.);
#3548 = ADVANCED_FACE('',(#3549),#722,.F.);
#3549 = FACE_BOUND('',#3550,.F.);
#3550 = EDGE_LOOP('',(#3551,#3572,#3573,#3574));
#3551 = ORIENTED_EDGE('',*,*,#3552,.T.);
#3552 = EDGE_CURVE('',#679,#2061,#3553,.T.);
#3553 = SURFACE_CURVE('',#3554,(#3558,#3565),.PCURVE_S1.);
#3554 = LINE('',#3555,#3556);
#3555 = CARTESIAN_POINT('',(0.,-0.391809509184,53.978469647124));
#3556 = VECTOR('',#3557,1.);
#3557 = DIRECTION('',(1.,0.,0.));
#3558 = PCURVE('',#722,#3559);
#3559 = DEFINITIONAL_REPRESENTATION('',(#3560),#3564);
#3560 = LINE('',#3561,#3562);
#3561 = CARTESIAN_POINT('',(0.,0.));
#3562 = VECTOR('',#3563,1.);
#3563 = DIRECTION('',(0.,-1.));
#3564 = ( GEOMETRIC_REPRESENTATION_CONTEXT(2) 
PARAMETRIC_REPRESENTATION_CONTEXT() REPRESENTATION_CONTEXT('2D SPACE',''
  ) );
#3565 = PCURVE('',#694,#3566);
#3566 = DEFINITIONAL_REPRESENTATION('',(#3567),#3571);
#3567 = LINE('',#3568,#3569);
#3568 = CARTESIAN_POINT('',(0.227192004605,0.));
#3569 = VECTOR('',#3570,1.);
#3570 = DIRECTION('',(0.,-1.));
#3571 = ( GEOMETRIC_REPRESENTATION_CONTEXT(2) 
PARAMETRIC_REPRESENTATION_CONTEXT() REPRESENTATION_CONTEXT('2D SPACE',''
  ) );
#3572 = ORIENTED_EDGE('',*,*,#2083,.T.);
#3573 = ORIENTED_EDGE('',*,*,#3525,.F.);
#3574 = ORIENTED_EDGE('',*,*,#706,.F.);
#3575 = ADVANCED_FACE('',(#3576),#694,.F.);
#3576 = FACE_BOUND('',#3577,.F.);
#3577 = EDGE_LOOP('',(#3578,#3599,#3600,#3601));
#3578 = ORIENTED_EDGE('',*,*,#3579,.T.);
#3579 = EDGE_CURVE('',#651,#2038,#3580,.T.);
#3580 = SURFACE_CURVE('',#3581,(#3585,#3592),.PCURVE_S1.);
#3581 = LINE('',#3582,#3583);
#3582 = CARTESIAN_POINT('',(0.,-0.208755764721,53.843905411183));
#3583 = VECTOR('',#3584,1.);
#3584 = DIRECTION('',(1.,0.,0.));
#3585 = PCURVE('',#694,#3586);
#3586 = DEFINITIONAL_REPRESENTATION('',(#3587),#3591);
#3587 = LINE('',#3588,#3589);
#3588 = CARTESIAN_POINT('',(0.,0.));
#3589 = VECTOR('',#3590,1.);
#3590 = DIRECTION('',(0.,-1.));
#3591 = ( GEOMETRIC_REPRESENTATION_CONTEXT(2) 
PARAMETRIC_REPRESENTATION_CONTEXT() REPRESENTATION_CONTEXT('2D SPACE',''
  ) );
#3592 = PCURVE('',#666,#3593);
#3593 = DEFINITIONAL_REPRESENTATION('',(#3594),#3598);
#3594 = LINE('',#3595,#3596);
#3595 = CARTESIAN_POINT('',(0.220869206425,0.));
#3596 = VECTOR('',#3597,1.);
#3597 = DIRECTION('',(0.,-1.));
#3598 = ( GEOMETRIC_REPRESENTATION_CONTEXT(2) 
PARAMETRIC_REPRESENTATION_CONTEXT() REPRESENTATION_CONTEXT('2D SPACE',''
  ) );
#3599 = ORIENTED_EDGE('',*,*,#2060,.T.);
#3600 = ORIENTED_EDGE('',*,*,#3552,.F.);
#3601 = ORIENTED_EDGE('',*,*,#678,.F.);
#3602 = ADVANCED_FACE('',(#3603),#666,.F.);
#3603 = FACE_BOUND('',#3604,.F.);
#3604 = EDGE_LOOP('',(#3605,#3626,#3627,#3628));
#3605 = ORIENTED_EDGE('',*,*,#3606,.T.);
#3606 = EDGE_CURVE('',#623,#2015,#3607,.T.);
#3607 = SURFACE_CURVE('',#3608,(#3612,#3619),.PCURVE_S1.);
#3608 = LINE('',#3609,#3610);
#3609 = CARTESIAN_POINT('',(0.,-2.374528169522E-02,53.723264093561));
#3610 = VECTOR('',#3611,1.);
#3611 = DIRECTION('',(1.,0.,0.));
#3612 = PCURVE('',#666,#3613);
#3613 = DEFINITIONAL_REPRESENTATION('',(#3614),#3618);
#3614 = LINE('',#3615,#3616);
#3615 = CARTESIAN_POINT('',(0.,0.));
#3616 = VECTOR('',#3617,1.);
#3617 = DIRECTION('',(0.,-1.));
#3618 = ( GEOMETRIC_REPRESENTATION_CONTEXT(2) 
PARAMETRIC_REPRESENTATION_CONTEXT() REPRESENTATION_CONTEXT('2D SPACE',''
  ) );
#3619 = PCURVE('',#638,#3620);
#3620 = DEFINITIONAL_REPRESENTATION('',(#3621),#3625);
#3621 = LINE('',#3622,#3623);
#3622 = CARTESIAN_POINT('',(0.219891443833,0.));
#3623 = VECTOR('',#3624,1.);
#3624 = DIRECTION('',(0.,-1.));
#3625 = ( GEOMETRIC_REPRESENTATION_CONTEXT(2) 
PARAMETRIC_REPRESENTATION_CONTEXT() REPRESENTATION_CONTEXT('2D SPACE',''
  ) );
#3626 = ORIENTED_EDGE('',*,*,#2037,.T.);
#3627 = ORIENTED_EDGE('',*,*,#3579,.F.);
#3628 = ORIENTED_EDGE('',*,*,#650,.F.);
#3629 = ADVANCED_FACE('',(#3630),#638,.F.);
#3630 = FACE_BOUND('',#3631,.F.);
#3631 = EDGE_LOOP('',(#3632,#3653,#3654,#3655));
#3632 = ORIENTED_EDGE('',*,*,#3633,.T.);
#3633 = EDGE_CURVE('',#595,#1992,#3634,.T.);
#3634 = SURFACE_CURVE('',#3635,(#3639,#3646),.PCURVE_S1.);
#3635 = LINE('',#3636,#3637);
#3636 = CARTESIAN_POINT('',(0.,0.161589214815,53.604928251679));
#3637 = VECTOR('',#3638,1.);
#3638 = DIRECTION('',(1.,0.,0.));
#3639 = PCURVE('',#638,#3640);
#3640 = DEFINITIONAL_REPRESENTATION('',(#3641),#3645);
#3641 = LINE('',#3642,#3643);
#3642 = CARTESIAN_POINT('',(0.,0.));
#3643 = VECTOR('',#3644,1.);
#3644 = DIRECTION('',(0.,-1.));
#3645 = ( GEOMETRIC_REPRESENTATION_CONTEXT(2) 
PARAMETRIC_REPRESENTATION_CONTEXT() REPRESENTATION_CONTEXT('2D SPACE',''
  ) );
#3646 = PCURVE('',#610,#3647);
#3647 = DEFINITIONAL_REPRESENTATION('',(#3648),#3652);
#3648 = LINE('',#3649,#3650);
#3649 = CARTESIAN_POINT('',(0.218072703374,0.));
#3650 = VECTOR('',#3651,1.);
#3651 = DIRECTION('',(0.,-1.));
#3652 = ( GEOMETRIC_REPRESENTATION_CONTEXT(2) 
PARAMETRIC_REPRESENTATION_CONTEXT() REPRESENTATION_CONTEXT('2D SPACE',''
  ) );
#3653 = ORIENTED_EDGE('',*,*,#2014,.T.);
#3654 = ORIENTED_EDGE('',*,*,#3606,.F.);
#3655 = ORIENTED_EDGE('',*,*,#622,.F.);
#3656 = ADVANCED_FACE('',(#3657),#610,.F.);
#3657 = FACE_BOUND('',#3658,.F.);
#3658 = EDGE_LOOP('',(#3659,#3680,#3681,#3682));
#3659 = ORIENTED_EDGE('',*,*,#3660,.T.);
#3660 = EDGE_CURVE('',#567,#1969,#3661,.T.);
#3661 = SURFACE_CURVE('',#3662,(#3666,#3673),.PCURVE_S1.);
#3662 = LINE('',#3663,#3664);
#3663 = CARTESIAN_POINT('',(0.,0.347545408233,53.491016013151));
#3664 = VECTOR('',#3665,1.);
#3665 = DIRECTION('',(1.,0.,0.));
#3666 = PCURVE('',#610,#3667);
#3667 = DEFINITIONAL_REPRESENTATION('',(#3668),#3672);
#3668 = LINE('',#3669,#3670);
#3669 = CARTESIAN_POINT('',(0.,0.));
#3670 = VECTOR('',#3671,1.);
#3671 = DIRECTION('',(0.,-1.));
#3672 = ( GEOMETRIC_REPRESENTATION_CONTEXT(2) 
PARAMETRIC_REPRESENTATION_CONTEXT() REPRESENTATION_CONTEXT('2D SPACE',''
  ) );
#3673 = PCURVE('',#582,#3674);
#3674 = DEFINITIONAL_REPRESENTATION('',(#3675),#3679);
#3675 = LINE('',#3676,#3677);
#3676 = CARTESIAN_POINT('',(0.214299868058,0.));
#3677 = VECTOR('',#3678,1.);
#3678 = DIRECTION('',(0.,-1.));
#3679 = ( GEOMETRIC_REPRESENTATION_CONTEXT(2) 
PARAMETRIC_REPRESENTATION_CONTEXT() REPRESENTATION_CONTEXT('2D SPACE',''
  ) );
#3680 = ORIENTED_EDGE('',*,*,#1991,.T.);
#3681 = ORIENTED_EDGE('',*,*,#3633,.F.);
#3682 = ORIENTED_EDGE('',*,*,#594,.F.);
#3683 = ADVANCED_FACE('',(#3684),#582,.F.);
#3684 = FACE_BOUND('',#3685,.F.);
#3685 = EDGE_LOOP('',(#3686,#3707,#3708,#3709));
#3686 = ORIENTED_EDGE('',*,*,#3687,.T.);
#3687 = EDGE_CURVE('',#539,#1946,#3688,.T.);
#3688 = SURFACE_CURVE('',#3689,(#3693,#3700),.PCURVE_S1.);
#3689 = LINE('',#3690,#3691);
#3690 = CARTESIAN_POINT('',(0.,0.534886820892,53.386960121666));
#3691 = VECTOR('',#3692,1.);
#3692 = DIRECTION('',(1.,0.,0.));
#3693 = PCURVE('',#582,#3694);
#3694 = DEFINITIONAL_REPRESENTATION('',(#3695),#3699);
#3695 = LINE('',#3696,#3697);
#3696 = CARTESIAN_POINT('',(0.,0.));
#3697 = VECTOR('',#3698,1.);
#3698 = DIRECTION('',(0.,-1.));
#3699 = ( GEOMETRIC_REPRESENTATION_CONTEXT(2) 
PARAMETRIC_REPRESENTATION_CONTEXT() REPRESENTATION_CONTEXT('2D SPACE',''
  ) );
#3700 = PCURVE('',#554,#3701);
#3701 = DEFINITIONAL_REPRESENTATION('',(#3702),#3706);
#3702 = LINE('',#3703,#3704);
#3703 = CARTESIAN_POINT('',(0.21448791375,0.));
#3704 = VECTOR('',#3705,1.);
#3705 = DIRECTION('',(0.,-1.));
#3706 = ( GEOMETRIC_REPRESENTATION_CONTEXT(2) 
PARAMETRIC_REPRESENTATION_CONTEXT() REPRESENTATION_CONTEXT('2D SPACE',''
  ) );
#3707 = ORIENTED_EDGE('',*,*,#1968,.T.);
#3708 = ORIENTED_EDGE('',*,*,#3660,.F.);
#3709 = ORIENTED_EDGE('',*,*,#566,.F.);
#3710 = ADVANCED_FACE('',(#3711),#554,.F.);
#3711 = FACE_BOUND('',#3712,.F.);
#3712 = EDGE_LOOP('',(#3713,#3734,#3735,#3736));
#3713 = ORIENTED_EDGE('',*,*,#3714,.T.);
#3714 = EDGE_CURVE('',#511,#1923,#3715,.T.);
#3715 = SURFACE_CURVE('',#3716,(#3720,#3727),.PCURVE_S1.);
#3716 = LINE('',#3717,#3718);
#3717 = CARTESIAN_POINT('',(0.,0.722155583239,53.282387296354));
#3718 = VECTOR('',#3719,1.);
#3719 = DIRECTION('',(1.,0.,0.));
#3720 = PCURVE('',#554,#3721);
#3721 = DEFINITIONAL_REPRESENTATION('',(#3722),#3726);
#3722 = LINE('',#3723,#3724);
#3723 = CARTESIAN_POINT('',(0.,0.));
#3724 = VECTOR('',#3725,1.);
#3725 = DIRECTION('',(0.,-1.));
#3726 = ( GEOMETRIC_REPRESENTATION_CONTEXT(2) 
PARAMETRIC_REPRESENTATION_CONTEXT() REPRESENTATION_CONTEXT('2D SPACE',''
  ) );
#3727 = PCURVE('',#526,#3728);
#3728 = DEFINITIONAL_REPRESENTATION('',(#3729),#3733);
#3729 = LINE('',#3730,#3731);
#3730 = CARTESIAN_POINT('',(0.210928553733,0.));
#3731 = VECTOR('',#3732,1.);
#3732 = DIRECTION('',(0.,-1.));
#3733 = ( GEOMETRIC_REPRESENTATION_CONTEXT(2) 
PARAMETRIC_REPRESENTATION_CONTEXT() REPRESENTATION_CONTEXT('2D SPACE',''
  ) );
#3734 = ORIENTED_EDGE('',*,*,#1945,.T.);
#3735 = ORIENTED_EDGE('',*,*,#3687,.F.);
#3736 = ORIENTED_EDGE('',*,*,#538,.F.);
#3737 = ADVANCED_FACE('',(#3738),#526,.F.);
#3738 = FACE_BOUND('',#3739,.F.);
#3739 = EDGE_LOOP('',(#3740,#3761,#3762,#3763));
#3740 = ORIENTED_EDGE('',*,*,#3741,.T.);
#3741 = EDGE_CURVE('',#483,#1900,#3742,.T.);
#3742 = SURFACE_CURVE('',#3743,(#3747,#3754),.PCURVE_S1.);
#3743 = LINE('',#3744,#3745);
#3744 = CARTESIAN_POINT('',(0.,0.910882673038,53.188191010037));
#3745 = VECTOR('',#3746,1.);
#3746 = DIRECTION('',(1.,0.,0.));
#3747 = PCURVE('',#526,#3748);
#3748 = DEFINITIONAL_REPRESENTATION('',(#3749),#3753);
#3749 = LINE('',#3750,#3751);
#3750 = CARTESIAN_POINT('',(0.,0.));
#3751 = VECTOR('',#3752,1.);
#3752 = DIRECTION('',(0.,-1.));
#3753 = ( GEOMETRIC_REPRESENTATION_CONTEXT(2) 
PARAMETRIC_REPRESENTATION_CONTEXT() REPRESENTATION_CONTEXT('2D SPACE',''
  ) );
#3754 = PCURVE('',#498,#3755);
#3755 = DEFINITIONAL_REPRESENTATION('',(#3756),#3760);
#3756 = LINE('',#3757,#3758);
#3757 = CARTESIAN_POINT('',(0.418783480924,0.));
#3758 = VECTOR('',#3759,1.);
#3759 = DIRECTION('',(0.,-1.));
#3760 = ( GEOMETRIC_REPRESENTATION_CONTEXT(2) 
PARAMETRIC_REPRESENTATION_CONTEXT() REPRESENTATION_CONTEXT('2D SPACE',''
  ) );
#3761 = ORIENTED_EDGE('',*,*,#1922,.T.);
#3762 = ORIENTED_EDGE('',*,*,#3714,.F.);
#3763 = ORIENTED_EDGE('',*,*,#510,.F.);
#3764 = ADVANCED_FACE('',(#3765),#498,.F.);
#3765 = FACE_BOUND('',#3766,.F.);
#3766 = EDGE_LOOP('',(#3767,#3788,#3789,#3790));
#3767 = ORIENTED_EDGE('',*,*,#3768,.T.);
#3768 = EDGE_CURVE('',#455,#1877,#3769,.T.);
#3769 = SURFACE_CURVE('',#3770,(#3774,#3781),.PCURVE_S1.);
#3770 = LINE('',#3771,#3772);
#3771 = CARTESIAN_POINT('',(0.,1.289730413694,53.009714139559));
#3772 = VECTOR('',#3773,1.);
#3773 = DIRECTION('',(1.,0.,0.));
#3774 = PCURVE('',#498,#3775);
#3775 = DEFINITIONAL_REPRESENTATION('',(#3776),#3780);
#3776 = LINE('',#3777,#3778);
#3777 = CARTESIAN_POINT('',(0.,0.));
#3778 = VECTOR('',#3779,1.);
#3779 = DIRECTION('',(0.,-1.));
#3780 = ( GEOMETRIC_REPRESENTATION_CONTEXT(2) 
PARAMETRIC_REPRESENTATION_CONTEXT() REPRESENTATION_CONTEXT('2D SPACE',''
  ) );
#3781 = PCURVE('',#470,#3782);
#3782 = DEFINITIONAL_REPRESENTATION('',(#3783),#3787);
#3783 = LINE('',#3784,#3785);
#3784 = CARTESIAN_POINT('',(0.206151933773,0.));
#3785 = VECTOR('',#3786,1.);
#3786 = DIRECTION('',(0.,-1.));
#3787 = ( GEOMETRIC_REPRESENTATION_CONTEXT(2) 
PARAMETRIC_REPRESENTATION_CONTEXT() REPRESENTATION_CONTEXT('2D SPACE',''
  ) );
#3788 = ORIENTED_EDGE('',*,*,#1899,.T.);
#3789 = ORIENTED_EDGE('',*,*,#3741,.F.);
#3790 = ORIENTED_EDGE('',*,*,#482,.T.);
#3791 = ADVANCED_FACE('',(#3792),#470,.F.);
#3792 = FACE_BOUND('',#3793,.F.);
#3793 = EDGE_LOOP('',(#3794,#3815,#3816,#3817));
#3794 = ORIENTED_EDGE('',*,*,#3795,.T.);
#3795 = EDGE_CURVE('',#427,#1854,#3796,.T.);
#3796 = SURFACE_CURVE('',#3797,(#3801,#3808),.PCURVE_S1.);
#3797 = LINE('',#3798,#3799);
#3798 = CARTESIAN_POINT('',(0.,1.480827293529,52.932379785515));
#3799 = VECTOR('',#3800,1.);
#3800 = DIRECTION('',(1.,0.,0.));
#3801 = PCURVE('',#470,#3802);
#3802 = DEFINITIONAL_REPRESENTATION('',(#3803),#3807);
#3803 = LINE('',#3804,#3805);
#3804 = CARTESIAN_POINT('',(0.,0.));
#3805 = VECTOR('',#3806,1.);
#3806 = DIRECTION('',(0.,-1.));
#3807 = ( GEOMETRIC_REPRESENTATION_CONTEXT(2) 
PARAMETRIC_REPRESENTATION_CONTEXT() REPRESENTATION_CONTEXT('2D SPACE',''
  ) );
#3808 = PCURVE('',#442,#3809);
#3809 = DEFINITIONAL_REPRESENTATION('',(#3810),#3814);
#3810 = LINE('',#3811,#3812);
#3811 = CARTESIAN_POINT('',(0.411188549648,0.));
#3812 = VECTOR('',#3813,1.);
#3813 = DIRECTION('',(0.,-1.));
#3814 = ( GEOMETRIC_REPRESENTATION_CONTEXT(2) 
PARAMETRIC_REPRESENTATION_CONTEXT() REPRESENTATION_CONTEXT('2D SPACE',''
  ) );
#3815 = ORIENTED_EDGE('',*,*,#1876,.T.);
#3816 = ORIENTED_EDGE('',*,*,#3768,.F.);
#3817 = ORIENTED_EDGE('',*,*,#454,.F.);
#3818 = ADVANCED_FACE('',(#3819),#442,.F.);
#3819 = FACE_BOUND('',#3820,.F.);
#3820 = EDGE_LOOP('',(#3821,#3842,#3843,#3844));
#3821 = ORIENTED_EDGE('',*,*,#3822,.T.);
#3822 = EDGE_CURVE('',#399,#1831,#3823,.T.);
#3823 = SURFACE_CURVE('',#3824,(#3828,#3835),.PCURVE_S1.);
#3824 = LINE('',#3825,#3826);
#3825 = CARTESIAN_POINT('',(0.,1.863675755007,52.782369522849));
#3826 = VECTOR('',#3827,1.);
#3827 = DIRECTION('',(1.,0.,0.));
#3828 = PCURVE('',#442,#3829);
#3829 = DEFINITIONAL_REPRESENTATION('',(#3830),#3834);
#3830 = LINE('',#3831,#3832);
#3831 = CARTESIAN_POINT('',(0.,0.));
#3832 = VECTOR('',#3833,1.);
#3833 = DIRECTION('',(0.,-1.));
#3834 = ( GEOMETRIC_REPRESENTATION_CONTEXT(2) 
PARAMETRIC_REPRESENTATION_CONTEXT() REPRESENTATION_CONTEXT('2D SPACE',''
  ) );
#3835 = PCURVE('',#414,#3836);
#3836 = DEFINITIONAL_REPRESENTATION('',(#3837),#3841);
#3837 = LINE('',#3838,#3839);
#3838 = CARTESIAN_POINT('',(0.203919618434,0.));
#3839 = VECTOR('',#3840,1.);
#3840 = DIRECTION('',(0.,-1.));
#3841 = ( GEOMETRIC_REPRESENTATION_CONTEXT(2) 
PARAMETRIC_REPRESENTATION_CONTEXT() REPRESENTATION_CONTEXT('2D SPACE',''
  ) );
#3842 = ORIENTED_EDGE('',*,*,#1853,.T.);
#3843 = ORIENTED_EDGE('',*,*,#3795,.F.);
#3844 = ORIENTED_EDGE('',*,*,#426,.T.);
#3845 = ADVANCED_FACE('',(#3846),#414,.F.);
#3846 = FACE_BOUND('',#3847,.F.);
#3847 = EDGE_LOOP('',(#3848,#3869,#3870,#3871));
#3848 = ORIENTED_EDGE('',*,*,#3849,.T.);
#3849 = EDGE_CURVE('',#371,#1808,#3850,.T.);
#3850 = SURFACE_CURVE('',#3851,(#3855,#3862),.PCURVE_S1.);
#3851 = LINE('',#3852,#3853);
#3852 = CARTESIAN_POINT('',(0.,2.056191729336,52.715132550798));
#3853 = VECTOR('',#3854,1.);
#3854 = DIRECTION('',(1.,0.,0.));
#3855 = PCURVE('',#414,#3856);
#3856 = DEFINITIONAL_REPRESENTATION('',(#3857),#3861);
#3857 = LINE('',#3858,#3859);
#3858 = CARTESIAN_POINT('',(0.,0.));
#3859 = VECTOR('',#3860,1.);
#3860 = DIRECTION('',(0.,-1.));
#3861 = ( GEOMETRIC_REPRESENTATION_CONTEXT(2) 
PARAMETRIC_REPRESENTATION_CONTEXT() REPRESENTATION_CONTEXT('2D SPACE',''
  ) );
#3862 = PCURVE('',#386,#3863);
#3863 = DEFINITIONAL_REPRESENTATION('',(#3864),#3868);
#3864 = LINE('',#3865,#3866);
#3865 = CARTESIAN_POINT('',(0.200000095023,-0.));
#3866 = VECTOR('',#3867,1.);
#3867 = DIRECTION('',(0.,-1.));
#3868 = ( GEOMETRIC_REPRESENTATION_CONTEXT(2) 
PARAMETRIC_REPRESENTATION_CONTEXT() REPRESENTATION_CONTEXT('2D SPACE',''
  ) );
#3869 = ORIENTED_EDGE('',*,*,#1830,.T.);
#3870 = ORIENTED_EDGE('',*,*,#3822,.F.);
#3871 = ORIENTED_EDGE('',*,*,#398,.F.);
#3872 = ADVANCED_FACE('',(#3873),#386,.F.);
#3873 = FACE_BOUND('',#3874,.F.);
#3874 = EDGE_LOOP('',(#3875,#3896,#3897,#3898));
#3875 = ORIENTED_EDGE('',*,*,#3876,.T.);
#3876 = EDGE_CURVE('',#343,#1785,#3877,.T.);
#3877 = SURFACE_CURVE('',#3878,(#3882,#3889),.PCURVE_S1.);
#3878 = LINE('',#3879,#3880);
#3879 = CARTESIAN_POINT('',(0.,2.254272476163,52.687490992495));
#3880 = VECTOR('',#3881,1.);
#3881 = DIRECTION('',(1.,0.,0.));
#3882 = PCURVE('',#386,#3883);
#3883 = DEFINITIONAL_REPRESENTATION('',(#3884),#3888);
#3884 = LINE('',#3885,#3886);
#3885 = CARTESIAN_POINT('',(0.,0.));
#3886 = VECTOR('',#3887,1.);
#3887 = DIRECTION('',(0.,-1.));
#3888 = ( GEOMETRIC_REPRESENTATION_CONTEXT(2) 
PARAMETRIC_REPRESENTATION_CONTEXT() REPRESENTATION_CONTEXT('2D SPACE',''
  ) );
#3889 = PCURVE('',#358,#3890);
#3890 = DEFINITIONAL_REPRESENTATION('',(#3891),#3895);
#3891 = LINE('',#3892,#3893);
#3892 = CARTESIAN_POINT('',(0.210373166169,0.));
#3893 = VECTOR('',#3894,1.);
#3894 = DIRECTION('',(0.,-1.));
#3895 = ( GEOMETRIC_REPRESENTATION_CONTEXT(2) 
PARAMETRIC_REPRESENTATION_CONTEXT() REPRESENTATION_CONTEXT('2D SPACE',''
  ) );
#3896 = ORIENTED_EDGE('',*,*,#1807,.T.);
#3897 = ORIENTED_EDGE('',*,*,#3849,.F.);
#3898 = ORIENTED_EDGE('',*,*,#370,.F.);
#3899 = ADVANCED_FACE('',(#3900),#358,.F.);
#3900 = FACE_BOUND('',#3901,.F.);
#3901 = EDGE_LOOP('',(#3902,#3923,#3924,#3925));
#3902 = ORIENTED_EDGE('',*,*,#3903,.T.);
#3903 = EDGE_CURVE('',#315,#1762,#3904,.T.);
#3904 = SURFACE_CURVE('',#3905,(#3909,#3916),.PCURVE_S1.);
#3905 = LINE('',#3906,#3907);
#3906 = CARTESIAN_POINT('',(0.,2.461406395176,52.72426610145));
#3907 = VECTOR('',#3908,1.);
#3908 = DIRECTION('',(1.,0.,0.));
#3909 = PCURVE('',#358,#3910);
#3910 = DEFINITIONAL_REPRESENTATION('',(#3911),#3915);
#3911 = LINE('',#3912,#3913);
#3912 = CARTESIAN_POINT('',(0.,0.));
#3913 = VECTOR('',#3914,1.);
#3914 = DIRECTION('',(0.,-1.));
#3915 = ( GEOMETRIC_REPRESENTATION_CONTEXT(2) 
PARAMETRIC_REPRESENTATION_CONTEXT() REPRESENTATION_CONTEXT('2D SPACE',''
  ) );
#3916 = PCURVE('',#330,#3917);
#3917 = DEFINITIONAL_REPRESENTATION('',(#3918),#3922);
#3918 = LINE('',#3919,#3920);
#3919 = CARTESIAN_POINT('',(0.841868578099,0.));
#3920 = VECTOR('',#3921,1.);
#3921 = DIRECTION('',(0.,-1.));
#3922 = ( GEOMETRIC_REPRESENTATION_CONTEXT(2) 
PARAMETRIC_REPRESENTATION_CONTEXT() REPRESENTATION_CONTEXT('2D SPACE',''
  ) );
#3923 = ORIENTED_EDGE('',*,*,#1784,.T.);
#3924 = ORIENTED_EDGE('',*,*,#3876,.F.);
#3925 = ORIENTED_EDGE('',*,*,#342,.F.);
#3926 = ADVANCED_FACE('',(#3927),#330,.F.);
#3927 = FACE_BOUND('',#3928,.F.);
#3928 = EDGE_LOOP('',(#3929,#3950,#3951,#3952));
#3929 = ORIENTED_EDGE('',*,*,#3930,.T.);
#3930 = EDGE_CURVE('',#287,#1739,#3931,.T.);
#3931 = SURFACE_CURVE('',#3932,(#3936,#3943),.PCURVE_S1.);
#3932 = LINE('',#3933,#3934);
#3933 = CARTESIAN_POINT('',(0.,3.29011040842,52.872564318646));
#3934 = VECTOR('',#3935,1.);
#3935 = DIRECTION('',(1.,0.,0.));
#3936 = PCURVE('',#330,#3937);
#3937 = DEFINITIONAL_REPRESENTATION('',(#3938),#3942);
#3938 = LINE('',#3939,#3940);
#3939 = CARTESIAN_POINT('',(0.,0.));
#3940 = VECTOR('',#3941,1.);
#3941 = DIRECTION('',(0.,-1.));
#3942 = ( GEOMETRIC_REPRESENTATION_CONTEXT(2) 
PARAMETRIC_REPRESENTATION_CONTEXT() REPRESENTATION_CONTEXT('2D SPACE',''
  ) );
#3943 = PCURVE('',#302,#3944);
#3944 = DEFINITIONAL_REPRESENTATION('',(#3945),#3949);
#3945 = LINE('',#3946,#3947);
#3946 = CARTESIAN_POINT('',(0.210467162263,0.));
#3947 = VECTOR('',#3948,1.);
#3948 = DIRECTION('',(0.,-1.));
#3949 = ( GEOMETRIC_REPRESENTATION_CONTEXT(2) 
PARAMETRIC_REPRESENTATION_CONTEXT() REPRESENTATION_CONTEXT('2D SPACE',''
  ) );
#3950 = ORIENTED_EDGE('',*,*,#1761,.T.);
#3951 = ORIENTED_EDGE('',*,*,#3903,.F.);
#3952 = ORIENTED_EDGE('',*,*,#314,.T.);
#3953 = ADVANCED_FACE('',(#3954),#302,.F.);
#3954 = FACE_BOUND('',#3955,.F.);
#3955 = EDGE_LOOP('',(#3956,#3977,#3978,#3979));
#3956 = ORIENTED_EDGE('',*,*,#3957,.T.);
#3957 = EDGE_CURVE('',#259,#1716,#3958,.T.);
#3958 = SURFACE_CURVE('',#3959,(#3963,#3970),.PCURVE_S1.);
#3959 = LINE('',#3960,#3961);
#3960 = CARTESIAN_POINT('',(0.,3.497286419658,52.909638929347));
#3961 = VECTOR('',#3962,1.);
#3962 = DIRECTION('',(1.,0.,0.));
#3963 = PCURVE('',#302,#3964);
#3964 = DEFINITIONAL_REPRESENTATION('',(#3965),#3969);
#3965 = LINE('',#3966,#3967);
#3966 = CARTESIAN_POINT('',(0.,0.));
#3967 = VECTOR('',#3968,1.);
#3968 = DIRECTION('',(0.,-1.));
#3969 = ( GEOMETRIC_REPRESENTATION_CONTEXT(2) 
PARAMETRIC_REPRESENTATION_CONTEXT() REPRESENTATION_CONTEXT('2D SPACE',''
  ) );
#3970 = PCURVE('',#274,#3971);
#3971 = DEFINITIONAL_REPRESENTATION('',(#3972),#3976);
#3972 = LINE('',#3973,#3974);
#3973 = CARTESIAN_POINT('',(2.946541365891,0.));
#3974 = VECTOR('',#3975,1.);
#3975 = DIRECTION('',(0.,-1.));
#3976 = ( GEOMETRIC_REPRESENTATION_CONTEXT(2) 
PARAMETRIC_REPRESENTATION_CONTEXT() REPRESENTATION_CONTEXT('2D SPACE',''
  ) );
#3977 = ORIENTED_EDGE('',*,*,#1738,.T.);
#3978 = ORIENTED_EDGE('',*,*,#3930,.F.);
#3979 = ORIENTED_EDGE('',*,*,#286,.F.);
#3980 = ADVANCED_FACE('',(#3981),#274,.F.);
#3981 = FACE_BOUND('',#3982,.F.);
#3982 = EDGE_LOOP('',(#3983,#4004,#4005,#4006));
#3983 = ORIENTED_EDGE('',*,*,#3984,.T.);
#3984 = EDGE_CURVE('',#231,#1693,#3985,.T.);
#3985 = SURFACE_CURVE('',#3986,(#3990,#3997),.PCURVE_S1.);
#3986 = LINE('',#3987,#3988);
#3987 = CARTESIAN_POINT('',(0.,6.397751065962,53.428686958384));
#3988 = VECTOR('',#3989,1.);
#3989 = DIRECTION('',(1.,0.,0.));
#3990 = PCURVE('',#274,#3991);
#3991 = DEFINITIONAL_REPRESENTATION('',(#3992),#3996);
#3992 = LINE('',#3993,#3994);
#3993 = CARTESIAN_POINT('',(0.,0.));
#3994 = VECTOR('',#3995,1.);
#3995 = DIRECTION('',(0.,-1.));
#3996 = ( GEOMETRIC_REPRESENTATION_CONTEXT(2) 
PARAMETRIC_REPRESENTATION_CONTEXT() REPRESENTATION_CONTEXT('2D SPACE',''
  ) );
#3997 = PCURVE('',#246,#3998);
#3998 = DEFINITIONAL_REPRESENTATION('',(#3999),#4003);
#3999 = LINE('',#4000,#4001);
#4000 = CARTESIAN_POINT('',(5.324641792653,0.));
#4001 = VECTOR('',#4002,1.);
#4002 = DIRECTION('',(0.,-1.));
#4003 = ( GEOMETRIC_REPRESENTATION_CONTEXT(2) 
PARAMETRIC_REPRESENTATION_CONTEXT() REPRESENTATION_CONTEXT('2D SPACE',''
  ) );
#4004 = ORIENTED_EDGE('',*,*,#1715,.T.);
#4005 = ORIENTED_EDGE('',*,*,#3957,.F.);
#4006 = ORIENTED_EDGE('',*,*,#258,.T.);
#4007 = ADVANCED_FACE('',(#4008),#246,.F.);
#4008 = FACE_BOUND('',#4009,.F.);
#4009 = EDGE_LOOP('',(#4010,#4011,#4032,#4033));
#4010 = ORIENTED_EDGE('',*,*,#230,.F.);
#4011 = ORIENTED_EDGE('',*,*,#4012,.F.);
#4012 = EDGE_CURVE('',#1670,#203,#4013,.T.);
#4013 = SURFACE_CURVE('',#4014,(#4018,#4025),.PCURVE_S1.);
#4014 = LINE('',#4015,#4016);
#4015 = CARTESIAN_POINT('',(0.,5.935050358097,50.136400351116));
#4016 = VECTOR('',#4017,1.);
#4017 = DIRECTION('',(-1.,-0.,0.));
#4018 = PCURVE('',#246,#4019);
#4019 = DEFINITIONAL_REPRESENTATION('',(#4020),#4024);
#4020 = LINE('',#4021,#4022);
#4021 = CARTESIAN_POINT('',(2.,0.));
#4022 = VECTOR('',#4023,1.);
#4023 = DIRECTION('',(0.,1.));
#4024 = ( GEOMETRIC_REPRESENTATION_CONTEXT(2) 
PARAMETRIC_REPRESENTATION_CONTEXT() REPRESENTATION_CONTEXT('2D SPACE',''
  ) );
#4025 = PCURVE('',#218,#4026);
#4026 = DEFINITIONAL_REPRESENTATION('',(#4027),#4031);
#4027 = LINE('',#4028,#4029);
#4028 = CARTESIAN_POINT('',(7.87,0.));
#4029 = VECTOR('',#4030,1.);
#4030 = DIRECTION('',(0.,1.));
#4031 = ( GEOMETRIC_REPRESENTATION_CONTEXT(2) 
PARAMETRIC_REPRESENTATION_CONTEXT() REPRESENTATION_CONTEXT('2D SPACE',''
  ) );
#4032 = ORIENTED_EDGE('',*,*,#1692,.T.);
#4033 = ORIENTED_EDGE('',*,*,#3984,.F.);
#4034 = ADVANCED_FACE('',(#4035),#218,.F.);
#4035 = FACE_BOUND('',#4036,.F.);
#4036 = EDGE_LOOP('',(#4037,#4038,#4039,#4040));
#4037 = ORIENTED_EDGE('',*,*,#202,.F.);
#4038 = ORIENTED_EDGE('',*,*,#2815,.T.);
#4039 = ORIENTED_EDGE('',*,*,#1669,.T.);
#4040 = ORIENTED_EDGE('',*,*,#4012,.T.);
#4041 = ( GEOMETRIC_REPRESENTATION_CONTEXT(3) 
GLOBAL_UNCERTAINTY_ASSIGNED_CONTEXT((#4045)) 
GLOBAL_UNIT_ASSIGNED_CONTEXT((#4042,#4043,#4044)) REPRESENTATION_CONTEXT
('Context #1','3D Context with UNIT and UNCERTAINTY') );
#4042 = ( LENGTH_UNIT() NAMED_UNIT(*) SI_UNIT(.MILLI.,.METRE.) );
#4043 = ( NAMED_UNIT(*) PLANE_ANGLE_UNIT() SI_UNIT($,.RADIAN.) );
#4044 = ( NAMED_UNIT(*) SI_UNIT($,.STERADIAN.) SOLID_ANGLE_UNIT() );
#4045 = UNCERTAINTY_MEASURE_WITH_UNIT(LENGTH_MEASURE(1.E-07),#4042,
  'distance_accuracy_value','confusion accuracy');
#4046 = PRODUCT_RELATED_PRODUCT_CATEGORY('part',$,(#7));
ENDSEC;
END-ISO-10303-21;
