DBRep_DrawableShape

CASCADE Topology V3, (c) Open Cascade
Locations 0
Curve2ds 421
1 0 0 0 1 
1 21.349999999999994 0 0 -1 
7 0 0  8 149 22  21.349999999999994 -2.036626122249146  21.330528754071405 -2.0676026012297117  21.310901091366095 -2.0984807675013597  21.29112451218516 -2.1292640682910746  21.271206389482675 -2.1599560496150656  21.251153968865701 -2.1905603562787661  21.23097436859431 -2.2210807318768326  21.210674579581571 -2.2515210187931487  21.1570246092285 -2.3313243826509211  21.123472302748215 -2.380581796157184  21.089639636321625 -2.4296750818923059  21.055553671118897 -2.4786172111796319  21.021232721879034 -2.5274173322041076  20.986696240512 -2.5760870806549736  20.951970041603701 -2.6246435606034115  20.882173892656219 -2.7215559379565986  20.847105960484477 -2.7699101210395072  20.811889532491218 -2.8181758024185908  20.776546326790708 -2.8663659913453716  20.741098061497198 -2.9144936970713764  20.705566454724956 -2.9625719288481349  20.669973224588254 -3.0106136959271836  20.566348187858917 -3.1502561734304186  20.498223193723593 -3.2417783535987668  20.430103709274871 -3.3333056782318162  20.362129894521171 -3.4249435211506816  20.294443701903596 -3.5167956693931743  20.227189111199575 -3.608964492776102  20.160512364426566 -3.701551113457568  20.075747716091705 -3.8212167297792239  20.056996214072562 -3.8478149464478379  20.038310914993602 -3.8744522888656605  20.019695219590471 -3.9011308450137467  20.001152709029213 -3.9278527274936552  19.982687144906311 -3.954620073527459  19.964302469248668 -3.9814350449577343  19.915503642684982 -4.0530740568965067  19.885242973384305 -4.0979856947032385  19.855244746927085 -4.1430436636292791  19.825532913628859 -4.1882568856361271  19.796131423805168 -4.2336342826852587  19.767064227771563 -4.279184776738127  19.738355275843602 -4.3249172897561667  19.678869056590528 -4.4213565892262032  19.648172240520431 -4.4721034359997418  19.617969375240911 -4.5230930495029229  19.588292878718953 -4.5743375696642019  19.559174809615186 -4.625848935962563  19.530646523627432 -4.6776387671222084  19.502739458336873 -4.7297186953982981  19.443408976373544 -4.8437591196589525  19.412218449499491 -4.9058776506502308  19.381984827627825 -4.9684756855688352  19.352782264311127 -5.0315681741277434  19.324689120066765 -5.0951658296277058  19.297787377482113 -5.1592748799732897  19.272162056319843 -5.2238968186889227  19.236755780039999 -5.3189472068951789  19.225905718476668 -5.3489549628073059  19.21535806178774 -5.3790514059223078  19.205120427827833 -5.4092365184911797  19.195200434451543 -5.4395102827649122  19.185605699513477 -5.4698726809944853  19.176343840868252 -5.5003236954308763  19.157028348523546 -5.5664444843768823  19.147094624771853 -5.6021600452876594  19.137629490122748 -5.6380049341894747  19.128641093764553 -5.6739736771719302  19.120137549066577 -5.7100603832821433  19.112126933579081 -5.7462587445247557  19.104617289033314 -5.7825620358619236  19.089628217940248 -5.8605000826714546  19.082307257250925 -5.9021418009406368  19.075664963700323 -5.9438772436811798  19.069712561715235 -5.98569538455338  19.064461275722451 -6.027585197217519  19.059922330148762 -6.069535655333862  19.056106949420958 -6.1115357325626576  19.050715945491795 -6.1851029804295372  19.048816850620696 -6.216653905391146  19.047336782989198 -6.248222020085259  19.04628178661255 -6.2798023647137455  19.045656239884661 -6.311390177044065  19.045462855578045 -6.3429808924092548  19.045702680843853 -6.3745701437079303  19.047495778997032 -6.4587925530009498  19.049808413968545 -6.5114141164707302  19.053291078831077 -6.563996915514914  19.057921850289322 -6.6165194138347907  19.06367880504796 -6.6689600751316629  19.070540019811681 -6.7212973631068573  19.078483571285169 -6.7735097414617096  19.09741582821961 -6.8829865800182883  19.108623419528325 -6.9401794623894073  19.121092716986762 -6.9971176535790516  19.134759756939712 -7.0537857199106071  19.149614743187417 -7.1101503972072138  19.165648865742394 -7.1661828030077075  19.182792334905891 -7.2218809803576507  19.225993267254253 -7.3532932671071309  19.252988589851224 -7.4286974482799515  19.281837157652042 -7.5034259367637643  19.312404052896021 -7.5774707309471205  19.344558483322594 -7.6508336046584446  19.378175450068099 -7.7235254491837102  19.413137415562595 -7.7955656152841124  19.483400113663098 -7.9341859394449763  19.518559991840682 -8.0008347493500693  19.554708604422455 -8.0669575919871264  19.591807177254893 -8.132552718697255  19.62975419744053 -8.1976578915383413  19.66849795679083 -8.2622873029744781  19.707963804433515 -8.3264731514236203  19.768220866364793 -8.4222390285308038  19.788527489376062 -8.4541439686647362  19.809001413347524 -8.4859627685373269  19.829634420125643 -8.5176984868648571  19.850418291556885 -8.5493541823636026  19.871344809487713 -8.580932913749832  19.892405755764582 -8.6124377397398106  19.934780212636738 -8.6753059119042941  19.956093353998668 -8.7066690946578937  19.977523958942207 -8.7379643017244355  19.999064479751354 -8.7691946886143981  20.02070819837164 -8.800363531934865  20.042449226410142 -8.8314742293895439  20.064282505135466 -8.8625302997787561  20.161484902451093 -9.0000115792176665  20.237733006222438 -9.1057978792038146  20.314726390823218 -9.2110446909858688  20.392247673182798 -9.3159033542086966  20.470083049082476 -9.4205267114015339  20.548021529109548 -9.5250696792455134  20.625854174611348 -9.6296898198411487  20.745336698455606 -9.7913106326728769  20.787207147087425 -9.8481417362626793  20.828951281368045 -9.9050660710185294  20.870535215060752 -9.9621080940908264  20.911924573868809 -10.01929187150709  20.953084495435498 -10.076641078171971  20.993979629344086 -10.134178997867254  21.075357689853249 -10.24994698296798  21.115838067571921 -10.308177722243222  21.155971463350333 -10.366650958600502  21.195755771148018 -10.425362428770626  21.235079687619518 -10.484385727137777  21.273940512729631 -10.543713569914122  21.312262885906051 -10.603389767222342  21.349999999999994 -10.66343457031493 
 0 9 0.029289126532683493 7 0.076978003241990833 7 0.12466590634991195 7 0.21565961678636414 7 0.24161860874451146 7 0.28488319900346559 7 0.33247429180056298 7 0.38849246836315299 7 0.41422525307391811 7 0.44420607654637095 7 0.47841694367263304 7 0.50407474845082689 7 0.54683729235987255 7 0.59398974462546106 7 0.65878519940684332 7 0.71976005144894717 7 0.75035099909844494 7 0.7809421545653763 7 0.88599685959086738 7 0.9428660125372007 7 1 9
7 0 0  8 149 22  1.3521126760542719 0.051235080847704124  1.3521126760544118 0.052081970051908823  1.3521126760545756 0.052928453945885169  1.3521126760547584 0.053774548994191936  1.3521126760549553 0.054620274978384543  1.3521126760551603 0.055465654997014925  1.3521126760553677 0.056310715465631538  1.3521126760555724 0.057155486116779397  1.3521126760560909 0.059375046757071018  1.3521126760563973 0.06074996457751336  1.3521126760565711 0.062124948416572491  1.3521126760568012 0.063500023070002021  1.352112676056946 0.064875054809570107  1.3521126760569211 0.066249989538316109  1.352112676057015 0.067624971927851649  1.3521126760570263 0.070374999999999771  1.3521126760569979 0.071749999999999967  1.3521126760569437 0.073125000000000231  1.3521126760568707 0.074500000000000344  1.352112676056785 0.075875000000000234  1.3521126760566931 0.077249999999999985  1.3521126760566 0.078624999999999806  1.3521126760563391 0.082623649682541087  1.3521126760561815 0.08524682045757391  1.3521126760561026 0.087869995945590348  1.3521126760561009 0.090493624069257345  1.3521126760561366 0.093118110411454569  1.352112676056169 0.095743811573311757  1.3521126760561855 0.098371028532246191  1.3521126760562472 0.10175000182828339  1.3521126760562598 0.10250000389454618  1.3521126760562747 0.10325000419574533  1.3521126760562898 0.10400000202713376  1.3521126760563063 0.10474999798226044  1.3521126760563222 0.10549999395297034  1.3521126760563351 0.10624999312940453  1.3521126760563569 0.10825000000000135  1.3521126760563609 0.10950000000000065  1.3521126760563615 0.11074999999999968  1.3521126760563631 0.1119999999999992  1.3521126760563664 0.11324999999999953  1.3521126760563704 0.11450000000000048  1.3521126760563731 0.11575000000000114  1.3521126760563671 0.11837500125715425  1.3521126760563587 0.11975000713633958  1.3521126760563662 0.12112499306481536  1.3521126760563578 0.12249999005707418  1.3521126760563269 0.12387500720429767  1.352112676056312 0.12525001438108072  1.3521126760563451 0.1266249851694248  1.3521126760563369 0.12961849243268581  1.3521126760563282 0.1312382028548098  1.3521126760563265 0.13285960439337102  1.3521126760563322 0.13448304773929395  1.3521126760563367 0.13610876172327704  1.3521126760563322 0.13773685389164123  1.3521126760563218 0.13936731108217845  1.3521126760563238 0.14175000000000035  1.3521126760563353 0.14250000000000027  1.3521126760563473 0.14325000000000002  1.3521126760563542 0.14399999999999991  1.3521126760563542 0.14474999999999999  1.3521126760563476 0.14550000000000021  1.35211267605634 0.14625000000000035  1.3521126760563413 0.14787381205948255  1.3521126760563391 0.14874790789062356  1.3521126760563362 0.14962231943885751  1.3521126760563331 0.15049707534923837  1.3521126760563307 0.15137220096643988  1.3521126760563289 0.15224771833475539  1.3521126760563278 0.15312364619809787  1.3521126760563273 0.15500000000000075  1.35211267605633 0.15600000000000039  1.3521126760563342 0.15699999999999983  1.3521126760563369 0.15799999999999956  1.3521126760563373 0.15899999999999989  1.352112676056336 0.16000000000000056  1.3521126760563338 0.16100000000000092  1.3521126760563327 0.16274998989892545  1.352112676056334 0.16349999498558587  1.3521126760563347 0.16425000323857533  1.3521126760563329 0.16500000733292719  1.3521126760563285 0.16575000464011405  1.3521126760563229 0.16649999722804784  1.3521126760563182 0.16724999186107972  1.3521126760563182 0.16924999999999946  1.3521126760563182 0.17049999999999982  1.3521126760563185 0.17175000000000049  1.3521126760563194 0.17300000000000068  1.3521126760563198 0.17425000000000038  1.3521126760563209 0.1754999999999998  1.3521126760563216 0.17674999999999944  1.3521126760563236 0.17937832224054276  1.3521126760563345 0.18075559901206203  1.3521126760562603 0.18213209030594402  1.3521126760563409 0.1835071675834459  1.3521126760563889 0.18488136981797326  1.3521126760562725 0.18625529284240325  1.3521126760563162 0.18762829473781581  1.3521126760563165 0.19088495533145608  1.3521126760563165 0.1927674989215416  1.3521126760563156 0.19464711847673921  1.3521126760563154 0.19652353948212697  1.3521126760563151 0.1983967239521284  1.3521126760563145 0.2002668691812636  1.3521126760563136 0.20213440649489942  1.3521126760563136 0.20575559054764012  1.3521126760563509 0.207509301450919  1.3521126760562885 0.20926259156980712  1.3521126760564115 0.21101325394666987  1.3521126760562887 0.21276280437531125  1.3521126760563524 0.21451020094988815  1.3521126760563389 0.21625592210649541  1.3521126760563398 0.21887500000000032  1.3521126760563398 0.21975000000000025  1.3521126760563398 0.22062500000000002  1.3521126760563398 0.22149999999999997  1.35211267605634 0.22237500000000013  1.3521126760563404 0.22325000000000031  1.3521126760563411 0.22412500000000041  1.3521126760563413 0.22587500594425028  1.3521126760563413 0.22675000822701258  1.3521126760563413 0.22762500654042805  1.3521126760563411 0.22850000160817688  1.3521126760563404 0.22937499518547902  1.3521126760563402 0.23024999005909411  1.35211267605634 0.23112499004732151  1.3521126760563398 0.2350049179597809  1.3521126760563476 0.23800748221483792  1.3521126760563436 0.24100807762330237  1.3521126760563309 0.24400715868172659  1.3521126760563196 0.24700525190560535  1.3521126760563211 0.25000295820989704  1.3521126760563342 0.2530009552895453  1.3521126760563347 0.25762346971789968  1.3521126760563265 0.2592472072570845  1.352112676056318 0.26087131422713733  1.3521126760563149 0.26249587871084307  1.3521126760563189 0.26412097526418987  1.3521126760563285 0.26574666491636872  1.3521126760563378 0.26737299516977331  1.3521126760563382 0.27063458164498827  1.3521126760563005 0.27226980393536016  1.3521126760563411 0.27390593463712221  1.3521126760563316 0.27554206863830361  1.3521126760563158 0.27717999676506544  1.3521126760563311 0.27881869779404633  1.3521126760563262 0.28045892489193591  1.352112676056326 0.2821006145500824 
 0 9 0.029289126532683493 7 0.076978003241990833 7 0.12466590634991195 7 0.21565961678636414 7 0.24161860874451146 7 0.28488319900346559 7 0.33247429180056298 7 0.38849246836315299 7 0.41422525307391811 7 0.44420607654637095 7 0.47841694367263304 7 0.50407474845082689 7 0.54683729235987255 7 0.59398974462546106 7 0.65878519940684332 7 0.71976005144894717 7 0.75035099909844494 7 0.7809421545653763 7 0.88599685959086738 7 0.9428660125372007 7 1 9
7 0 0  7 122 21  21.349999999999994 -14.736565429749497  21.315664363119396 -14.791198026998334  21.280833392671788 -14.845519152777555  21.245548623514956 -14.899547522979752  21.209857909979657 -14.9533085854777  21.173792203424622 -15.006817239355591  21.137402324907359 -15.060104716488606  21.061980854662551 -15.169243990661695  21.022898846582201 -15.225095264544056  20.983507091260044 -15.28076343405654  20.943840594377523 -15.336269192501216  20.903934361616081 -15.39163323318016  20.86382339865715 -15.446876249395464  20.735614572604934 -15.622389115716178  20.646935316077556 -15.742202384352623  20.557843899572301 -15.86171198793439  20.468676968593218 -15.981167587601416  20.379771246174641 -16.100817043606757  20.291465922879752 -16.220908200865637  20.164101816226925 -16.396997916817334  20.124311104296307 -16.452429504317923  20.084769121416059 -16.508008554223927  20.045503958038225 -16.563751579781758  20.006564460101387 -16.61968857120721  19.967966827879376 -16.675825921668867  19.89156846199106 -16.788565510932024  19.85376984798258 -16.845162103806867  19.816422345655099 -16.902005196585005  19.77957697946642 -16.959113780072684  19.74328477387434 -17.016506845076183  19.707596753336645 -17.074203382401784  19.640715711630943 -17.184967294160366  19.609409979633543 -17.23797811265819  19.578682143319508 -17.291268946765658  19.548574236623583 -17.344856412702963  19.519123264721639 -17.398753867282643  19.490363403130328 -17.452972491163159  19.43151982281325 -17.567539218907978  19.401597654681844 -17.627947707341111  19.372650657717571 -17.688754515663081  19.344753932432919 -17.749959471670099  19.317982579340356 -17.811562403158398  19.292411698952339 -17.873563137924187  19.254864406051706 -17.969996976039791  19.241991929708952 -18.004150751775846  19.22951115036442 -18.038422803025931  19.217434255629446 -18.072813101844122  19.205773433115379 -18.107321620284516  19.194540870433553 -18.141948330401195  19.165798456006776 -18.234483625037225  19.149049767026884 -18.292645852209372  19.133587185013681 -18.351173321610961  19.119425955754728 -18.410034858633818  19.106594450151942 -18.469198778539447  19.095148757917602 -18.528637558100503  19.074111923921176 -18.653809718176639  19.064822224032021 -18.719535675230865  19.057297087516055 -18.78544508623488  19.051583202675598 -18.851492087701264  19.047727257812966 -18.917630816142559  19.045775941230488 -18.983815408071305  19.045775941230488 -19.116184591928739  19.047727257812969 -19.182369183857467  19.051583202675598 -19.248507912298745  19.057297087516055 -19.314554913765125  19.064822224032021 -19.380464324769168  19.074111923921173 -19.446190281823416  19.096153847972836 -19.577342870955892  19.108902203944904 -19.642714751385732  19.12333005616436 -19.707744870949558  19.139336970868129 -19.772412039295155  19.156937958754174 -19.836647812894679  19.176059158038317 -19.9004404475297  19.224811117603142 -20.050796424616717  19.255705042435018 -20.136947390619529  19.289056279463779 -20.222194514213687  19.324649236488785 -20.306527165509291  19.362277371851114 -20.389954203693783  19.401747833006556 -20.472502163668757  19.481601460848491 -20.631112219937187  19.521794810061373 -20.707266437395958  19.563297997809826 -20.782720463697146  19.606041278636077 -20.857477883778014  19.649874695219893 -20.931593501033987  19.694707754958351 -21.005100695994194  19.763371627126283 -21.114649842104537  19.786548447682598 -21.151128622282549  19.80994927542265 -21.187492199202079  19.833560961293838 -21.223745466812467  19.85737035624356 -21.259893319063028  19.881364311219205 -21.295940649903091  19.929695095163535 -21.367844134092248  19.954031981943469 -21.403700353333249  19.978526149202519 -21.439465602181599  20.003165312335447 -21.475144816232632  20.027939090437211 -21.510743275500364  20.052839006302975 -21.546266604417518  20.163783001371446 -21.703481181039717  20.251021871565772 -21.824305827503554  20.339219463929261 -21.944434556119909  20.428029093138417 -22.064109375957884  20.5171110205875 -22.183575957107657  20.606130453347912 -22.303085127525296  20.742734835479318 -22.487755942142801  20.790597130574128 -22.552703649753774  20.838289035677928 -22.617777287066481  20.885756204401122 -22.683015890420666  20.932943336698649 -22.748457738139809  20.979794178870002 -22.814140350531197  21.051236915847571 -22.915574750591027  21.076100687514181 -22.95111943985961  21.100836274152716 -22.98674059588339  21.12543504540329 -23.022443841673059  21.149886304952378 -23.058234385058274  21.17417729053285 -23.094117018687605  21.220431268460921 -23.163124507748176  21.242430126647978 -23.196246171228527  21.264280357066248 -23.229466449396234  21.285972363363307 -23.262790512114385  21.307496344253192 -23.296223360182612  21.328842293516423 -23.329769825337081  21.349999999999994 -23.363434570250522 
 0 8 0.044881035713651443 6 0.092273848344313958 6 0.19572694355622144 6 0.2430989275247509 6 0.29046971673536526 6 0.33353436893190153 6 0.38090358541905189 6 0.40674133986659072 6 0.44971673555628927 6 0.49688421699981711 6 0.54405169844336321 6 0.59133390709618994 6 0.65630204728006336 6 0.71744379662503843 6 0.74811838393715868 6 0.77879303731502758 6 0.88413913960682777 6 0.94117074829159209 6 0.97184312367935966 6 1 8
7 0 0  7 122 21  1.3521126760563154 0.3845660521179432  1.3521126760563174 0.38605976623275312  1.3521126760563273 0.38755224265942645  1.3521126760562561 0.38904351481727173  1.3521126760564983 0.39053384724102502  1.3521126760561883 0.39202313889585533  1.3521126760563493 0.39351185574518771  1.3521126760563504 0.3965714285714288  1.3521126760563396 0.39814285714285758  1.3521126760563307 0.3997142857142863  1.3521126760563305 0.40128571428571469  1.3521126760563378 0.40285714285714302  1.3521126760563476 0.40442857142857142  1.3521126760563436 0.40943024903133879  1.3521126760563358 0.41285825109420909  1.3521126760563253 0.41628505857173564  1.3521126760563185 0.41971167967346623  1.3521126760563205 0.42313908585367088  1.3521126760563296 0.42656821922964333  1.3521126760563318 0.43157143933976932  1.3521126760564099 0.43314284716258661  1.3521126760562492 0.43471430050950777  1.3521126760564137 0.43628565351756399  1.3521126760563242 0.43785722630206642  1.3521126760563451 0.4394285317949338  1.3521126760563429 0.44257142857142862  1.3521126760563362 0.44414285714285745  1.3521126760563291 0.44571428571428634  1.3521126760563242 0.44728571428571495  1.3521126760563231 0.44885714285714318  1.3521126760563231 0.45042857142857146  1.3521126760563196 0.45342858132634062  1.3521126760563085 0.45485716757437872  1.3521126760563429 0.45628565574492413  1.3521126760563116 0.45771427737844628  1.3521126760562583 0.45914294312620674  1.3521126760563258 0.46057137124278552  1.3521126760563258 0.46357142857142897  1.352112676056326 0.46514285714285741  1.3521126760563267 0.46671428571428597  1.3521126760563276 0.46828571428571458  1.3521126760563291 0.46985714285714336  1.3521126760563307 0.47142857142857197  1.3521126760563327 0.4738571428571432  1.3521126760563269 0.47471428571428614  1.3521126760563209 0.47557142857142903  1.3521126760563185 0.47642857142857187  1.3521126760563205 0.47728571428571465  1.352112676056324 0.47814285714285748  1.3521126760563256 0.48042566775774265  1.3521126760563686 0.48185252573802123  1.3521126760563311 0.48327977099550956  1.3521126760563189 0.48470803524198741  1.3521126760563522 0.48613763130989812  1.3521126760563384 0.48756823466955496  1.3521126760563376 0.49057142857142966  1.3521126760563453 0.49214285714285777  1.3521126760563482 0.49371428571428577  1.3521126760563409 0.49528571428571422  1.3521126760563253 0.49685714285714322  1.3521126760563089 0.49842857142857228  1.3521126760563063 0.501571428571429  1.3521126760563187 0.50314285714285767  1.3521126760563298 0.50471428571428623  1.3521126760563322 0.50628571428571478  1.3521126760563245 0.50785714285714334  1.3521126760563134 0.5094285714285719  1.3521126760563125 0.51257525081525157  1.3521126760563296 0.51414912391214518  1.3521126760562205 0.51572188688760612  1.3521126760563835 0.51729263070339171  1.3521126760562443 0.5188628232209711  1.3521126760563258 0.52043226419085309  1.3521126760563293 0.52415414809760341  1.3521126760563098 0.52630519124203257  1.3521126760563162 0.52845225377726135  1.3521126760563382 0.5305949430519078  1.3521126760563473 0.53273334513979664  1.3521126760563316 0.53486802056052019  1.3521126760563358 0.53900641348403133  1.3521126760563502 0.54101023583218411  1.3521126760563762 0.54301354156369774  1.3521126760563247 0.54501332501780253  1.3521126760563611 0.54701137545140377  1.3521126760563515 0.54900676212126787  1.3521126760563504 0.55200000000000071  1.3521126760563453 0.55300000000000049  1.3521126760563398 0.55400000000000049  1.352112676056336 0.55500000000000027  1.3521126760563349 0.55600000000000016  1.3521126760563356 0.55700000000000027  1.3521126760563338 0.55900000215376211  1.3521126760563524 0.56000000618418821  1.3521126760563669 0.56100000618436952  1.3521126760563662 0.56200000059755484  1.3521126760563493 0.5629999922171518  1.3521126760563287 0.56399998818672581  1.3521126760563238 0.56843434514080771  1.3521126760563349 0.57186552981784655  1.3521126760563351 0.57529414346934193  1.352112676056326 0.57872092388200824  1.3521126760563213 0.58214676343954852  1.352112676056328 0.58557271537115319  1.3521126760563347 0.5908554417444164  1.3521126760563373 0.59271122131165732  1.3521126760563398 0.5945675025376207  1.3521126760563422 0.59642442295115716  1.3521126760563451 0.59828209377406971  1.3521126760563473 0.60014059992111457  1.3521126760563502 0.60300001067006359  1.3521126760563507 0.60400000516694707  1.3521126760563518 0.60499999700022289  1.3521126760563522 0.60599999373978553  1.3521126760563522 0.60699999701585394  1.3521126760563522 0.60800000251897024  1.3521126760563518 0.60991798581095769  1.3521126760563444 0.61083629708373477  1.3521126760563369 0.61175497402215606  1.3521126760563331 0.61267405126928309  1.3521126760563338 0.61359355790741332  1.3521126760563362 0.61451351745808125  1.3521126760563351 0.61543394788205774 
 0 8 0.044881035713651443 6 0.092273848344313958 6 0.19572694355622144 6 0.2430989275247509 6 0.29046971673536526 6 0.33353436893190153 6 0.38090358541905189 6 0.40674133986659072 6 0.44971673555628927 6 0.49688421699981711 6 0.54405169844336321 6 0.59133390709618994 6 0.65630204728006336 6 0.71744379662503843 6 0.74811838393715868 6 0.77879303731502758 6 0.88413913960682777 6 0.94117074829159209 6 0.97184312367935966 6 1 8
7 0 0  8 135 20  21.349999999999994 -27.436565429685093  21.320917639808709 -27.482839360087056  21.291486866958994 -27.528894123466767  21.261732733338629 -27.574741537412464  21.231678834094588 -27.620393117414199  21.201348533764286 -27.665861051971543  21.170765237402513 -27.71115842980393  21.139951706704057 -27.756298719163361  21.075088591828866 -27.850375358625559  21.040986219927703 -27.899301018237079  21.006643183968198 -27.948084411397545  20.972081362500106 -27.996738471420247  20.937322634073176 -28.045276131618429  20.902388877237161 -28.093710325305331  20.86730197054181 -28.142053985794213  20.739205153707459 -28.317609027956099  20.645481528755901 -28.444265339788402  20.551283322381401 -28.570572334663066  20.456980155457302 -28.696807494661048  20.362943024667725 -28.8232440501681  20.269546462144163 -28.950152598866591  20.177170695102124 -29.077802724727182  20.06428250513547 -29.237469700221244  20.042449226410142 -29.268525770610477  20.020708198371636 -29.299636468065167  19.999064479751357 -29.330805311385635  19.977523958942236 -29.362035698275587  19.956093353998718 -29.393330905342118  19.934780212636795 -29.424694088095709  19.883325545849182 -29.501033965678786  19.853315751285798 -29.546084235468538  19.823587488175164 -29.591288007859607  19.794164716148579 -29.636654200392158  19.765071394837353 -29.682191730606338  19.736331483872799 -29.727909516042306  19.707968942886222 -29.773816474240217  19.649249772071954 -29.870638109817598  19.618978485269722 -29.921592211797865  19.589225708243777 -29.972798464435897  19.560019475978226 -30.024267999622829  19.531395541723484 -30.076014901344976  19.503386507313998 -30.128050243831598  19.476017329876662 -30.180379454560033  19.413137415562559 -30.304434384715996  19.378175450068134 -30.37647455081629  19.344558483322647 -30.449166395341503  19.312404052896035 -30.522529269052882  19.281837157652003 -30.596574063236307  19.252988589851185 -30.671302551720107  19.225993267254267 -30.746706732892836  19.182792334906221 -30.878119019641385  19.165648865741755 -30.933817196994994  19.14961474318795 -30.98984960278996  19.134759756939744 -31.046214280089636  19.121092716986226 -31.102882346423886  19.108623419528911 -31.159820537607583  19.097415828219447 -31.217013419982887  19.07758317479643 -31.331696851781885  19.068961913651187 -31.389146577023336  19.061652932643501 -31.446744837013277  19.05568541167942 -31.504462966938149  19.051088530665016 -31.562272301984397  19.04789146950635 -31.620144177338457  19.046123408109491 -31.678049928186805  19.045503643348489 -31.793872094751286  19.046658487796503 -31.851787907650948  19.049258946851033 -31.909680718377633  19.053266218904003 -31.967521258672292  19.058653458750001 -32.025281051580215  19.065396390372001 -32.082931676926229  19.073459904823842 -32.140443846660709  19.093024864569919 -32.260340239875781  19.104775999775633 -32.322708163567  19.118015297193089 -32.38484250159626  19.132763303334514 -32.446685006007364  19.148846266742865 -32.508231428065869  19.166420181637925 -32.569400967356884  19.185293717619796 -32.630221530732037  19.222226568873477 -32.741057204986646  19.239897404289955 -32.791193325433532  19.25841530681555 -32.841083108973372  19.27774500860485 -32.890726473434761  19.297851241812449 -32.940123336646352  19.318698738592953 -32.989273616436762  19.340252231100955 -33.038177230634616  19.380298422226929 -33.125852844834093  19.398537581384335 -33.164680792187895  19.417174774246686 -33.203320703165325  19.436191716845808 -33.241775615571434  19.455570995962017 -33.280048840981117  19.475296069124003 -33.318143964738972  19.49535126460891 -33.356064845959366  19.546335626785073 -33.450549390742779  19.577686069748022 -33.506938831852381  19.609731724185902 -33.562999358004689  19.642431203953464 -33.618746386349095  19.67574312290547 -33.674195334035012  19.709626094896681 -33.729361618211875  19.744038733781842 -33.784260656029112  19.813839649888102 -33.893553627774224  19.84922974037287 -33.947950955225977  19.885068595008086 -34.002110292323884  19.921303673984045 -34.056051302671548  19.957919688882598 -34.109773401477703  19.994833371261333 -34.16332288254636  20.032048694676881 -34.216690629735297  20.141480653951184 -34.372060254628167  20.214358070963211 -34.473565324715295  20.287961985979326 -34.57454641946542  20.362099784784828 -34.675136010146424  20.436582137168987 -34.775468344410271  20.511222638590183 -34.875679705577213  20.585837451841027 -34.975908671920067  20.705519678256319 -35.137379282111766  20.7507165243257 -35.198519478674378  20.795794108583703 -35.25974807415227  20.84071046255885 -35.321095702977779  20.885423027646134 -35.382592525499689  20.929888655107089 -35.444268227983201  20.974063606069738 -35.506152022609967  21.039797382213756 -35.599295916979919  21.061601924676612 -35.630371208066791  21.083313239441182 -35.661502350220708  21.104926357735525 -35.692692958394353  21.126435281491773 -35.723946433010944  21.147832983346138 -35.755265959964348  21.169111406638905 -35.786654510619002  21.210674579599491 -35.848478981206434  21.230974368609555 -35.878919268111389  21.251153968878455 -35.909439643698001  21.271206389493045 -35.940043950350194  21.291124512193157 -35.970735931662695  21.310901091371644 -36.001519232440998  21.330528754074319 -36.032397398701363  21.349999999999994 -36.063373877670841 
 0 9 0.0440606951044289 7 0.092121574952935048 7 0.21886944648248916 7 0.24941328689535253 7 0.29304704820514255 7 0.34104516396420681 7 0.40616412999934748 7 0.45355200539676321 7 0.50082565937702361 7 0.54809951213541763 7 0.59966463772059209 7 0.6426395215309102 7 0.67710179324182473 7 0.72889344216990837 7 0.78068372116114659 7 0.88011864201875567 7 0.94062180820706409 7 0.97083731287015285 7 1 9
7 0 0  8 135 20  1.3521126760563347 0.71789938544991894  1.352112676056336 0.71916456460065259  1.3521126760563575 0.72042886469544221  1.3521126760563196 0.72169234601736376  1.3521126760563065 0.72295505816667738  1.3521126760563538 0.72421707383513556  1.3521126760563889 0.72547849670508724  1.3521126760563271 0.72673944347337094  1.3521126760563271 0.72937500000000066  1.3521126760563271 0.73075000000000079  1.3521126760563271 0.73212500000000069  1.3521126760563265 0.73350000000000048  1.352112676056326 0.7348750000000005  1.3521126760563258 0.73625000000000063  1.3521126760563253 0.73762500000000086  1.3521126760563233 0.74262619918533512  1.3521126760563345 0.74624974801273247  1.3521126760563349 0.74987192806304037  1.352112676056324 0.75349391329500304  1.3521126760563116 0.7571167768588194  1.3521126760563087 0.7607414979097058  1.3521126760563174 0.76436896842145585  1.3521126760563182 0.76887500995267877  1.3521126760563158 0.76975000994090637  1.352112676056314 0.77062500481452167  1.3521126760563131 0.77149999839182393  1.3521126760563145 0.77237499345957261  1.3521126760563171 0.7732499917729877  1.3521126760563198 0.77412499405574986  1.35211267605632 0.77625000000000044  1.3521126760563202 0.77750000000000041  1.3521126760563202 0.7787500000000005  1.3521126760563205 0.7800000000000008  1.3521126760563213 0.78125000000000056  1.3521126760563218 0.78250000000000053  1.3521126760563222 0.78375000000000061  1.3521126760563236 0.78637502802641479  1.352112676056324 0.78774998882292824  1.3521126760563249 0.78912500814079367  1.3521126760563251 0.79049993610256619  1.3521126760563256 0.791874988592146  1.3521126760563267 0.79325014433677987  1.3521126760563271 0.79462490179943934  1.3521126760563289 0.79786559350510389  1.3521126760563369 0.79973313081873676  1.3521126760563362 0.80160327604787096  1.3521126760563293 0.80347646051787369  1.3521126760563253 0.80535288152326301  1.3521126760563313 0.80723250107846001  1.3521126760563456 0.80911504466854312  1.3521126760563469 0.81237170526216052  1.352112676056259 0.81374470715765379  1.3521126760563749 0.81511863018197084  1.3521126760563689 0.81649283241656045  1.3521126760563076 0.8178679096941146  1.3521126760563549 0.81924440098787232  1.3521126760563382 0.82062167775948525  1.352112676056338 0.82337500000000052  1.3521126760563362 0.82475000000000043  1.3521126760563349 0.82612500000000044  1.3521126760563353 0.82750000000000068  1.3521126760563376 0.82887500000000069  1.3521126760563409 0.8302500000000006  1.3521126760563431 0.83162500000000028  1.3521126760563369 0.83437500578165502  1.3521126760562887 0.83574999724633725  1.3521126760563458 0.83712499945940011  1.3521126760563489 0.8384999979982104  1.3521126760562994 0.83987499737046967  1.352112676056292 0.84125000341545841  1.3521126760563145 0.84262500120988049  1.3521126760563125 0.8454998139807729  1.3521126760562938 0.84700005428565739  1.3521126760563553 0.84849995140851486  1.3521126760563063 0.85000067826320092  1.3521126760562934 0.85149924911827346  1.3521126760563529 0.8530000890615631  1.3521126760563351 0.85450013772542244  1.3521126760563613 0.85725000000000084  1.352112676056372 0.8585000000000006  1.3521126760563817 0.85975000000000068  1.3521126760563926 0.86100000000000054  1.3521126760564035 0.86225000000000063  1.3521126760564128 0.86350000000000082  1.3521126760564177 0.86475000000000091  1.3521126760564124 0.86700239572092386  1.3521126760564022 0.86800394658956836  1.3521126760563886 0.86900474170027375  1.3521126760563746 0.87000486301614122  1.3521126760563595 0.87100438536903668  1.352112676056342 0.87200337645958936  1.3521126760563198 0.87300189685719187  1.3521126760562416 0.87550000000000061  1.352112676056191 0.87700000000000067  1.3521126760561379 0.87850000000000128  1.3521126760560851 0.88000000000000111  1.352112676056036 0.88150000000000106  1.3521126760559961 0.88300000000000056  1.3521126760559723 0.88450000000000029  1.352112676055973 0.88749996032361866  1.352112676056046 0.8890000147213285  1.3521126760559306 0.8905000161467197  1.3521126760562385 0.89200013190859317  1.3521126760561715 0.89349978621752724  1.3521126760563824 0.89500005181011244  1.3521126760565831 0.89650004281911821  1.3521126760571824 0.90087984784936415  1.3521126760575428 0.90375752040877388  1.3521126760579247 0.90663330960024191  1.3521126760581483 0.90950759852055107  1.3521126760579545 0.91238085064584584  1.3521126760571587 0.91525359903622749  1.3521126760558051 0.91812643554034756  1.3521126760534192 0.92274847776370539  1.352112676052496 0.92449718076446685  1.3521126760516524 0.92624623434854259  1.3521126760509883 0.92799574746022273  1.3521126760506053 0.92974581264183243  1.3521126760506021 0.93149650603373091  1.3521126760510798 0.93324788737431108  1.3521126760526654 0.93587501151670383  1.3521126760533231 0.93675000980252054  1.3521126760541498 0.93762500284925754  1.3521126760551694 0.93849999623143709  1.3521126760563822 0.93937499310629413  1.3521126760577697 0.94024999421377886  1.3521126760592928 0.94112499787655524  1.352112676062436 0.94284451388280799  1.3521126760640489 0.9436892845335364  1.3521126760656874 0.94453434500173117  1.352112676067305 0.94537972501994194  1.3521126760688582 0.94622545100372146  1.3521126760703019 0.94707154605162602  1.3521126760715902 0.9479180299452159  1.3521126760726774 0.94876491914905448 
 0 9 0.0440606951044289 7 0.092121574952935048 7 0.21886944648248916 7 0.24941328689535253 7 0.29304704820514255 7 0.34104516396420681 7 0.40616412999934748 7 0.45355200539676321 7 0.50082565937702361 7 0.54809951213541763 7 0.59966463772059209 7 0.6426395215309102 7 0.67710179324182473 7 0.72889344216990837 7 0.78068372116114659 7 0.88011864201875567 7 0.94062180820706409 7 0.97083731287015285 7 1 9
1 10.843861128708028 1.3303398603223915 -1 0 
1 0 -38.100000000000001 1 0 
1 0 0 0 -1 
1 2.75 0 0 -1 
1 10.843861128708028 1.3303398603223915 -1 0 
1 0 0 1 0 
7 0 0  6 17 4  0.78819239230878368 1.1779089251518162  0.75991327837423928 1.2092405815819509  0.7313033578917616 1.2410408576012248  0.70232735219212505 1.2733121170091639  0.67295191385688513 1.3060592876139956  0.64314428123363732 1.3392894290563053  0.57524290505833398 1.4149256443135831  0.53689938768326906 1.4575947980599802  0.49777389547852247 1.5010409010760943  0.45781026717280765 1.5452666993950683  0.41697681309310425 1.5902671300683093  0.31672792120853505 1.700139711071412  0.25642211563683015 1.7657498023499223  0.19433423129756031 1.8326535064525942  0.13062113052649674 1.9005063284077126  0.065617723814738696 1.9687725327834302  0 2.0366261222491655 
 0 7 0.25087354725534955 5 0.56269491388048243 5 1 7
7 0 0  6 17 4  2 0.028610574744591218  1.9559417560742203 0.029404154996684348  1.9128548787257753 0.030212285958637352  1.8708131675529653 0.031035205336801996  1.8299105704725207 0.031873225574361598  1.790261316404709 0.032726726466800575  1.7044434954791052 0.03467678837978911  1.6590364424605242 0.035781887733720631  1.6160331686630542 0.036912495513881927  1.5757566708295283 0.038068936699019819  1.5386030092658252 0.039251882233678398  1.4578749883358415 0.04215520564636397  1.4177131079435592 0.043901060072393472  1.3857709037900798 0.04569393367628645  1.363465373907899 0.047525098706697425  1.352112676053967 0.049379980646641737  1.3521126760542723 0.051235080847704589 
 0 7 0.25087354725534955 5 0.56269491388048243 5 1 7
7 0 0  5 14 4  1.3181160716110429 0.64897658454413076  1.2854526687705166 0.67242876546897967  1.2531248790258249 0.69832743481229553  1.2210197960110816 0.72607626763563082  1.1890425575504568 0.75530527019911875  1.1210478069438738 0.8201650445140044  1.0850432119317495 0.85612677682128191  1.0489264217837206 0.89335896885849653  1.0125931049757528 0.93170903144822503  0.93924220878663589 1.0105065366235146  0.90222789108379109 1.0509519177794204  0.86477903095245079 1.0923475868131933  0.82680163077908075 1.134665732137814  0.78819239230881644 1.1779089251517973 
 0 6 0.30714815178691673 4 0.65345030951563121 4 1 6
7 0 0  5 14 4  3 0.015518720268272956  2.9305114395041829 0.016086773153382496  2.8624693578318583 0.016715185883584099  2.7957582710771534 0.017390065618911252  2.7302982300977177 0.018102967563976776  2.5935053272929283 0.019690244740689755  2.5225042735197016 0.020573397940264113  2.4529031898011047 0.02149135640138896  2.3847166854922719 0.022440821650867318  2.2512357005900103 0.024400357846466436  2.185950143041052 0.025410381001060058  2.1222070540207119 0.026448764789007061  2.0601523530894026 0.027515294509730802  2 0.028610574744590739 
 0 6 0.30714815178691673 4 0.65345030951563121 4 1 6
7 0 0  6 12 3  1.5707963267948966 0.5508744065146568  1.5497372573118617 0.55044035977663974  1.5286625149532362 0.55191067716413889  1.5076371703944844 0.55528706131634331  1.4867083192053225 0.56047554247044562  1.4659086533861003 0.56732600095716823  1.4236587396401648 0.5844024264591553  1.4022200897836761 0.59477079097110774  1.3809559910600742 0.6065921816142078  1.3598617738966401 0.61967141734861519  1.3389232951200465 0.63384378162816923  1.3181160716110403 0.64897658454405605 
 0 7 0.48872574287559006 5 1 7
7 0 0  6 12 3  3.5492957747339982 0.013149726716090932  3.5030251431994057 0.013139274957858773  3.4567200169753698 0.013174676051868443  3.4105605902344021 0.013255975171760066  3.3646869716721852 0.013380938461082919  3.3192052326082266 0.013546005873890508  3.2271049531000031 0.013957766752826603  3.1805250362671202 0.014207902665211674  3.1345148676036882 0.01449329236831505  3.0890957404950479 0.014809338381001194  3.0442655658533915 0.015152177285181019  3 0.015518720268271146 
 0 7 0.48872574287559006 5 1 7
1 1.5707963267948966 0 0 1 
1 0.65000000000000036 0 0 -1 
1 -4.7123889803846897 0 1 0 
2 -10.506138871291967 0.68033986032239113 -1 0 -0 -1 0.65000000000000002
7 0 0  6 17 4  0 10.663434570314935  0.065683072969404205 10.731366438728214  0.13075241781541294 10.799710746129838  0.1945315902616056 10.867638219915865  0.25668579036015599 10.934609919869205  0.31705876943341721 11.000278723369048  0.41734380810488025 11.110141899770879  0.45814848520686213 11.155082595340946  0.49808888742484048 11.199244122857131  0.5371929287032241 11.242624656369822  0.57551714311997826 11.285226640366679  0.64335575801561651 11.360709629017757  0.67312074594428173 11.393854641602724  0.70245424417700253 11.426518288085404  0.73138847400652496 11.458708377270343  0.7599562729576862 11.490430723677363  0.78819239227446136 11.521688734478529 
 0 7 0.4378981533020691 5 0.7495233290725436 5 1 7
7 0 0  6 17 4  1.3521126760563271 0.28210061455008256  1.3521126760563269 0.28395794507809985  1.3634879961227948 0.28581498068529648  1.3858387616857146 0.28764810641182609  1.4178468828133219 0.2894426446640761  1.4580936336237511 0.29118979715202997  1.5389328231077799 0.29409224224856778  1.5760891659081713 0.29527331419018787  1.6163671112274554 0.29642771691559627  1.6593690884069017 0.29755627852783506  1.7047728873670869 0.29865930829130916  1.7905425294340045 0.30060488870147523  1.8301454610102654 0.30145599134233397  1.8709970913012768 0.30229169511801973  1.9129829719212719 0.30311240426727226  1.9560087407482307 0.30391845733033046  2 0.30471012048619567 
 0 7 0.4378981533020691 5 0.7495233290725436 5 1 7
1 2 0 0 1 
1 2 0 0 1 
7 0 0  6 17 4  0.78819239227446758 13.878311265500932  0.7600396248324861 13.909477003925957  0.73155712720870936 13.941104347339012  0.70271046315282415 13.973196662994914  0.67346708201370065 14.005759704990249  0.64379503892179668 14.038801206975821  0.57609799039933662 14.114127529396837  0.53782124958359989 14.156677733613144  0.49876683131186184 14.200004809596738  0.45887826586673081 14.244111305963497  0.41812748880705336 14.288995543525944  0.31777954616455018 14.398937240562542  0.25727914678873032 14.464750709301468  0.19498833858215289 14.531875304374147  0.13106347328261431 14.599962525540343  0.065840345671200284 14.668470904076742  0 14.736565429749493 
 0 7 0.24973774134942023 5 0.56105685592279797 5 1 7
7 0 0  6 17 4  2 0.36195654618003248  1.9561386011547546 0.36274587237847405  1.913236992047014 0.36354950382325685  1.8713689267042206 0.3643677040962035  1.8306278783604804 0.36520080848155284  1.7911271604247598 0.36604921740194268  1.7054713920336475 0.36799065355222527  1.6600822755617783 0.36909227594330252  1.6170871442816765 0.3702193714421656  1.5768066900408533 0.37137225162781967  1.5396367057753153 0.37255174194151663  1.4585746385975686 0.3754560105233028  1.4181527329776733 0.37720689007836022  1.3859991123295639 0.37900543234804779  1.3635425478599632 0.38084280835249645  1.3521126760563162 0.38270427436508625  1.3521126760563187 0.38456605211794309 
 0 7 0.24973774134942023 5 0.56105685592279797 5 1 7
7 0 0  6 17 4  1.3181160716528175 13.347966971856266  1.2914031560648718 13.367325588367832  1.2649087098395708 13.388253098702528  1.2385773089786494 13.410461507574603  1.2123594036988019 13.43373515654814  1.1862058933786159 13.457918104274805  1.1304489275259424 13.51120152599419  1.1008535638552028 13.54052205412704  1.0712063373325118 13.570705239946177  1.0414530690744777 13.601659114903482  1.0115406075575037 13.633315696774355  0.9499714471176719 13.699377511721679  0.918298280039194 13.733839136934213  0.88633718651874283 13.768979486583328  0.85403470396713776 13.804774992971657  0.82133842990756822 13.841217842914117  0.78819239227445015 13.878311265500953 
 0 7 0.30164763851439863 5 0.64333984778204267 5 1 7
7 0 0  6 17 4  3 0.34882454077701058  2.9431705857629624 0.34929384956532811  2.887276267724955 0.34980191075938993  2.8322578750716176 0.35034199937095867  2.7780680215673415 0.35090912740449481  2.7246638900106528 0.35149974840266701  2.6123448663549489 0.35280438227713257  2.5536500404074243 0.35352421834391523  2.49586601482227 0.35426742703847636  2.4389871852954719 0.35503194898835172  2.3830224954435737 0.35581637182637449  2.2705672996888211 0.35745886794651299  2.2141656715795457 0.35831858358088486  2.1588293479190668 0.35919834046025351  2.1046233651455477 0.36009781639335642  2.0516408051095438 0.3610170911336496  2 0.36195654618003298 
 0 7 0.30164763851439863 5 0.64333984778204267 5 1 7
7 0 0  6 12 3  1.5707963267948966 13.248791750538112  1.5497329522517231 13.248352162090617  1.5286534665842744 13.249841627071527  1.5076251085141088 13.253262207486165  1.4866963414534355 13.258516685064905  1.4659005993914433 13.265449931701653  1.4236487293555524 13.282727582142837  1.4022047826721784 13.29321837274637  1.3809398551002059 13.305172226704295  1.3598485638998064 13.318388476150728  1.3389158617192294 13.332698505735339  1.3181160716528202 13.347966971856266 
 0 7 0.48851249881428677 5 1 7
7 0 0  6 12 3  3.5492957746449534 0.34642765246542734  3.5030156840993896 0.34641705923426808  3.4567001333788414 0.34645294859351522  3.4105341155065774 0.34653537412953428  3.364660749241382 0.34666202390252998  3.3191876756547956 0.34682921719380899  3.2270831316448367 0.34724616468179875  3.1804918111217759 0.34749946096345347  3.1344800480860324 0.34778828968788877  3.089067433335333 0.34810791940845581  3.0442497518414191 0.34845438904997994  3 0.34882454077701058 
 0 7 0.48851249881428677 5 1 7
7 0 0  6 12 3  1.5707963267948966 12.151208249473642  1.5497329522631935 12.151647837920907  1.5286534666071716 12.150158372941823  1.5076251085484378 12.146737792530928  1.4866963414990269 12.141483314957817  1.4659005994480052 12.134550068328386  1.4236487294112912 12.117272417894949  1.4022047827163362 12.106781627288193  1.380939855133025 12.094827773326116  1.3598485639214823 12.081611523872944  1.3389158617300103 12.067301494280951  1.3181160716528175 12.052033028151412 
 0 7 0.48851249854728007 5 1 7
7 0 0  6 12 3  3.5492957746449538 0.3202390142015053  3.503015684124593 0.32024960743265901  3.4567001334291505 0.32021371807345594  3.4105341155819437 0.3201312925375272  3.3646607493413137 0.32000464276466717  3.319187675778474 0.31983744947356502  3.2270831317659372 0.31942050198576338  3.1804918112173346 0.31916720570403145  3.1344800481567092 0.31887837697949734  3.0890674333817327 0.31855874725876782  3.0442497518643603 0.31821227761706616  3 0.3178421258898278 
 0 7 0.48851249854728007 5 1 7
7 0 0  6 17 4  1.3181160716528149 12.052033028151477  1.2914031560647532 12.032674411638952  1.2649087098394312 12.011746901303196  1.2385773089784669 11.98953849242997  1.2123594036986116 11.966264843455209  1.1862058933785182 11.942081895727256  1.1304489275258389 11.888798474004679  1.1008535638550092 11.859477945869967  1.071206337332437 11.829294760048715  1.0414530690743151 11.798340885089495  1.0115406075574693 11.766684303216566  0.94997144711779857 11.700622488265372  0.9182982800394196 11.666160863051038  0.88633718651905469 11.631020513400165  0.85403470396747494 11.595225007010249  0.82133842990780959 11.558782157066487  0.7881923922744617 11.521688734478561 
 0 7 0.30164763851314103 5 0.64333984778188991 5 1 7
7 0 0  6 17 4  3 0.31784212588982941  2.9431705857627164 0.3173728171014899  2.8872762677246318 0.31686475590740382  2.8322578750712215 0.3163246672958091  2.7780680215669578 0.31575753926224576  2.7246638900104494 0.31516691826404508  2.6123448663547357 0.31386228438950914  2.5536500404070486 0.31314244832268551  2.4958660148221279 0.31239923962807886  2.4389871852951686 0.31163471767816187  2.3830224954435133 0.3108502948400953  2.2705672996890587 0.30920779871987475  2.2141656715799143 0.3083480830854653  2.158829347919625 0.30746832620605996  2.104623365146161 0.30656885027292374  2.0516408051099013 0.30564957553260347  2 0.30471012048619656 
 0 7 0.30164763851314103 5 0.64333984778188991 5 1 7
7 0 0  6 17 4  0 23.363434570250519  0.065683072973470674 23.431366438670423  0.13075241782013872 23.499710746080424  0.19453159026514605 23.567638219876795  0.25668579036180006 23.634609919840674  0.31705876943356842 23.700278723351435  0.41734380810319843 23.810141899769146  0.45814848520431573 23.855082595344612  0.49808888742222424 23.899244122865305  0.53719292870112556 23.942624656382211  0.57551714311870861 23.985226640382574  0.64335575801508205 24.060709629037603  0.67312074594354765 24.093854641623196  0.70245424417624103 24.126518288106229  0.73138847400589579 24.158708377291273  0.75995627295733603 24.190430723698174  0.78819239227444804 24.221688734499015 
 0 7 0.43789815331526677 5 0.74952332908491015 5 1 7
7 0 0  6 17 4  1.3521126760563384 0.61543394788205763  1.3521126760563367 0.61729127841024112  1.3634879961242208 0.61914831401761761  1.385838761687729 0.62098143974435815  1.4178468828145885 0.62277597799681672  1.4580936336238837 0.62452313048499253  1.5389328231064066 0.62742557558185463  1.5760891659058189 0.62860664752358408  1.616367111224644 0.62976105024908779  1.6593690884044618 0.63088961186141923  1.7047728873654826 0.63199264162497237  1.7905425294333186 0.63393822203522687  1.8301454610092842 0.63478932467609839  1.8709970913001674 0.63562502845179258  1.9129829719202964 0.6364457376010485  1.9560087407477065 0.63725179066410609  2 0.6380434538199663 
 0 7 0.43789815331526677 5 0.74952332908491015 5 1 7
7 0 0  6 17 4  0.78819239227446569 26.578311265521425  0.7600396248328275 26.609477003946775  0.7315571272092708 26.641104347359924  0.7027104631535398 26.673196663015762  0.67346708201441341 26.705759705010788  0.64379503892225476 26.738801206995706  0.57609799040050857 26.814127529412826  0.53782124958573019 26.856677733625826  0.49876683131418209 26.900004809605004  0.45887826586924718 26.9441113059675  0.41812748880857148 26.98899554352451  0.31777954616425358 27.098937240545236  0.25727914678705477 27.16475070927325  0.19498833857839482 27.231875304335151  0.13106347327791862 27.299962525491143  0.0658403456670935 27.368470904019002  0 27.436565429685082 
 0 7 0.24973774136189839 5 0.56105685593633148 5 1 7
7 0 0  6 17 4  2 0.69528987951380372  1.9561386011552913 0.6960792057122499  1.9132369920478574 0.69688283715703303  1.8713689267052527 0.69770103742997713  1.8306278783614587 0.69853414181531914  1.7911271604253367 0.69938255073569555  1.7054713920351301 0.70132398688589115  1.6600822755642435 0.70242560927689368  1.6170871442842891 0.70355270477565957  1.576806690043109 0.7047055849612246  1.5396367057765901 0.70588507527481081  1.4585746385973908 0.70878934385627279  1.418152732976347 0.7105402234111089  1.3859991123275988 0.71233876568058141  1.3635425478585399 0.71417614168482313  1.3521126760563369 0.71603760769722891  1.3521126760563378 0.71789938544991827 
 0 7 0.24973774136189839 5 0.56105685593633148 5 1 7
7 0 0  6 17 4  1.3181160716528149 26.047966971848755  1.2914031560647705 26.06732558836126  1.2649087098394147 26.088253098697113  1.2385773089784522 26.110461507570268  1.2123594036986114 26.133735156544944  1.1862058933785036 26.15791810427298  1.1304489275258218 26.211201525995531  1.1008535638549535 26.240522054129887  1.0712063373324676 26.270705239951685  1.0414530690742581 26.301659114910436  1.0115406075574684 26.333315696783565  0.94997144711779657 26.399377511734723  0.91829828003942049 26.433839136948951  0.88633718651905447 26.468979486599853  0.85403470396747927 26.504774992989809  0.82133842990782935 26.541217842933481  0.78819239227448301 26.578311265521396 
 0 7 0.30164763851308207 5 0.6433398477818294 5 1 7
7 0 0  6 17 4  3 0.68215787411017648  2.9431705857627537 0.68262718289851565  2.8872762677246455 0.68313524409260395  2.8322578750712109 0.68367533270419678  2.7780680215669435 0.6842424607377583  2.7246638900104485 0.68483308173596091  2.6123448663547286 0.68613771561049619  2.5536500404067946 0.68685755167731133  2.4958660148223037 0.68760076037193163  2.4389871852949963 0.68836528232183647  2.3830224954435102 0.68914970515990825  2.2705672996890485 0.69079220128012808  2.2141656715798761 0.69165191691453476  2.158829347919625 0.69253167379394087  2.1046233651461956 0.69343114972707787  2.0516408051099009 0.69435042446739625  2 0.69528987951380294 
 0 7 0.30164763851308207 5 0.6433398477818294 5 1 7
7 0 0  6 12 3  1.5707963267948966 25.948791750526492  1.549732952387852 25.948352162081836  1.5286534668567571 25.949841627040684  1.5076251089218411 25.953262207408414  1.4866963419944723 25.958516684917882  1.465900600063428 25.965449931466665  1.4236487300174874 25.982727581808717  1.4022047831973075 25.993218372441376  1.3809398554906775 26.005172226450075  1.3598485641582472 26.018388475965391  1.3389158618475758 26.032698505632908  1.3181160716528122 26.047966971848759 
 0 7 0.48851249565562765 5 1 7
7 0 0  6 12 3  3.5492957746449663 0.67976098579849831  3.5030156843985023 0.67975039256740744  3.4567001339775487 0.67978628192612256  3.4105341164017289 0.67986870746101158  3.3646607504272801 0.67999535723233706  3.3191876771242064 0.68016255052149288  3.2270831330830352 0.68057949800708195  3.1804918122580212 0.68083279428943444  3.1344800489268194 0.68112162301509027  3.0890674338886579 0.68144125273731804  3.0442497521144811 0.68178772238084573  3 0.68215787411017659 
 0 7 0.48851249565562765 5 1 7
7 0 0  6 12 3  1.5707963267948966 24.851208249461962  1.5497329523186589 24.851647837908057  1.5286534667182898 24.850158372937994  1.5076251087146166 24.846737792546495  1.4866963417194772 24.841483315001927  1.465900599721899 24.834550068408529  1.4236487296810576 24.817272418016401  1.4022047829304332 24.806781627398955  1.3809398552922729 24.794827773415822  1.3598485640268925 24.781611523936267  1.3389158617823713 24.767301494310967  1.318116071652812 24.752033028143671 
 0 7 0.48851249726159612 5 1 7
7 0 0  6 12 3  3.5492957746449467 0.65357234753457483  3.5030156842464528 0.65358294076570012  3.4567001336733001 0.65354705140671454  3.4105341159467648 0.6534646258712532  3.3646607498244969 0.65333797609908117  3.3191876763773887 0.65317078280884844  3.2270831323520639 0.65275383532204634  3.180491811680525 0.652500539040058  3.1344800484996869 0.6522117103150169  3.0890674336073647 0.65189208059365067  3.0442497519757645 0.65154561095114294  3 0.65117545922298825 
 0 7 0.48851249726159612 5 1 7
7 0 0  6 17 4  1.3181160716528202 24.752033028143689  1.2914031560648713 24.732674411632122  1.2649087098395899 24.711746901297364  1.238577308978668 24.689538492425299  1.2123594036988077 24.666264843451803  1.1862058933786166 24.642081895725152  1.1304489275259739 24.588798474005806  1.1008535638552666 24.559477945872334  1.0712063373325171 24.529294760054185  1.041453069074437 24.498340885096191  1.0115406075575435 24.466684303225545  0.94997144711767911 24.400622488278202  0.91829828003917291 24.366160863065769  0.88633718651876425 24.331020513416579  0.85403470396719283 24.295225007028204  0.8213384299075791 24.258782157085886  0.78819239227448101 24.221688734499068 
 0 7 0.30164763851477921 5 0.64333984778250231 5 1 7
7 0 0  6 17 4  3 0.6511754592229887  2.9431705857629571 0.65070615043467106  2.8872762677249959 0.65019808924060774  2.8322578750716558 0.64965800062903933  2.7780680215673503 0.64909087259550413  2.7246638900106532 0.64850025159733227  2.6123448663550137 0.64719561772286771  2.5536500404075717 0.64647578165606956  2.4958660148222527 0.64573257296153297  2.438987185295403 0.64496805101164045  2.3830224954436501 0.64418362817362329  2.2705672996888384 0.6425411320534844  2.2141656715794489 0.64168141641911502  2.1588293479191294 0.64080165953974444  2.1046233651457231 0.6399021836066402  2.0516408051095154 0.63898290886635056  2 0.63804345381996785 
 0 7 0.30164763851477921 5 0.64333984778250231 5 1 7
7 0 0  6 17 4  0 36.063373877670855  0.065459970641337892 36.131064338649836  0.13030911360925065 36.199165988063335  0.19387603861934405 36.266858542977651  0.25582684976195402 36.333608790849787  0.31600479994497016 36.399073603709503  0.41633714891650736 36.509027667985251  0.45736491440921401 36.55424001335529  0.49751470141411147 36.598670785521534  0.53681850924655139 36.642314766660618  0.57533322555455912 36.685174729707235  0.64335383923461487 36.760944191112273  0.67311713005487428 36.794124893093937  0.70244957914430295 36.826824011044756  0.73138381395318819 36.859048571544243  0.75995304294054733 36.890803477098217  0.7881923922722045 36.922091076827769 
 0 7 0.43625714891415318 5 0.74947968042623392 5 1 7
7 0 0  6 17 4  1.3521126760726729 0.94876491914905514  1.3521126760750495 0.95061555945786658  1.3634108413004382 0.95246599772649343  1.3856105988374878 0.95429289778943194  1.4174072962676234 0.95608175105838411  1.4573939793484811 0.95782386026416622  1.5380164157332956 0.96072958646828999  1.5752989070768189 0.96191817822828285  1.6157359034163381 0.96308002075078791  1.6589255580668243 0.96421579429193527  1.7045403605903731 0.96532582783822685  1.7905401005212533 0.9672792739019096  1.8301406390130304 0.96813148769110358  1.8709905178525599 0.96896826592467378  1.9129760494138084 0.96978998667623273  1.9560037084509139 0.97059696094224679  2 0.97138942530925376 
 0 7 0.43625714891415318 5 0.74947968042623392 5 1 7
1 -4.7123889803846897 38.100000000000001 1 0 
2 -10.506138871291967 0.68033986032239113 -1 0 -0 -1 0.65000000000000002
7 0 0  6 12 3  1.5707963267948966 37.549125592949167  1.5497372609134159 37.549559639727583  1.528662522159242 37.548089323039513  1.5076371811721208 37.544712940239066  1.4867083335019433 37.53952446101615  1.465908671140661 37.532674004938187  1.4236587571169235 37.515597582230505  1.4022201036316753 37.505229217046718  1.3809560013412421 37.493407825139954  1.3598617806755908 37.480328587658633  1.3389232984571107 37.466156221235288  1.3181160715539437 37.451023415846564 
 0 7 0.48872565929616085 5 1 7
7 0 0  6 12 3  3.5492957747236598 0.98685027326306096  3.5030251511208808 0.98686072502225264  3.4567200328352481 0.98682532394512246  3.4105606139408331 0.9867440248578877  3.3646870030706086 0.98661906161525847  3.3192052715084173 0.98645399426075719  3.2271049911746812 0.98604223344997199  3.1805250663439706 0.98579209752186192  3.1345148898612165 0.98550670778880423  3.0890957551334903 0.98519066173448733  3.0442655730771482 0.98484782277902716  3 0.98448127973657429 
 0 7 0.48872565929616085 5 1 7
7 0 0  5 14 4  1.3181160715539464 37.4510234158465  1.2854526688033299 37.427571234524443  1.2531248791123812 37.401672564978156  1.221019796104611 37.373923732116907  1.1890425576096859 37.344694729623086  1.1210478069733263 37.279834955671561  1.0850432119581392 37.243873223679863  1.0489264217943481 37.206641031968374  1.0125931049719941 37.168290969681678  0.93924220873370601 37.089493464986319  0.90222789099458345 37.049048084003992  0.86477903085055019 37.007652415087961  0.82680163069366008 36.965334269825895  0.78819239227218729 36.922091076827762 
 0 6 0.30714815223237624 4 0.65345030951202898 4 1 6
7 0 0  5 14 4  3 0.98448127973657262  2.9305114396613701 0.98391322684266913  2.8624693580696521 0.98328481410842383  2.7957582713002669 0.98260993437308253  2.7302982302301699 0.98189703243061988  2.5935053273427373 0.98030975526457831  2.5225042735574688 0.97942660207360155  2.4529031898106295 0.97850864362125267  2.3847166854834163 0.97755917837991158  2.2512357005116059 0.97559964219727235  2.1859501429142152 0.97458961904740804  2.1222070538915432 0.97355123526268783  2.0601523530049195 0.97248470554368627  2 0.97138942530925354 
 0 6 0.30714815223237624 4 0.65345030951202898 4 1 6
1 10.843861128708028 -1.4196601396776085 0 1 
1 0 -38.100000000000001 1 0 
1 -7.1561388712919722 -1.4196601396776085 1 0 
1 0 -38.100000000000001 1 0 
1 0 1 1 0 
7 0 0  1 2 2  0 0  0.65519554298324323 0.12313945877815158 
 0 2 1 2
7 0 0  1 2 2  2.8438611287080278 -1.4196601396776085  2.1771944620413635 -1.4193748173182126 
 0 2 1 2
1 0 1 1 0 
7 0 0  1 2 2  0.65519554298324323 0.12313945877815158  1.3102940121702602 0.24679664446959038 
 1 2 2 2
7 0 0  1 2 2  2.1771944620413635 -1.4193748173182126  1.5105277953746921 -1.4185627459876216 
 1 2 2 2
1 0 1 1 0 
7 0 0  1 2 2  1.3102940121702602 0.24679664446959038  1.9653075417855632 0.37090684121014306 
 2 2 3 2
7 0 0  1 2 2  1.5105277953746921 -1.4185627459876216  0.84386112870802776 -1.4172897693072386 
 2 2 3 2
1 0 1 1 0 
7 0 0  1 2 2  1.9653075417855632 0.37090684121014306  2.6202482660536788 0.4954053331356576 
 3 2 4 2
7 0 0  1 2 2  0.84386112870802776 -1.4172897693072386  0.17719446204136347 -1.4156217308984598 
 3 2 4 2
1 0 1 1 0 
7 0 0  1 2 2  2.6202482660536788 0.4954053331356576  3.2751283191991547 0.62022740438197843 
 4 2 5 2
7 0 0  1 2 2  0.17719446204136347 -1.4156217308984598  -0.48947220462530794 -1.4136244743826847 
 4 2 5 2
1 0 1 1 0 
7 0 0  1 2 2  3.2751283191991547 0.62022740438197843  3.9299598354465033 0.74530833908493932 
 5 2 6 2
7 0 0  1 2 2  -0.48947220462530794 -1.4136244743826847  -1.1561388712919722 -1.4113638433813129 
 5 2 6 2
1 0 1 1 0 
7 0 0  1 2 2  3.9299598354465033 0.74530833908493932  4.584754949020251 0.87058342138038114 
 6 2 7 2
7 0 0  1 2 2  -1.1561388712919722 -1.4113638433813129  -1.8228055379586365 -1.4089056815157424 
 6 2 7 2
1 0 1 1 0 
7 0 0  1 2 2  4.584754949020251 0.87058342138038114  5.23952579414496 0.99598793540414121 
 7 2 8 2
7 0 0  1 2 2  -1.8228055379586365 -1.4089056815157424  -2.4894722046253079 -1.4063158324073761 
 7 2 8 2
1 0 1 1 0 
7 0 0  1 2 2  5.23952579414496 0.99598793540414121  5.8942845050451211 1.121457165292064 
 8 2 9 2
7 0 0  1 2 2  -2.4894722046253079 -1.4063158324073761  -3.1561388712919722 -1.4036601396776085 
 8 2 9 2
1 0 1 1 0 
7 0 0  1 2 2  5.8942845050451211 1.121457165292064  6.5490432159452894 1.2469263951799832 
 9 2 10 2
7 0 0  1 2 2  -3.1561388712919722 -1.4036601396776085  -3.8228055379586365 -1.4010044469478409 
 9 2 10 2
1 0 1 1 0 
7 0 0  1 2 2  6.5490432159452894 1.2469263951799832  7.2038140610699983 1.3723309092037468 
 10 2 11 2
7 0 0  1 2 2  -3.8228055379586365 -1.4010044469478409  -4.4894722046253079 -1.3984145978394746 
 10 2 11 2
1 0 1 1 0 
7 0 0  1 2 2  7.2038140610699983 1.3723309092037468  7.8586091746437532 1.4976059914991851 
 11 2 12 2
7 0 0  1 2 2  -4.4894722046253079 -1.3984145978394746  -5.1561388712919722 -1.3959564359739041 
 11 2 12 2
1 0 1 1 0 
7 0 0  1 2 2  7.8586091746437532 1.4976059914991851  8.5134406908911018 1.6226869262021495 
 12 2 13 2
7 0 0  1 2 2  -5.1561388712919722 -1.3959564359739041  -5.8228055379586365 -1.3936958049725323 
 12 2 13 2
1 0 1 1 0 
7 0 0  1 2 2  8.5134406908911018 1.6226869262021495  9.1683207440365706 1.7475089974484668 
 13 2 14 2
7 0 0  1 2 2  -5.8228055379586365 -1.3936958049725323  -6.4894722046253008 -1.3916985484567572 
 13 2 14 2
1 0 1 1 0 
7 0 0  1 2 2  9.1683207440365706 1.7475089974484668  9.8232614683046933 1.8720074893739849 
 14 2 15 2
7 0 0  1 2 2  -6.4894722046253008 -1.3916985484567572  -7.1561388712919722 -1.3900305100479784 
 14 2 15 2
1 0 1 1 0 
7 0 0  1 2 2  9.8232614683046933 1.8720074893739849  10.478274997919996 1.9961176861145375 
 15 2 16 2
7 0 0  1 2 2  -7.1561388712919722 -1.3900305100479784  -7.8228055379586436 -1.3887575333675954 
 15 2 16 2
1 -11.156138871291972 -0.66966013967760851 0.98287218693432188 -0.18428853505018536 
1 0 -38.100000000000001 1 0 
1 0 38.100000000000001 1 0 
2 -10.506138871291967 -0.13020805296105742 -1 0 -0 -1 0.65000000000000002
1 -11.156138871291972 1.3303398603223915 0 -1 
1 0 -38.100000000000001 1 0 
1 18 0 0 -1 
1 0 -0 0 -1 
1 10.843861128708028 -1.4196601396776085 0 1 
1 0 -0 1 0 
1 -7.1561388712919722 -1.4196601396776085 1 0 
1 0 0 1 0 
1 0 0 1 0 
7 0 0  1 2 2  0 0  0.65519554298324323 0.12313945877815158 
 0 2 1 2
7 0 0  1 2 2  2.8438611287080278 -1.4196601396776085  2.1771944620413635 -1.4193748173182126 
 0 2 1 2
1 0 0 1 0 
7 0 0  1 2 2  0.65519554298324323 0.12313945877815158  1.3102940121702602 0.24679664446959038 
 1 2 2 2
7 0 0  1 2 2  2.1771944620413635 -1.4193748173182126  1.5105277953746921 -1.4185627459876216 
 1 2 2 2
1 0 0 1 0 
7 0 0  1 2 2  1.3102940121702602 0.24679664446959038  1.9653075417855632 0.37090684121014306 
 2 2 3 2
7 0 0  1 2 2  1.5105277953746921 -1.4185627459876216  0.84386112870802776 -1.4172897693072386 
 2 2 3 2
1 0 0 1 0 
7 0 0  1 2 2  1.9653075417855632 0.37090684121014306  2.6202482660536788 0.4954053331356576 
 3 2 4 2
7 0 0  1 2 2  0.84386112870802776 -1.4172897693072386  0.17719446204136347 -1.4156217308984598 
 3 2 4 2
1 0 0 1 0 
7 0 0  1 2 2  2.6202482660536788 0.4954053331356576  3.2751283191991547 0.62022740438197843 
 4 2 5 2
7 0 0  1 2 2  0.17719446204136347 -1.4156217308984598  -0.48947220462530794 -1.4136244743826847 
 4 2 5 2
1 0 0 1 0 
7 0 0  1 2 2  3.2751283191991547 0.62022740438197843  3.9299598354465033 0.74530833908493932 
 5 2 6 2
7 0 0  1 2 2  -0.48947220462530794 -1.4136244743826847  -1.1561388712919722 -1.4113638433813129 
 5 2 6 2
1 0 0 1 0 
7 0 0  1 2 2  3.9299598354465033 0.74530833908493932  4.584754949020251 0.87058342138038114 
 6 2 7 2
7 0 0  1 2 2  -1.1561388712919722 -1.4113638433813129  -1.8228055379586365 -1.4089056815157424 
 6 2 7 2
1 0 0 1 0 
7 0 0  1 2 2  4.584754949020251 0.87058342138038114  5.23952579414496 0.99598793540414121 
 7 2 8 2
7 0 0  1 2 2  -1.8228055379586365 -1.4089056815157424  -2.4894722046253079 -1.4063158324073761 
 7 2 8 2
1 0 0 1 0 
7 0 0  1 2 2  5.23952579414496 0.99598793540414121  5.8942845050451211 1.121457165292064 
 8 2 9 2
7 0 0  1 2 2  -2.4894722046253079 -1.4063158324073761  -3.1561388712919722 -1.4036601396776085 
 8 2 9 2
1 0 0 1 0 
7 0 0  1 2 2  5.8942845050451211 1.121457165292064  6.5490432159452894 1.2469263951799832 
 9 2 10 2
7 0 0  1 2 2  -3.1561388712919722 -1.4036601396776085  -3.8228055379586365 -1.4010044469478409 
 9 2 10 2
1 0 0 1 0 
7 0 0  1 2 2  6.5490432159452894 1.2469263951799832  7.2038140610699983 1.3723309092037468 
 10 2 11 2
7 0 0  1 2 2  -3.8228055379586365 -1.4010044469478409  -4.4894722046253079 -1.3984145978394746 
 10 2 11 2
1 0 0 1 0 
7 0 0  1 2 2  7.2038140610699983 1.3723309092037468  7.8586091746437532 1.4976059914991851 
 11 2 12 2
7 0 0  1 2 2  -4.4894722046253079 -1.3984145978394746  -5.1561388712919722 -1.3959564359739041 
 11 2 12 2
1 0 0 1 0 
7 0 0  1 2 2  7.8586091746437532 1.4976059914991851  8.5134406908911018 1.6226869262021495 
 12 2 13 2
7 0 0  1 2 2  -5.1561388712919722 -1.3959564359739041  -5.8228055379586365 -1.3936958049725323 
 12 2 13 2
1 0 0 1 0 
7 0 0  1 2 2  8.5134406908911018 1.6226869262021495  9.1683207440365706 1.7475089974484668 
 13 2 14 2
7 0 0  1 2 2  -5.8228055379586365 -1.3936958049725323  -6.4894722046253008 -1.3916985484567572 
 13 2 14 2
1 0 0 1 0 
7 0 0  1 2 2  9.1683207440365706 1.7475089974484668  9.8232614683046933 1.8720074893739849 
 14 2 15 2
7 0 0  1 2 2  -6.4894722046253008 -1.3916985484567572  -7.1561388712919722 -1.3900305100479784 
 14 2 15 2
1 0 0 1 0 
7 0 0  1 2 2  9.8232614683046933 1.8720074893739849  10.478274997919996 1.9961176861145375 
 15 2 16 2
7 0 0  1 2 2  -7.1561388712919722 -1.3900305100479784  -7.8228055379586436 -1.3887575333675954 
 15 2 16 2
1 -11.156138871291972 -0.66966013967760851 0.98287218693432188 -0.18428853505018536 
1 0 0 1 0 
1 0 0 1 0 
2 -10.506138871291967 -0.13020805296105742 -1 0 -0 -1 0.65000000000000002
1 -11.156138871291972 1.3303398603223915 0 -1 
1 0 0 1 0 
1 3 0 0 1 
1 3 0 0 1 
7 0 0  4 5 2  0.78333333333333321 -12.14687691806934  0.75000003348201538 -12.147972500740114  0.71666671084197753 -12.149059472643643  0.68333336612764461 -12.150138002338743  0.65000000000000036 -12.151208249473678 
 0 5 1 5
7 0 0  4 5 2  4 0.32013462690482075  3.8873240568406162 0.32016103464713863  3.7746480366489381 0.32018723269796151  3.6619719418399281 0.32021322519929063  3.5492957746478915 0.32023901608463767 
 0 5 1 5
1 4 0 0 1 
1 4 0 0 1 
7 0 0  4 5 2  0.78333333332285271 -0.55515230978279462  0.75000003285145689 -0.55407016530435993  0.71666671001275895 -0.55299657730502305  0.68333336551163648 -0.55193137749520749  0.65000000000000036 -0.55087440651469777 
 0 5 1 5
7 0 0  4 5 2  4 0.013252747784454521  3.8873240547577508 0.013226683943825141  3.774648033907881 0.013200828227955815  3.6619719398330601 0.013175176506438719  3.549295774736934 0.013149724857726036 
 0 5 1 5
1 0 0 0 1 
1 1.4605479132834489 0 0 -1 
7 0 0  4 8 3  1.4605479132834489 -0.56242238980528503  1.4484057265610573 -0.5625044099449944  1.436263539865047 -0.56258647858485233  1.4241213531954673 -0.5626685957966413  1.4027343748650631 -0.56281332091168823  1.3934895831930947 -0.56287590836987655  1.3842447915365179 -0.56293852405868849  1.3749999998953584 -0.56300116800881106 
 0 5 0.56773736128073282 3 1 5
7 0 0  4 8 3  6.2891760453302341 0.01342788501992535  6.2481320338636319 0.013429861290531074  6.2070880224862002 0.013431838741583468  6.1660440111981574 0.013433817375063006  6.0937499999217808 0.013437304581679759  6.0624999998957891 0.013438812657198288  6.0312499999218332 0.013440321419901946  6 0.013441830870546316 
 0 5 0.56773736128073282 3 1 5
7 0 0  4 5 2  1.3749999998953619 -0.56300116800875932  1.3010416680190584 -0.56250001641646119  1.227083335155803 -0.56200067357230377  1.1531250013198155 -0.56150312323280449  1.0791666665247881 -0.56100734955470577 
 0 5 1 5
7 0 0  4 5 2  6 0.01344183087054507  5.7500000049563811 0.013429755265599318  5.5000000065767782 0.013417723689443576  5.250000004909209 0.013405735742404846  5 0.013393791034767153 
 0 5 1 5
7 0 0  4 5 2  1.0791666665247863 -0.56100734955472342  1.0052083709801176 -0.55952002537258838  0.93125004954435953 -0.55804869057505224  0.85729170332621407 -0.55659291770553065  0.78333333332285271 -0.55515230978280716 
 0 5 1 5
7 0 0  4 5 2  5 0.01339379103476758  4.7500001276281623 0.013357956836013408  4.5000001677352195 0.013322511778146877  4.2500001240688814 0.013287445346615467  4 0.013252747784454823 
 0 5 1 5
7 0 0  4 5 2  0.78333333333333499 -24.846876918057717  0.75000003348201671 -24.847972500728449  0.7166667108419793 -24.849059472632142  0.68333336612764517 -24.850138002327114  0.65000000000000036 -24.851208249462012 
 0 5 1 5
7 0 0  4 5 2  4 0.65346796023789144  3.8873240568406144 0.65349436798020843  3.7746480366489363 0.65352056603103537  3.6619719418399246 0.65354655853236132  3.5492957746478861 0.65357234941770748 
 0 5 1 5
7 0 0  4 5 2  0.78333333333333321 -13.25312308194243  0.75000003348201516 -13.25202749927168  0.71666671084197908 -13.250940527367931  0.68333336612764461 -13.24986199767298  0.65000000000000036 -13.248791750538066 
 0 5 1 5
7 0 0  4 5 2  4 0.34653203976211239  3.8873240568406158 0.34650563201979501  3.7746480366489403 0.34647943396896685  3.6619719418399277 0.34645344146764129  3.5492957746478915 0.34642765058229474 
 0 5 1 5
7 0 0  4 5 2  1.0791666666666657 -12.140949743522556  1.0052083717900093 -12.142455246977528  0.93125005054552479 -12.143944663611691  0.85729170405639277 -12.145418421436577  0.78333333333333499 -12.146876918069399 
 0 5 1 5
7 0 0  4 5 2  5 0.31999173568930123  4.7500001299943984 0.32002803609966063  4.5000001708581099 0.32006394453788145  4.2500001263878042 0.3200994715447763  4 0.32013462690482219 
 0 5 1 5
7 0 0  4 5 2  1.3750000000000036 -12.138931615735219  1.3010416681597561 -12.139438860936234  1.2270833353146107 -12.139944286525552  1.1531250014789525 -12.140447908766671  1.0791666666666657 -12.140949743522622 
 0 5 1 5
7 0 0  4 5 2  6 0.31994307221980312  5.7500000050470552 0.31995530420688889  5.5000000066972703 0.31996749184873496  5.2500000049992748 0.31997963554598297  5 0.31999173568930278 
 0 5 1 5
7 0 0  4 8 3  1.4605479132834489 -12.139517436992005  1.4484057265888757 -12.139434417974334  1.4362635399211652 -12.139351350163999  1.4241213532803791 -12.139268233489158  1.402734374976442 -12.13912174742636  1.3934895833019465 -12.139058398606261  1.3842447916431244 -12.138995021386515  1.3750000000000036 -12.13893161573527 
 0 5 0.56773736061445446 3 1 5
7 0 0  4 8 3  6.2891760449017857 0.31995719879960294  6.2481320335398483 0.31995519689983137  6.2070880222687119 0.31995319381109522  6.1660440110885952 0.31995118953141843  6.093749999920357 0.31994765713713907  6.062499999893892 0.31994612952373375  6.0312499999204086 0.31994460121821705  6 0.31994307221980434 
 0 5 0.56773736061445446 3 1 5
7 0 0  4 8 3  1.4605479132834489 -13.260482563019384  1.4484057265888752 -13.260565582037055  1.4362635399211627 -13.260648649847447  1.4241213532803785 -13.260731766522166  1.4027343749764405 -13.260878252584963  1.3934895833019432 -13.260941601405078  1.3842447916431226 -13.261004978624946  1.3750000000000018 -13.261068384276191 
 0 5 0.56773736061447577 3 1 5
7 0 0  4 8 3  6.2891760449017973 0.34670946786732315  6.248132033539858 0.34671146976709472  6.2070880222687164 0.34671347285582804  6.1660440110885988 0.34671547713550416  6.093749999920357 0.34671900952978346  6.062499999893892 0.34672053714318923  6.0312499999204086 0.34672206544870887  6 0.34672359444712159 
 0 5 0.56773736061447577 3 1 5
7 0 0  4 5 2  1.3750000000000036 -13.261068384276223  1.3010416681597574 -13.260561139075213  1.2270833353146127 -13.260055713485695  1.1531250014789545 -13.259552091244784  1.0791666666666693 -13.259050256488836 
 0 5 1 5
7 0 0  4 5 2  6 0.34672359444712236  5.7500000050470561 0.34671136246003664  5.5000000066972721 0.34669917481818574  5.250000004999273 0.34668703112094273  5 0.34667493097762297 
 0 5 1 5
7 0 0  4 5 2  1.0791666666666675 -13.259050256488841  1.005208371790008 -13.257544753033967  0.93125005054552856 -13.256055336399385  0.85729170405639077 -13.254581578575145  0.78333333333333321 -13.253123081942418 
 0 5 1 5
7 0 0  4 5 2  5 0.34667493097762309  4.750000129994393 0.34663863056726596  4.5000001708581232 0.34660272212903503  4.250000126387798 0.34656719512215578  4 0.34653203976211211 
 0 5 1 5
7 0 0  4 5 2  0.78333333337839761 -37.544847688573583  0.75000003289333628 -37.54592983332607  0.71666671004082405 -37.547003421601318  0.68333336552573976 -37.548068621689119  0.65000000000000036 -37.549125592949245 
 0 5 1 5
7 0 0  4 5 2  4 0.98674725216815551  3.8873240547551053 0.9867733160153529  3.7746480339026296 0.98679917173783649  3.6619719398252473 0.98682482346601064  3.5492957747265956 0.9868502751214232 
 0 5 1 5
7 0 0  4 5 2  0.78333333333332966 -25.953123081930787  0.75000003348201294 -25.952027499260026  0.71666671084197486 -25.950940527356426  0.68333336612764362 -25.949861997661383  0.65000000000000036 -25.94879175052646 
 0 5 1 5
7 0 0  4 5 2  4 0.67986537309518258  3.8873240568406193 0.67983896535286503  3.7746480366489452 0.67981276730204265  3.6619719418399375 0.6797867748007107  3.5492957746479039 0.67976098391536399 
 0 5 1 5
7 0 0  4 5 2  1.0791666666666693 -24.840949743511295  1.005208371790012 -24.842455246966182  0.9312500505455279 -24.843944663600663  0.85729170405639343 -24.845418421424963  0.78333333333333499 -24.846876918057703 
 0 5 1 5
7 0 0  4 5 2  5 0.65332506902238052  4.7500001299943975 0.65336136943273793  4.5000001708581152 0.65339727787096658  4.2500001263878033 0.65343280487784716  4 0.65346796023789111 
 0 5 1 5
7 0 0  4 5 2  1.3750000000000036 -24.838931615723666  1.3010416681597576 -24.839438860924727  1.2270833353146122 -24.839944286514218  1.1531250014789545 -24.840447908755269  1.0791666666666693 -24.840949743511267 
 0 5 1 5
7 0 0  4 5 2  6 0.65327640555287536  5.7500000050470561 0.65328863753996225  5.5000000066972703 0.65330082518181254  5.2500000049992739 0.65331296887905899  5 0.65332506902237986 
 0 5 1 5
7 0 0  4 8 3  1.4605479132834489 -24.839517436980586  1.4510682266046424 -24.83945262210862  1.4415885399422099 -24.839387777496015  1.4321088532961808 -24.839322903108897  1.4107218749609871 -24.839176473729392  1.3988145832813157 -24.839094901515129  1.3869072916276357 -24.839013282202401  1.3750000000000018 -24.838931615723649 
 0 5 0.44324572087849229 3 1 5
7 0 0  4 8 3  6.2891760449017973 0.65329053213267652  6.2571320335931553 0.65328896920310908  6.225088022339861 0.65328740554886655  6.1930440111420149 0.65328584116889787  6.1207499998681207 0.65328231015599281  6.0804999998241662 0.65328034310331362  6.0402499998680579 0.65327837490282925  6 0.65327640555287492 
 0 5 0.44324572087849229 3 1 5
7 0 0  4 8 3  1.4605479132834489 -25.960482563008192  1.4500328099323057 -25.960554457270149  1.4395177066013067 -25.960626388124325  1.4290026032904961 -25.960698355617197  1.4076156249674523 -25.960844807035869  1.3967437499566175 -25.960919293493411  1.3858718749674486 -25.960993819219123  1.3749999999999964 -25.961068384264955 
 0 5 0.49165913630977809 3 1 5
7 0 0  4 8 3  6.2891760449018088 0.68004280120040395  6.2536320335740001 0.68004453484060623  6.2180880223142871 0.68004626937245072  6.1825440111228147 0.6800480047973031  6.1102499998899908 0.68005153634730242  6.073499999853361 0.68005333253419564  6.0367499998899792 0.68005512967806869  6 0.68005692778020133 
 0 5 0.49165913630977809 3 1 5
7 0 0  4 5 2  1.3749999999999982 -25.961068384264898  1.3010416681597516 -25.96056113906387  1.2270833353146045 -25.960055713474809  1.1531250014789471 -25.959552091233501  1.0791666666666604 -25.959050256477536 
 0 5 1 5
7 0 0  4 5 2  6 0.68005692778019999  5.7500000050470561 0.68004469579311388  5.5000000066972685 0.68003250815127381  5.2500000049992757 0.68002036445402136  5 0.68000826431070127 
 0 5 1 5
7 0 0  4 5 2  1.0791666666666622 -25.95905025647756  1.005208371790004 -25.957544753022596  0.93125005054552168 -25.956055336388246  0.85729170405638577 -25.954581578563602  0.78333333333332789 -25.953123081930787 
 0 5 1 5
7 0 0  4 5 2  5 0.68000826431070183  4.7500001299943939 0.67997196390034254  4.5000001708581179 0.67993605546211711  4.2500001263878016 0.6799005284552283  4 0.67986537309518258 
 0 5 1 5
7 0 0  4 5 2  1.0791666665829407 -37.538992654082094  1.0052083710376465 -37.540479976963233  0.93125004960125013 -37.541951310447111  0.85729170338243399 -37.543407081989329  0.78333333337839584 -37.544847688573597 
 0 5 1 5
7 0 0  4 5 2  5 0.98660620904524199  4.7500001276281418 0.98664204321259552  4.5000001677351955 0.98667748823876389  4.2500001240688565 0.9867125546382759  4 0.98674725216815573 
 0 5 1 5
7 0 0  4 5 2  1.3750000000641585 -37.536998831234747  1.3010416681604198 -37.537499983919936  1.2270833352695754 -37.537999327860454  1.1531250014058512 -37.538496879300261  1.0791666665829371 -37.538992654082165 
 0 5 1 5
7 0 0  4 5 2  6 0.98655816910367944  5.750000004956318 0.98657024473494326  5.5000000065766868 0.98658227633749862  5.2500000049091469 0.98659426431103048  5 0.98660620904524365 
 0 5 1 5
7 0 0  4 8 3  1.4605479132834489 -37.537577610702961  1.4500328099458704 -37.537506581311241  1.4395177066280749 -37.537435515546825  1.4290026033301 -37.537364413363058  1.407615625023136 -37.537219722368683  1.3967437500155144 -37.537146131041489  1.3858718750291772 -37.537072500680679  1.3750000000641602 -37.536998831234712 
 0 5 0.49165913609627837 3 1 5
7 0 0  4 8 3  6.2891760447654033 0.98657211498475439  6.2536320334735302 0.98657040353559933  6.2180880222485326 0.98656869120119095  6.182544011090549 0.98656697798016146  6.1102499998919582 0.98656349160417522  6.0734999998559864 0.98656171838791407  6.0367499998919483 0.98655994422150428  6 0.98655816910367855 
 0 5 0.49165913609627837 3 1 5
1 0 0 0 1 
1 27 0 0 1 
7 1 0  3 51 49  10 0  1 9.9999999969320257 -0.26470608200658952  0.99999999994223288 10.000000001427033 -0.79467651928299765  1.0000000000268701 9.9999999996159588 -1.5888106519905136  0.9999999999927689 10.000000000103299 -2.3821690083085949  1.0000000000019447 9.9999999999722746 -3.1750001083685757  0.99999999999947864 10.000000000007404 -3.9678305587033011  1.0000000000001388 9.9999999999980602 -4.7611908577708464  0.9999999999999637 10.000000000000483 -5.5553178977671527  1.0000000000000089 9.9999999999999005 -6.3500000005521153  0.99999999999999845 9.9999999999999929 -7.1446821000218828  0.99999999999999967 10.000000000000036 -7.9388091499969189  1.0000000000000004 9.9999999999999574 -8.7321694123176439  0.99999999999999989 10 -9.5250000000028798  1 9.9999999999999929 -10.317830587670857  1 9.9999999999999929 -11.111190850043188  1.0000000000000004 10.000000000000014 -11.905317899829774  0.99999999999999978 9.9999999999999929 -12.700000000000019  0.99999999999999989 9.9999999999999787 -13.494682100170175  0.99999999999999989 10.000000000000021 -14.288809149957  1.0000000000000002 9.9999999999999787 -15.08216941232839  0.99999999999999989 10.000000000000036 -15.874999999999995  1.0000000000000004 9.9999999999999503 -16.66783058767162  0.99999999999999989 10 -17.461190850043  1.0000000000000002 10.000000000000043 -18.255317899829816  1 9.9999999999999716 -19.050000000000004  1 9.9999999999999787 -19.844682100170175  0.99999999999999967 10.000000000000036 -20.638809149956995  1.0000000000000007 9.9999999999999574 -21.432169412328406  1 10.000000000000043 -22.224999999999977  0.99999999999999978 9.9999999999999503 -23.017830587671629  1.0000000000000002 10.000000000000007 -23.811190850042994  0.99999999999999989 9.9999999999999716 -24.605317899829831  1 10.000000000000043 -25.399999999999977  1 9.9999999999999645 -26.19468210017024  0.99999999999999967 9.9999999999999929 -26.988809149956793  1.0000000000000002 10.000000000000028 -27.782169412329143  1.0000000000000002 9.9999999999999574 -28.574999999997139  0.99999999999999922 10.000000000000057 -29.367830587682334  1.0000000000000009 10.000000000000014 -30.161190850003074  1.0000000000000002 9.9999999999999716 -30.955317899978148  0.99999999999999922 9.9999999999999858 -31.749999999447819  1.0000000000000013 10.000000000000149 -32.544682102233047  0.99999999999999623 9.9999999999994884 -33.338809142228257  1.0000000000000151 10.000000000001783 -34.132169441300341  0.99999999999994271 9.9999999999934488 -34.924999891617119  1.0000000000002145 10.000000000024293 -35.71783099174705  0.99999999999919731 9.9999999999098108 -36.511189347794449  1.0000000000029883 10.000000000335099 -37.305323481546196  0.99999999998889577 9.9999999992795381 -37.835293916167466  1.000000000023874 10 -38.100000000000001  1
 0 4 0.020753200846302881 1 0.041553432551388186 1 0.062419994978511244 1 0.083333333333333329 1 0.10424667168815541 1 0.12511323411527847 1 0.14591346582036377 1 0.16666666666666666 1 0.18741986751296957 1 0.20822009921805484 1 0.22908666164517794 1 0.25 1 0.27091333835482206 1 0.2917799007819451 1 0.31258013248703043 1 0.33333333333333331 1 0.3540865341796362 1 0.37488676588472153 1 0.39575332831184451 1 0.41666666666666663 1 0.43758000502148875 1 0.45844656744861184 1 0.47924679915369717 1 0.5 1 0.52075320084630283 1 0.5415534325513881 1 0.56241999497851125 1 0.58333333333333326 1 0.60424667168815538 1 0.62511323411527842 1 0.6459134658203638 1 0.66666666666666663 1 0.68741986751296935 1 0.70822009921805484 1 0.72908666164517777 1 0.75 1 0.77091333835482201 1 0.79177990078194493 1 0.81258013248703043 1 0.83333333333333326 1 0.85408653417963631 1 0.87488676588472136 1 0.89575332831184451 1 0.91666666666666674 1 0.93758000502148875 1 0.9584465674486119 1 0.97924679915369706 1 1 4
1 1 0 0 1 
1 1 0 0 1 
1 2 0 0 1 
1 2 0 0 1 
1 3 0 0 1 
1 3 0 0 1 
1 4 0 0 1 
1 4 0 0 1 
1 5 0 0 1 
1 5 0 0 1 
1 6 0 0 1 
1 6 0 0 1 
1 7 0 0 1 
1 7 0 0 1 
1 8 0 0 1 
1 8 0 0 1 
1 9 0 0 1 
1 9 0 0 1 
1 10 0 0 1 
1 10 0 0 1 
1 11 0 0 1 
1 11 0 0 1 
1 12 0 0 1 
1 12 0 0 1 
1 13 0 0 1 
1 13 0 0 1 
1 14 0 0 1 
1 14 0 0 1 
1 15 0 0 1 
1 15 0 0 1 
7 0 0  8 30 5  3.3914209573823797 -36.627788228085706  3.4172720776814685 -36.665211028583414  3.4428408481876529 -36.703249161976963  3.46810543153244 -36.741935019241623  3.4930400852837176 -36.781301764638826  3.5176146925250538 -36.82138422793566  3.5417942924349948 -36.86221979662453  3.5655386108663571 -36.903849308142775  3.601675414681424 -36.969820249502085  3.6144014172633034 -36.993578961322612  3.6269717624556548 -37.017601523808764  3.6393777334962869 -37.041895453583884  3.6516097330763304 -37.066468337639805  3.6636572833402323 -37.091327833336784  3.6755090258857623 -37.116481668403566  3.700564107859603 -37.171258217467226  3.7136991417800798 -37.200979524854489  3.7265400218175055 -37.231111887037031  3.7390615108225873 -37.261673272605961  3.7512509413723389 -37.292658246110626  3.7630652111650305 -37.324099693858919  3.7744928706943037 -37.355985338309111  3.8129023921827661 -37.468787093696704  3.8377578243081283 -37.55214244424603  3.8596267228854635 -37.638345965195306  3.8780049640949024 -37.727227173718354  3.8923681749753931 -37.818464576779462  3.9022255726055546 -37.91155473829906  3.9072156747832016 -38.005757297653581  3.907272490106223 -38.100000000000001 
 0 9 0.26476506667483019 7 0.41128708562594873 7 0.58005337669087564 7 1 9
7 0 0  8 30 5  16 0.96147174097499633  15.961887479215926 0.96245347367753009  15.924191229068587 0.96345116978502365  15.886943444574287 0.96446567230398605  15.850182078016964 0.9654978439715155  15.813951531019036 0.96654859059481291  15.778303346612246 0.96761888439070076  15.743296901308504 0.96870978732513868  15.690020112201651 0.97043823984220423  15.671258061218989 0.97106066152711779  15.652725497220759 0.97168993312623708  15.634435271402205 0.97232625004318785  15.616401533155855 0.97296980946646761  15.598639730071524 0.97362081036944492  15.581166607936316 0.97427945351035894  15.544227693215284 0.97571361236283416  15.524862604008279 0.9764916878574047  15.505931188319297 0.97728043666063191  15.487470653492517 0.97808032294938463  15.469499675200218 0.97889121100359  15.452081799552262 0.97971394453779548  15.435233906623679 0.98054821315205276  15.378606431568413 0.98349929023841487  15.341961862592596 0.98567945699581128  15.309720364730422 0.98793360029178445  15.282625171820586 0.99025728964202719  15.261449371179241 0.99264217502988805  15.246916528036786 0.99507518684659335  15.239559578479176 0.99753709510345789  15.239475814051444 1 
 0 9 0.26476506667483019 7 0.41128708562594873 7 0.58005337669087564 7 1 9
1 16 0 0 1 
1 16 0 0 1 
7 0 0  7 68 12  3.3914209575207508 -23.927797028332435  3.4210730044702689 -23.970726025038704  3.4503456647303348 -24.014481719357686  3.4792036593426507 -24.059116415009743  3.507603797262056 -24.104683959025152  3.5354937085018858 -24.151242147747514  3.5628105772793219 -24.198855132837188  3.6043019849066673 -24.27468465148209  3.618923509472832 -24.302121008374744  3.6333316069064874 -24.329917072242544  3.6475116181898062 -24.358085151136958  3.6614470672398887 -24.386637686871062  3.6751196609087629 -24.415587255019535  3.7039667145626667 -24.478839914703677  3.719047286612772 -24.513278350561606  3.7337161341193483 -24.548285511366061  3.7479486387172614 -24.583867688154864  3.7616854042915286 -24.620060286754985  3.7748974945412104 -24.656861271929394  3.8002751021698336 -24.731971258939804  3.8124316874236297 -24.770288156769332  3.8239640104559731 -24.809228885230741  3.8348228291872872 -24.848789087198458  3.8449556605889845 -24.888955463322191  3.8543084657029518 -24.929704372242213  3.8672066834250702 -24.992229756424649  3.8713656540455204 -25.01360333333168  3.8752967587607006 -25.035116082457815  3.8789927292203332 -25.056761909528682  3.8824465164855373 -25.078533705063471  3.8856512910288288 -25.100423344374914  3.8939969330327093 -25.162675244353292  3.8985381722015626 -25.203295515417278  3.9021834492989913 -25.244221507969652  3.9048988776502136 -25.285385237789111  3.9066576180633787 -25.326710361309409  3.9074424175912768 -25.368111744889159  3.9069671557639376 -25.470575712333908  3.9045589622195114 -25.531635150109235  3.9000481313553363 -25.592364895849446  3.8935173485692505 -25.652512357287815  3.8850875758241235 -25.711874345911006  3.8749006726287685 -25.770291241843456  3.8545980570444107 -25.869019186979649  3.8452514797687507 -25.909847662418734  3.8351212246033497 -25.950092334234284  3.8242616128291371 -25.989729249060474  3.8127254226696303 -26.028744893803587  3.8005621827002281 -26.067134780857462  3.7751788734417091 -26.14234889519647  3.7619688865717227 -26.179182229009786  3.7482331345778492 -26.215406591812521  3.7340003088556202 -26.251019319514405  3.7193301243901384 -26.286056253974753  3.7042472933429416 -26.320523519516616  3.6753983140061623 -26.383819873734048  3.6617264340582851 -26.412784753846037  3.6477912764006599 -26.441352190381338  3.6336111733552738 -26.469534769392364  3.6192026357112321 -26.497344944963313  3.6045803527247484 -26.524795039210144  3.5630540645343953 -26.600720405280448  3.535700873721042 -26.648411978345301  3.507772560667509 -26.695045239670524  3.4793322730309106 -26.740684648090202  3.4504326421987979 -26.785388267735676  3.4211170603508916 -26.829210192694056  3.3914209575208218 -26.872202971666745 
 0 8 0.13282299050635293 6 0.2066425920129058 6 0.29186235989749598 6 0.37772563797603581 6 0.42186591558581688 6 0.50263577882190358 6 0.62184550591600041 6 0.70784988185345254 6 0.79312465766358631 6 0.86697056488105639 6 1 8
7 0 0  7 68 12  16 0.62813865033201666  15.956283741651472 0.62926483493738172  15.913126816240677 0.63041246669333106  15.870581235827952 0.63158290656248528  15.828710677328814 0.6327775548273713  15.787592350248275 0.63399791401127181  15.747318864415076 0.63524565179907511  15.686147738584566 0.63723239446743529  15.664591103844581 0.63795114643573947  15.643349126493311 0.63867923632082335  15.622443418442119 0.63941698395272073  15.601898270516458 0.64016471253371299  15.581740652455855 0.64092274863832954  15.539211202388721 0.64257880418649893  15.516977790142127 0.64348033769328739  15.495351386799038 0.64439663368517175  15.47436828741974 0.64532786338315762  15.454116060187499 0.64627493055299012  15.434637366131055 0.64723779349924526  15.397222949067396 0.64920272926813072  15.379300394766293 0.65020500703064321  15.362298195427456 0.65122348448517353  15.346288949056541 0.65225805073098242  15.331350031817111 0.65330836239362688  15.317561113792575 0.65437380731160144  15.298545164602441 0.65600849632601399  15.292413559778764 0.65656727229448941  15.286617899546048 0.65712966439525666  15.281168899693295 0.65769551448312336  15.276076952529461 0.658264638000852  15.271352126883469 0.65883682397915921  15.259048077771883 0.66046401610563865  15.25235289126193 0.66152572803189502  15.246978629052892 0.66259538584601285  15.242975250549874 0.66367122320098437  15.240382324995624 0.66475125636918209  15.239225288553182 0.66583327251324576  15.239925971000586 0.66851115087519764  15.24347639068392 0.67010693319128911  15.250126745978488 0.67169414210596046  15.259755133117492 0.67326621458652414  15.272183216877496 0.67481787375928437  15.287201852610128 0.67634497429192264  15.317134166879951 0.67892615177209314  15.330913903150826 0.67999367450093862  15.345849022223755 0.68104603091758242  15.36185943778445 0.68208260075990901  15.378867338460909 0.68310303510861836  15.39679970386428 0.68410721968337307  15.434222526888105 0.68607487494668651  15.45369811991454 0.68703858202991674  15.473948852816655 0.68798647801955981  15.494932425632339 0.68891850518047137  15.516560800065006 0.689835578441932  15.538797542769693 0.69073786470752319  15.581329831887043 0.6923950607928554  15.601486397702857 0.69315349627882483  15.622031116026204 0.69390161356580371  15.642936959362965 0.69463973949891133  15.664179585720055 0.69536819759806223  15.685737338605405 0.69608730805796382  15.746959889138788 0.6980765581670374  15.78728692485034 0.69932635345959482  15.82846186804279 0.70054867888794015  15.870391619602389 0.7017452101203342  15.912998584638737 0.70291745663996896  15.956218789701969 0.70406682515378594  16 0.70519468300129595 
 0 8 0.13282299050635293 6 0.2066425920129058 6 0.29186235989749598 6 0.37772563797603581 6 0.42186591558581688 6 0.50263577882190358 6 0.62184550591600041 6 0.70784988185345254 6 0.79312465766358631 6 0.86697056488105639 6 1 8
7 0 0  7 68 12  3.3914209575207934 -11.22779702833324  3.4210730044702626 -11.270726025039677  3.4503456647302904 -11.314481719358904  3.4792036593425784 -11.359116415011053  3.5076037972619836 -11.404683959026455  3.5354937085018503 -11.451242147748856  3.5628105772793468 -11.498855132838644  3.604301984906694 -11.574684651483414  3.6189235094728569 -11.602121008375997  3.6333316069065154 -11.629917072243709  3.6475116181898346 -11.658085151138033  3.6614470672399158 -11.686637686872045  3.6751196609087913 -11.715587255020418  3.7039667145627266 -11.778839914704351  3.7190472866127111 -11.813278350561806  3.7337161341195708 -11.84828551136704  3.7479486387170873 -11.883867688153998  3.7616854042917396 -11.920060286755657  3.7748974945411717 -11.956861271929004  3.8002751021698691 -12.031971258939336  3.8124316874236648 -12.070288156768713  3.8239640104560073 -12.109228885229996  3.8348228291873205 -12.148789087197597  3.8449556605890125 -12.188955463321209  3.8543084657029709 -12.2297043722411  3.8672066834250884 -12.29222975642341  3.8713656540455466 -12.313603333330411  3.8752967587607303 -12.335116082456512  3.8789927292203621 -12.356761909527355  3.8824465164855613 -12.378533705062134  3.8856512910288452 -12.400423344373559  3.8939969330327067 -12.462675244351763  3.8985381722016301 -12.503295515415957  3.9021834492989376 -12.544221507967963  3.9048988776501781 -12.585385237787388  3.9066576180634653 -12.626710361307929  3.9074424175912315 -12.668111744887298  3.9069671557639931 -12.770575712311635  3.9045589622211616 -12.831635150066374  3.9000481313598323 -12.89236489578653  3.8935173485780012 -12.952512357205379  3.8850875758383681 -13.011874345809646  3.874900672649304 -13.070291241724091  3.8545980570731979 -13.169019186851282  3.8452514797982338 -13.209847662298378  3.8351212246331063 -13.250092334121783  3.8242616128587903 -13.289729248955677  3.8127254226989047 -13.328744893706345  3.8005621827289091 -13.367134780767591  3.7751788734698764 -13.442348895117167  3.7619688865999117 -13.47918222893404  3.7482331346065743 -13.515406591739728  3.7340003088838358 -13.551019319445324  3.719330124418557 -13.586056253908451  3.7042472933710067 -13.62052351945349  3.6753983140340654 -13.683819873675512  3.6617264340862912 -13.712784753789141  3.6477912764287188 -13.741352190326042  3.6336111733833318 -13.769534769338607  3.619202635739236 -13.797344944911023  3.6045803527526585 -13.824795039159278  3.563054064558842 -13.900720405239269  3.5357008737418796 -13.948411978312038  3.5077725606845256 -13.995045239644748  3.4793322730439149 -14.040684648071521  3.4504326422076046 -14.085388267723788  3.4211170603553405 -14.129210192688708  3.3914209575208076 -14.172202971667613 
 0 8 0.13282299050702392 6 0.20664259201381574 6 0.29186235989866743 6 0.37772563797703673 6 0.42186591558680947 6 0.50263577882262933 6 0.62184550587645937 6 0.70784988182726005 6 0.79312465764222428 6 0.86697056486172974 6 1 8
7 0 0  7 68 12  16 0.29480531699870377  15.956283741651545 0.29593150160407317  15.913126816240799 0.29707913336002828  15.870581235828112 0.29824957322918488  15.828710677328985 0.29944422149407107  15.787592350248394 0.30066458067797258  15.747318864415105 0.30191231846577871  15.686147738584593 0.30389906113413589  15.664591103844609 0.30461781310243791  15.643349126493336 0.30534590298751974  15.622443418442144 0.30608365061941478  15.601898270516482 0.30683137920040471  15.581740652455883 0.30758941530501893  15.539211202388699 0.30924547085318305  15.516977790142327 0.31014700435995862  15.495351386798589 0.31106330035186297  15.474368287420301 0.31199453004980549  15.454116060187149 0.31294159721967174  15.43463736613116 0.31390446016590173  15.397222949067389 0.3158693959347853  15.37930039476629 0.31687167369729391  15.362298195427444 0.31789015115182079  15.346288949056511 0.31892471739762662  15.331350031817086 0.31997502906026803  15.317561113792566 0.3210404739782392  15.298545164602428 0.3226751629926482  15.292413559778748 0.32323393896112279  15.286617899546034 0.32379633106188915  15.281168899693288 0.32436218114975535  15.27607695252946 0.3249313046674836  15.271352126883471 0.32550349064579037  15.25904807777191 0.32713068277226531  15.25235289126187 0.32819239469852646  15.246978629052972 0.32926205251263546  15.242975250549909 0.33033788986760598  15.240382324995506 0.33141792303580969  15.239225288553266 0.33249993917986348  15.239925971000522 0.33517781754128201  15.243476390681577 0.33677359985683619  15.250126745971865 0.33836080877098229  15.259755133104587 0.33993288125103527  15.272183216856567 0.34148454042330234  15.287201852579846 0.34301164095546927  15.317134166837503 0.3455928184354039  15.330913903107406 0.34666034116445837  15.345849022179934 0.34771269758130757  15.361859437740739 0.34874926742383544  15.37886733841774 0.34976970177274197  15.396799703822031 0.35077388634768952  15.434222526846613 0.35274154161127858  15.453698119872902 0.35370524869460074  15.473948852774502 0.35465314468432274  15.494932425590646 0.35558517184532967  15.516560800023138 0.35650224510686301  15.538797542728307 0.35740453137253714  15.581329831845895 0.35906172745798909  15.601486397661574 0.35982016294400132  15.622031115984857 0.36056828023102144  15.642936959321633 0.36130640616416915  15.664179585678804 0.36203486426335807  15.685737338564293 0.36275397472329696  15.746959889102783 0.36474322483262372  15.787286924819592 0.36599302012538765  15.828461868017696 0.36721534555392921  15.870391619583293 0.36841187678650994  15.912998584625834 0.36958412330632295  15.956218789695393 0.37073349182031101  16 0.37186134966798434 
 0 8 0.13282299050702392 6 0.20664259201381574 6 0.29186235989866743 6 0.37772563797703673 6 0.42186591558680947 6 0.50263577882262933 6 0.62184550587645937 6 0.70784988182726005 6 0.79312465764222428 6 0.86697056486172974 6 1 8
7 0 0  8 30 5  3.907272490106223 0  3.907215739021574 -0.094134646775475173  3.9022370128098034 -0.18823012725557259  3.8924018817375297 -0.28121858738274841  3.8780699604710009 -0.37236044733891061  3.8597303543910084 -0.46115230265684404  3.8379059837123704 -0.54727290799836681  3.8130992779259492 -0.63055229363375143  3.7747435004534022 -0.74331125157236122  3.7633175864377635 -0.77522170717446948  3.7515042727273284 -0.80668754483110328  3.7393151216774299 -0.83769630814638307  3.7267929380469176 -0.86828073181365828  3.713950917768265 -0.89843568142027941  3.7008140578081417 -0.92817893896690806  3.6756808703448871 -0.98315668003639345  3.6637503181326596 -1.0084860504756823  3.6516211678334365 -1.033516969827412  3.6393050185555924 -1.0582573258693673  3.6268125647618481 -1.0827149339540516  3.6141535962692757 -1.1068975370086884  3.6013369982492947 -1.1308128055352225  3.5651538310979309 -1.1968251273504897  3.5414584471764723 -1.2383472808853107  3.5173302614764728 -1.2790796267383839  3.4928092148755892 -1.3190626958298921  3.4679299906929657 -1.3583336029963111  3.4427224782662513 -1.3969269285101276  3.4172122365286066 -1.4348755995995548  3.3914209575857228 -1.472211771968247 
 0 9 0.41947407026946743 7 0.58832535739788971 7 0.73584906880182355 7 1 9
7 0 0  8 30 5  15.239475814051444 0  15.239559481021468 0.0024600810282747704  15.246899657440036 0.004919190814230149  15.261399672412971 0.0073495441430173024  15.282529342858796 0.0097319310622349386  15.309567576457155 0.012053282569432579  15.341743427438495 0.014305255035954621  15.378316159730712 0.016483431400064599  15.434864400669332 0.019433382784384567  15.45170972047022 0.020268298848078101  15.469126186834835 0.021091668870491811  15.487096753254125 0.021903177775994855  15.505558312360741 0.022703665550269453  15.524491409258481 0.023493004024193048  15.543859190726623 0.024271652693871739  15.580913257184076 0.025711076508214144  15.598502569121139 0.026374315210178505  15.616384675853157 0.027029804916313578  15.634542476719972 0.027677750542461729  15.652960204787878 0.028318355167338508  15.671623426849608 0.028951820032532573  15.690519043424343 0.029578344542505745  15.743864186321135 0.031307886298901799  15.778798487002923 0.032395978631055526  15.814370870923938 0.033463569185172487  15.850522452921444 0.034511711957661423  15.887202099093823 0.035541372076775789  15.924365743345303 0.036553448862168041  15.961975703930674 0.037548798884443887  16 0.038528259024716509 
 0 9 0.41947407026946743 7 0.58832535739788971 7 0.73584906880182355 7 1 9
1 1.3854483767992019 0 0 1 
1 0.53945208671655109 0 0 -1 
7 0 0  6 22 5  1.4243968021550728 -34.827559779156793  1.3941041975644497 -34.86976526827047  1.3638165765378163 -34.911975668723898  1.3335481652911902 -34.954205225390645  1.3033132285031626 -34.996468085850374  1.2731260693148967 -35.038778300388906  1.1786717250505196 -35.171630382613813  1.1146267853985143 -35.262389588560275  1.0510045085730373 -35.35356506444581  0.98794987712207416 -35.445290341161133  0.92561455794267167 -35.537694855879238  0.83664170015367301 -35.67263458908976  0.80930313440718538 -35.71452666798691  0.78215311084262751 -35.756589598099715  0.75520844267230947 -35.798835383798227  0.72849274816337317 -35.841282301395687  0.67415982105579275 -35.928853345252342  0.64656988610724353 -35.974000803579877  0.61927861520545402 -36.01940104756553  0.59231098507596502 -36.065069564660412  0.56569307898041721 -36.111021052148537  0.53945208671655109 -36.157269417146743 
 0 7 0.19615761068472468 5 0.61503448623013579 5 0.80256981885828116 5 1 7
7 0 0  6 22 5  9 0.91387538941854418  8.9811293079782217 0.91508411233590159  8.9622617204533146 0.91629343722064338  8.9434060996061771 0.91750347707364177  8.9245713315778996 0.91871433875387742  8.9057663264697755 0.91992612297843956  8.846926260888214 0.92372875214462524  8.8070296475712517 0.92632318889261978  8.7673963308635283 0.92892322577788911  8.728116627231719 0.93152965033225354  8.6892850171380331 0.93414304640797186  8.6338596279989375 0.9379371289532632  8.6168291460894153 0.93911194491277861  8.5999161159966526 0.94028820765502141  8.5831310114631503 0.94146598322894359  8.566488545421354 0.94264554884909779  8.5326420027433425 0.94507070548395034  8.5154549311006935 0.94631650302623671  8.4984539113774229 0.94756450119155333  8.4816545027539512 0.94881481452373972  8.4650729537243787 0.95006752356010027  8.4487262020964593 0.9513226748314022 
 0 7 0.19615761068472468 5 0.61503448623013579 5 0.80256981885828116 5 1 7
7 0 0  8 142 21  1.424396802155087 -34.827559779156815  1.4434589434192453 -34.801338318579212  1.4625270296911108 -34.775122854136072  1.4815981650148677 -34.748910457764801  1.5006694460589003 -34.722698196969816  1.5197379621157905 -34.696483134822543  1.5388007951023208 -34.670262329961432  1.5578550195594738 -34.644032836591954  1.601693253084149 -34.583623026085142  1.6264692052903231 -34.549434628913474  1.651219099047446 -34.51521999442469  1.675936397208792 -34.480972603648112  1.7006144857044168 -34.446685937189365  1.725246673541156 -34.41235347523039  1.7498261928026271 -34.377968697529404  1.8038302386066114 -34.302108417331809  1.833227638813663 -34.260606414243917  1.8625291181773054 -34.219010063738914  1.8917167231203942 -34.177302412104311  1.9207832713483608 -34.135477243413035  1.9497189485131199 -34.093526302252286  1.9784995195575594 -34.051427951945556  2.0325518159372877 -33.971594222286967  2.0578585580740243 -33.933892054678466  2.0830187677310361 -33.896053421820369  2.1080198699578339 -33.858068160723271  2.1328487900565216 -33.819926182874212  2.1574919535817885 -33.781617474236725  2.1819352863409143 -33.743132095250814  2.2373390301315643 -33.654701900005435  2.2681588484972028 -33.60463549135342  2.2985910028681147 -33.554238493483233  2.3286063437928415 -33.50349281799916  2.3581666966683326 -33.452376456020076  2.387233974818622 -33.400869819224916  2.4157759921454134 -33.348959655283785  2.4771561915250233 -33.234099748216458  2.5097471248795449 -33.170970557371589  2.5414373310880762 -33.107196071064593  2.572137379752935 -33.04274146932093  2.6017484031373734 -32.97757723849071  2.6301626007276231 -32.911679463615876  2.6572637437949296 -32.845030120797482  2.6917923264121195 -32.754332157098482  2.700485365645263 -32.730956299737429  2.7090016060150859 -32.707489489428454  2.7173357550570318 -32.683931616852995  2.72548241948392 -32.660282771425244  2.7334361051859442 -32.636543241292173  2.7411912172306767 -32.61271351333351  2.7581399269729432 -32.559024106910456  2.7672216947088843 -32.529115676905136  2.7759739205597542 -32.499069184479588  2.7843900524564305 -32.468888429611077  2.7924642471712287 -32.438578029016938  2.8001885973364469 -32.408142172043227  2.807553767082037 -32.377584914345256  2.8196738247437692 -32.324471172624385  2.8245986391692304 -32.301968278175856  2.8293243757811419 -32.279405311649128  2.8338479317986351 -32.256784397560942  2.8381662054475947 -32.234107799310138  2.8422760959606599 -32.21137791917765  2.8461745035772248 -32.188597298326513  2.8520618692495017 -32.152113274058181  2.8542710483736751 -32.137929771249858  2.8564779542000207 -32.123200191481672  2.8586809617093052 -32.107857085064772  2.8608829614710216 -32.091783110046777  2.8630878927995385 -32.074810366507975  2.8652955821743853 -32.056719424623431  2.8718500179230886 -31.998660421546035  2.8755682950549772 -31.959982460037942  2.8786326450483219 -31.921221094600604  2.881041271308403 -31.882388567708041  2.8827577206786965 -31.843509696271262  2.8838042468658718 -31.804594327638153  2.8841373818051803 -31.7656707917684  2.8828546808970077 -31.629481409319958  2.8775704861395885 -31.53227404271998  2.8680750635144201 -31.435446289895072  2.8545735710780105 -31.339261691496006  2.8372958833514903 -31.243938540478982  2.8164780995833403 -31.1496538254558  2.7923492044911664 -31.056546233235714  2.7461885539019204 -30.900857150000764  2.7257533946342725 -30.837616924635164  2.7039226832190053 -30.775014057485912  2.6808009546460654 -30.713055107512357  2.6564883317955479 -30.651738144841758  2.631078252403019 -30.591053770259386  2.6046565905505434 -30.5309856789567  2.5610826305876482 -30.436245685658733  2.5445354468938346 -30.40118988296036  2.5276771804468052 -30.366338933329583  2.5105236593076055 -30.33168809456944  2.4930899807534881 -30.297232309398936  2.4753905112779253 -30.262966205453015  2.4574388865906003 -30.228884095282528  2.414517395641115 -30.148887100312546  2.3893450615385263 -30.103123299107182  2.3637635281737928 -30.05767366952977  2.3377954165361152 -30.012528794122865  2.3114669614446863 -29.967675359893615  2.2848044102558069 -29.923098588820281  2.2578284855792372 -29.87878609239953  2.2052365010873438 -29.793795838632985  2.1796603499128904 -29.753084242101618  2.1538511308311992 -29.712576527696871  2.127825697334742 -29.672261142653106  2.1016002610647382 -29.632126426630716  2.0751903918111494 -29.59216061171615  2.0486110175126826 -29.552351822421915  2.0057980327503975 -29.488833991110937  1.9896636266106358 -29.465032318044337  1.9734760951675703 -29.441280695128111  1.9572386019018631 -29.417576437166694  1.9409543593355254 -29.393916755766366  1.9246264039226861 -29.370298979974123  1.9082573709403483 -29.34672077691658  1.8652543654784901 -29.28502514817141  1.8385569130456891 -29.246969180668213  1.8117664736039838 -29.209003896597658  1.7848924451617281 -29.171120706989839  1.7579440622123983 -29.133311007236372  1.7309303957345883 -29.095566177090497  1.7038603531920111 -29.057877580666997  1.6591381881263414 -28.99580044195222  1.6415136412880877 -28.971384380971561  1.6238714396896168 -28.946986021048684  1.6062139708626197 -28.922603001177968  1.5885436081996043 -28.898232961799735  1.5708627109538924 -28.873873544800247  1.5531736242396208 -28.849522393511734  1.5215981779381231 -28.80607993949301  1.5077140754250418 -28.786986364922036  1.4938274978312491 -28.767895292526276  1.4799395700190796 -28.748805587231445  1.4660514153744528 -28.729716115362152  1.4521641558068694 -28.710625744641863  1.4382789117494137 -28.691533344192965  1.4243968021587534 -28.672437784536694 
 0 9 0.045689789655645428 7 0.10518263938120899 7 0.17671971687869165 7 0.24033101623590239 7 0.32217824166729753 7 0.41995752146499132 7 0.45373171496719295 7 0.49576747146885092 7 0.52652157021406865 7 0.54491762864102167 7 0.58134607008058736 7 0.67240137403777922 7 0.73572505357145346 7 0.77327222751770697 7 0.82431786117900552 7 0.87173009184014449 7 0.90024417467897699 7 0.94646093474021087 7 0.97646433729569504 7 1 9
7 0 0  8 142 21  9 0.9138753894185444  9.0118747067784604 0.91312443306210056  9.0237531169825118 0.91237381810160967  9.0356334265846989 0.91162352057335405  9.0475138269628399 0.91087351626973712  9.0593925049000266 0.91012378073928524  9.0712676425846066 0.90937428928664443  9.083137417610196 0.90862501697258291  9.1104463207159085 0.90690056082047643  9.1258804297971032 0.90592551251990105  9.1412983058413673 0.90495073784258373  9.1566958765517317 0.90397618113162936  9.172069021712117 0.90300178694293043  9.1874135731873352 0.90202750004516552  9.2027253149231054 0.90105326541979991  9.2363669819240055 0.89890755842151104  9.2546800089154253 0.89773607550888279  9.2729332822899373 0.89656456246651528  9.2911156179173613 0.89539273932469965  9.3092225416078698 0.89422068421051881  9.3272479395413619 0.8930484072442183  9.3451767145575158 0.89187547492175012  9.3788484391180642 0.88965812665923028  9.3946132022794462 0.88861386370536555  9.4102866834486711 0.88756885904953298  9.4258610490960262 0.88652298337095548  9.4413281543755723 0.88547611270005988  9.4566795431251425 0.88442812841847351  9.4719064478663366 0.88337891725902573  9.5064200527548568 0.88097665750123866  9.5256191711001712 0.87962276678916296  9.5445767952606158 0.87826635494353766  9.5632747666682718 0.87690744753056704  9.5816893045624809 0.87554565947990559  9.5997966829565335 0.87418077699742758  9.6175768516119824 0.87281311919399274  9.6558134725409115 0.86980419666694375  9.6761159019398075 0.8681615458080103  9.6958572259204949 0.86651320865379844  9.714981734070653 0.86485841684850506  9.7334278370143767 0.8631965674496046  9.7511283807276943 0.86152722112281943  9.7680109608540402 0.85985010033708786  9.7895204433594998 0.85758306294531539  9.7949357474679193 0.85700010757062373  9.8002409152264178 0.8564162211945292  9.8054326497092141 0.85583140836684535  9.8105075911833737 0.8552456784281276  9.815462317108798 0.85465904550967453  9.8202933421382141 0.85407152853352664  9.8308514927502202 0.85275084991273287  9.8365089541757147 0.85201721451552515  9.8419611284196069 0.85128233729088187  9.8472039338890021 0.85054619382328811  9.8522337305617746 0.84980875241290044  9.8570455925656848 0.84907002382227448  9.8616337041470299 0.84833005136860629  9.8691838596553225 0.84704655908450299  9.872251758818793 0.8465036149239813  9.8751956430235452 0.84596001797586662  9.8780135794010544 0.84541578015226637  9.8807036357099438 0.84487091618144128  9.8832638803359849 0.84432544360780559  9.8856923822921079 0.8437793827919281  9.8893599000218497 0.84290578385450998  9.8907361018847642 0.84256637370076859  9.8921108876033443 0.84221411627698173  9.8934832448763625 0.84184741494434734  9.8948549743758107 0.84146348491303458  9.8962285300864696 0.84105834310133254  9.8976038039143699 0.8406267895384979  9.9016868710542401 0.83924274285722389  9.9040031612364139 0.83832185212938137  9.9059120893640511 0.83739991267527536  9.9074125362544656 0.83647701403741814  9.9084817935158025 0.83555354190999964  9.9091337240329267 0.83462952399729817  9.9093412494975102 0.8337054261763277  9.9085421946087031 0.8304717807948222  9.9052504204878478 0.82816313687785248  9.8993352739235139 0.82585970137141174  9.890924557544567 0.82356452934604329  9.8801614710313128 0.82127973184712766  9.867193091740214 0.81900661621345672  9.8521620650508979 0.81674574568067682  9.8234064188287373 0.8129329893152667  9.8106763943838544 0.81137484775680735  9.7970770146909327 0.80982298709699407  9.7826733995251587 0.80827771192391629  9.7675279201504441 0.80673912571361006  9.7516987833388757 0.80520713006072531  9.7352394841060494 0.80368143533723335  9.7080952094652719 0.80126040064968462  9.6977871883650852 0.8003612899419742  9.6872853791470295 0.79946416374046714  9.6765996418567877 0.79856892460480533  9.6657393813003623 0.79767546456985572  9.6547135470440733 0.79678366514570975  9.6435306334145547 0.7958933973176846  9.616792812493145 0.79379608900063159  9.6011117784349462 0.79259021837267685  9.585175834858159 0.79138655219247123  9.5689990734438659 0.79018527845567366  9.5525978370981868 0.78898625624867114  9.5359884765371632 0.78778924212179868  9.5191839008517469 0.7865942463784199  9.486421873435205 0.78429278175633221  9.4704892826786029 0.78318608386354782  9.4544115029309257 0.78208083380023763  9.4381990330274643 0.78097690346815796  9.4218619719640806 0.77987415763982004  9.4054100188972267 0.77877245395849071  9.3888524731439365 0.77767164293819169  9.3621822458437656 0.77590997435137232  9.3521313633488834 0.77524864518538728  9.3420473865971445 0.77458755473419272  9.3319322862698488 0.77392666587985237  9.3217880635984631 0.77326593759118467  9.3116166101334628 0.77260533239690465  9.3014195675131752 0.77194482385876573  9.274630967357723 0.77021396933147657  9.2579998651658979 0.76914376645100468  9.2413108369808903 0.76807372758530512  9.2245697372653233 0.76700378368103461  9.2077823186206906 0.76593386444948419  9.1909542317873516 0.76486389836658009  9.174091025644536 0.76379381267288415  9.1462314798950448 0.76202872005000843  9.1352523184829462 0.76133382554468798  9.124262159088099 0.76063882981126019  9.1132624890165914 0.7599437128432267  9.1022547867665438 0.75924845467396129  9.0912405220281158 0.75855303537670926  9.080221155683498 0.75785743506458914  9.0605513210610997 0.75661582440414421  9.0519022588212508 0.75606989139687553  9.0432516547369026 0.75552382531019113  9.0346002095378477 0.75497761666461571  9.0259486230341555 0.75443125605979167  9.0172975941161635 0.75388473417448054  9.0086478207544864 0.75333804176656272  9 0.75279116967303672 
 0 9 0.045689789655645428 7 0.10518263938120899 7 0.17671971687869165 7 0.24033101623590239 7 0.32217824166729753 7 0.41995752146499132 7 0.45373171496719295 7 0.49576747146885092 7 0.52652157021406865 7 0.54491762864102167 7 0.58134607008058736 7 0.67240137403777922 7 0.73572505357145346 7 0.77327222751770697 7 0.82431786117900552 7 0.87173009184014449 7 0.90024417467897699 7 0.94646093474021087 7 0.97646433729569504 7 1 9
7 0 0  5 14 4  1.3565683830026387 -34.479226321864907  1.4162163846994307 -34.538519560501911  1.4759803556423132 -34.597442570538355  1.5358309821155349 -34.656085580154546  1.5957427566262639 -34.714529244696202  1.6975896550085188 -34.813613333308531  1.7395057077483407 -34.854315636768199  1.7814317220194336 -34.894985374709321  1.823359646636737 -34.935648829047651  1.8992122793593036 -35.009260270708921  1.9331390474596966 -35.042201482682742  1.9670576022293051 -35.075169547944746  2.0009635979792186 -35.108178576473833  2.0348525745135078 -35.141242936608187 
 0 6 0.4415860378228475 4 0.75020768553089123 4 1 6
7 0 0  5 14 4  19 0.90491831822148228  18.912060457188609 0.90648058205776072  18.823949939958052 0.90803329414687584  18.735711665762221 0.90957878187026342  18.647383240508994 0.91111912597218503  18.497229514893665 0.91373070478060359  18.435432331258852 0.91480353613058596  18.37362046125606 0.91587552714070664  18.311805774813934 0.91694735594421162  18.199975610302335 0.91888762521098177  18.149957095165139 0.91975589086995679  18.099950689009162 0.92062484939551381  18.049962798719505 0.92149486486302956  18 0.92236630799959551 
 0 6 0.4415860378228475 4 0.75020768553089123 4 1 6
7 0 0  6 12 3  2.0348525745135078 -35.141242936608187  2.126321037387338 -35.228098556018814  2.2176184801092478 -35.315519191658311  2.3086768119761221 -35.40373797595781  2.3994157028737302 -35.493004353462112  2.4897381805195518 -35.583598475971392  2.6018770288092163 -35.698868956237426  2.6242053010936215 -35.721960536251189  2.6464975620896372 -35.745162437164105  2.6687517021152112 -35.768480196678155  2.6909655285853429 -35.791919395660017  2.7131367660120844 -35.815485658141093 
 0 7 0.8005842120303972 5 1 7
7 0 0  6 12 3  18 0.92236630799959551  17.865147287790542 0.92465547171242768  17.730546712007474 0.92695932384437651  17.59629865933805 0.92928388196251921  17.46252156113426 0.93163558112109146  17.329358384434041 0.934021645219691  17.164031151841275 0.93705662552985014  17.131112395124216 0.93766455916537172  17.098246730147583 0.93827534511693933  17.065437267233076 0.93888912662511992  17.03268723892695 0.9395060485005019  17 0.94012625712369446 
 0 7 0.8005842120303972 5 1 7
7 0 0  6 17 4  2.7131367660120986 -35.815485658141107  2.7761301325059597 -35.88017766973126  2.8387468672244349 -35.946026106750558  2.9009358862378023 -36.013166584152479  2.9626311113464681 -36.081748973501014  3.0237443539900504 -36.151957437374683  3.1102976663810451 -36.255214549240755  3.1363057887835404 -36.286747508000595  3.1621730104587695 -36.318648255463977  3.1878879933443192 -36.350937927034956  3.2134376172205319 -36.383639878107864  3.2647758687818973 -36.450702647056303  3.2905555917629732 -36.48508466261206  3.3161308123005817 -36.519951445864166  3.3414793227587918 -36.555341374182788  3.3665844450283871 -36.591274917417799  3.3914209573823939 -36.627788228085699 
 0 7 0.53317073324742636 5 0.76385955744740275 5 1 7
7 0 0  6 17 4  17 0.94012625712369469  16.907128358167558 0.94182879877501058  16.814811987688199 0.94356134160028349  16.723126202024989 0.94532740316576458  16.632168420813684 0.94713086740217289  16.542068661172433 0.94897650407533707  16.414462396045213 0.95168996493970326  16.376118405835498 0.95251848765526381  16.337982146731402 0.95335654610249365  16.300070334530727 0.95420468723881324  16.262402312480152 0.95506351528008937  16.186713903066437 0.95682443205513146  16.148706643981626 0.95772706984352962  16.111000884532455 0.95864227258543855  16.073629365611573 0.95957102353182855  16.03661667590033 0.96051386741439326  16 0.96147174097499599 
 0 7 0.53317073324742636 5 0.76385955744740275 5 1 7
7 0 0  6 12 3  0.89250221256125084 36.738358890300084  0.92219725858263502 36.702929273314105  0.95228031120232026 36.666996368151572  0.98278479064652824 36.63055487965503  1.0137406221237113 36.593601569657615  1.0451747986692219 36.55613608119058  1.1254640936287224 36.460669462984669  1.1749626270347129 36.402017480866093  1.2257066308077813 36.342219529937637  1.2777352457402693 36.281362484251744  1.3310257785983772 36.219615435366883  1.3854483767992019 36.157269417146765 
 0 7 0.39777588452946483 5 1 7
7 0 0  6 12 3  8 0.96669684637227127  8.0409392813113261 0.96578435178899191  8.0806031561392047 0.96485532465410717  8.1188841003047472 0.96390939637061079  8.1556503077907276 0.96294623544469726  8.1907473606512138 0.96196557152313023  8.2743435251329167 0.95945573588112987  8.3204527666658059 0.95790385941175116  8.361734946387676 0.95631142186305851  8.3974358222917349 0.95468028345442668  8.426689640124529 0.95301469986619813  8.4487262020964629 0.95132266847202673 
 0 7 0.39777588452946483 5 1 7
7 0 0  8 16 3  0.89250221256124906 36.73835889030007  0.8554563136161909 36.783059843712635  0.81897913485175566 36.827002141337893  0.78301312418225444 36.870195234796398  0.7475043265177499 36.91264011015943  0.71240033257862512 36.954330155870316  0.67764781250964623 36.995249922383593  0.64318963429351939 37.035371773522371  0.57366006745706011 37.115160910124025  0.53861852138135125 37.154758052584398  0.50375556021998269 37.193397406792108  0.46900231092842093 37.231021656812189  0.43427665115216685 37.267474225838207  0.39951163739289985 37.302620729261996  0.36460925823950951 37.336182146022345  0.32944299817107464 37.367782264065667 
 0 9 0.4922807502898513 7 1 9
7 0 0  8 16 3  8 0.96669684637227082  7.9489264142637364 0.96784812548072208  7.8959535634550537 0.96897445279954497  7.841253015455103 0.9700764645615757  7.7849691414023354 0.97115455459327638  7.7272215750033793 0.97220890423307138  7.6681050394666261 0.9732394602380271  7.6076865420584987 0.97424586067887187  7.4823787664858257 0.97623953632820315  7.4174361519940817 0.97722479347629765  7.351191944969905 0.97818247146713588  7.2836643743448279 0.97911110264980916  7.2148265614580396 0.98000796446629534  7.1446697694358514 0.98086924952994181  7.0731115162553859 0.98168917290511604  7 0.98245916237736097 
 0 9 0.4922807502898513 7 1 9
7 0 0  6 12 3  0.3294429981710843 37.367782264065681  0.29990938567276831 37.394641890646909  0.27018924620517126 37.420019379751601  0.24018631187760214 37.443658230502038  0.20983548562974266 37.465180732159837  0.17908442282972406 37.484032537349066  0.12375150377835324 37.511714165489124  0.099332983265022989 37.521844454521336  0.074687831324084936 37.52972674044517  0.049860288447140848 37.535071634545808  0.024925611399794056 37.537687052642035  0 37.537577610702989 
 0 7 0.56321230645115239 5 1 7
7 0 0  6 12 3  7 0.98245916237736142  6.9385988960311469 0.983113641884926  6.8760660187143872 0.98373037785579553  6.8122798185107456 0.98430357852851047  6.7471761114506368 0.98482449369261427  6.6807256432146573 0.98528014233169159  6.5604767369030581 0.98594858812887198  6.5071838385694081 0.98619295492267167  6.4532173070764705 0.98638295265996057  6.3987284014342372 0.98651173520080349  6.3439421768689215 0.98657475042264675  6.2891760447639529 0.98657211342533835 
 0 7 0.56321230645115239 5 1 7
7 0 0  6 17 4  2.7131367659958983 -2.2845143418267568  2.7761301324710561 -2.2198223302183595  2.8387468671658733 -2.1539738931792645  2.9009358861520838 -2.0868334157592923  2.9626311112332679 -2.0182510263976217  3.023744353854974 -1.9480425625189495  3.1102976662365607 -1.8447854506623422  3.1363057886390693 -1.8132524919075568  3.1621730103179839 -1.7813517444516733  3.1878879932118571 -1.749062072890873  3.213437617102175 -1.716360121831136  3.2647758687128254 -1.6492973529076167  3.290555591729476 -1.614915337363807  3.3161308123100839 -1.5800485541258784  3.341479322826225 -1.5446586258281572  3.3665844451604117 -1.5087250826142515  3.3914209575857086 -1.472211771968247 
 0 7 0.5331707332170027 5 0.76385955740341427 5 1 7
7 0 0  6 17 4  17 0.059873742875823262  16.907128358173498 0.05817120122429869  16.814811987698011 0.056438658398812423  16.723126202035658 0.054672596833162806  16.632168420821912 0.052869132596669664  16.542068661176028 0.051023495923531607  16.414462396043724 0.048310035059382909  16.376118405832706 0.047481512343911687  16.337982146727736 0.046643453896795639  16.30007033452695 0.045795312760613958  16.262402312477427 0.044936484719499049  16.18671390305985 0.043175567944608251  16.148706643970442 0.042272930156201052  16.111000884518848 0.041357727414277491  16.073629365599306 0.040428976467920465  16.036616675892692 0.039486132585348069  16 0.038528259024716509 
 0 7 0.5331707332170027 5 0.76385955740341427 5 1 7
7 0 0  6 12 3  2.0348525745370551 -2.9587570633962117  2.1263210374171777 -2.8719014439912782  2.2176184801437295 -2.7844808083585106  2.3086768120118339 -2.6962620240651489  2.3994157029057304 -2.6069956465646116  2.4897381805422634 -2.51640152405276  2.6018770288131972 -2.401131043766906  2.6242053010942126 -2.3780394637475823  2.6464975620864308 -2.3548375628281955  2.6687517021078708 -2.3315198033067497  2.6909655285736389 -2.3080806043166482  2.7131367659959267 -2.2845143418266924 
 0 7 0.80058421202330143 5 1 7
7 0 0  6 12 3  18 0.077633692000291327  17.865147287793352 0.075344528287511453  17.730546712011609 0.073040676155649714  17.596298659341034 0.070716118037613282  17.462521561134579 0.068364418879145933  17.329358384431924 0.065978354780579937  17.164031151840337 0.062943374470199973  17.131112395122603 0.062335440834600492  17.098246730145679 0.061724654882940877  17.065437267231342 0.06111087337465284  17.032687238925863 0.06049395149914874  17 0.059873742875821555 
 0 7 0.80058421202330143 5 1 7
7 0 0  5 14 4  1.3565683829918811 -3.6207736781342335  1.4162163846876967 -3.561480439496671  1.4759803556299778 -3.502557429459781  1.535830982103364 -3.443914419843435  1.5957427566148863 -3.3854707553019763  1.6975896550008258 -3.286386666690162  1.7395057077429494 -3.2456843632305707  1.7814317220169393 -3.2050146252898437  1.8233596466377402 -3.1643511709522381  1.8992122793677328 -3.0907397292924443  1.9331390474718475 -3.0577985173193225  1.9670576022453035 -3.0248304520580951  2.0009635979990565 -2.9918214235297911  2.0348525745370551 -2.9587570633962104 
 0 6 0.44158603781879485 4 0.75020768552809414 4 1 6
7 0 0  5 14 4  19 0.095081681778587876  18.912060457188101 0.093519417942307004  18.823949939957242 0.091966705853187641  18.735711665761386 0.090421218129797865  18.647383240508372 0.088880874027872897  18.497229514893281 0.086269295219434369  18.435432331258276 0.085196463869435329  18.373620461255491 0.084124472859298527  18.311805774813564 0.083052644055778474  18.199975610302271 0.081112374788974706  18.149957095165099 0.080244109129982061  18.099950689009173 0.079375150604407321  18.049962798719548 0.078505135136874099  18 0.077633692000291285 
 0 6 0.44158603781879485 4 0.75020768552809414 4 1 6
7 0 0  8 135 20  1.4243968021587534 -9.427562215463281  1.4374364646366644 -9.4096254853778056  1.4504788928354002 -9.3916915426312553  1.463523159238757 -9.3737594511899349  1.4765683352578831 -9.3558282739146961  1.4896134912312715 -9.3378970725609545  1.5026576964247651 -9.3199649077786777  1.5157000190315533 -9.3020308391123887  1.5417988461969225 -9.2661297566389269  1.5548553405294656 -9.2481627349664031  1.5679080720572658 -9.2301919141282198  1.5809561000935946 -9.2122163476923884  1.593998480377532 -9.194235088650343  1.6070342650739657 -9.1762471894169284  1.6200625027735926 -9.1582517018303964  1.6706156904903331 -9.0883454565099164  1.7080784007323548 -9.0363724811391304  1.7454475325742889 -8.9843057308835803  1.7826998787892399 -8.9321224502693539  1.8198117416785482 -8.8798000363175245  1.8567588131822277 -8.8273159263565564  1.893516054989405 -8.7746474858347163  1.9633783723001239 -8.6735567031896323  1.9965188077438789 -8.6251689143765322  2.0294543527543323 -8.5765862593177005  2.0621592096358667 -8.5277866133068372  2.0946063152229373 -8.4787479973067938  2.1267673408800709 -8.4294485779496089  2.1586126925018689 -8.3798666675364792  2.2245817486755883 -8.2753888230732038  2.2586360033315098 -8.220433619383865  2.2922356379914186 -8.165087445792965  2.3253315116582498 -8.1093182834957709  2.3578904710012685 -8.0531096712103825  2.389843748924056 -7.996421468374999  2.4211613054104162 -7.9392465994478103  2.4922200561032843 -7.8053028973776515  2.5314299647478435 -7.7281530606612687  2.5692561647822916 -7.6500250666733454  2.6055326683901194 -7.5708578585286199  2.6400711772278482 -7.490604021596762  2.6726625804190491 -7.4092306602617999  2.7030801876805155 -7.3267212997292264  2.7380555475433876 -7.2222586225465637  2.744876445673099 -7.2013687381017144  2.7515445552269933 -7.1804097787109287  2.7580551028271265 -7.159381855435603  2.7644036987991907 -7.1382853237608321  2.7705873212686289 -7.1171211369159773  2.7766039640140217 -7.0958907999888092  2.7901426988481064 -7.0465823591046384  2.7975407970166906 -7.0184569092594726  2.8046391393297299 -6.9902227376164054  2.811431568058584 -6.9618833257705139  2.8179118709997333 -6.933442474593269  2.8240737814747732 -6.9049043042325371  2.8299109783304219 -6.8762732541125828  2.8391812069870901 -6.8279208965844704  2.8427906132585137 -6.8082465463011559  2.8462432737478749 -6.7885325666036929  2.8495371709501942 -6.7687805756204966  2.8526703008604266 -6.7489922750888267  2.8556406729734607 -6.7291694503547754  2.8584463102841187 -6.7093139703732794  2.8670519252740041 -6.644464865699832  2.8721671439680998 -6.5993441555995078  2.876403599933151 -6.5540908076110718  2.8797552652841376 -6.5087247052862374  2.8821687367949331 -6.4632813103666207  2.8836703026792163 -6.4177803287083552  2.8841994664498367 -6.3722618268573852  2.8828546819191074 -6.2294807594401851  2.8775704961213799 -6.1322734811736179  2.8680750849215082 -6.0354458161344615  2.8545736019556629 -5.9392613057422219  2.8372959185051982 -5.8439382439992071  2.8164781318030325 -5.749653620840264  2.7923492257637634 -5.6565461246781545  2.7461885438507538 -5.5008572154347855  2.725753367795825 -5.4376170650540887  2.7039226403390408 -5.375014273863215  2.6808009005518803 -5.3130553987403628  2.656488274551716 -5.2517385078066869  2.6310782024881743 -5.19105419988293  2.6046565601750884 -5.1309861681772313  2.5610826189178422 -5.036246181406062  2.5445354242966078 -5.0011903325344891  2.5276771507294162 -4.9663393340859541  2.5105236266232942 -4.9316884434870021  2.493089949567235 -4.8972326030941584  2.4753904863321998 -4.8629664401939436  2.4574388728711161 -4.8288842670028647  2.4145173915818976 -4.7488870587763135  2.3893450595625572 -4.7031231038307384  2.3637635380670354 -4.6576733120620242  2.3377954377064811 -4.6125282734717397  2.3114669901355485 -4.5676746777527271  2.2848044417755524 -4.5230977481376771  2.2578285088685384 -4.4787851012553075  2.2050464977755477 -4.3934875515900824  2.1792765579393025 -4.3524720528016152  2.15327015987042 -4.3116634309777853  2.1270445310771993 -4.2710498720810977  2.1006162389056899 -4.2306194517676401  2.0740011905396964 -4.1903601353870767  2.047214633000773 -4.1502597779826464  2.0043885886818242 -4.0867543602318843  1.9884516188506249 -4.0632535274214359  1.9724630227336306 -4.0398013509822528  1.9564258443591267 -4.016395244508983  1.94034317502492 -3.9930325231915451  1.9242179356185829 -3.9697106169381735  1.9080526589376907 -3.9464272834984677  1.865254369800645 -3.8850259972878693  1.8385569029773889 -3.8469704463912993  1.8117664412964056 -3.8090055876394131  1.7848923906521934 -3.7711228243438635  1.757943993077635 -3.7333135443852599  1.7309303267440002 -3.6955691202131757  1.7038603059609436 -3.6578809088461468  1.6591381366890501 -3.5958042392963918  1.641513547495026 -3.5713882786872393  1.6238713171221042 -3.5469900056572259  1.6062138349649597 -3.5226070572655575  1.5885434762852702 -3.4982370720176372  1.5708626022117171 -3.4738776898650632  1.5531735597399872 -3.4495265522056267  1.5215981242361842 -3.406083931066191  1.5077139794041012 -3.3869901847028991  1.493827374517934 -3.3678989253571077  1.4799394354024207 -3.3488090169815052  1.4660512864256217 -3.3297193249177863  1.4521640504989217 -3.3106287158966619  1.4382788490770282 -3.2915360580378521  1.4243968021579718 -3.2724402208500893 
 0 9 0.026231360791126344 7 0.052502578833480765 7 0.12823756474743508 7 0.19729735167239015 7 0.27287184789376373 7 0.37274316459889417 7 0.39760301634503786 7 0.43030633513910105 7 0.45266319036111663 7 0.50321233569603052 7 0.6112613465075688 7 0.68640316197564566 7 0.73095788058307187 7 0.79153038923450969 7 0.84821343362540769 7 0.88162679046043435 7 0.93646871711964808 7 0.97207165599517464 7 1 9
7 0 0  8 135 20  9 0.24720883032696261  9.0081230207175338 0.24669514561127889  9.0162477643330075 0.2461816194311304  9.0243736530528338 0.24566824419533093  9.0325001084152188 0.24515501224983094  9.0406265512901633 0.24464191587771797  9.0487524018794669 0.24412894729921672  9.0568770797167293 0.24361609867168865  9.0731352699978558 0.24258984642977968  9.0812687760714379 0.24207644319202007  9.0893999381164896 0.24156314443478261  9.0975281701348862 0.24104994219430564  9.1056528839019624 0.24053682848463753  9.1137734889665314 0.24002379529763607  9.1218893926508677 0.23951083460296868  9.1533813574050189 0.23751935480568853  9.1767186463836445 0.23604131254915622  9.1999976409636357 0.23456361019390717  9.2232038842688926 0.23308605499692714  9.2463226138853081 0.23160846047683789  9.2693386871759227 0.23013064403393818  9.2922365065960708 0.22865242457024554  9.3357570388070137 0.22582515585978916  9.3564017789721561 0.22447619281660669  9.3769188832236114 0.22312642484011988  9.397292280960146 0.22177555841296392  9.417505113259617 0.2204233126402787  9.437539732878987 0.21906941924970946  9.4573777042543288 0.21771362259140661  9.4984729404939827 0.21486963603481146  9.5196869417427141 0.2133810355007143  9.5406177387560813 0.21188964803612198  9.5612347192881799 0.21039481444282437  9.5815172305680107 0.20889713466799742  9.6014224343257251 0.20739514263541806  9.6209316172200907 0.20589012903800064  9.6651974642094505 0.20238629155285365  9.6896231654721667 0.20038457604779542  9.7131868893849642 0.19837392175029112  9.7357852343087909 0.19635301094124699  9.7573009003251947 0.19432093597061695  9.7776036224074439 0.1922771929710492  9.7965521844872772 0.19022170006187419  9.8183399856094677 0.18764035965673653  9.8225890447330126 0.1871251944054691  9.8267429246470694 0.18660933820830114  9.8307986517894026 0.18609282545178821  9.8347534916248538 0.18557568487413006  9.8386055616852346 0.18505792037263499  9.842353612200613 0.18453951873489044  9.8507875286254212 0.18333769064826086  9.8553961528743699 0.1826538006699672  9.8598180450641877 0.18196881523354844  9.8640493692553051 0.1812827416416681  9.8680862555731803 0.1805955936248638  9.8719248002082942 0.1799073913415469  9.8755610654161554 0.17921816137800287  9.8813359280371724 0.17805608090366568  9.8835843974258886 0.17758376063419168  9.885735222474711 0.17711098678372675  9.8877871463846425 0.17663777191041941  9.8897389207664332 0.17616413028680894  9.8915893056405704 0.17569007789982541  9.893337069437294 0.17521563245078947  9.8986979128616035 0.17366724110110174  9.9018844238235175 0.17259173891353252  9.9045235120389705 0.17151459293513438  9.9066114224521513 0.17043595681983653  9.9081148876782876 0.16935634900209812  9.9090502838821166 0.16827590831162431  9.9093799249506098 0.16719525534973589  9.9085421952454009 0.16380509866057366  9.9052504267059298 0.16149645665521459  9.8993352872590101 0.15919302297568269  9.89092457677976 0.15689785279063587  9.8801614929302168 0.15461305724876304  9.8671931118113392 0.15233994379874152  9.8521620783026247 0.15007907579617441  9.8234064125674045 0.14626632455805325  9.810676377664894 0.14470818536024754  9.7970769879789543 0.14315632719554383  9.782673365827339 0.14161105453717712  9.7675278844905673 0.14007247074656956  9.7516987522445522 0.13854047730469377  9.7352394651837102 0.13701478446839446  9.7080952021955635 0.13459375019008205  9.6977871742881749 0.13369463830445336  9.6872853606346361 0.13279751075535662  9.6765996214961625 0.13190227007859504  9.6657393618729515 0.13100880828520142  9.6547135315041857 0.13011700686143787  9.6435306248680241 0.12922673676879592  9.6167928099644548 0.12712942100567756  9.6011117772040482 0.12592354493424418  9.5851758410210532 0.12471987269863745  9.5689990866318873 0.12351859271397168  9.5525978549711432 0.12231956422084174  9.5359884961722496 0.12112254385179749  9.5191839153597524 0.11992754222578704  9.486303511411581 0.11761775322019932  9.4702502005583256 0.11650276044646615  9.4540495887204123 0.11538923698904284  9.437712407725229 0.11427705192128547  9.4212489781539617 0.11316606699103325  9.4046692093415896 0.11205613662060848  9.3879825993769064 0.11094710790681668  9.3613042366629955 0.10918551064163187  9.3513763465559716 0.10853245664412439  9.3414162960007854 0.10787963378565223  9.3314259812662179 0.1072270063113549  9.3214073280674743 0.10657453474775549  9.3113621559631756 0.10592218309623311  9.3012920427523778 0.10526992602649483  9.2746309700502803 0.10354733812020331  9.2579998588940118 0.10247715322695744  9.241310816855167 0.10140713307840425  9.2245697033090206 0.10033720812819928  9.2077822755537131 0.099267307595560156  9.1909541888102613 0.098197359465266601  9.1740909962225494 0.097127290487660362  9.1462314478529194 0.095362219174301446  9.1352522600554522 0.094667330260161886  9.1242620827356777 0.093972339255661466  9.1132624043602188 0.09327722601997443  9.1022547045916049 0.092581970452014176  9.0912404542882346 0.091886552490433246  9.0802211155044041 0.091190952113623422  9.0605512876083996 0.089949334307503098  9.0519021990060473 0.089403394807828496  9.0432515779199818 0.088857321216749025  9.0346001256795176 0.088311103989311995  9.0259485427065389 0.087764733659555144  9.0172975285155079 0.087218200840506452  9.0086477817134583 0.086671496224184325  9 0.086124610581597497 
 0 9 0.026231360791126344 7 0.052502578833480765 7 0.12823756474743508 7 0.19729735167239015 7 0.27287184789376373 7 0.37274316459889417 7 0.39760301634503786 7 0.43030633513910105 7 0.45266319036111663 7 0.50321233569603052 7 0.6112613465075688 7 0.68640316197564566 7 0.73095788058307187 7 0.79153038923450969 7 0.84821343362540769 7 0.88162679046043435 7 0.93646871711964808 7 0.97207165599517464 7 1 9
7 0 0  4 14 5  0.53945208671655109 -1.9427305828821217  0.60385257898000344 -2.05623304458038  0.67077469372616472 -2.1677473230679851  0.73962573694469036 -2.2775828880866231  0.87612507181851562 -2.4883309643570861  0.9436102958700775 -2.5893866053930528  1.0120666454055194 -2.6895192163818455  1.1408184983657268 -2.8747195436081214  1.2009355302406219 -2.9599581971037705  1.2613879038812634 -3.0448638865331845  1.3475725047649758 -3.165345196842023  1.3731681355795131 -3.201055952638113  1.3987804998988604 -3.2367500390131347  1.4243968021579292 -3.272440220850072 
 0 5 0.32302134667341392 3 0.62721471658638162 3 0.88941555280289841 3 1 5
7 0 0  4 14 5  8.4487262021414669 0.048677331527559681  8.4888443059426955 0.051757716354016117  8.530533247302337 0.054821681548294095  8.5734238091782888 0.057870535422475257  8.6584556822687091 0.063769189805798127  8.7004954109817394 0.066620113558150784  8.7431400995595503 0.069461580143942339  8.8233457008025269 0.074737412181221846  8.8607954351222595 0.077173810759391628  8.8984540696425682 0.079605199404650634  8.9521425220631841 0.083056681127155751  8.9680872476065598 0.084079870260517164  8.984042397239115 0.085102479536175155  9 0.086124610581597039 
 0 5 0.32302134667341392 3 0.62721471658638162 3 0.88941555280289841 3 1 5
7 0 0  6 12 3  0.32944299810850619 0.73221773656047695  0.29990938554406865 0.7053581102171067  0.2701892460207807 0.67998062133512649  0.24018631165529181 0.65634177077094558  0.2098354853910189 0.63481926924171617  0.17908442259630997 0.61596746409994851  0.12375150359168179 0.58828583589457939  0.099332983114677031 0.57815554678318493  0.074687831214933401 0.57027326072125273  0.049860288379368782 0.56492836642992017  0.024925611369551917 0.56231294810641808  0 0.56242238980521375 
 0 7 0.5632123065533351 5 1 7
7 0 0  6 12 3  7 0.017540837636079876  6.938598895954259 0.016886358133423665  6.8760660185801816 0.016269622167062417  6.8122798183525628 0.015696421497987337  6.7471761113092983 0.015175506336193988  6.6807256431310105 0.01471985769756869  6.5604767369897452 0.014051411897809001  6.5071838387607883 0.013807045101669845  6.4532173073783206 0.013617047360882178  6.3987284018412538 0.013488264815319069  6.343942177366201 0.01342524958774788  6.2891760453287757 0.013427886579271048 
 0 7 0.5632123065533351 5 1 7
7 0 0  8 16 3  0.89250221272765984 1.3616411099324155  0.85545631377759956 1.3169401564959498  0.81897913501314623 1.2729978588386228  0.78301312434725834 1.229804765337265  0.74750432668866917 1.1873598899200184  0.71240033275611125 1.1456698441448316  0.67764781269213015 1.1047500775602868  0.64318963447648758 1.0646282263487568  0.57366006766250122 0.98483908965766198  0.53861852160851442 0.94524194718180943  0.50375556045735048 0.90660259296478318  0.46900231115211066 0.86897834298515142  0.4342766513514853 0.83252577401525263  0.39951163753293767 0.79737927074600612  0.3646092582901585 0.76381785423911297  0.32944299810849914 0.73221773656049494 
 0 9 0.49228075056049031 7 1 9
7 0 0  8 16 3  8 0.033303153636033291  7.9489264142251956 0.032151874527396838  7.8959535633896207 0.031025547208138909  7.8412530153761377 0.029923535445333875  7.7849691413236712 0.02884544541249073  7.7272215749375359 0.027791095771206222  7.6681050394226062 0.026760539764485555  7.6076865420393061 0.025754139321730762  7.4823787665745112 0.02376046366974437  7.4174361521701027 0.022775206520908652  7.3511919452217658 0.021817528529402146  7.2836643746417522 0.020888897347020256  7.2148265617742959 0.019992035531268409  7.1446697697131363 0.019130750470470446  7.0731115164242482 0.018310827100482693  7 0.017540837636080314 
 0 9 0.49228075056049031 7 1 9
7 0 0  6 12 3  1.3854483767992019 1.9427305828821098  1.3312607589497611 1.8806537559487826  1.2781952365042888 1.8191705076593814  1.2263802802395023 1.758568350204579  1.1758387294964947 1.6990149321139594  1.1265325381184739 1.6405964813963709  1.0462019942453205 1.5450881781872601  1.0145498196855769 1.507364397930739  0.98338279843532039 1.4701595177987821  0.95267345722696817 1.4334732290678354  0.92239129611218174 1.3973022358708123  0.89250221272765984 1.3616411099324492 
 0 7 0.59962489185856171 5 1 7
7 0 0  6 12 3  8.4487262021414651 0.048677331527559355  8.4267847873976791 0.046992605814135315  8.3976882189159117 0.045334094161396499  8.3621967710321456 0.043709695155431313  8.3211647527832042 0.042123636262150307  8.2753376986405538 0.040577761281090412  8.1918933067219299 0.038066475377265811  8.1566108676425753 0.037078942785074676  8.1196343137666531 0.036109148041117131  8.0811214327148893 0.035156816700769013  8.0412067923095787 0.034221610763389275  8 0.033303153636034151 
 0 7 0.59962489185856171 5 1 7
1 5 0 0 1 
1 5 0 0 1 
1 6 0 0 1 
1 6 0 0 1 
7 0 0  6 12 3  0.32944299817825806 11.968128460169758  0.29991408564074379 11.995161569897665  0.27020134155012249 12.020728802625522  0.24020472240697682 12.044570356837472  0.20985609336699818 12.066301841296779  0.17909989487330033 12.085355990696916  0.12376410568475256 12.113341372411801  0.099352446701309341 12.123586757034753  0.074708162888296195 12.131565749256778  0.04987609007545981 12.13697927963309  0.024933400252730688 12.139628246136198  0 12.139517436992008 
 0 7 0.5634626991181706 5 1 7
7 0 0  6 12 3  7 0.31580213392134587  6.9386086673619864 0.31646139001326035  6.8760914036434961 0.31708328403454533  6.8123190100212341 0.31766191585719628  6.7472205201197584 0.31818835126270173  6.6807592669140359 0.31864928471375725  6.5605041232825201 0.31932563095491279  6.5072263793253784 0.31957297635475118  6.4532619075369722 0.31976545798646244  6.3987631279806179 0.31989599585256528  6.3439592905260502 0.31995986924388697  6.2891760449003309 0.31995719721996435 
 0 7 0.5634626991181706 5 1 7
1 7 0 0 1 
1 7 0 0 1 
7 0 0  6 12 3  0.32944299817825029 13.431871539833834  0.29991408564059918 13.404838430107267  0.27020134154988251 13.379271197380511  0.24020472240674007 13.355429643169987  0.20985609336675368 13.333698158711403  0.17909989487316988 13.314644009312259  0.12376410568468299 13.286658627598543  0.099352446701261643 13.276413242976014  0.074708162888218757 13.268434250754245  0.049876090075373546 13.263020720378123  0.024933400252722216 13.260371753875239  0 13.260482563019425 
 0 7 0.56346269911656888 5 1 7
7 0 0  6 12 3  7 0.35086453274540058  6.9386086673617013 0.3502052766535157  6.8760914036429934 0.34958338263225497  6.8123190100207607 0.34900475080963733  6.7472205201192352 0.34847831540414775  6.6807592669137685 0.34801738195311538  6.5605041232823842 0.34734103571198699  6.5072263793252851 0.34709369031215859  6.4532619075368132 0.34690120868045299  6.3987631279804411 0.3467706708143547  6.3439592905260396 0.34670679742303828  6.2891760449003407 0.34670946944696096 
 0 7 0.56346269911656888 5 1 7
7 0 0  6 17 4  0.89250221265665519 14.061852810628832  0.84209729787524079 14.001100110684538  0.79279876770848567 13.941823346264233  0.74443770959988664 13.88398984515789  0.69686315422724365 13.827609080544713  0.64992172993598996 13.772722869343248  0.57959487769057527 13.692168885518079  0.55588462379667269 13.665304308334482  0.53226804536885186 13.638888205172378  0.50872050310150041 13.612948116309248  0.48521535826292322 13.587523933791426  0.43973731047420439 13.539415974485719  0.41776438296736973 13.516662036235076  0.39577554023139283 13.494458154007324  0.37374784534180988 13.472857385778328  0.35164827770159846 13.451957098748537  0.32944299817825029 13.431871539833766 
 0 7 0.50200438637452283 5 0.75926353813902092 5 1 7
7 0 0  6 17 4  8 0.36664347169246198  7.9305089143316536 0.36507915528205476  7.8573272484994581 0.36356329128520531  7.7809690366292301 0.36209382197039924  7.7018118170199887 0.36066992125593955  7.6201224129025098 0.35929165954356046  7.492890198828948 0.35727958860402104  7.4491451415643342 0.35661048927568673  7.4047798153864441 0.35595437945457609  7.3598030190875852 0.35531181132732442  7.3142141270353207 0.35468363538580411  7.2247538548089265 0.35349788777230917  7.1809630301426024 0.35293840100221247  7.1366118221854178 0.35239366440940473  7.0916902580171142 0.35186494930462897  7.0461653201690417 0.35135435900687645  7 0.35086453274539892 
 0 7 0.50200438637452283 5 0.75926353813902092 5 1 7
7 0 0  6 12 3  1.3854483767992019 14.642658029506116  1.331269565584055 14.580585801622217  1.2782100069161415 14.519108572112128  1.2263972802494174 14.458514657926207  1.1758537192859704 14.398972922590769  1.1265408432553887 14.340571284977297  1.0462029735382723 14.245117297162688  1.0145525799166537 14.207426600014481  0.9833856837745617 14.170257121333536  0.95267552543135847 14.13360801328915  0.9223922132002752 14.097475313296409  0.89250221265665697 14.061852810628823 
 0 7 0.59971518263252843 5 1 7
7 0 0  6 12 3  8.4487262021095972 0.38200789800541751  8.4267883533076571 0.38032327495206697  8.3976966752416562 0.37866495768846131  8.3622094165269107 0.37704087958603083  8.3211783556627967 0.37545530649875147  8.2753466373745237 0.3739101287728247  8.191894115935483 0.37140081623947147  8.1566139690799204 0.37041439926977543  8.1196378962512039 0.36944578954086477  8.0811241687768973 0.36849468316991146  8.0412080567423043 0.3675607126637071  8 0.36664347169246175 
 0 7 0.59971518263252843 5 1 7
7 0 0  6 12 3  0.89250221265665342 11.338147189351657  0.92219866201696676 11.302755358395588  0.95228336154293458 11.266859897073488  0.98278917646644548 11.230454742179324  1.0137454372237833 11.193536000775053  1.0451784394628709 11.156102785859808  1.125475360201607 11.060690605975299  1.1749801381766716 11.002056292587939  1.2257256135698713 10.942270813246845  1.2777514085996771 10.881422820398221  1.3310353082526429 10.819682585167044  1.3854483767992019 10.757341970551179 
 0 7 0.39769276696858552 5 1 7
7 0 0  6 12 3  8 0.30002319497379121  8.0409412160598333 0.29911189354998541  8.0806071876362378 0.2981840780606857  8.1188895691020075 0.29723935071629037  8.1556558582137626 0.2962773510805316  8.190751151388902 0.29529777992355472  8.2743552557509901 0.29278992227213141  8.3204684672521783 0.29123876779983771  8.3617489843058657 0.28964683809726743  8.397445058816837 0.28801604322765351  8.426693498846987 0.2863506756573368  8.4487262021095901 0.28465876866245726 
 0 7 0.39769276696858552 5 1 7
7 0 0  6 17 4  0.89250221265665175 11.338147189351648  0.84209729787408882 11.398899889295082  0.79279876770687796 11.458176653715512  0.74443770959833555 11.516010154822483  0.69686315422611811 11.572390919437119  0.64992172993534925 11.627277130640447  0.57959487769057327 11.7078311144693  0.55588462379668091 11.734695691654522  0.53226804536886885 11.761111794818262  0.50872050310152639 11.787051883683041  0.48521535826295953 11.812476066202549  0.43973731047429859 11.860584025511336  0.4177643829674999 11.883337963763408  0.39577554023160072 11.905541845992561  0.37374784534191907 11.92714261422271  0.35164827770169743 11.948042901253785  0.32944299817825806 11.968128460169716 
 0 7 0.50200438637137823 5 0.75926353813815362 5 1 7
7 0 0  6 17 4  8 0.30002319497379093  7.9305089143300656 0.30158751138418555  7.8573272484970218 0.30310337538103943  7.7809690366266091 0.30457284469585461  7.7018118170181209 0.30599674541034394  7.6201224129013179 0.30737500712275873  7.4928901988289098 0.30938707806237337  7.4491451415643697 0.31005617739074237  7.4047798153864788 0.31071228721188793  7.3598030190876012 0.31135485533917479  7.3142141270353802 0.31198303128073152  7.2247538548090997 0.31316877889429307  7.1809630301428049 0.31372826566442041  7.136611822185901 0.31427300225725951  7.0916902580172723 0.31480171736205992  7.0461653201692309 0.31531230765984131  7 0.31580213392134482 
 0 7 0.50200438637137823 5 0.75926353813815362 5 1 7
7 0 0  6 12 3  0.32944299817824774 24.668128460166255  0.29991408564061345 24.695161569892797  0.27020134154986297 24.720728802619561  0.24020472240672436 24.744570356829929  0.20985609336676816 24.766301841288719  0.17909989487316924 24.785355990687709  0.12376410568468188 24.813341372401396  0.099352446701256647 24.823586757024074  0.074708162888233648 24.831565749245687  0.04987609007538877 24.836979279621687  0.024933400252699175 24.839628246124786  0 24.839517436980586 
 0 7 0.56346269911657609 5 1 7
7 0 0  6 12 3  7 0.64913546725460192  6.9386086673617351 0.64979472334648625  6.8760914036429615 0.65041661736774703  6.8123190100207154 0.65099524919036089  6.7472205201192708 0.65152168459585558  6.6807592669137668 0.65198261804688407  6.5605041232823789 0.65265896428801196  6.5072263793252745 0.65290630968784402  6.4532619075368478 0.65309879131954574  6.3987631279804775 0.65322932918564114  6.3439592905259881 0.65329320257696255  6.289176044900338 0.65329053055303976 
 0 7 0.56346269911657609 5 1 7
7 0 0  6 12 3  0.32944299817823808 26.131871539830247  0.2999140856407862 26.104838430102404  0.27020134154989606 26.079271197374741  0.24020472240713187 26.055429643162615  0.20985609336686964 26.033698158703363  0.1790998948733136 26.014644009303275  0.12376410568473538 25.986658627588394  0.099352446701317043 25.976413242965478  0.074708162888285981 25.968434250743403  0.049876090075437994 25.963020720367066  0.024933400252744847 25.960371753864049  0 25.960482563008238 
 0 7 0.5634626991182935 5 1 7
7 0 0  6 12 3  7 0.6841978660786544  6.9386086673621152 0.68353860998674143  6.876091403643013 0.68291671596546122  6.8123190100216107 0.68233808414280639  6.7472205201195097 0.68181164873730171  6.6807592669140892 0.68135071528624769  6.560504123282505 0.68067436904509204  6.5072263793254264 0.68042702364525465  6.4532619075369739 0.68023454201354216  6.3987631279805877 0.68010400414743877  6.3439592905261053 0.68004013075611913  6.2891760449003575 0.68004280278004181 
 0 7 0.5634626991182935 5 1 7
7 0 0  6 17 4  0.89250221265665686 26.761852810648261  0.84209729787412946 26.701100110704868  0.79279876770672331 26.641823346284458  0.74443770959847111 26.583989845177371  0.69686315422604439 26.5276090805629  0.6499217299353337 26.472722869359487  0.5795948776905594 26.392168885530641  0.55588462379664005 26.365304308345472  0.53226804536885008 26.338888205181703  0.50872050310153483 26.312948116316875  0.48521535826295104 26.287523933797377  0.43973731047429254 26.239415974488587  0.41776438296749829 26.216662036236563  0.39577554023167344 26.194458154007112  0.37374784534178718 26.172857385777675  0.35164827770166424 26.151957098746184  0.32944299817823808 26.131871539830264 
 0 7 0.5020043863714696 5 0.75926353813818048 5 1 7
7 0 0  6 17 4  8 0.69997680502620729  7.930508914330118 0.69841248861581373  7.8573272484967696 0.69689662461896029  7.7809690366268445 0.69542715530414223  7.7018118170179486 0.69400325458965684  7.6201224129013188 0.69262499287724  7.4928901988289169 0.69061292193762558  7.4491451415642915 0.68994382260925757  7.4047798153864397 0.68928771278811152  7.3598030190876287 0.68864514466082338  7.3142141270353704 0.68801696871926687  7.2247538548090953 0.68683122110570549  7.1809630301427738 0.68627173433557898  7.1366118221861052 0.68572699774273316  7.0916902580170049 0.68519828263794946  7.0461653201692034 0.68468769234015803  7 0.68419786607865485 
 0 7 0.5020043863714696 5 0.75926353813818048 5 1 7
7 0 0  6 12 3  1.3854483767992019 27.342658029448874  1.3312695655852642 27.280585801573249  1.2782100069167561 27.219108572072443  1.2263972802492362 27.158514657896724  1.1758537192845255 27.098972922571637  1.1265408432538573 27.040571284968166  1.0462029735367111 26.945117297166789  1.0145525799147004 26.907426600022436  0.98338568377265301 26.870257121344938  0.95267552542984302 26.833608013303614  0.92239221319941389 26.797475313313566  0.89250221265665697 26.761852810648321 
 0 7 0.59971518262170076 5 1 7
7 0 0  6 12 3  8.4487262021096061 0.71534123133754457  8.426788353308158 0.71365660828437694  8.3976966752423063 0.71199829102096202  8.3622094165268361 0.71037421291874214  8.3211783556618215 0.70878863983167162  8.2753466373729747 0.70724346210595623  8.191894115933799 0.70473414957288227  8.1566139690777089 0.70374773260326562  8.1196378962488733 0.70277912287442856  8.0811241687748989 0.70182801650354254  8.0412080567411159 0.70089404599739946  8 0.69997680502620885 
 0 7 0.59971518262170076 5 1 7
7 0 0  6 12 3  0.89250221265663476 24.038147189371163  0.92219866201769241 24.002755358412895  0.952283361544222 23.966859897088238  0.98278917646797537 23.930454742191159  1.0137454372252226 23.893536000783616  1.045178439463859 23.856102785864696  1.1254753602025882 23.760690605967014  1.1749801381774359 23.702056292569367  1.2257256135699501 23.642270813217948  1.277751408598707 23.581422820358807  1.3310353082513049 23.519682585118158  1.3854483767992019 23.457341970493843 
 0 7 0.39769276695626088 5 1 7
7 0 0  6 12 3  8 0.63335652830753819  8.04094121606086 0.63244522688368143  8.0806071876378898 0.63151741139432405  8.1188895691038834 0.63057268404986522  8.1556558582154324 0.62961068441403722  8.1907511513899305 0.6286311132569854  8.2743552557520132 0.62612325560528403  8.3204684672529048 0.62457210113277228  8.3617489843056099 0.6229801714299924  8.3974450588161442 0.62134937656016154  8.4266934988464701 0.6196840089896487  8.4487262021096168 0.61799210199458166 
 0 7 0.39769276695626088 5 1 7
7 0 0  6 17 4  0.89250221265665175 24.038147189371102  0.84209729787526433 24.09889988931538  0.79279876770846081 24.158176653735829  0.74443770959988664 24.216010154842067  0.69686315422729017 24.272390919455272  0.64992172993595498 24.327277130656821  0.57959487769057561 24.407831114481969  0.5558846237966778 24.434695691665592  0.53226804536884231 24.461111794827687  0.50872050310148353 24.487051883690807  0.48521535826292511 24.512476066208663  0.43973731047421316 24.56058402551437  0.41776438296731727 24.583337963764968  0.39577554023146 24.605541845992779  0.37374784534176997 24.627142614221746  0.35164827770160695 24.64804290125149  0.32944299817825479 24.668128460166262 
 0 7 0.50200438637440581 5 0.75926353813906466 5 1 7
7 0 0  6 17 4  8 0.63335652830753664  7.9305089143316883 0.63492084471794341  7.8573272484994714 0.63643670871479674  7.7809690366291591 0.6379061780295997  7.7018118170201344 0.63933007874406045  7.6201224129024467 0.64070834045644154  7.4928901988289489 0.64272041139598024  7.4491451415643546 0.64338951072431527  7.4047798153864406 0.64404562054542569  7.3598030190875647 0.64468818867267719  7.3142141270353322 0.64531636461419828  7.2247538548089523 0.64650211222769327  7.1809630301425313 0.6470615989977887  7.136611822185511 0.64760633559059833  7.0916902580170875 0.64813505069537303  7.0461653201690497 0.64864564099312461  7 0.64913546725460214 
 0 7 0.50200438637440581 5 0.75926353813906466 5 1 7
1 17 0 0 1 
1 17 0 0 1 
7 0 0  6 17 4  2.7131367660166461 -27.684515748693702  2.7761301521440935 -27.619824784615485  2.8387469518117787 -27.55397752562763  2.9009360543000837 -27.486838246815907  2.9626313425375397 -27.418256958515673  3.0237445635799367 -27.348049334042347  3.1102977976428803 -27.244792429743644  3.1363060132008194 -27.213259247572239  3.1621732813448777 -27.181358155626366  3.1878882524923307 -27.149067994561079  3.2134377918961072 -27.116365380967761  3.2647761820186512 -27.04930021330334  3.2905561159420866 -27.01491642563721  3.3161314402484638 -26.980047646100033  3.3414798502549758 -26.944655278456281  3.3665847654360106 -26.908719102627771  3.3914209575207934 -26.872202971666749 
 0 7 0.5331662327923149 5 0.76385506934227454 5 1 7
7 0 0  6 17 4  17 0.72654044919436345  16.907128329221777 0.72483793705365762  16.814811862979429 0.72310542740769945  16.72312595423022 0.72133939951276627  16.632168079920021 0.71953596600868142  16.542068352095168 0.71769035241852208  16.414462202420641 0.71497689664376551  16.376118074865122 0.71414836770924539  16.337981747248978 0.71331029958332426  16.300069952356012 0.71246214463402335  16.262402054852583 0.71160329785882637  16.186713441192435 0.70984231451405833  16.148705871140852 0.7089396279199599  16.110999958742113 0.70802437006582242  16.073628587974436 0.70709555151225811  16.03661620364424 0.70615263468176925  16 0.70519468300129617 
 0 7 0.5331662327923149 5 0.76385506934227454 5 1 7
7 0 0  4 14 5  0.53945208671655109 -27.342658029448867  0.60372986408845375 -27.455954238725973  0.67051347594597388 -27.567274954373673  0.73922035973259503 -27.676923032054091  0.87595408937586183 -27.888100062204565  0.9438374760067485 -27.98975454208831  1.0127047971150767 -28.090473556135059  1.1414819710821482 -28.275670069067065  1.2011985722102498 -28.360332775033978  1.2612457939541428 -28.444667217479456  1.3471603173581768 -28.56477037005353  1.3728932662159761 -28.600672000746133  1.3986430823620057 -28.636556827751225  1.4243968021587392 -28.672437784536694 
 0 5 0.32241461637036589 3 0.62839662277510033 3 0.88882733503127764 3 1 5
7 0 0  4 14 5  8.4487262021096008 0.71534122733784311  8.4887678610216568 0.71841605500618555  8.5303705224118183 0.72147488202060372  8.5731712805894666 0.72451870371507521  8.6583491692471739 0.7304294364419156  8.7006369322098429 0.73329734782224998  8.7435376343615676 0.73615556402152771  8.8237590092515763 0.74143145924880727  8.8609592963729451 0.7438513600699036  8.8983655426682073 0.74626631122528464  8.9518857510884828 0.74970688177243927  8.9679160185167568 0.75073552317506476  8.9839567933743112 0.75176358554834022  9 0.75279116967303694 
 0 5 0.32241461637036589 3 0.62839662277510033 3 0.88882733503127764 3 1 5
7 0 0  6 22 5  1.4243968021587534 -22.127562215265097  1.3938354142538376 -22.170141378580468  1.3632789939327639 -22.212725435851937  1.3327421234708801 -22.255328990364124  1.3022394600134055 -22.297966578701917  1.2717857355754301 -22.340652670750426  1.1770583738939844 -22.473903830506313  1.1130077685553301 -22.564686963877165  1.049382755169334 -22.655889185123034  0.98632896277798254 -22.747644526874112  0.92399883532186511 -22.840082939075369  0.8350332217562042 -22.975090021597644  0.80769261872892106 -23.017012187688923  0.7805416459197263 -23.059106052190266  0.753597974594856 -23.101384392258883  0.72688427952767298 -23.143864558043678  0.67283566955305663 -23.231057494433809  0.64552263750375716 -23.275788925599738  0.61850320126025415 -23.320768637265683  0.59180140766312772 -23.366011466481595  0.56544233374220298 -23.411531479243575  0.53945208671655109 -23.457341970493857 
 0 7 0.19788917961110786 5 0.61683228466883966 5 0.80445104341272233 5 1 7
7 0 0  6 22 5  9 0.58054216365609623  8.9809618701765714 0.58176157573871068  8.9619268348953991 0.58298159347462319  8.9429039781434998 0.58420233133888244  8.9239024305478747 0.58542389972877007  8.9049313693754932 0.58664640496379949  8.8459212283723136 0.59046026502913962  8.80602108563337 0.59305520486903207  8.7663860641929663 0.59565578964694221  8.7271068832493199 0.59826283568610805  8.688278507322396 0.60087695479145742  8.6328576309488003 0.60467260683652013  8.6158258799202887 0.60584816725943036  8.5989122584975775 0.60702520039319208  8.582127774946068 0.60820379560790805  8.5654865544512724 0.60938418656023174  8.5318171263260165 0.6117986454451797  8.5148025505598888 0.61303287742009915  8.4979708694673857 0.61426925782871911  8.4813370629595859 0.61550788498959508  8.4649167527010061 0.61674882431769418  8.4487262021096239 0.61799210832439622 
 0 7 0.19788917961110786 5 0.61683228466883966 5 0.80445104341272233 5 1 7
7 0 0  8 135 20  1.4243968021587392 -22.127562215265097  1.4374364646372635 -22.10962548513816  1.4504788928361183 -22.091691542349643  1.4635231592392579 -22.073759450866003  1.4765683352579881 -22.055828273548268  1.4896134912309644 -22.037897072152017  1.5026576964241938 -22.019964907327388  1.5157000190310328 -22.002030838619078  1.5417988461940833 -21.966129756067129  1.5548553405242602 -21.948162734358164  1.5679080720503416 -21.93019191348419  1.5809561000857624 -21.912216347013409  1.5939984803697678 -21.8942350879374  1.6070342650674165 -21.876247188671194  1.6200625027695776 -21.858251701053213  1.6706156904145508 -21.788345455737346  1.7080784005936867 -21.736372480413987  1.7454475323895176 -21.684305730222821  1.782699878579576 -21.632122449694219  1.8198117414699959 -21.579800035853612  1.8567588130057497 -21.527315926033737  1.8935160548808891 -21.474647485686923  1.9633783722686868 -21.373556703637199  1.996518807714005 -21.325168915237569  2.029454352747841 -21.276586260610991  2.0621592096627221 -21.227786615039182  2.0946063152805965 -21.178747999473092  2.1267673409528363 -21.129448580532916  2.1586126925602378 -21.079866670508103  2.224581749059479 -20.975388826064361  2.2586360040398654 -20.920433621987605  2.292235638922409 -20.865087447926012  2.325331512753972 -20.809318285104244  2.3578904720363876 -20.753109672113741  2.3898437498622012 -20.696421468560541  2.421161305944576 -20.639246598684483  2.4922200555424325 -20.505302893957023  2.5314299633778883 -20.428153055439815  2.5692561625206332 -20.35002505965188  2.6055326653498154 -20.270857849855968  2.6400711737519269 -20.19060401154756  2.672662577112765 -20.109230649212538  2.7030801854350042 -20.026721288129917  2.7380555471009118 -19.922258613864148  2.7448764449078293 -19.901368732449015  2.7515445542512089 -19.880409776133082  2.7580551017749673 -19.859381855982047  2.7644036978199087 -19.838285327483369  2.770587320504156 -19.817121143861126  2.7766039635819886 -19.795890810190965  2.7901426980990167 -19.746582381727396  2.7975407957958045 -19.718456941104602  2.8046391378861224 -19.690222778744133  2.8114315666088845 -19.661883376221748  2.8179118697272427 -19.633442534391609  2.8240737805285794 -19.60490437338623  2.8299109778245124 -19.576273332616505  2.8391812067832158 -19.527920993778917  2.842790612921887 -19.508246652857334  2.8462432733514689 -19.488532682522361  2.8495371705564696 -19.46878070089873  2.8526703005213476 -19.448992409720542  2.855640672730511 -19.429169594331281  2.8584463101683144 -19.409314123683775  2.8670519257184468 -19.344465048816151  2.8721671449111592 -19.299344359129623  2.8764036013200021 -19.25409103147749  2.8797552670096098 -19.208724949389257  2.8821687385173762 -19.163281574661177  2.8836703041135117 -19.117780613117027  2.8841994671252973 -19.07226213140115  2.882854677661483 -18.929481026118737  2.877570477259856 -18.832273691160399  2.8680750468203402 -18.735445970792547  2.8545735456011134 -18.639261405806081  2.837295849485479 -18.543938288994926  2.8164780590682486 -18.449653608549031  2.7923491602841839 -18.356546050623191  2.7461885062431768 -18.200857010192021  2.7257533446051578 -18.137616794125197  2.7039226320867815 -18.07501393585428  2.6808009034850944 -18.013054994329288  2.6564882814891329 -17.951738039692348  2.6310782036798774 -17.891053672758694  2.6046565440129101 -17.830985588763465  2.5610825865175588 -17.73624560289236  2.5445354027437448 -17.701189800537364  2.5276771362849373 -17.666338851207502  2.5105236151810377 -17.631688012717497  2.4930899366892416 -17.597232227798546  2.4753904672840368 -17.562966124098338  2.4574388426572042 -17.528884014181038  2.4145173519259071 -17.448887020116818  2.3893450179627402 -17.403123219580014  2.3637634846308253 -17.357673590755354  2.3377953729905481 -17.312528716134921  2.3114669178613929 -17.267675282726248  2.2848043665804378 -17.223098512522476  2.2578284418006112 -17.178786016989942  2.2052364571791627 -17.093795765144883  2.1796603059854047 -17.053084169640531  2.1538510868806111 -17.012576456271503  2.1278256533639275 -16.972261072266114  2.1016002170829533 -16.932126357278698  2.0751903478337459 -16.892160543389604  2.0486109735608191 -16.852351755105222  2.0057979888102753 -16.78883392526992  1.9896635826395301 -16.765032252683397  1.9734760511754132 -16.741280630238982  1.9572385579002256 -16.717576372739302  1.9409543153379201 -16.693916691788669  1.9246263599439564 -16.670298916432728  1.9082573269951566 -16.646720713798089  1.8652543214818584 -16.585025085886592  1.8385568689840737 -16.546969118775806  1.8117664295071703 -16.509003835069759  1.7848924010573182 -16.471120645800166  1.7579440181258885 -16.433310946360333  1.730930351689457 -16.395566116505172  1.7038603092098035 -16.357877520351181  1.6591381442016213 -16.295800381939415  1.6415135973463599 -16.271384321003719  1.623871395738516 -16.246985961118213  1.6062139269093083 -16.222602941277682  1.588543564250781 -16.198232901922889  1.5708626670158061 -16.173873484940543  1.5531735803180828 -16.149522333663317  1.5215981395152338 -16.10607988716643  1.507714042484992 -16.086986320105201  1.4938274703786349 -16.067895255214538  1.4799395480569708 -16.048805557421716  1.4660513989043882 -16.02971609305288  1.4521641448288574 -16.010625729833052  1.4382789062619299 -15.991533336886137  1.4243968021587392 -15.972437784734922 
 0 9 0.026231354032419611 7 0.052502565298964125 7 0.12823753150313399 7 0.19729730018514979 7 0.27287177742428115 7 0.37274306940354029 7 0.39760291142006576 7 0.43030621178054107 7 0.45266305101197302 7 0.50321216085760145 7 0.61126120818209129 7 0.68640306573768661 7 0.73095772078605559 7 0.79153007145165066 7 0.84779091187386213 7 0.88162661732756387 7 0.93646887542674961 7 0.97207185477847236 7 1 9
7 0 0  8 135 20  9 0.58054216365609612  9.0081230207179175 0.58002847893952769  9.016247764333448 0.57951495275848874  9.0243736530531198 0.57900157752179482  9.032500108415249 0.57848834557539863  9.0406265512899378 0.57797524920238963  9.0487524018790886 0.5774622806229941  9.0568770797163936 0.5769494319945756  9.0731352699960759 0.5759231797510288  9.0812687760681783 0.57540977651252201  9.0893999381121517 0.57489647775454444  9.0975281701299799 0.57438327551333701  9.1056528838971023 0.57387016180294981  9.1137734889624369 0.57335712861524257  9.1218893926483631 0.57284416791988457  9.1533813573578016 0.57085268812343315  9.1767186462972408 0.56937464586854192  9.1999976408485029 0.5678969435151191  9.223203884138254 0.56641938832019756  9.2463226137553729 0.5649417938024458  9.2693386870659786 0.5634639773622061  9.292236506528468 0.56198575790153471  9.3357570387874258 0.55915848920288469  9.3564017789535487 0.5578095261684084  9.3769188832195756 0.55645975820080196  9.3972922809768793 0.55510889178256717  9.4175051132955367 0.55375664601871821  9.437539732924316 0.55240275263678007  9.4573777042906872 0.55104695598678954  9.4984729407331301 0.5482029694274102  9.5196869421839949 0.54671436888199887  9.5406177393360228 0.54522298140535452  9.5612347199708232 0.54372814779943712  9.5815172312127714 0.542230468010372  9.6014224349101998 0.5407284759636326  9.6209316175528663 0.53922346235013907  9.6651974638600855 0.53571962481949287  9.6896231646187978 0.53371790928416463  9.7131868879760717 0.53170725495704141  9.7357852324148144 0.52968634412019755  9.7573008981598655 0.52765426912401514  9.7776036203478167 0.52561052610081438  9.7965521830884406 0.52355503316878715  9.8183399853338251 0.52097369280751549  9.8225890442562651 0.52045852762432787  9.8267429240391984 0.51994267149530626  9.8307986511339625 0.51942615880689424  9.83475349101478 0.51890901829720648  9.8386055612089542 0.51839125386352725  9.8423536119314576 0.51787285229344227  9.8507875281587598 0.51667102448054258  9.855396152113796 0.51598713470858248  9.8598180441648697 0.51530214947846587  9.8640493683521964 0.5146160760928612  9.8680862547804669 0.51392892828236447  9.8719247996188511 0.51324072620549843  9.875561065100996 0.51255149644871345  9.8813359279101665 0.51138941639489155  9.8835843972161825 0.51091709633903815  9.8857352222277637 0.51044432270265172  9.8877871461393614 0.5099711080439624  9.8897389205551889 0.50949746663560369  9.8915893054892106 0.50902341446461352  9.8933370693651383 0.50854896923243376  9.8986979131384558 0.5070005785790318  9.9018844244111861 0.50592507687471744  9.9045235129022551 0.5048479313873383  9.9066114235280853 0.50376929576840801  9.9081148887505091 0.50268968846374285  9.9090502847758071 0.50160924829311937  9.9093799253714039 0.50052859587291598  9.9085421925931403 0.49713843853531964  9.9052504149562211 0.49482979542584915  9.8993352635239891 0.49252636068371641  9.8909245416738258 0.49023118940136184  9.8801614499345689 0.48794639263876166  9.8671930665014198 0.4856732777427919  9.8521620375122829 0.48341240795098084  9.8234063891398549 0.47959965251221887  9.8106763632183309 0.47804151114258869  9.7970769828382132 0.47648965067222021  9.7826733676545459 0.47494437568729303  9.7675278888122108 0.47340578966245811  9.7516987529869414 0.47187379419193548  9.7352394551155186 0.4703480996479602  9.7080951820118884 0.46792706514545285  9.6977871608618678 0.46702795444557543  9.6872853516364774 0.46613082825139329  9.676599614368234 0.46523558912260105  9.6657393538506398 0.46434212909413841  9.6547135196381841 0.46345032967619043  9.6435306060463528 0.46256006185418713  9.6167927852608663 0.46046275355800531  9.6011117512895119 0.45925688294471234  9.5851758077331048 0.45805321678033872  9.5689990463172592 0.45685194305947086  9.5525978099481392 0.45565292086858478  9.5359884493296896 0.45445590675848568  9.519183873579955 0.45326091103197458  9.4864218460827114 0.45095944644741381  9.4704892553140851 0.44985274857521096  9.4544114755520194 0.44874749853257956  9.4381990056359601 0.44764356822121615  9.4218619445657481 0.44654082241356946  9.405409991501628 0.44543911875284053  9.3888524457642504 0.44433830775298211  9.3621822184713928 0.44257663919556861  9.3521313359571998 0.4419153100387001  9.3420473591923496 0.44125421959653194  9.3319322588591582 0.44059333075110391  9.3217880361902896 0.43993260247121102  9.3116165827370398 0.43927199728555677  9.3014195401376245 0.43861148875590583  9.2746309399501285 0.43688063424374546  9.2579998377178363 0.4358104313697273  9.2413108095109102 0.43474039251021762  9.2245697097906163 0.43367044861188747  9.2077822911571356 0.43260052938604365  9.1909542043495698 0.43153056330862921  9.1740909982459442 0.43046047762022321  9.1462314525322643 0.42869538500266419  9.1352522911095733 0.42800049049747463  9.1242621317088908 0.42730549476410562  9.1132624616360083 0.42661037779606314  9.1022547593887566 0.42591511962672557  9.0912404946570202 0.42521970032934359  9.0802211283227177 0.42452410001704061  9.0605512971256879 0.42328248957086434  9.0519022383013592 0.42273655677816163  9.0432516376353895 0.42219049090612465  9.0346001958566262 0.42164428247529173  9.0259486127741848 0.42109792208531938  9.0172975872774526 0.42055140041498223  9.0086478173360831 0.42000470822217351  9 0.41945783634390471 
 0 9 0.026231354032419611 7 0.052502565298964125 7 0.12823753150313399 7 0.19729730018514979 7 0.27287177742428115 7 0.37274306940354029 7 0.39760291142006576 7 0.43030621178054107 7 0.45266305101197302 7 0.50321216085760145 7 0.61126120818209129 7 0.68640306573768661 7 0.73095772078605559 7 0.79153007145165066 7 0.84779091187386213 7 0.88162661732756387 7 0.93646887542674961 7 0.97207185477847236 7 1 9
7 0 0  5 14 4  1.3565683830082946 -21.779225968649811  1.416216396784493 -21.838519175715163  1.4759803755844043 -21.897442167351794  1.535831003847492 -21.956085178058075  1.5957427723548876 -22.014528869064979  1.6975896657988336 -22.113613077972083  1.7395057249606733 -22.15431545766959  1.7814317394655053 -22.194985292163445  1.8233596578936997 -22.235648864104096  1.89921228273167 -22.309260560494874  1.9331390512430613 -22.3422019027544  1.9670576047243979 -22.375170103734174  2.0009635987751002 -22.408179269144696  2.0348525745124704 -22.441243762997392 
 0 6 0.44158586905844921 4 0.75020755923680837 4 1 6
7 0 0  5 14 4  19 0.57158497486502247  18.912060439380248 0.5731472377749407  18.823949910565812 0.57469994931962587  18.735711633730286 0.57624543706514397  18.647383217326361 0.57778578192811714  18.497229498988794 0.58039736416387022  18.435432305884706 0.58147019766838481  18.373620435536008 0.58254219142420249  18.311805758217321 0.58361402358539871  18.199975605328518 0.58555430011244791  18.149957089584905 0.58642256947539573  18.099950685328121 0.58729153186172034  18.04996279754393 0.58816155122218972  18 0.58903299815763932 
 0 6 0.44158586905844921 4 0.75020755923680837 4 1 6
7 0 0  6 12 3  2.0348525745124704 -22.441243762997392  2.1263209389210562 -22.528099642210783  2.21761829010567 -22.61552051652518  2.3086765562148641 -22.703739447005496  2.3994154318055214 -22.793005800265355  2.4897379770530756 -22.883599637035509  2.6018770063592127 -22.998869177537248  2.6242052651865015 -23.021960483360019  2.6464975225008307 -23.045162081441688  2.6687516683466352 -23.068479510754134  2.6909655088095916 -23.091918356739129  2.7131367660166177 -23.115484251308377 
 0 7 0.800584734130387 5 1 7
7 0 0  6 12 3  18 0.58903299815763932  17.865147432957635 0.5913221694391807  17.730546992127376 0.59362602851406254  17.59629903640371 0.59595059087627478  17.462521960765969 0.59830228932137164  17.32935868440061 0.60068834512030433  17.164031184938391 0.6037232984893105  17.131112448062378 0.60433122440449139  17.098246788515016 0.60494200181553537  17.065437317021281 0.60555577400134208  17.032687268087226 0.60617268590604712  17 0.60679288413902122 
 0 7 0.800584734130387 5 1 7
7 0 0  6 17 4  2.7131367660166319 -23.115484251308377  2.7761301521438386 -23.18017521538745  2.8387469518114194 -23.246022474375803  2.9009360542996738 -23.313161753187718  2.9626313425371684 -23.381743041487898  3.0237445635797258 -23.451950665960979  3.1102977976428314 -23.555207570259011  3.1363060132007572 -23.586740752430085  3.1621732813448098 -23.618641844375613  3.1878882524922627 -23.650932005440552  3.2134377918960433 -23.683634619033523  3.2647761820186219 -23.750699786697258  3.2905561159421217 -23.785083574362972  3.3161314402484381 -23.819952353899982  3.3414798502549377 -23.855344721543354  3.3665847654360057 -23.891280897371654  3.391420957520765 -23.927797028332435 
 0 7 0.53316623279319431 5 0.76385506934262248 5 1 7
7 0 0  6 17 4  17 0.60679288413902122  16.907128329222129 0.6084953962797478  16.814811862979948 0.61022790592571796  16.723125954230785 0.61199393382065603  16.632168079920501 0.61379736732473988  16.542068352095438 0.61564298091489345  16.414462202420676 0.61835643668963369  16.376118074865165 0.6191849656241456  16.337981747249021 0.62002303375005829  16.300069952356036 0.62087118869935065  16.26240205485259 0.62173003547453876  16.186713441192396 0.62349101881929003  16.148705871140844 0.62439370541337802  16.110999958742006 0.62530896326751162  16.073628587974394 0.62623778182106571  16.036616203644204 0.6271806986515498  16 0.62813865033201677 
 0 7 0.53316623279319431 5 0.76385506934262248 5 1 7
7 0 0  6 12 3  2.0348525745124135 -28.358756236990956  2.1263209389201538 -28.271900357776563  2.2176182901046699 -28.184479483462862  2.3086765562136136 -28.096260552984884  2.3994154318049414 -28.006994199727686  2.4897379770528056 -27.916400362960736  2.6018770063592727 -27.801130822462166  2.6242052651865673 -27.77803951664001  2.6464975225008947 -27.754837918558923  2.6687516683466974 -27.731520489247018  2.6909655088096436 -27.708081643262521  2.7131367660166319 -27.684515748693713 
 0 7 0.80058473413067333 5 1 7
7 0 0  6 12 3  18 0.74430033517540761  17.865147432958903 0.74201116389384303  17.730546992129081 0.7397073048189784  17.59629903640527 0.737382742456824  17.462521960766964 0.73503104401179098  17.329358684401036 0.73264498821293667  17.164031184938331 0.7296100348440081  17.131112448062286 0.72900210892884232  17.098246788514917 0.72839133151781288  17.065437317021196 0.72777755933201949  17.032687268087173 0.72716064742732678  17 0.72654044919436356 
 0 7 0.80058473413067333 5 1 7
7 0 0  5 14 4  1.3565683830083231 -29.020774031396801  1.4162163967853498 -28.961480824328326  1.4759803755854402 -28.90255783268643  1.5358310038482448 -28.843914821973399  1.5957427723552196 -28.785471130959351  1.6975896657985949 -28.686386922040263  1.7395057249602632 -28.645684542337836  1.7814317394650196 -28.605014707839491  1.8233596578932989 -28.564351135894952  1.8992122827313742 -28.490739439498736  1.9331390512427036 -28.457798097237436  1.9670576047240615 -28.42482989625621  2.0009635987748524 -28.391820730844518  2.0348525745124135 -28.358756236990949 
 0 6 0.44158586905969976 4 0.75020755923925853 4 1 6
7 0 0  5 14 4  19 0.76174835846945699  18.912060439379015 0.76018609555946004  18.82394991056433 0.7586333840146452  18.73571163372922 0.75708789626896122  18.647383217325846 0.75554755140581309  18.497229498989089 0.75293596916976657  18.435432305885296 0.75186313566513185  18.373620435536687 0.7507911419092036  18.31180575821779 0.74971930974791157  18.199975605328824 0.74777903322072881  18.149957089585349 0.74691076385773747  18.099950685328555 0.74604180147137722  18.049962797544207 0.74517178211087887  18 0.74430033517540739 
 0 6 0.44158586905969976 4 0.75020755923925853 4 1 6
7 0 0  6 17 4  2.7131367660166319 -14.984515748691633  2.7761301521438386 -14.919824784612558  2.8387469518114066 -14.853977525624195  2.9009360542996814 -14.786838246812266  2.962631342537192 -14.718256958512093  3.0237445635797271 -14.64804933403903  3.110297797642847 -14.544792429740996  3.1363060132007834 -14.513259247569907  3.1621732813448418 -14.481358155624372  3.1878882524922929 -14.44906799455944  3.2134377918960682 -14.416365380966475  3.2647761820186529 -14.34930021330274  3.2905561159421426 -14.314916425637016  3.3161314402484861 -14.28004764610005  3.3414798502549523 -14.244655278456658  3.3665847654360421 -14.20871910262837  3.3914209575207934 -14.172202971667602 
 0 7 0.53316623279324593 5 0.76385506934265968 5 1 7
7 0 0  6 17 4  17 0.39320711586097884  16.907128329222129 0.39150460372025214  16.814811862979958 0.38977209407428193  16.723125954230792 0.38800606617934341  16.632168079920504 0.38620263267525967  16.542068352095452 0.38435701908510672  16.414462202420676 0.38164356331036647  16.376118074865172 0.38081503437585412  16.337981747249035 0.37997696624994148  16.300069952356051 0.37912881130064918  16.262402054852593 0.37826996452546108  16.186713441192396 0.37650898118070997  16.148705871140905 0.37560629458662143  16.110999958741925 0.37469103673249016  16.073628587974461 0.37376221817893374  16.036616203644193 0.37281930134845076  16 0.37186134966798412 
 0 7 0.53316623279324593 5 0.76385506934265968 5 1 7
7 0 0  5 14 4  1.3565683830082804 -9.0792259686031809  1.416216396785313 -9.1385191756716591  1.4759803755854535 -9.1974421673136  1.5358310038481864 -9.2560851780265594  1.5957427723552626 -9.3145288690406822  1.697589665798644 -9.41361307795977  1.7395057249602821 -9.4543154576621991  1.7814317394650452 -9.4949852921605533  1.8233596578933671 -9.5356488641050898  1.8992122827314446 -9.6092605605013031  1.9331390512427382 -9.6422019027626185  1.9670576047240864 -9.6751701037438433  2.0009635987748982 -9.7081792691555187  2.0348525745124562 -9.741243763009086 
 0 6 0.4415858690596885 4 0.75020755923927118 4 1 6
7 0 0  5 14 4  19 0.23825164153054254  18.912060439379029 0.23981390444053949  18.823949910564288 0.24136661598535564  18.735711633729224 0.24291210373103772  18.647383217325828 0.24445244859418747  18.497229498989089 0.24706403083023404  18.435432305885275 0.24813686433486901  18.373620435536662 0.24920885809079713  18.31180575821779 0.25028069025208899  18.199975605328824 0.25222096677927175  18.149957089585342 0.25308923614226325  18.099950685328544 0.25395819852862367  18.049962797544204 0.25482821788912169  18 0.25569966482459305 
 0 6 0.4415858690596885 4 0.75020755923927118 4 1 6
7 0 0  6 12 3  2.0348525745124562 -9.7412437630090771  2.1263209389202125 -9.8280996422234814  2.2176182901045025 -9.9155205165370823  2.3086765562138396 -10.003739447015171  2.3994154318048078 -10.093005800272271  2.4897379770527923 -10.183599637039254  2.6018770063592309 -10.298869177537801  2.624205265186518 -10.321960483359968  2.646497522500844 -10.345162081441069  2.6687516683466548 -10.368479510752964  2.6909655088096147 -10.391918356737454  2.7131367660166035 -10.415484251306266 
 0 7 0.80058473413065634 5 1 7
7 0 0  6 12 3  18 0.25569966482459283  17.865147432958864 0.25798883610615775  17.730546992129135 0.26029269518101983  17.596299036405192 0.26261725754317677  17.462521960767049 0.26496895598820769  17.329358684401011 0.26735501178706272  17.164031184938338 0.27038996515599073  17.131112448062296 0.27099789107115685  17.098246788514928 0.27160866848218679  17.065437317021203 0.27222244066798013  17.032687268087173 0.2728393525726725  17 0.27345955080563572 
 0 7 0.80058473413065634 5 1 7
7 0 0  6 17 4  2.7131367660166177 -10.415484251306305  2.7761301521440624 -10.480175215384524  2.8387469518117832 -10.546022474372338  2.9009360543000695 -10.613161753184063  2.9626313425374966 -10.681743041484316  3.0237445635799127 -10.751950665957642  3.1102977976428519 -10.855207570256347  3.1363060132007887 -10.886740752427746  3.1621732813448418 -10.918641844373616  3.1878882524922871 -10.950932005438899  3.2134377918960539 -10.983634619032221  3.2647761820186001 -11.050699786696645  3.2905561159420507 -11.085083574362796  3.3161314402484727 -11.119952353899901  3.3414798502548937 -11.15534472154377  3.366584765436011 -11.191280897372222  3.3914209575207934 -11.227797028333244 
 0 7 0.53316623279225772 5 0.76385506934220182 5 1 7
7 0 0  6 17 4  17 0.27345955080563683  16.907128329221781 0.27516206294634277  16.814811862979422 0.2768945725922996  16.723125954230213 0.27866060048723301  16.632168079920014 0.28046403399131864  16.542068352095164 0.28230964758147775  16.414462202420641 0.28502310335623443  16.376118074865122 0.28585163229075428  16.337981747248985 0.28668970041667535  16.300069952356012 0.28753785536597626  16.262402054852576 0.28839670214117319  16.186713441192428 0.29015768548594145  16.148705871140901 0.29106037208003949  16.110999958742049 0.29197562993417758  16.07362858797449 0.29290444848774255  16.036616203644236 0.29384736531823091  16 0.29480531699870394 
 0 7 0.53316623279225772 5 0.76385506934220182 5 1 7
7 0 0  6 12 3  2.0348525745124277 -15.658756237002631  2.1263209389210673 -15.571900357789195  2.2176182901055523 -15.484479483474933  2.3086765562149791 -15.396260552994338  2.3994154318054441 -15.306994199734774  2.4897379770531058 -15.216400362964446  2.6018770063592127 -15.101130822462736  2.6242052651865091 -15.078039516639956  2.6464975225008458 -15.054837918558277  2.6687516683466517 -15.031520489245835  2.6909655088096058 -15.008081643260843  2.7131367660166319 -14.984515748691592 
 0 7 0.80058473413033571 5 1 7
7 0 0  6 12 3  18 0.41096700184236146  17.865147432957567 0.40867783056081886  17.730546992127628 0.40637397148594034  17.596299036403394 0.40404940912372117  17.462521960766178 0.40169771067863175  17.32935868440056 0.39931165487969422  17.164031184938384 0.39627670151068889  17.131112448062375 0.39566877559550778  17.098246788515031 0.39505799818446369  17.065437317021292 0.39444422599865675  17.03268726808723 0.39382731409395183  17 0.39320711586097779 
 0 7 0.80058473413033571 5 1 7
7 0 0  5 14 4  1.3565683830083088 -16.320774031350147  1.4162163967845003 -16.261480824284803  1.475980375584464 -16.202557832648221  1.5358310038474703 -16.143914821941856  1.5957427723549122 -16.085471130934987  1.6975896657988447 -15.986386922027899  1.7395057249606669 -15.945684542330373  1.781431739465491 -15.90501470783652  1.8233596578936901 -15.864351135895884  1.89921228273165 -15.790739439505113  1.9331390512430378 -15.757798097245598  1.9670576047243682 -15.724829896265836  2.0009635987750629 -15.691820730855321  2.0348525745124277 -15.658756237002629 
 0 6 0.44158586905841313 4 0.75020755923680205 4 1 6
7 0 0  5 14 4  19 0.42841502513497659  18.912060439380262 0.42685276222505852  18.823949910565755 0.42530005068037452  18.73571163373034 0.42375456293485442  18.647383217326347 0.42221421807188231  18.497229498988787 0.41960263583612945  18.435432305884703 0.41852980233161469  18.373620435536004 0.4174578085757969  18.311805758217318 0.41638597641460101  18.199975605328518 0.41444569988755209  18.149957089584898 0.41357743052460461  18.099950685328118 0.41270846813828016  18.049962797543927 0.41183844877781084  18 0.4109670018423614 
 0 6 0.44158586905841313 4 0.75020755923680205 4 1 6
7 0 0  4 14 5  0.53945208671655109 -14.642658029506119  0.60372986407831941 -14.755954238777935  0.67051347592959665 -14.867274954417564  0.7392203597186503 -14.976923032082555  0.87595408937547814 -15.1881000621529  0.94383747601509382 -15.289754541974096  1.0127047971282899 -15.390473555960673  1.1414819711090183 -15.575670068860822  1.2011985722509662 -15.66033277485109  1.2612457939892079 -15.74466721733924  1.3471603173666713 -15.864770370043512  1.3728932662261983 -15.900672000800977  1.3986430823681233 -15.936556827876714  1.424396802158725 -15.97243778473489 
 0 5 0.32241461632492996 3 0.62839662260956586 3 0.88882733491764099 3 1 5
7 0 0  4 14 5  8.4487262021095955 0.38200789400571633  8.4887678610153419 0.38508272167383917  8.5303705224015705 0.38814154868802131  8.573171280580814 0.39118537038219503  8.6583491692469732 0.39709610310748666  8.7006369322150494 0.39996401448659025  8.743537634369801 0.40282223068464262  8.8237590092683167 0.40809812591138772  8.8609592963983275 0.41051802673312165  8.8983655426900761 0.41293297788934558  8.9518857510937959 0.41637354843898244  8.9679160185230984 0.41740218984300043  8.9839567933781304 0.41843025221772995  9 0.41945783634390371 
 0 5 0.32241461632492996 3 0.62839662260956586 3 0.88882733491764099 3 1 5
7 0 0  6 22 5  1.424396802158725 -9.4275622154632952  1.3938354142403515 -9.4701413787009923  1.3632789939089172 -9.5127254358978615  1.3327421234428709 -9.55532899034168  1.3022394599886857 -9.5979665786185837  1.2717857355608557 -9.6406526706130791  1.1770583738580704 -9.7739038303079706  1.1130077685067452 -9.8646869636905947  1.0493827551247825 -9.9558891849644358  0.98632896274747484 -10.047644526752817  0.92399883530854743 -10.140082938993841  0.83503322175985339 -10.275090021570861  0.80769261873431042 -10.317012187682945  0.78054164592754338 -10.359106052198442  0.75359797460001199 -10.401384392285529  0.72688427953147206 -10.443864558083122  0.67283566955602314 -10.53105749449014  0.64552263750822203 -10.575788925657985  0.61850320126496572 -10.620768637324774  0.59180140766702893 -10.666011466540679  0.56544233374445418 -10.711531479302002  0.53945208671655109 -10.757341970551169 
 0 7 0.19788917944977216 5 0.61683228460041728 5 0.80445104340154638 5 1 7
7 0 0  6 22 5  9 0.24720883032696297  8.980961870168187 0.24842824240807138  8.961926834880547 0.24964826014251115  8.9429039781260506 0.25086899800536544  8.9239024305324772 0.25209056639392885  8.9049313693664285 0.25331307162770783  8.8459212283499511 0.2571269316919797  8.8060210856030974 0.25972187153225773  8.7663860641651965 0.26232245631072132  8.7271068832303129 0.26492950235053109  8.6882785073141182 0.26754362145654126  8.6328576309510865 0.27133927350258241  8.6158258799235572 0.27251483392591236  8.5989122585024589 0.27369186705995174  8.58212777494923 0.27487046227508116  8.5654865544536118 0.27605085322769052  8.5318171263278391 0.27846531211300307  8.5148025505626492 0.27969954408794639  8.4979708694703042 0.28093592449658139  8.4813370629619893 0.28217455165746597  8.4649167527023668 0.28341549098556912  8.4487262021095848 0.28465877499227177 
 0 7 0.19788917944977216 5 0.61683228460041728 5 0.80445104340154638 5 1 7
1 8 0 0 1 
1 8 0 0 1 
1 9 0 0 1 
1 9 0 0 1 
7 0 0  6 12 3  9 0.90584023744783349  8.9611393721700914 0.90408542738890108  8.9223127240636604 0.90232374813274774  8.8835459270464092 0.90055418888302985  8.8448715873374439 0.89877570903333071  8.806329046009294 0.89698723816716175  8.7378679415502454 0.89377594696047191  8.7078831219370336 0.8923574370370283  8.6780308602570386 0.89093155006195712  8.6483215374804523 0.88949730246759418  8.6187826649893005 0.88805402306474635  8.5894395465399587 0.88660077985501728 
 0 7 0.56038672518934951 5 1 7
7 0 0  6 12 3  18.613583628326257 0.90668869645742767  18.554670620480469 0.90506580296793071  18.496010820925289 0.90343328449853411  18.437643506169014 0.90178937937450587  18.37961101323474 0.90013223872988135  18.321958739660314 0.89845992650746442  18.219844744248576 0.89544502644885049  18.175216855788399 0.89410908654522225  18.130876826033354 0.89276156218723812  18.086869361014106 0.89140105277936854  18.04322817833361 0.89002637921792038  18 0.88863608257647597 
 0 7 0.56038672518934951 5 1 7
7 0 0  7 26 5  8.5894395465399587 0.8866007798550174  8.5493178990811494 0.88455838667278341  8.5096121921888681 0.88249694060824846  8.4703871981950769 0.88041419169636492  8.4317282710785406 0.87830790395714708  8.3937490669676897 0.87617597985048068  8.3565979201812279 0.87401634864524802  8.2942843752981954 0.87024025396479487  8.2686371383953077 0.86863808768491957  8.2435739897650553 0.86701847696719647  8.2191620235911902 0.86537995153783753  8.1954839911955268 0.86372117178029029  8.1726396896594729 0.8620408867703151  8.1391876491922712 0.8594386659154124  8.1278939306163824 0.85853315477193781  8.1168839314423114 0.8576211999727138  8.1061772647810972 0.8567026903927577  8.0957954201303899 0.85577756269002836  8.0857617633744372 0.85484580130542531  8.0627737762618974 0.85261280999266731  8.0501542975335862 0.85130556514669253  8.0383244860669478 0.84998628125701958  8.0273219961871902 0.84865432340192926  8.0172302046806934 0.84731064579496385  8.0081012441799171 0.84595548670127774  8 0.8445899141894917 
 0 8 0.37954452975349112 6 0.65450403647945965 6 0.79968999128396501 6 1 8
7 0 0  7 26 5  18 0.88863608257647608  17.939129929666073 0.88668215223800551  17.879044055854184 0.88469830425414386  17.819847612858478 0.88268090990207659  17.761669665173958 0.88062624825087532  17.704659908216396 0.87853049248992299  17.648990535948641 0.87638957337261469  17.555651537889066 0.87261190368490682  17.517258431563196 0.87099891389632289  17.479775620065919 0.86935794165765656  17.443313886939759 0.86768708491263757  17.40800415554386 0.86598450925196779  17.373998608958249 0.8642484088646426  17.324296858576052 0.86154159881033954  17.30753496723753 0.86059642651339874  17.291212390529786 0.85964120052121185  17.275357648299149 0.85867571849801327  17.260001525581039 0.85769982584951066  17.245177072599922 0.85671341572288395  17.211249387266562 0.85434090535612905  17.19265249008215 0.85294535800190796  17.17525668187043 0.851529229132996  17.159073974091271 0.85009394563036855  17.144236600166845 0.84863970519800835  17.130798993212384 0.84716813086851661  17.118858975645956 0.84568069045361283 
 0 8 0.37954452975349112 6 0.65450403647945965 6 0.79968999128396501 6 1 8
7 0 0  4 5 2  9.1791594672826875 0.91387598941854498  9.1344599501324684 0.91188006067056915  9.0896664906709823 0.90987693375340928  9.0448254493743878 0.90786440778301358  9 0.9058402374478336 
 0 5 1 5
7 0 0  4 5 2  18.881766219748389 0.91409886697519593  18.814241951022268 0.91226191456900385  18.746979552550346 0.91041711327546326  18.680062741321475 0.90856070261082489  18.613583629155961 0.9066886964805162 
 0 5 1 5
1 18 0 0 1 
1 18 0 0 1 
7 0 0  5 10 3  8 0.84458991418949148  7.9869272951139605 0.8423835009104691  7.9767105220867869 0.84014569770328595  7.9696866438236063 0.83788225688298379  7.966153483838986 0.83560302931101349  7.9661762162543992 0.83104900554190542  7.9697204832271265 0.82877351118647768  7.9767433206730107 0.82651378465700209  7.9869482757938943 0.82427962343963357  8 0.8220767515982671 
 0 6 0.50040148246125049 4 1 6
7 0 0  5 10 3  17.118858975186132 0.84568069039738791  17.098847617734055 0.84327738612085423  17.083146693692736 0.84082746076179582  17.072259608583312 0.8383405020340482  17.066704667066428 0.83583165937864079  17.066740442351932 0.83081890154652938  17.072312145030388 0.82831418966237658  17.083197209160385 0.82583134015409843  17.098879863449188 0.82338542154796512  17.118859100315444 0.82098597458219658 
 0 6 0.50040148246125049 4 1 6
7 0 0  6 27 6  8 0.8220767515982651  8.0084013948052508 0.82066061263126899  8.0179381726387664 0.81925603541772984  8.0285372778610782 0.81786412364374572  8.0401180891178452 0.81648559694858935  8.0526046981275705 0.81512071381109152  8.0756329199570782 0.81278417651928725  8.0857841972353324 0.81180617897497631  8.096342713179304 0.81083560705615876  8.1072781991019767 0.80987247815851393  8.1185632314076628 0.80891672378842638  8.1455080088242351 0.80671534701433956  8.1614093259189193 0.80547513705337614  8.1778211546633361 0.8042472036350593  8.1946945643362934 0.80303110039599523  8.2119877217081605 0.80182629065443534  8.2509819889493414 0.79919226892232487  8.2728553843275616 0.79776801142972775  8.2952308168455176 0.79635803607363653  8.3180429858514238 0.79496184410014004  8.3412746483312823 0.79357741404861204  8.4006624691468357 0.79012151549555909  8.4372888101436114 0.78806523158758246  8.4745834947249801 0.78603365701700001  8.5124279881798568 0.78402467009373045  8.5507347680171559 0.7820361678629828  8.5894387024537924 0.78006594069893953 
 0 7 0.17805244555545224 5 0.30789122294177662 5 0.47938485813906551 5 0.68616793456884473 5 1 7
7 0 0  6 27 6  17.118859100571207 0.82098597455072331  17.131241727798564 0.81944346891006936  17.145277136263232 0.8179184610038267  17.160862719168517 0.81641299012141177  17.177890367052413 0.81492841576995889  17.196267692138392 0.81346573970599256  17.230221080941423 0.81097506262340646  17.245204709676123 0.80993658081948894  17.2608081212719 0.80890993902783126  17.276988760786075 0.8078950423651009  17.293707451593971 0.80689170759587625  17.333674229230837 0.80458935151987754  17.357295906054393 0.80329877831763208  17.381711763360766 0.80202731994092114  17.406849032190085 0.80077428012490259  17.432643837121322 0.79953888992488087  17.490870319307088 0.79685096773815911  17.523575442135023 0.79540614050535963  17.557054309738252 0.79398428841670199  17.591236529870212 0.79258418479808179  17.626028746079459 0.79120420482769938  17.715073939415937 0.78777792079873354  17.77006613045878 0.78575654011851637  17.826195685895751 0.78377488320574151  17.883310299915152 0.78182907980245819  17.941280990593835 0.7799155086670565  18 0.77803062057067252 
 0 7 0.17805244555545224 5 0.30789122294177662 5 0.47938485813906551 5 0.68616793456884473 5 1 7
7 0 0  7 26 5  8.5894387024538492 0.21993405930106255  8.5493171135807398 0.21789166824663986  8.5096115128024419 0.2158302281023427  8.470386657483095 0.21374748784422568  8.4317278877115722 0.21164121049529103  8.3937488436961338 0.20950929737129137  8.3565978416222908 0.20734967638985605  8.2942844632343302 0.20357359391869156  8.268637267367275 0.20197143085509994  8.2435741477232831 0.20035182248602235  8.2191622002223603 0.19871329866745349  8.195484177996148 0.19705451992206097  8.1726398800300259 0.19537423548371974  8.1391878144678156 0.19277201328211824  8.1278940715877361 0.19186650037664019  8.1168840482909079 0.19095454374355267  8.1061773580828387 0.19003603228513308  8.0957954908486638 0.18911090268799594  8.0857618128531588 0.18817913942309308  8.0627737975110048 0.18594614551535379  8.050154311226386 0.18463890000999425  8.0383244950533896 0.18331961576851935  8.0273220010510116 0.18198765761527319  8.017230207259173 0.18064397992489897  8.0081012451072837 0.17928882082692335  8 0.17792324840173676 
 0 8 0.37954412939630033 6 0.65450362294900666 6 0.79968986657528274 6 1 8
7 0 0  7 26 5  18.000000000000043 0.22196937942932957  17.939130074838168 0.22001545135072204  17.879044266004893 0.21803160744279088  17.819847822400522 0.21601421856474226  17.761669824181315 0.21395956339705618  17.70465998956735 0.21186381465382328  17.648990545317023 0.20972290245025249  17.555651465674806 0.2059452414697121  17.517258323875911 0.20433225398015767  17.479775497877323 0.20269128365207797  17.443313769813692 0.20102042847666254  17.408004061044206 0.1993178541005555  17.373998551648505 0.19758175478551349  17.324296838623425 0.19487494428935886  17.307534941751012 0.19392977051951732  17.291212363490903 0.19297454299360414  17.275357623039493 0.19200905938927146  17.260001504604027 0.19103316512675844  17.245177057402532 0.19004675336889112  17.211249413345257 0.18767424099961097  17.19265254994837 0.18627869332198002  17.175256764797027 0.18486256426971961  17.159074078549637 0.18342728061859201  17.144236716776167 0.18197304014273627  17.130799117197146 0.18050146581506449  17.118859100565725 0.17901402544862191 
 0 8 0.37954412939630033 6 0.65450362294900666 6 0.79968986657528274 6 1 8
7 0 0  5 10 3  8 0.17792324840173562  7.9869273110055978 0.17571683819823697  7.9767105481677802 0.17347903839408949  7.9696866713869881 0.17121560109111431  7.9661535025387229 0.16893637693777835  7.9661761974691467 0.16438235316663796  7.9697204556170105 0.16210685539382516  7.9767432945895953 0.15984712534525791  7.9869482598891928 0.15761296072908063  8 0.15541008581050667 
 0 6 0.50040080004473575 4 1 6
7 0 0  5 10 3  17.118859100105894 0.17901402539239911  17.098847770853951 0.17661072439315739  17.083146847052529 0.17416080257311237  17.072259733123563 0.17167384749301551  17.06670473730912 0.16916500844467849  17.066740371626778 0.16415225062213434  17.072312020546313 0.16164753508796337  17.083197055365559 0.15916468200935205  17.09887971059548 0.15671875978843522  17.118858975288166 0.15431930959019505 
 0 6 0.50040080004473575 4 1 6
7 0 0  6 27 6  8 0.15541008581050719  8.0084013950256079 0.15399394655386633  8.0179381727033725 0.15258936914223845  8.028537276963867 0.15119745730911088  8.04011808617404 0.14981893071060789  8.0526046914889609 0.14845404787331484  8.0756328873338621 0.14611751312780105  8.0857841418119829 0.1451395176930626  8.0963426330428785 0.14416894791900015  8.1072780928180883 0.14320582116330841  8.1185630980408359 0.14225006889608929  8.1455078312753244 0.14004869522713512  8.161409132386078 0.13880848624625719  8.1778209468167855 0.1375805536328718  8.1946943447905181 0.1363644509509461  8.2119874939948971 0.13515964145276041  8.2509817957687197 0.13252561654197287  8.2728552373856932 0.13110135557677813  8.2952307281235278 0.12969137597467156  8.3180429618105745 0.12829517943445889  8.341274707540892 0.12691074348290188  8.400662746331264 0.12345482972445589  8.4372892331695404 0.12139853581798433  8.4745840626218314 0.11936695166552602  8.5124286840850392 0.11735795673794312  8.5507355605737683 0.11536944910824075  8.5894395465391913 0.1133992201451315 
 0 7 0.17805235916708198 5 0.30789085441555908 5 0.47938433656999524 5 0.68616764300761823 5 1 7
7 0 0  6 27 6  17.118858975651584 0.15431930954572418  17.131241605695998 0.1527768036359633  17.145277023977535 0.15125179551246035  17.160862624314856 0.14974632448977965  17.17789029655702 0.14826175008321835  17.196267653370111 0.1467990740679696  17.230221083594035 0.144308399020566  17.245204716334985 0.14326991910892692  17.260808130830195 0.14224327919756996  17.27698877077481 0.14122838438342541  17.293707458484022 0.14022505141260846  17.333674248117362 0.1379226976761434  17.35729593897543 0.13663212501580843  17.381711802940057 0.1353606670740356  17.406849069479538 0.13410762755127945  17.432643862057699 0.13287223747382801  17.490870356873565 0.13018431218212587  17.523575504617757 0.12873948175959604  17.557054378227608 0.12731762615955941  17.591236598755863 0.1259175189314295  17.62602878431597 0.12453753477900588  17.715073884612526 0.12111124046643951  17.770066001688019 0.11908985344480355  17.826195504706202 0.11710819062141041  17.883310111871811 0.11516238224153297  17.941280858246603 0.11324880745582834  18 0.11136391742361662 
 0 7 0.17805235916708198 5 0.30789085441555908 5 0.47938433656999524 5 0.68616764300761823 5 1 7
7 0 0  6 12 3  8.5894395465391913 0.1133992201451315  8.6184834598003839 0.11196079494987146  8.6477192553537492 0.11053212868926206  8.6771220375129179 0.10911232717262509  8.7066658108789543 0.10770071950487521  8.7363393623431485 0.10629637934292524  8.8047876673512899 0.10308429525487249  8.8436342451029422 0.10128119637544393  8.8826156982143676 0.099488275084281971  8.9216916074196657 0.097704434546611971  8.9608285300432815 0.095928608759445158  9 0.094159762551578874 
 0 7 0.43513090765730378 5 1 7
7 0 0  6 12 3  18 0.11136391742361662  18.042787433240022 0.10998779691311297  18.085979387823532 0.1086269801906692  18.129530949763488 0.107280060649663  18.17340853861295 0.10594587735589314  18.217569944100855 0.10462309447948231  18.319653266003268 0.10160696455619782  18.377754406772208 0.099920786104642834  18.436242981004785 0.09825007012442781  18.49507243680776 0.096592832158838113  18.554199390855242 0.094947177970350807  18.613583628388692 0.093311303540634563 
 0 7 0.43513090765730378 5 1 7
7 0 0  4 5 2  9 0.094159762551578804  9.0448254499789691 0.0921355922166439  9.0896664896923909 0.09012306624297034  9.1344599507078748 0.088119939330362371  9.1791594672713757 0.086124010581596036 
 0 5 1 5
7 0 0  4 5 2  18.613583629184287 0.093311303518473429  18.680062741571664 0.091439297394705243  18.746979552196358 0.089582886712228874  18.814241951225544 0.08773808543781432  18.881766219756908 0.085901133024374327 
 0 5 1 5
7 0 0  5 10 3  8 0.51125658127112361  7.986927438473848 0.5090501924202131  7.976710747445094 0.50681241457948378  7.9696868768286455 0.50454899968003664  7.966153640438403 0.50226979808364525  7.9661760589147654 0.49771577436826514  7.9697202492082848 0.49544025410446779  7.9767430940027149 0.49318050174425776  7.9869481308457173 0.49094631519487864  8 0.488743418728879 
 0 6 0.50039592819016343 4 1 6
7 0 0  5 10 3  17.118859074735987 0.51234735841786017  17.098847934993227 0.50994408072081576  17.083147119491564 0.50749418308851957  17.072260020406908 0.50500725277947478  17.066704933640811 0.50249843860723287  17.066740174415564 0.49748568050308734  17.072311751365387 0.4949809398232346  17.083196826679011 0.49249806179783384  17.098879610858297 0.49005211526678455  17.11885907483769 0.4876526415697412 
 0 6 0.50039592819016343 4 1 6
7 0 0  6 27 6  8 0.48874341872887861  8.0084013976285071 0.48732727918283669  8.0179381790450819 0.48592270140148991  8.0285372885693072 0.48453078907388114  8.0401181047654866 0.48315226184054505  8.0526047193911232 0.48178737817803297  8.0756329468560502 0.47945084052835946  8.0857842233453674 0.47847284313879745  8.0963427383916002 0.47750227137209361  8.1072782233266008 0.47653914262351632  8.118563254569322 0.47558338839926834  8.1455080311328363 0.47338201181209238  8.1614093485201984 0.47214180189264637  8.1778211775784033 0.47091386851308331  8.1946945875831165 0.46969776531017343  8.2119877452951879 0.46849295560252235  8.2509820138130525 0.46585893390473498  8.2728554101633538 0.46443467641224867  8.295230843615661 0.46302470105590049  8.3180430135502395 0.46162850908110237  8.3412746768158499 0.46024407902990433  8.4006624945467134 0.45678818076126215  8.4372888313201155 0.45473189713130996  8.4745835113240222 0.45270032283418676  8.5124279999281054 0.4506913361799727  8.550734774709964 0.4487028342140158  8.5894387039464721 0.44673260731063508 
 0 7 0.17805251554640755 5 0.30789127387117415 5 0.47938490362655983 5 0.68616797876976898 5 1 7
7 0 0  6 27 6  17.118859075201105 0.48765264152527149  17.13124171019275 0.486110135282245  17.145277128653927 0.484585126797692  17.160862723111286 0.48307965536068986  17.177890383468455 0.48159508047521044  17.196267721391081 0.48013240389277495  17.230221124532989 0.47764172649562786  17.245204754128814 0.47660324487938976  17.260808165951193 0.47557660326766166  17.276988805134916 0.4745617067771985  17.293707495126508 0.47355837217288582  17.333674272509139 0.47125601631298347  17.357295949783147 0.46996544316127714  17.381711807125868 0.46869398482860364  17.406849075681375 0.46744094505120154  17.432643880118153 0.46620555488556598  17.49087036170679 0.46351763273076263  17.523575484397742 0.46207280549501539  17.557054351871958 0.46065095340331741  17.591236571847304 0.45925084978086478  17.626028788180847 0.45787086981192848  17.715073974890931 0.45444458607014376  17.770066159030339 0.4524232056676048  17.826195707492655 0.45044154902654149  17.883310314440028 0.44849574588891628  17.941280997926608 0.44658217501303593  18 0.44469728716996065 
 0 7 0.17805251554640755 5 0.30789127387117415 5 0.47938490362655983 5 0.68616797876976898 5 1 7
7 0 0  6 12 3  8.5894387039464739 0.44673260731063513  8.6184827193506361 0.44529417642592289  8.6477186406571622 0.4438655027786309  8.6771215826788026 0.44244569133491513  8.7066655429395343 0.44103407175177856  8.7363393285647533 0.43962971608029755  8.8047878619077604 0.43641760852111333  8.8436344479225415 0.43461450015328079  8.88261592188036 0.43282156819687773  8.9216918276154917 0.43103771878586716  8.9608286870112508 0.42926188873460519  9 0.42749304553784079 
 0 7 0.43513341122749255 5 1 7
7 0 0  6 12 3  18 0.44469728716996065  18.042787544470784 0.44332116138565991  18.085979575588439 0.44196033868765444  18.129531163954258 0.44061341210204757  18.173408742279797 0.43927922096762029  18.217570069658205 0.4379564287473019  18.319652513461929 0.43494029216037328  18.377752824575648 0.4332541155605063  18.436240553884769 0.43158340093166331  18.495069206145104 0.42992616513930876  18.554195447860184 0.42828051514891369  18.613579107281314 0.42664464802595559 
 0 7 0.43513341122749255 5 1 7
7 0 0  6 12 3  9 0.23917362112176654  8.9611395315291364 0.23741881421364655  8.9223129504985863 0.23565713094843588  8.8835461614441975 0.23388756313382228  8.8448718051627466 0.23210907291340058  8.8063292587119477 0.23032059276667208  8.7378679218766333 0.22710927779320844  8.7078828625386038 0.22569075198183311  8.678030411155099 0.22426485292900994  8.6483209250066668 0.22283059518600273  8.618781924773522 0.22138730829093942  8.5894387024538474 0.21993405930106255 
 0 7 0.56038418868517181 5 1 7
7 0 0  6 12 3  18.613579106375422 0.24002201863807879  18.554666677463128 0.23839913254930742  18.496007588955568 0.23676661842155547  18.437641075311774 0.23512271563959972  18.379609424941332 0.23346557651164204  18.321957980204349 0.23179326626930966  18.21984486813642 0.22877835941785801  18.175217061637998 0.22744240996478721  18.130877042096419 0.22609487765385647  18.08686955166695 0.22473436105946631  18.043228291172731 0.22335968143075607  18 0.22196937942932982 
 0 7 0.56038418868517181 5 1 7
7 0 0  6 12 3  8.5894387024537941 0.78006594069893953  8.6184827181124213 0.77862750980423878  8.647718639697727 0.77719883614668583  8.6771215820058245 0.77577902469277904  8.706665542554159 0.77436740509961155  8.7363393284445348 0.77296304941870653  8.8047878620904445 0.76975094185090054  8.8436344481277462 0.76794783348406481  8.8826159220720786 0.76615490152935983  8.9216918277639738 0.76437105212060652  8.9608286870934499 0.76259522207202501  9 0.76082637887823401 
 0 7 0.43513341278980888 5 1 7
7 0 0  6 12 3  18 0.77803062057067252  18.042787544450714 0.77665449477394644  18.085979575522035 0.77529367206294053  18.12953116384563 0.77394674546446551  18.173408742142112 0.77261255431747589  18.217570069541683 0.77128976208580446  18.31965251314568 0.76827362548651523  18.377752824060082 0.76658744888607921  18.436240553228938 0.76491673425806039  18.495069205394774 0.76325949846762853  18.554195447049192 0.76161384847998004  18.613579106432883 0.75997798136033812 
 0 7 0.43513341278980888 5 1 7
7 0 0  6 12 3  9 0.57250695446215982  8.9611395267883829 0.5707521473407019  8.9223129410411666 0.56899046386079177  8.8835461473100512 0.567220895829883  8.8448717864108115 0.5654424053913264  8.8063292354232843 0.56365392502437039  8.7378678990790437 0.5604426100476031  8.707882844671861 0.55902408445798324  8.6780303982022886 0.55759818562920838  8.6483209169359245 0.55616392811290094  8.6187819215263115 0.55472064144713973  8.5894387039464721 0.55326739268936431 
 0 7 0.56038425742154385 5 1 7
7 0 0  6 12 3  18.613579107223842 0.57335535197246135  18.554666671211162 0.57173246568582903  18.49600757564124 0.5700999513584647  18.437641054976684 0.56845604837476504  18.379609397630958 0.5667989090425255  18.321957945968382 0.56512659859294145  18.219844834164878 0.56211169173532671  18.175217034681122 0.56077574249072981  18.130877022039314 0.55942821039233059  18.086869538399963 0.55806769401449419  18.043228284589329 0.55669301460651788  18.000000000000021 0.55530271283003807 
 0 7 0.56038425742154385 5 1 7
7 0 0  7 26 5  8.5894387039464704 0.55326739268936442  8.5493171150733964 0.55122500163075538  8.5096115142583564 0.5491635614815521  8.4703866588251504 0.54708082121688062  8.4317278888363099 0.54497454385908939  8.3937488444731407 0.54284263072324113  8.3565978418974982 0.54068300972622085  8.294284461746555 0.53690692718223343  8.2686372647331581 0.53530476406294791  8.2435741439760726 0.5336851556367711  8.2191621954600347 0.53204663176077449  8.1954841723746448 0.5303878529585202  8.1726398737553954 0.52870756846464562  8.1391878082557625 0.52610534623438265  8.1278940658808274 0.52519983335499887  8.1168840431282465 0.52428787674934541  8.1061773535040746 0.52336936531971889  8.0957954868920705 0.52244423575266541  8.0857618095536949 0.52151247251897925  8.0627737950634142 0.51927947861148138  8.0501543090737488 0.51797223307497975  8.0383244934119542 0.51665294880177515  8.0273219998517344 0.51532099061283476  8.0172302065459231 0.51397731288320969  8.0081012447853261 0.51262215374190712  8 0.51125658127112372 
 0 8 0.37954412694490119 6 0.65450362541118157 6 0.79968986305447276 6 1 8
7 0 0  7 26 5  18.000000000000025 0.55530271283003796  17.939130074262614 0.55334878475149563  17.879044264915049 0.55136494084221055  17.819847820931141 0.5493475519595693  17.76166982253001 0.54729289678269288  17.704659988026567 0.54519714802396091  17.648990544304123 0.54305623579651052  17.55565146551778 0.53927857471896401  17.517258323790536 0.53766558716056245  17.479775498033181 0.53602461676048885  17.44331377025927 0.53435376151244884  17.40800406168254 0.53265118706561343  17.373998552209478 0.53091508768436257  17.324296839355984 0.52820827715349405  17.307534943024841 0.52726310341094673  17.291212365088427 0.52630787591589212  17.275357624704093 0.52534239234634617  17.260001506036485 0.52436649812283798  17.245177058257561 0.52338008640840838  17.211249410719983 0.5210075740725586  17.192652544306899 0.51961202638619763  17.175256754887105 0.51819589733642624  17.159074064505258 0.5167606136825863  17.144236698275076 0.51530637320323769  17.130799094837197 0.51383479886282257  17.118859075195704 0.51234735847407298 
 0 8 0.37954412694490119 6 0.65450362541118157 6 0.79968986305447276 6 1 8
7 0 0  4 5 2  9 0.76082637887823401  9.044826160226668 0.75880217180962661  9.0896677744345755 0.75678962018569529  9.1344615949891352 0.75478648453319463  9.1791611794887302 0.75279056967303626 
 0 5 1 5
7 0 0  4 5 2  18.613579107228166 0.75997798133818517  18.680058881506877 0.75810594641945706  18.746976573653644 0.75624951212560987  18.814240168915006 0.75440469466692395  18.881766045941731 0.7525677359541153 
 0 5 1 5
7 0 0  4 5 2  9.1791611793548658 0.58054276365609614  9.134461594298422 0.57854684879965446  9.0896677753230986 0.57654371314542052  9.0448261595643533 0.57453116152760497  9 0.57250695446215982 
 0 5 1 5
7 0 0  4 5 2  18.881766045930519 0.5807655973732998  18.814240168928656 0.57892863866926991  18.746976574453416 0.57708382119279111  18.680058881926371 0.57522738691828923  18.613579108053269 0.57335535199554222 
 0 5 1 5
7 0 0  4 5 2  9.1791611794887356 0.24720943032696355  9.1344615944035663 0.24521351546783399  9.0896677754063742 0.24321037981103003  9.0448261596175907 0.24119782819046243  9 0.23917362112176646 
 0 5 1 5
7 0 0  4 5 2  18.881766045916976 0.24743226404520938  18.81424016869968 0.24559530533980289  18.746976573998207 0.24375048786220019  18.680058881256087 0.24189405358626456  18.613579107204835 0.24002201866115944 
 0 5 1 5
7 0 0  4 5 2  9 0.42749304553784068  9.0448261601734252 0.4254688384724854  9.0896677743513035 0.42345628685130432  9.1344615948839927 0.4214531512013755  9.1791611793548622 0.41945723634390386 
 0 5 1 5
7 0 0  4 5 2  18.613579108076607 0.42664464800380214  18.680058882177264 0.42477261308743391  18.746976574108878 0.42291617879501853  18.814240169144114 0.42107136133745876  18.881766045955381 0.41923440262602568 
 0 5 1 5
Curves 194
1 0 -16.085000000000001 68.349999999999994 1 0 0 
7 0 0  8 149 22  2.036626122249146 -16.085000000000001 68.349999999999994  2.0676026012297117 -16.085000000000001 68.330528754071409  2.0984807675013597 -16.085000000000001 68.310901091366091  2.1292640682910746 -16.085000000000001 68.291124512185164  2.1599560496150656 -16.085000000000001 68.271206389482671  2.1905603562787661 -16.085000000000001 68.251153968865708  2.2210807318768326 -16.085000000000001 68.230974368594303  2.2515210187931487 -16.085000000000001 68.210674579581564  2.3313243826509211 -16.085000000000001 68.1570246092285  2.380581796157184 -16.085000000000001 68.123472302748212  2.4296750818923059 -16.085000000000001 68.089639636321621  2.4786172111796319 -16.085000000000001 68.055553671118901  2.5274173322041076 -16.085000000000001 68.021232721879031  2.5760870806549736 -16.085000000000001 67.986696240512003  2.6246435606034115 -16.085000000000001 67.951970041603701  2.7215559379565986 -16.085000000000001 67.882173892656226  2.7699101210395072 -16.085000000000001 67.84710596048447  2.8181758024185908 -16.085000000000001 67.811889532491222  2.8663659913453716 -16.085000000000001 67.776546326790708  2.9144936970713764 -16.085000000000001 67.741098061497198  2.9625719288481349 -16.085000000000001 67.705566454724959  3.0106136959271836 -16.085000000000001 67.669973224588261  3.1502561734304186 -16.085000000000001 67.566348187858921  3.2417783535987668 -16.085000000000001 67.498223193723589  3.3333056782318162 -16.085000000000001 67.430103709274874  3.4249435211506816 -16.085000000000001 67.362129894521175  3.5167956693931743 -16.085000000000001 67.294443701903589  3.608964492776102 -16.085000000000001 67.227189111199579  3.701551113457568 -16.085000000000001 67.160512364426566  3.8212167297792239 -16.085000000000001 67.075747716091712  3.8478149464478379 -16.085000000000001 67.056996214072569  3.8744522888656605 -16.085000000000001 67.038310914993602  3.9011308450137467 -16.085000000000001 67.019695219590474  3.9278527274936552 -16.085000000000001 67.001152709029213  3.954620073527459 -16.085000000000001 66.982687144906308  3.9814350449577343 -16.085000000000001 66.964302469248665  4.0530740568965067 -16.085000000000001 66.915503642684982  4.0979856947032385 -16.085000000000001 66.885242973384308  4.1430436636292791 -16.085000000000001 66.855244746927085  4.1882568856361271 -16.085000000000001 66.825532913628862  4.2336342826852587 -16.085000000000001 66.796131423805164  4.279184776738127 -16.085000000000001 66.767064227771556  4.3249172897561667 -16.085000000000001 66.738355275843602  4.4213565892262032 -16.085000000000001 66.678869056590528  4.4721034359997418 -16.085000000000001 66.648172240520438  4.5230930495029229 -16.085000000000001 66.617969375240904  4.5743375696642019 -16.085000000000001 66.58829287871896  4.625848935962563 -16.085000000000001 66.559174809615186  4.6776387671222084 -16.085000000000001 66.530646523627439  4.7297186953982981 -16.085000000000001 66.502739458336876  4.8437591196589525 -16.085000000000001 66.443408976373547  4.9058776506502308 -16.085000000000001 66.412218449499491  4.9684756855688352 -16.085000000000001 66.381984827627832  5.0315681741277434 -16.085000000000001 66.352782264311131  5.0951658296277058 -16.085000000000001 66.324689120066765  5.1592748799732897 -16.085000000000001 66.297787377482109  5.2238968186889227 -16.085000000000001 66.272162056319843  5.3189472068951789 -16.085000000000001 66.236755780039999  5.3489549628073059 -16.085000000000001 66.225905718476668  5.3790514059223078 -16.085000000000001 66.21535806178774  5.4092365184911797 -16.085000000000001 66.205120427827836  5.4395102827649122 -16.085000000000001 66.19520043445155  5.4698726809944853 -16.085000000000001 66.185605699513474  5.5003236954308763 -16.085000000000001 66.176343840868256  5.5664444843768823 -16.085000000000001 66.157028348523539  5.6021600452876594 -16.085000000000001 66.147094624771853  5.6380049341894747 -16.085000000000001 66.137629490122748  5.6739736771719302 -16.085000000000001 66.128641093764557  5.7100603832821433 -16.085000000000001 66.120137549066584  5.7462587445247557 -16.085000000000001 66.112126933579077  5.7825620358619236 -16.085000000000001 66.104617289033314  5.8605000826714546 -16.085000000000001 66.089628217940245  5.9021418009406368 -16.085000000000001 66.082307257250932  5.9438772436811798 -16.085000000000001 66.075664963700319  5.98569538455338 -16.085000000000001 66.069712561715235  6.027585197217519 -16.085000000000001 66.064461275722451  6.069535655333862 -16.085000000000001 66.059922330148765  6.1115357325626576 -16.085000000000001 66.056106949420951  6.1851029804295372 -16.085000000000001 66.050715945491788  6.216653905391146 -16.085000000000001 66.048816850620696  6.248222020085259 -16.085000000000001 66.047336782989191  6.2798023647137455 -16.085000000000001 66.046281786612553  6.311390177044065 -16.085000000000001 66.045656239884664  6.3429808924092548 -16.085000000000001 66.045462855578052  6.3745701437079303 -16.085000000000001 66.045702680843846  6.4587925530009498 -16.085000000000001 66.047495778997032  6.5114141164707302 -16.085000000000001 66.049808413968549  6.563996915514914 -16.085000000000001 66.05329107883108  6.6165194138347907 -16.085000000000001 66.057921850289318  6.6689600751316629 -16.085000000000001 66.063678805047957  6.7212973631068573 -16.085000000000001 66.070540019811688  6.7735097414617096 -16.085000000000001 66.078483571285176  6.8829865800182883 -16.085000000000001 66.09741582821961  6.9401794623894073 -16.085000000000001 66.108623419528328  6.9971176535790516 -16.085000000000001 66.121092716986766  7.0537857199106071 -16.085000000000001 66.134759756939715  7.1101503972072138 -16.085000000000001 66.149614743187414  7.1661828030077075 -16.085000000000001 66.165648865742398  7.2218809803576507 -16.085000000000001 66.182792334905884  7.3532932671071309 -16.085000000000001 66.225993267254253  7.4286974482799515 -16.085000000000001 66.252988589851228  7.5034259367637643 -16.085000000000001 66.281837157652035  7.5774707309471205 -16.085000000000001 66.312404052896028  7.6508336046584446 -16.085000000000001 66.344558483322601  7.7235254491837102 -16.085000000000001 66.378175450068099  7.7955656152841124 -16.085000000000001 66.413137415562602  7.9341859394449763 -16.085000000000001 66.483400113663095  8.0008347493500693 -16.085000000000001 66.518559991840675  8.0669575919871264 -16.085000000000001 66.554708604422459  8.132552718697255 -16.085000000000001 66.591807177254893  8.1976578915383413 -16.085000000000001 66.629754197440533  8.2622873029744781 -16.085000000000001 66.66849795679083  8.3264731514236203 -16.085000000000001 66.707963804433518  8.4222390285308038 -16.085000000000001 66.7682208663648  8.4541439686647362 -16.085000000000001 66.788527489376065  8.4859627685373269 -16.085000000000001 66.809001413347517  8.5176984868648571 -16.085000000000001 66.829634420125643  8.5493541823636026 -16.085000000000001 66.850418291556878  8.580932913749832 -16.085000000000001 66.871344809487709  8.6124377397398106 -16.085000000000001 66.892405755764585  8.6753059119042941 -16.085000000000001 66.934780212636738  8.7066690946578937 -16.085000000000001 66.956093353998668  8.7379643017244355 -16.085000000000001 66.977523958942214  8.7691946886143981 -16.085000000000001 66.999064479751354  8.800363531934865 -16.085000000000001 67.020708198371636  8.8314742293895439 -16.085000000000001 67.042449226410142  8.8625302997787561 -16.085000000000001 67.064282505135466  9.0000115792176665 -16.085000000000001 67.161484902451093  9.1057978792038146 -16.085000000000001 67.237733006222442  9.2110446909858688 -16.085000000000001 67.314726390823211  9.3159033542086966 -16.085000000000001 67.392247673182794  9.4205267114015339 -16.085000000000001 67.470083049082476  9.5250696792455134 -16.085000000000001 67.548021529109548  9.6296898198411487 -16.085000000000001 67.625854174611348  9.7913106326728769 -16.085000000000001 67.745336698455603  9.8481417362626793 -16.085000000000001 67.787207147087429  9.9050660710185294 -16.085000000000001 67.828951281368049  9.9621080940908264 -16.085000000000001 67.870535215060755  10.01929187150709 -16.085000000000001 67.911924573868816  10.076641078171971 -16.085000000000001 67.95308449543549  10.134178997867254 -16.085000000000001 67.993979629344082  10.24994698296798 -16.085000000000001 68.075357689853249  10.308177722243222 -16.085000000000001 68.115838067571929  10.366650958600502 -16.085000000000001 68.15597146335034  10.425362428770626 -16.085000000000001 68.195755771148015  10.484385727137777 -16.085000000000001 68.235079687619518  10.543713569914122 -16.085000000000001 68.273940512729638  10.603389767222342 -16.085000000000001 68.312262885906051  10.66343457031493 -16.085000000000001 68.349999999999994 
 0 9 0.029289126532683493 7 0.076978003241990833 7 0.12466590634991195 7 0.21565961678636414 7 0.24161860874451146 7 0.28488319900346559 7 0.33247429180056298 7 0.38849246836315299 7 0.41422525307391811 7 0.44420607654637095 7 0.47841694367263304 7 0.50407474845082689 7 0.54683729235987255 7 0.59398974462546106 7 0.65878519940684332 7 0.71976005144894717 7 0.75035099909844494 7 0.7809421545653763 7 0.88599685959086738 7 0.9428660125372007 7 1 9
7 0 0  7 122 21  14.736565429749497 -16.085000000000001 68.349999999999994  14.791198026998334 -16.085000000000001 68.315664363119396  14.845519152777555 -16.085000000000001 68.280833392671781  14.899547522979752 -16.085000000000001 68.245548623514964  14.9533085854777 -16.085000000000001 68.209857909979661  15.006817239355591 -16.085000000000001 68.173792203424625  15.060104716488606 -16.085000000000001 68.137402324907356  15.169243990661695 -16.085000000000001 68.061980854662551  15.225095264544056 -16.085000000000001 68.022898846582194  15.28076343405654 -16.085000000000001 67.983507091260037  15.336269192501216 -16.085000000000001 67.943840594377519  15.39163323318016 -16.085000000000001 67.903934361616081  15.446876249395464 -16.085000000000001 67.863823398657146  15.622389115716178 -16.085000000000001 67.735614572604931  15.742202384352623 -16.085000000000001 67.64693531607756  15.86171198793439 -16.085000000000001 67.557843899572305  15.981167587601416 -16.085000000000001 67.468676968593215  16.100817043606757 -16.085000000000001 67.379771246174641  16.220908200865637 -16.085000000000001 67.291465922879752  16.396997916817334 -16.085000000000001 67.164101816226918  16.452429504317923 -16.085000000000001 67.124311104296311  16.508008554223927 -16.085000000000001 67.084769121416059  16.563751579781758 -16.085000000000001 67.045503958038225  16.61968857120721 -16.085000000000001 67.006564460101387  16.675825921668867 -16.085000000000001 66.96796682787938  16.788565510932024 -16.085000000000001 66.891568461991056  16.845162103806867 -16.085000000000001 66.853769847982576  16.902005196585005 -16.085000000000001 66.816422345655099  16.959113780072684 -16.085000000000001 66.779576979466412  17.016506845076183 -16.085000000000001 66.743284773874336  17.074203382401784 -16.085000000000001 66.707596753336645  17.184967294160366 -16.085000000000001 66.640715711630946  17.23797811265819 -16.085000000000001 66.60940997963354  17.291268946765658 -16.085000000000001 66.578682143319512  17.344856412702963 -16.085000000000001 66.54857423662358  17.398753867282643 -16.085000000000001 66.519123264721642  17.452972491163159 -16.085000000000001 66.490363403130331  17.567539218907978 -16.085000000000001 66.431519822813243  17.627947707341111 -16.085000000000001 66.401597654681837  17.688754515663081 -16.085000000000001 66.372650657717571  17.749959471670099 -16.085000000000001 66.344753932432923  17.811562403158398 -16.085000000000001 66.317982579340352  17.873563137924187 -16.085000000000001 66.292411698952336  17.969996976039791 -16.085000000000001 66.254864406051709  18.004150751775846 -16.085000000000001 66.241991929708945  18.038422803025931 -16.085000000000001 66.229511150364416  18.072813101844122 -16.085000000000001 66.217434255629442  18.107321620284516 -16.085000000000001 66.205773433115382  18.141948330401195 -16.085000000000001 66.194540870433556  18.234483625037225 -16.085000000000001 66.165798456006769  18.292645852209372 -16.085000000000001 66.149049767026881  18.351173321610961 -16.085000000000001 66.133587185013681  18.410034858633818 -16.085000000000001 66.119425955754735  18.469198778539447 -16.085000000000001 66.106594450151945  18.528637558100503 -16.085000000000001 66.095148757917599  18.653809718176639 -16.085000000000001 66.07411192392118  18.719535675230865 -16.085000000000001 66.064822224032014  18.78544508623488 -16.085000000000001 66.057297087516048  18.851492087701264 -16.085000000000001 66.051583202675602  18.917630816142559 -16.085000000000001 66.047727257812966  18.983815408071305 -16.085000000000001 66.045775941230488  19.116184591928739 -16.085000000000001 66.045775941230488  19.182369183857467 -16.085000000000001 66.047727257812966  19.248507912298745 -16.085000000000001 66.051583202675602  19.314554913765125 -16.085000000000001 66.057297087516048  19.380464324769168 -16.085000000000001 66.064822224032014  19.446190281823416 -16.085000000000001 66.07411192392118  19.577342870955892 -16.085000000000001 66.096153847972829  19.642714751385732 -16.085000000000001 66.108902203944908  19.707744870949558 -16.085000000000001 66.123330056164363  19.772412039295155 -16.085000000000001 66.139336970868129  19.836647812894679 -16.085000000000001 66.15693795875417  19.9004404475297 -16.085000000000001 66.176059158038314  20.050796424616717 -16.085000000000001 66.224811117603139  20.136947390619529 -16.085000000000001 66.255705042435011  20.222194514213687 -16.085000000000001 66.289056279463779  20.306527165509291 -16.085000000000001 66.324649236488781  20.389954203693783 -16.085000000000001 66.362277371851121  20.472502163668757 -16.085000000000001 66.401747833006553  20.631112219937187 -16.085000000000001 66.481601460848495  20.707266437395958 -16.085000000000001 66.52179481006138  20.782720463697146 -16.085000000000001 66.563297997809826  20.857477883778014 -16.085000000000001 66.60604127863607  20.931593501033987 -16.085000000000001 66.649874695219893  21.005100695994194 -16.085000000000001 66.694707754958358  21.114649842104537 -16.085000000000001 66.763371627126276  21.151128622282549 -16.085000000000001 66.786548447682605  21.187492199202079 -16.085000000000001 66.809949275422653  21.223745466812467 -16.085000000000001 66.833560961293841  21.259893319063028 -16.085000000000001 66.857370356243564  21.295940649903091 -16.085000000000001 66.881364311219201  21.367844134092248 -16.085000000000001 66.929695095163538  21.403700353333249 -16.085000000000001 66.954031981943473  21.439465602181599 -16.085000000000001 66.978526149202523  21.475144816232632 -16.085000000000001 67.003165312335454  21.510743275500364 -16.085000000000001 67.027939090437215  21.546266604417518 -16.085000000000001 67.052839006302975  21.703481181039717 -16.085000000000001 67.163783001371442  21.824305827503554 -16.085000000000001 67.251021871565769  21.944434556119909 -16.085000000000001 67.339219463929254  22.064109375957884 -16.085000000000001 67.42802909313842  22.183575957107657 -16.085000000000001 67.517111020587492  22.303085127525296 -16.085000000000001 67.606130453347916  22.487755942142801 -16.085000000000001 67.742734835479325  22.552703649753774 -16.085000000000001 67.790597130574128  22.617777287066481 -16.085000000000001 67.838289035677931  22.683015890420666 -16.085000000000001 67.885756204401119  22.748457738139809 -16.085000000000001 67.932943336698656  22.814140350531197 -16.085000000000001 67.979794178870009  22.915574750591027 -16.085000000000001 68.051236915847568  22.95111943985961 -16.085000000000001 68.076100687514185  22.98674059588339 -16.085000000000001 68.100836274152712  23.022443841673059 -16.085000000000001 68.125435045403293  23.058234385058274 -16.085000000000001 68.149886304952375  23.094117018687605 -16.085000000000001 68.174177290532853  23.163124507748176 -16.085000000000001 68.220431268460914  23.196246171228527 -16.085000000000001 68.242430126647974  23.229466449396234 -16.085000000000001 68.264280357066241  23.262790512114385 -16.085000000000001 68.2859723633633  23.296223360182612 -16.085000000000001 68.307496344253195  23.329769825337081 -16.085000000000001 68.328842293516431  23.363434570250522 -16.085000000000001 68.349999999999994 
 0 8 0.044881035713651443 6 0.092273848344313958 6 0.19572694355622144 6 0.2430989275247509 6 0.29046971673536526 6 0.33353436893190153 6 0.38090358541905189 6 0.40674133986659072 6 0.44971673555628927 6 0.49688421699981711 6 0.54405169844336321 6 0.59133390709618994 6 0.65630204728006336 6 0.71744379662503843 6 0.74811838393715868 6 0.77879303731502758 6 0.88413913960682777 6 0.94117074829159209 6 0.97184312367935966 6 1 8
7 0 0  8 135 20  27.436565429685093 -16.085000000000001 68.349999999999994  27.482839360087056 -16.085000000000001 68.320917639808712  27.528894123466767 -16.085000000000001 68.291486866958991  27.574741537412464 -16.085000000000001 68.261732733338633  27.620393117414199 -16.085000000000001 68.231678834094595  27.665861051971543 -16.085000000000001 68.201348533764289  27.71115842980393 -16.085000000000001 68.17076523740252  27.756298719163361 -16.085000000000001 68.139951706704053  27.850375358625559 -16.085000000000001 68.075088591828859  27.899301018237079 -16.085000000000001 68.040986219927703  27.948084411397545 -16.085000000000001 68.006643183968194  27.996738471420247 -16.085000000000001 67.972081362500106  28.045276131618429 -16.085000000000001 67.937322634073183  28.093710325305331 -16.085000000000001 67.902388877237158  28.142053985794213 -16.085000000000001 67.867301970541803  28.317609027956099 -16.085000000000001 67.739205153707459  28.444265339788402 -16.085000000000001 67.645481528755909  28.570572334663066 -16.085000000000001 67.551283322381408  28.696807494661048 -16.085000000000001 67.456980155457302  28.8232440501681 -16.085000000000001 67.362943024667729  28.950152598866591 -16.085000000000001 67.269546462144163  29.077802724727182 -16.085000000000001 67.17717069510212  29.237469700221244 -16.085000000000001 67.064282505135466  29.268525770610477 -16.085000000000001 67.042449226410142  29.299636468065167 -16.085000000000001 67.020708198371636  29.330805311385635 -16.085000000000001 66.999064479751354  29.362035698275587 -16.085000000000001 66.977523958942243  29.393330905342118 -16.085000000000001 66.95609335399871  29.424694088095709 -16.085000000000001 66.934780212636795  29.501033965678786 -16.085000000000001 66.883325545849175  29.546084235468538 -16.085000000000001 66.853315751285805  29.591288007859607 -16.085000000000001 66.823587488175164  29.636654200392158 -16.085000000000001 66.794164716148572  29.682191730606338 -16.085000000000001 66.765071394837349  29.727909516042306 -16.085000000000001 66.736331483872803  29.773816474240217 -16.085000000000001 66.707968942886225  29.870638109817598 -16.085000000000001 66.649249772071954  29.921592211797865 -16.085000000000001 66.618978485269722  29.972798464435897 -16.085000000000001 66.589225708243774  30.024267999622829 -16.085000000000001 66.560019475978223  30.076014901344976 -16.085000000000001 66.531395541723484  30.128050243831598 -16.085000000000001 66.503386507313991  30.180379454560033 -16.085000000000001 66.476017329876669  30.304434384715996 -16.085000000000001 66.413137415562559  30.37647455081629 -16.085000000000001 66.378175450068142  30.449166395341503 -16.085000000000001 66.344558483322643  30.522529269052882 -16.085000000000001 66.312404052896028  30.596574063236307 -16.085000000000001 66.281837157652006  30.671302551720107 -16.085000000000001 66.252988589851185  30.746706732892836 -16.085000000000001 66.225993267254267  30.878119019641385 -16.085000000000001 66.182792334906225  30.933817196994994 -16.085000000000001 66.165648865741758  30.98984960278996 -16.085000000000001 66.149614743187954  31.046214280089636 -16.085000000000001 66.134759756939744  31.102882346423886 -16.085000000000001 66.121092716986226  31.159820537607583 -16.085000000000001 66.108623419528911  31.217013419982887 -16.085000000000001 66.097415828219454  31.331696851781885 -16.085000000000001 66.07758317479643  31.389146577023336 -16.085000000000001 66.068961913651179  31.446744837013277 -16.085000000000001 66.061652932643497  31.504462966938149 -16.085000000000001 66.05568541167942  31.562272301984397 -16.085000000000001 66.051088530665012  31.620144177338457 -16.085000000000001 66.047891469506354  31.678049928186805 -16.085000000000001 66.046123408109494  31.793872094751286 -16.085000000000001 66.045503643348496  31.851787907650948 -16.085000000000001 66.046658487796506  31.909680718377633 -16.085000000000001 66.04925894685104  31.967521258672292 -16.085000000000001 66.053266218904  32.025281051580215 -16.085000000000001 66.058653458750001  32.082931676926229 -16.085000000000001 66.065396390372001  32.140443846660709 -16.085000000000001 66.073459904823835  32.260340239875781 -16.085000000000001 66.093024864569912  32.322708163567 -16.085000000000001 66.104775999775626  32.38484250159626 -16.085000000000001 66.118015297193097  32.446685006007364 -16.085000000000001 66.132763303334514  32.508231428065869 -16.085000000000001 66.148846266742865  32.569400967356884 -16.085000000000001 66.166420181637932  32.630221530732037 -16.085000000000001 66.1852937176198  32.741057204986646 -16.085000000000001 66.222226568873481  32.791193325433532 -16.085000000000001 66.239897404289962  32.841083108973372 -16.085000000000001 66.25841530681555  32.890726473434761 -16.085000000000001 66.277745008604853  32.940123336646352 -16.085000000000001 66.297851241812452  32.989273616436762 -16.085000000000001 66.318698738592957  33.038177230634616 -16.085000000000001 66.340252231100948  33.125852844834093 -16.085000000000001 66.380298422226929  33.164680792187895 -16.085000000000001 66.398537581384332  33.203320703165325 -16.085000000000001 66.417174774246689  33.241775615571434 -16.085000000000001 66.436191716845812  33.280048840981117 -16.085000000000001 66.45557099596202  33.318143964738972 -16.085000000000001 66.475296069123999  33.356064845959366 -16.085000000000001 66.495351264608914  33.450549390742779 -16.085000000000001 66.546335626785066  33.506938831852381 -16.085000000000001 66.577686069748026  33.562999358004689 -16.085000000000001 66.609731724185906  33.618746386349095 -16.085000000000001 66.642431203953464  33.674195334035012 -16.085000000000001 66.675743122905473  33.729361618211875 -16.085000000000001 66.709626094896677  33.784260656029112 -16.085000000000001 66.744038733781849  33.893553627774224 -16.085000000000001 66.813839649888109  33.947950955225977 -16.085000000000001 66.849229740372863  34.002110292323884 -16.085000000000001 66.885068595008079  34.056051302671548 -16.085000000000001 66.921303673984042  34.109773401477703 -16.085000000000001 66.957919688882598  34.16332288254636 -16.085000000000001 66.994833371261336  34.216690629735297 -16.085000000000001 67.032048694676888  34.372060254628167 -16.085000000000001 67.141480653951191  34.473565324715295 -16.085000000000001 67.214358070963215  34.57454641946542 -16.085000000000001 67.287961985979322  34.675136010146424 -16.085000000000001 67.362099784784832  34.775468344410271 -16.085000000000001 67.436582137168983  34.875679705577213 -16.085000000000001 67.511222638590183  34.975908671920067 -16.085000000000001 67.58583745184103  35.137379282111766 -16.085000000000001 67.705519678256323  35.198519478674378 -16.085000000000001 67.750716524325696  35.25974807415227 -16.085000000000001 67.795794108583706  35.321095702977779 -16.085000000000001 67.840710462558846  35.382592525499689 -16.085000000000001 67.885423027646141  35.444268227983201 -16.085000000000001 67.929888655107092  35.506152022609967 -16.085000000000001 67.974063606069734  35.599295916979919 -16.085000000000001 68.039797382213749  35.630371208066791 -16.085000000000001 68.061601924676609  35.661502350220708 -16.085000000000001 68.083313239441182  35.692692958394353 -16.085000000000001 68.104926357735522  35.723946433010944 -16.085000000000001 68.12643528149178  35.755265959964348 -16.085000000000001 68.147832983346134  35.786654510619002 -16.085000000000001 68.169111406638905  35.848478981206434 -16.085000000000001 68.210674579599498  35.878919268111389 -16.085000000000001 68.230974368609552  35.909439643698001 -16.085000000000001 68.251153968878455  35.940043950350194 -16.085000000000001 68.271206389493045  35.970735931662695 -16.085000000000001 68.291124512193164  36.001519232440998 -16.085000000000001 68.310901091371647  36.032397398701363 -16.085000000000001 68.330528754074322  36.063373877670841 -16.085000000000001 68.349999999999994 
 0 9 0.0440606951044289 7 0.092121574952935048 7 0.21886944648248916 7 0.24941328689535253 7 0.29304704820514255 7 0.34104516396420681 7 0.40616412999934748 7 0.45355200539676321 7 0.50082565937702361 7 0.54809951213541763 7 0.59966463772059209 7 0.6426395215309102 7 0.67710179324182473 7 0.72889344216990837 7 0.78068372116114659 7 0.88011864201875567 7 0.94062180820706409 7 0.97083731287015285 7 1 9
1 38.100000000000001 -16.085000000000001 47 0 0 1 
1 0 -16.085000000000001 47 1 0 0 
1 0 -16.085000000000001 47 0 0 1 
7 0 0  6 17 4  1.1779089251518162 -15.8933333333175 68.81090189364987  1.2092405815819509 -15.906367230480674 68.797940633096985  1.2410408576012248 -15.919113765031517 68.784385450765853  1.2733121170091639 -15.931551104588737 68.770219419792994  1.3060592876139956 -15.943651456226874 68.755425725772099  1.3392894290563053 -15.955381027223611 68.739988201685051  1.4149256443135831 -15.980768799250722 68.703885040936356  1.4575947980599802 -15.994201719103549 68.682862515935867  1.5010409010760943 -16.006923520936368 68.660794760926478  1.5452666993950683 -16.018838651546101 68.637660618562222  1.5902671300683093 -16.029829943092317 68.613463500492088  1.700139711071412 -16.053711982617603 68.55283590178459  1.7657498023499221 -16.065593205566667 68.51538551689535  1.8326535064525944 -16.075042774294992 68.475985632173305  1.9005063284077126 -16.081641493551576 68.43490403941216  1.9687725327834302 -16.085000000000001 68.392651520479575  2.0366261222491655 -16.085000000000001 68.349999999999994 
 0 7 0.25087354725534955 5 0.56269491388048243 5 1 7
7 0 0  5 14 4  0.64897658454413076 -15.597500000026292 68.979359793751911  0.67242876546897967 -15.618057032501241 68.974051990789462  0.69832743481229553 -15.638186148323982 68.967959473472177  0.72607626763563082 -15.657921511483583 68.961109692609668  0.75530527019911875 -15.677286773601633 68.953513617302718  0.8201650445140044 -15.717754674005333 68.935746022687425  0.85612677682128191 -15.738759152409097 68.925371819621333  0.89335896885849653 -15.759349473005974 68.914030375485723  0.93170903144822503 -15.779521313861647 68.901700061797001  1.0105065366235146 -15.819009438558796 68.874981387410628  1.0509519177794204 -15.838323082666278 68.860592856516433  1.0923475868131933 -15.857180413168097 68.845145318167624  1.134665732137814 -15.875538262194173 68.828597794614822  1.1779089251517973 -15.893333333317498 68.810901893649898 
 0 6 0.30714815178691673 4 0.65345030951563121 4 1 6
7 0 0  6 12 3  0.5508744065146568 -15.435 69  0.55044035977663974 -15.448688395163975 69  0.55191067716413889 -15.462386995008764 68.999654058988583  0.55528706131634331 -15.476042492086792 68.998961320670603  0.56047554247044562 -15.489613437577683 68.997928202594736  0.56732600095716823 -15.503068452052133 68.996565406800201  0.5844024264591553 -15.530314784740259 68.993126921388992  0.59477079097110774 -15.544094676803038 68.991021048394387  0.6065921816142078 -15.557706018365218 68.988579982639294  0.61967141734861519 -15.571142510133647 68.98581650435851  0.63384378162816923 -15.584404770130115 68.982740967572667  0.64897658454405605 -15.597500000026294 68.979359793751911 
 0 7 0.48872574287559006 5 1 7
1 0 -15.435 69 1 0 0 
8 4.7123889803846897 6.2831853071795862
2 0 -15.435 68.349999999999994 -1 -0 -0 -0 0 1 0 1 -0 0.65000000000000002
7 0 0  6 17 4  10.663434570314935 -16.085000000000001 68.349999999999994  10.731366438728214 -16.085000000000001 68.392693997430101  10.799710746129838 -16.081634801147004 68.434989376018166  10.867638219915865 -16.075022699667972 68.476112925604639  10.934609919869205 -16.065553630501057 68.515552987805762  11.000278723369048 -16.053647300052972 68.55304156018974  11.110141899770879 -16.029732373163945 68.613681451074427  11.155082595340946 -16.018740288418829 68.63785756699987  11.199244122857131 -16.006824729595195 68.660974412892173  11.242624656369822 -15.994103311346294 68.683026229433153  11.285226640366679 -15.980671354153902 68.704034433773757  11.360709629017757 -15.955297835042439 68.740097743991768  11.393854641602724 -15.943581967784462 68.755510795027078  11.426518288085404 -15.93149669382337 68.77028150412697  11.458708377270343 -15.919075870806623 68.78442580603037  11.490430723677363 -15.906347414195315 68.797960338947291  11.521688734478529 -15.893333333333333 68.810901893634153 
 0 7 0.4378981533020691 5 0.7495233290725436 5 1 7
7 1 0  3 51 49  0 -15.893333333333333 69.049999999999997  1 0.26668430083001088 -15.893333333443948 69.051375979178033  0.99999999999054523 0.81776882424525532 -15.893333333279074 68.968119886902528  1.0000000000046383 1.6158394956915938 -15.893333333349378 68.637575636043636  0.9999999999986271 2.3988225237556606 -15.893333333328703 68.158084787369447  1.000000000000397 3.1749922363155796 -15.893333333334585 67.601887254828995  0.99999999999989175 3.9512078628531975 -15.893333333333013 67.045596204303166  1.000000000000028 4.7340619603686438 -15.893333333333409 66.566367962479163  0.99999999999999301 5.5325626981254086 -15.893333333333317 66.234947748868791  1.0000000000000013 6.3499999691286853 -15.893333333333336 66.114273992951482  0.99999999999999978 7.1674374289064957 -15.893333333333324 66.234947971833847  1.0000000000000002 7.9659375529348884 -15.893333333333336 66.566366981756971  1 8.7487941237707805 -15.893333333333333 67.045600247610238  0.99999999999999989 9.5249999997942663 -15.893333333333333 67.601871442108674  0.99999999999999989 10.301205877034446 -15.893333333333327 68.158142634128865  1.0000000000000004 11.084062444453757 -15.893333333333334 68.637375906941145  1 11.882562579878659 -15.893333333333333 68.96879489365169  1.0000000000000004 12.699999999999186 -15.893333333333331 69.089468953308327  1 13.517437420124706 -15.893333333333333 68.968794893657616  1 14.315937555533337 -15.893333333333326 68.637375906915125  1 15.098794123018205 -15.89333333333334 68.158142634236057  0.99999999999999989 15.874999999999993 -15.893333333333324 67.601871441689653  1.0000000000000002 16.651205876981823 -15.893333333333342 67.045600249143192  0.99999999999999933 17.434062444466587 -15.893333333333322 66.566366976464224  1.0000000000000004 18.23256257987552 -15.893333333333338 66.234947989721149  1 19.050000000000015 -15.893333333333338 66.114273930072599  1 19.867437420124453 -15.893333333333318 66.234947989721107  1.0000000000000011 20.665937555533439 -15.893333333333342 66.56636697646428  0.99999999999999933 21.448794123018153 -15.893333333333336 67.045600249143163  1 22.225000000000016 -15.893333333333324 67.60187144168961  1 23.001205876981796 -15.893333333333345 68.158142634236043  1 23.784062444466667 -15.893333333333326 68.637375906915153  0.99999999999999989 24.582562579875301 -15.893333333333333 68.968794893657588  1 25.400000000000819 -15.893333333333342 69.089468953308369  0.99999999999999989 26.217437420121346 -15.893333333333327 68.968794893651705  1.0000000000000004 27.01593755554623 -15.893333333333329 68.637375906941102  0.99999999999999978 27.798794122965557 -15.89333333333334 68.158142634128922  1 28.575000000205733 -15.893333333333324 67.601871442108632  1 29.351205876229226 -15.89333333333334 67.045600247610281  1 30.134062447065112 -15.893333333333329 66.566366981756957  0.99999999999999956 30.932562571093495 -15.893333333333334 66.23494797183379  1.0000000000000007 31.750000030871369 -15.893333333333336 66.114273992951794  0.99999999999999833 32.567437301874406 -15.893333333333331 66.234947748867725  1.0000000000000044 33.36593803963207 -15.893333333333326 66.566367962483369  0.99999999999998535 34.148792137143886 -15.893333333333356 67.045596204285658  1.0000000000000604 34.925007763695923 -15.893333333333249 67.601887254897548  0.99999999999976419 35.701177476201927 -15.893333333333642 68.158084787118526  1.000000000000862 36.484160504456106 -15.893333333332269 68.637575636910725  0.99999999999702482 37.28223117525129 -15.893333333336905 68.968119883970374  1.0000000000100544 37.833315700202327 -15.893333333326044 69.051375985156042  0.99999999997950517 38.100000000000001 -15.893333333333333 69.049999999999997  1
 0 4 0.019043869865423484 1 0.039181669338101022 1 0.060772106400712955 1 0.08333333333333337 1 0.10589456026595376 1 0.12748499732856572 1 0.14762279680124321 1 0.16666666666666674 1 0.18571053653209021 1 0.20584833600476773 1 0.22743877306737972 1 0.25000000000000011 1 0.27256122693262047 1 0.2941516639952324 1 0.31428946346790998 1 0.33333333333333348 1 0.35237720319875693 1 0.37251500267143456 1 0.39410543973404633 1 0.4166666666666668 1 0.43922789359928716 1 0.4608183306618992 1 0.48095613013457678 1 0.50000000000000022 1 0.51904386986542372 1 0.5391816693381013 1 0.56077210640071329 1 0.58333333333333359 1 0.60589456026595412 1 0.62748499732856589 1 0.64762279680124346 1 0.66666666666666696 1 0.68571053653209035 1 0.70584833600476793 1 0.72743877306737981 1 0.75000000000000033 1 0.77256122693262064 1 0.79415166399523252 1 0.81428946346790998 1 0.83333333333333337 1 0.85237720319875698 1 0.87251500267143434 1 0.89410543973404633 1 0.91666666666666674 1 0.93922789359928704 1 0.96081833066189903 1 0.98095613013457639 1 1 4
7 0 0  6 17 4  13.878311265500932 -15.893333333333329 68.810901893634153  13.909477003925957 -15.906308997158376 68.797998541889925  13.941104347339012 -15.919000723186087 68.784505704939221  13.973196662994914 -15.931386692516663 68.770406743728714  14.005759704990249 -15.943439252651686 68.755685168162657  14.038801206975821 -15.955124881707668 68.740325178153753  14.114127529396837 -15.98046471319004 68.704350685448162  14.156677733613144 -15.993892326812972 68.683376439208558  14.200004809596738 -16.006611719816654 68.661360873092988  14.244111305963497 -16.01852802086292 68.6382825267371  14.288995543525944 -16.029524141208125 68.614146894020664  14.398937240562542 -16.05350500274821 68.553489078508889  14.464750709301468 -16.065463149827433 68.515929494853026  14.531875304374147 -16.074975262602486 68.476407403581206  14.599962525540343 -16.081618662924765 68.435191568501352  14.668470904076742 -16.085000000000001 68.392796224686279  14.736565429749493 -16.085000000000001 68.349999999999994 
 0 7 0.24973774134942023 5 0.56105685592279797 5 1 7
7 0 0  6 17 4  13.347966971856266 -15.597500000000002 68.979359793758704  13.367325588367832 -15.614312035045126 68.975018944975673  13.388253098702528 -15.630847437464704 68.970174727593545  13.410461507574603 -15.647123711957981 68.964840005160951  13.43373515654814 -15.663154876952996 68.959022314535943  13.457918104274805 -15.678953599205181 68.952723324605245  13.51120152599419 -15.712181310369994 68.938252533676234  13.54052205412704 -15.729545196379464 68.929944411496763  13.570705239946177 -15.746639637281751 68.921009217983013  13.601659114903482 -15.763466291016751 68.911438386848118  13.633315696774355 -15.780022511764606 68.90121945339969  13.699377511721679 -15.813290507175386 68.878974516393882  13.733839136934213 -15.829975988824382 68.86688992710782  13.768979486583328 -15.846346317907274 68.85406280315469  13.804774992971657 -15.862382254477771 68.840471996749343  13.841217842914117 -15.878056261821756 68.826093827549315  13.878311265500953 -15.893333333333329 68.810901893634139 
 0 7 0.30164763851439863 5 0.64333984778204267 5 1 7
7 0 0  6 12 3  13.248791750538112 -15.435 69  13.248352162090617 -15.448691193453064 69  13.249841627071527 -15.462392877209949 68.999653916322856  13.253262207486165 -15.476050324163118 68.998960871201191  13.258516685064905 -15.489621195015252 68.997927483781339  13.265449931701653 -15.503073645952123 68.996564751332031  13.282727582142837 -15.530321240221737 68.993126106705887  13.29321837274637 -15.544104505876478 68.991019467668679  13.305172226704295 -15.557716319107877 68.988577968418653  13.318388476150728 -15.571150884304966 68.985814591536752  13.332698505735339 -15.584409448413581 68.982739759644488  13.347966971856266 -15.5975 68.979359793758704 
 0 7 0.48851249881428677 5 1 7
7 0 0  6 12 3  12.151208249473642 -15.435 69  12.151647837920907 -15.448691193445606 69  12.150158372941823 -15.462392877195066 68.999653916323226  12.146737792530928 -15.476050324140822 68.998960871202328  12.141483314957817 -15.489621194985686 68.997927483783585  12.134550068328386 -15.503073645915537 68.996564751335754  12.117272417894949 -15.530321240185911 68.993126106711372  12.106781627288193 -15.544104505848207 68.991019467673709  12.094827773326116 -15.557716319086975 68.988577968423002  12.081611523872944 -15.571150884291237 68.985814591539935  12.067301494280951 -15.584409448406795 68.98273975964625  12.052033028151412 -15.597500000000002 68.979359793758704 
 0 7 0.48851249854728007 5 1 7
7 0 0  6 17 4  12.052033028151477 -15.597499999999998 68.97935979375869  12.032674411638952 -15.614312035045197 68.975018944975631  12.011746901303196 -15.630847437464796 68.97017472759353  11.98953849242997 -15.647123711958093 68.964840005160923  11.966264843455209 -15.663154876953106 68.959022314535886  11.942081895727256 -15.678953599205242 68.95272332460523  11.888798474004679 -15.712181310370056 68.938252533676206  11.859477945869967 -15.729545196379577 68.929944411496706  11.829294760048715 -15.74663963728179 68.921009217982999  11.798340885089495 -15.763466291016842 68.911438386848062  11.766684303216566 -15.780022511764626 68.901219453399676  11.700622488265372 -15.813290507175319 68.87897451639391  11.666160863051038 -15.829975988824279 68.86688992710792  11.631020513400165 -15.846346317907107 68.854062803154804  11.595225007010249 -15.862382254477589 68.840471996749486  11.558782157066487 -15.878056261821653 68.826093827549428  11.521688734478561 -15.893333333333333 68.810901893634153 
 0 7 0.30164763851314103 5 0.64333984778188991 5 1 7
7 0 0  6 17 4  23.363434570250519 -16.085000000000001 68.349999999999994  23.431366438670423 -16.085000000000001 68.392693997432744  23.499710746080424 -16.081634801146585 68.434989376021235  23.567638219876795 -16.07502269966739 68.476112925606898  23.634609919840674 -16.065553630500673 68.515552987806743  23.700278723351435 -16.053647300052933 68.553041560189826  23.810141899769146 -16.029732373164354 68.613681451073418  23.855082595344612 -16.018740288419526 68.637857566998377  23.899244122865305 -16.006824729596037 68.660974412890695  23.942624656382211 -15.994103311347015 68.683026229432002  23.985226640382574 -15.980671354154374 68.704034433773074  24.060709629037603 -15.955297835042643 68.740097743991484  24.093854641623196 -15.943581967784752 68.75551079502668  24.126518288106229 -15.931496693823698 68.770281504126615  24.158708377291273 -15.919075870806907 68.784425806030086  24.190430723698174 -15.906347414195467 68.797960338947135  24.221688734499015 -15.893333333333331 68.810901893634139 
 0 7 0.43789815331526677 5 0.74952332908491015 5 1 7
7 0 0  6 17 4  26.578311265521425 -15.893333333333329 68.810901893634153  26.609477003946775 -15.906308997158222 68.797998541890067  26.641104347359924 -15.919000723185832 68.784505704939477  26.673196663015762 -15.931386692516362 68.770406743729069  26.705759705010788 -15.943439252651403 68.755685168163026  26.738801206995706 -15.955124881707498 68.740325178154023  26.814127529412826 -15.980464713189601 68.704350685448787  26.856677733625826 -15.993892326812251 68.683376439209724  26.900004809605004 -16.00661171981589 68.661360873094324  26.9441113059675 -16.018528020862245 68.638282526738578  26.98899554352451 -16.029524141207759 68.614146894021587  27.098937240545236 -16.053505002748274 68.553489078508704  27.16475070927325 -16.065463149827842 68.515929494852003  27.231875304335151 -16.074975262603076 68.476407403578818  27.299962525491146 -16.081618662925191 68.435191568498311  27.368470904019002 -16.085000000000001 68.392796224683607  27.436565429685082 -16.085000000000001 68.349999999999994 
 0 7 0.24973774136189839 5 0.56105685593633148 5 1 7
7 0 0  6 17 4  26.047966971848755 -15.597500000000002 68.979359793758704  26.06732558836126 -15.614312035045188 68.975018944975631  26.088253098697113 -15.630847437464796 68.970174727593488  26.110461507570268 -15.647123711958104 68.964840005160923  26.133735156544944 -15.663154876953117 68.959022314535915  26.15791810427298 -15.678953599205244 68.952723324605202  26.211201525995531 -15.712181310370061 68.938252533676192  26.240522054129887 -15.729545196379634 68.929944411496734  26.270705239951685 -15.746639637281742 68.921009217982956  26.301659114910436 -15.76346629101689 68.911438386848062  26.333315696783565 -15.780022511764626 68.901219453399676  26.399377511734723 -15.813290507175319 68.87897451639391  26.433839136948951 -15.82997598882428 68.86688992710792  26.468979486599853 -15.846346317907106 68.854062803154818  26.504774992989809 -15.862382254477581 68.840471996749471  26.541217842933481 -15.87805626182165 68.826093827549457  26.578311265521396 -15.893333333333329 68.810901893634181 
 0 7 0.30164763851308207 5 0.6433398477818294 5 1 7
7 0 0  6 12 3  25.948791750526492 -15.435 69  25.948352162081836 -15.44869119336458 69  25.949841627040684 -15.462392877032835 68.999653916327318  25.953262207408414 -15.476050323898301 68.998960871214635  25.958516684917882 -15.489621194664423 68.997927483808041  25.965449931466665 -15.503073645517425 68.99656475137607  25.982727581808717 -15.530321239796274 68.99312610677093  25.993218372441376 -15.544104505540341 68.991019467728961  26.005172226450075 -15.557716318859155 68.988577968469826  26.018388475965391 -15.571150884141275 68.985814591574723  26.032698505632908 -15.584409448332805 68.98273975966535  26.047966971848759 -15.597500000000005 68.979359793758704 
 0 7 0.48851249565562765 5 1 7
7 0 0  6 12 3  24.851208249461962 -15.435 69  24.851647837908057 -15.448691193409553 69  24.850158372937994 -15.462392877122836 68.999653916325045  24.846737792546495 -15.476050324032892 68.998960871207785  24.841483315001927 -15.489621194842741 68.997927483794484  24.834550068408529 -15.503073645738356 68.996564751353688  24.817272418016401 -15.530321240012515 68.993126106737861  24.806781627398955 -15.544104505711177 68.991019467698379  24.794827773415822 -15.557716318985516 68.988577968443735  24.781611523936267 -15.571150884224489 68.985814591555496  24.767301494310967 -15.584409448373838 68.982739759654748  24.752033028143671 -15.597500000000002 68.97935979375869 
 0 7 0.48851249726159612 5 1 7
7 0 0  6 17 4  24.752033028143689 -15.597499999999998 68.979359793758704  24.732674411632122 -15.614312035045126 68.975018944975673  24.711746901297364 -15.630847437464693 68.970174727593545  24.689538492425299 -15.647123711957972 68.964840005160951  24.666264843451803 -15.663154876952994 68.959022314535943  24.642081895725152 -15.678953599205181 68.952723324605245  24.588798474005806 -15.712181310369976 68.938252533676248  24.559477945872334 -15.729545196379426 68.929944411496777  24.529294760054185 -15.746639637281749 68.921009217983027  24.498340885096191 -15.763466291016774 68.91143838684809  24.466684303225545 -15.780022511764587 68.901219453399705  24.400622488278202 -15.813290507175383 68.878974516393882  24.366160863065769 -15.82997598882441 68.866889927107835  24.331020513416579 -15.846346317907253 68.85406280315469  24.295225007028204 -15.862382254477723 68.840471996749358  24.258782157085886 -15.878056261821767 68.826093827549343  24.221688734499068 -15.893333333333329 68.810901893634181 
 0 7 0.30164763851477921 5 0.64333984778250231 5 1 7
7 0 0  6 17 4  36.063373877670855 -16.085000000000001 68.349999999999994  36.131064338649836 -16.085000000000001 68.392548980916871  36.199165988063335 -16.081657626121146 68.434701222061534  36.266858542977651 -16.075090197849452 68.475690206178882  36.333608790849787 -16.065683674858718 68.515007735760676  36.399073603709503 -16.053854281112436 68.55238678858953  36.509027667985251 -16.030003477012357 68.613084970600738  36.55424001335529 -16.018974073321942 68.637404055468579  36.598670785521534 -16.007011461903481 68.66065058206155  36.642314766660618 -15.994234522401864 68.68282096964866  36.685174729707235 -15.980740143321563 68.703936661608196  36.760944191112273 -15.955298553592167 68.740096724573135  36.794124893093937 -15.943583394288735 68.755508924798491  36.826824011044756 -15.93149863846609 68.770279172537968  36.859048571544243 -15.91907791871356 68.784423569460756  36.890803477098217 -15.906348902916298 68.797958858522748  36.922091076827769 -15.89333333333437 68.810901893633115 
 0 7 0.43625714891415318 5 0.74947968042623392 5 1 7
8 4.7123889803846897 6.2831853071795862
2 38.100000000000001 -15.435 68.349999999999994 -1 -0 -0 -0 0 1 0 1 -0 0.65000000000000002
7 0 0  6 12 3  37.549125592949167 -15.435 69  37.549559639727583 -15.448688392822961 69  37.548089323039513 -15.462386990324845 68.999654059106931  37.544712940239066 -15.476042485086973 68.998961321025845  37.53952446101615 -15.489613428307317 68.997928203300617  37.532674004938187 -15.503068440566942 68.996565407963516  37.515597582230505 -15.530314773506941 68.993126923105947  37.505229217046718 -15.544094667938896 68.991021049984681  37.493407825139954 -15.557706011816503 68.98857998398681  37.480328587658633 -15.571142505840076 68.985816505354947  37.466156221235288 -15.584404768030094 68.982740968115692  37.451023415846564 -15.597500000062228 68.979359793742631 
 0 7 0.48872565929616085 5 1 7
7 0 0  5 14 4  37.4510234158465 -15.597500000062226 68.979359793742631  37.427571234524443 -15.618057032480287 68.974051990793626  37.401672564978156 -15.638186148270044 68.967959473488577  37.373923732116907 -15.65792151142667 68.961109692631297  37.344694729623086 -15.677286773566394 68.953513617318208  37.279834955671561 -15.717754673987791 68.935746022695099  37.243873223679863 -15.738759152394094 68.925371819629817  37.206641031968374 -15.75934947300034 68.914030375489716  37.168290969681678 -15.779521313863729 68.901700061795722  37.089493464986319 -15.819009438587232 68.874981387391259  37.049048084003992 -15.838323082712543 68.860592856481347  37.007652415087961 -15.857180413218499 68.845145318124423  36.965334269825895 -15.875538262234182 68.828597794576311  36.922091076827762 -15.893333333334372 68.810901893633101 
 0 6 0.30714815223237624 4 0.65345030951202898 4 1 6
1 38.100000000000001 -13.335000000000001 47 0 -1 0 
1 38.100000000000001 -13.335000000000001 65 0 0 -1 
7 0 0  1 2 2  38.100000000000001 -13.335000000000001 55  38.100000000000001 -13.335285322359397 55.666666666666664 
 0 2 1 2
7 0 0  1 2 2  38.100000000000001 -13.335285322359397 55.666666666666664  38.100000000000001 -13.336097393689988 56.333333333333336 
 1 2 2 2
7 0 0  1 2 2  38.100000000000001 -13.336097393689988 56.333333333333336  38.100000000000001 -13.337370370370371 57 
 2 2 3 2
7 0 0  1 2 2  38.100000000000001 -13.337370370370371 57  38.100000000000001 -13.33903840877915 57.666666666666664 
 3 2 4 2
7 0 0  1 2 2  38.100000000000001 -13.33903840877915 57.666666666666664  38.100000000000001 -13.341035665294925 58.333333333333336 
 4 2 5 2
7 0 0  1 2 2  38.100000000000001 -13.341035665294925 58.333333333333336  38.100000000000001 -13.343296296296296 59 
 5 2 6 2
7 0 0  1 2 2  38.100000000000001 -13.343296296296296 59  38.100000000000001 -13.345754458161867 59.666666666666664 
 6 2 7 2
7 0 0  1 2 2  38.100000000000001 -13.345754458161867 59.666666666666664  38.100000000000001 -13.348344307270233 60.333333333333336 
 7 2 8 2
7 0 0  1 2 2  38.100000000000001 -13.348344307270233 60.333333333333336  38.100000000000001 -13.351000000000001 61 
 8 2 9 2
7 0 0  1 2 2  38.100000000000001 -13.351000000000001 61  38.100000000000001 -13.353655692729768 61.666666666666664 
 9 2 10 2
7 0 0  1 2 2  38.100000000000001 -13.353655692729768 61.666666666666664  38.100000000000001 -13.356245541838135 62.333333333333336 
 10 2 11 2
7 0 0  1 2 2  38.100000000000001 -13.356245541838135 62.333333333333336  38.100000000000001 -13.358703703703705 63 
 11 2 12 2
7 0 0  1 2 2  38.100000000000001 -13.358703703703705 63  38.100000000000001 -13.360964334705077 63.666666666666664 
 12 2 13 2
7 0 0  1 2 2  38.100000000000001 -13.360964334705077 63.666666666666664  38.100000000000001 -13.362961591220852 64.333333333333329 
 13 2 14 2
7 0 0  1 2 2  38.100000000000001 -13.362961591220852 64.333333333333329  38.100000000000001 -13.364629629629631 65 
 14 2 15 2
7 0 0  1 2 2  38.100000000000001 -13.364629629629631 65  38.100000000000001 -13.365902606310014 65.666666666666671 
 15 2 16 2
1 38.100000000000001 -14.085000000000001 69 0 0.18428853505018536 -0.98287218693432188 
8 0 1.3854483767992001
2 38.100000000000001 -14.624452086716552 68.349999999999994 -1 -0 -0 -0 0 1 0 1 -0 0.65000000000000002
1 38.100000000000001 -16.085000000000001 69 0 1 0 
1 0 -13.335000000000001 47 1 0 0 
1 0 -13.335000000000001 47 0 -1 0 
1 0 -13.335000000000001 65 0 0 -1 
7 0 0  1 2 2  0 -13.335000000000001 55  0 -13.335285322359397 55.666666666666664 
 0 2 1 2
7 0 0  1 2 2  0 -13.335285322359397 55.666666666666664  0 -13.336097393689988 56.333333333333336 
 1 2 2 2
7 0 0  1 2 2  0 -13.336097393689988 56.333333333333336  0 -13.337370370370371 57 
 2 2 3 2
7 0 0  1 2 2  0 -13.337370370370371 57  0 -13.33903840877915 57.666666666666664 
 3 2 4 2
7 0 0  1 2 2  0 -13.33903840877915 57.666666666666664  0 -13.341035665294925 58.333333333333336 
 4 2 5 2
7 0 0  1 2 2  0 -13.341035665294925 58.333333333333336  0 -13.343296296296296 59 
 5 2 6 2
7 0 0  1 2 2  0 -13.343296296296296 59  0 -13.345754458161867 59.666666666666664 
 6 2 7 2
7 0 0  1 2 2  0 -13.345754458161867 59.666666666666664  0 -13.348344307270233 60.333333333333336 
 7 2 8 2
7 0 0  1 2 2  0 -13.348344307270233 60.333333333333336  0 -13.351000000000001 61 
 8 2 9 2
7 0 0  1 2 2  0 -13.351000000000001 61  0 -13.353655692729768 61.666666666666664 
 9 2 10 2
7 0 0  1 2 2  0 -13.353655692729768 61.666666666666664  0 -13.356245541838135 62.333333333333336 
 10 2 11 2
7 0 0  1 2 2  0 -13.356245541838135 62.333333333333336  0 -13.358703703703705 63 
 11 2 12 2
7 0 0  1 2 2  0 -13.358703703703705 63  0 -13.360964334705077 63.666666666666664 
 12 2 13 2
7 0 0  1 2 2  0 -13.360964334705077 63.666666666666664  0 -13.362961591220852 64.333333333333329 
 13 2 14 2
7 0 0  1 2 2  0 -13.362961591220852 64.333333333333329  0 -13.364629629629631 65 
 14 2 15 2
7 0 0  1 2 2  0 -13.364629629629631 65  0 -13.365902606310014 65.666666666666671 
 15 2 16 2
1 0 -14.085000000000001 69 0 0.18428853505018536 -0.98287218693432188 
8 0 1.3854483767992001
2 0 -14.624452086716552 68.349999999999994 -1 -0 -0 -0 0 1 0 1 -0 0.65000000000000002
1 0 -16.085000000000001 69 0 1 0 
7 1 0  3 51 49  0 -15.5975 69.049999999999997  1 0.26668430083001088 -15.597500000141823 69.051314403042312  0.99999999999054523 0.81776882424525532 -15.597499999930438 68.971784162187902  1.0000000000046383 1.6158394956915938 -15.597500000020574 68.656032336030293  0.9999999999986271 2.3988225237556606 -15.597499999994049 68.197999527479269  1.000000000000397 3.1749922363155796 -15.597500000001617 67.666692791439502  0.99999999999989175 3.9512078628531975 -15.59749999999959 67.135296722416882  1.000000000000028 4.7340619603686438 -15.597500000000094 66.677514768855715  0.99999999999999301 5.5325626981254086 -15.597499999999989 66.360926179959279  1.0000000000000013 6.3499999691286853 -15.597499999999995 66.245652782219807  0.99999999999999978 7.1674374289064957 -15.5975 66.360926392946496  1.0000000000000002 7.9659375529348884 -15.597499999999998 66.677513832021617  1 8.7487941237707805 -15.5975 67.135300584782769  0.99999999999999989 9.5249999997942663 -15.597499999999997 67.666677686350695  0.99999999999999989 10.301205877034446 -15.597500000000004 68.198054785551307  1.0000000000000004 11.084062444453757 -15.597499999999995 68.655841544960111  1 11.882562579878659 -15.597499999999997 68.972428961861311  1.0000000000000004 12.699999999999186 -15.597500000000009 69.087702649747712  1 13.517437420124706 -15.5975 68.972428961866981  1 14.315937555533337 -15.597499999999989 68.655841544935242  1 15.098794123018205 -15.597500000000007 68.198054785653696  0.99999999999999989 15.874999999999993 -15.597499999999995 67.666677685950404  1.0000000000000002 16.651205876981823 -15.597500000000011 67.135300586247155  0.99999999999999933 17.434062444466587 -15.597499999999989 66.677513826965679  1.0000000000000004 18.23256257987552 -15.597500000000007 66.360926410033358  1 19.050000000000015 -15.597499999999991 66.245652722154759  1 19.867437420124453 -15.597500000000005 66.360926410033315  1.0000000000000011 20.665937555533439 -15.597499999999998 66.67751382696575  0.99999999999999933 21.448794123018153 -15.597500000000005 67.135300586247098  1 22.225000000000016 -15.597499999999989 67.666677685950418  1 23.001205876981796 -15.597500000000004 68.198054785653682  1 23.784062444466667 -15.597500000000002 68.655841544935228  0.99999999999999989 24.582562579875301 -15.597500000000004 68.972428961867038  1 25.400000000000819 -15.597499999999995 69.087702649747641  0.99999999999999989 26.217437420121346 -15.597500000000007 68.972428961861425  1.0000000000000004 27.01593755554623 -15.597499999999989 68.65584154496004  0.99999999999999978 27.798794122965557 -15.597500000000002 68.198054785551363  1 28.575000000205733 -15.597499999999997 67.666677686350624  1 29.351205876229226 -15.597500000000007 67.13530058478284  1 30.134062447065112 -15.597499999999998 66.677513832021532  0.99999999999999956 30.932562571093495 -15.597499999999998 66.360926392946581  1.0000000000000007 31.750000030871369 -15.59750000000002 66.245652782219793  0.99999999999999833 32.567437301874406 -15.597499999999943 66.360926179959364  1.0000000000000044 33.36593803963207 -15.597500000000235 66.677514768855374  0.99999999999998535 34.148792137143886 -15.597499999999009 67.135296722417806  1.0000000000000604 34.925007763695923 -15.597500000003864 67.666692791436105  0.99999999999976419 35.701177476201927 -15.597499999985882 68.197999527491504  1.000000000000862 36.484160504456106 -15.597500000048726 68.656032335988598  0.99999999999702482 37.28223117525129 -15.597499999835323 68.971784162327111  1.0000000000100544 37.833315700202327 -15.597500000335693 69.051314402759388  0.99999999997950517 38.100000000000001 -15.5975 69.049999999999997  1
 0 4 0.019043869865423484 1 0.039181669338101022 1 0.060772106400712955 1 0.08333333333333337 1 0.10589456026595376 1 0.12748499732856572 1 0.14762279680124321 1 0.16666666666666674 1 0.18571053653209021 1 0.20584833600476773 1 0.22743877306737972 1 0.25000000000000011 1 0.27256122693262047 1 0.2941516639952324 1 0.31428946346790998 1 0.33333333333333348 1 0.35237720319875693 1 0.37251500267143456 1 0.39410543973404633 1 0.4166666666666668 1 0.43922789359928716 1 0.4608183306618992 1 0.48095613013457678 1 0.50000000000000022 1 0.51904386986542372 1 0.5391816693381013 1 0.56077210640071329 1 0.58333333333333359 1 0.60589456026595412 1 0.62748499732856589 1 0.64762279680124346 1 0.66666666666666696 1 0.68571053653209035 1 0.70584833600476793 1 0.72743877306737981 1 0.75000000000000033 1 0.77256122693262064 1 0.79415166399523252 1 0.81428946346790998 1 0.83333333333333337 1 0.85237720319875698 1 0.87251500267143434 1 0.89410543973404633 1 0.91666666666666674 1 0.93922789359928704 1 0.96081833066189903 1 0.98095613013457639 1 1 4
7 0 0  4 5 2  12.14687691806934 -15.301666666666668 69  12.147972500740114 -15.334999966517985 69  12.149059472643643 -15.368333289158024 69  12.150138002338743 -15.401666633872356 69  12.151208249473678 -15.435 69 
 0 5 1 5
7 1 0  3 51 49  0 -15.301666666666666 69.049999999999997  1 0.26668430083001088 -15.301666666699967 69.0512704190416  0.99999999999054523 0.81776882424525532 -15.301666666650329 68.974401502190844  1.0000000000046383 1.6158394956915938 -15.301666666671499 68.669215693011722  0.9999999999986271 2.3988225237556606 -15.301666666665266 68.226510056173112  1.000000000000397 3.1749922363155796 -15.301666666667055 67.712982460435029  0.99999999999989175 3.9512078628531975 -15.301666666666558 67.199368521072557  1.000000000000028 4.7340619603686438 -15.301666666666698 66.756905344838145  0.99999999999999301 5.5325626981254086 -15.301666666666661 66.450910773595666  1.0000000000000013 6.3499999691286853 -15.301666666666666 66.339494774554211  0.99999999999999978 7.1674374289064957 -15.301666666666664 66.4509109794556  1.0000000000000002 7.9659375529348884 -15.301666666666671 66.756904439353463  1 8.7487941237707805 -15.301666666666666 67.199372254191715  0.99999999999999989 9.5249999997942663 -15.301666666666662 67.712967860809343  0.99999999999999989 10.301205877034446 -15.301666666666671 68.226563465138753  1.0000000000000004 11.084062444453757 -15.301666666666661 68.669031286402188  1 11.882562579878659 -15.301666666666668 68.97502472486822  1.0000000000000004 12.699999999999186 -15.301666666666666 69.086441004347208  1 13.517437420124706 -15.301666666666669 68.975024724873748  1 14.315937555533337 -15.301666666666657 68.669031286378129  1 15.098794123018205 -15.301666666666666 68.226563465237703  0.99999999999999989 15.874999999999993 -15.301666666666673 67.712967860422424  1.0000000000000002 16.651205876981823 -15.301666666666659 67.199372255607116  0.99999999999999933 17.434062444466587 -15.301666666666673 66.756904434466719  1.0000000000000004 18.23256257987552 -15.301666666666655 66.450910995970659  1 19.050000000000015 -15.301666666666673 66.339494716499146  1 19.867437420124453 -15.301666666666653 66.450910995970645  1.0000000000000011 20.665937555533439 -15.301666666666675 66.756904434466747  0.99999999999999933 21.448794123018153 -15.301666666666671 67.199372255607074  1 22.225000000000016 -15.301666666666652 67.712967860422395  1 23.001205876981796 -15.30166666666668 68.226563465237746  1 23.784062444466667 -15.301666666666659 68.6690312863782  0.99999999999999989 24.582562579875301 -15.301666666666668 68.975024724873691  1 25.400000000000819 -15.301666666666664 69.086441004347236  0.99999999999999989 26.217437420121346 -15.301666666666673 68.975024724868234  1.0000000000000004 27.01593755554623 -15.301666666666661 68.669031286402173  0.99999999999999978 27.798794122965557 -15.301666666666666 68.226563465138781  1 28.575000000205733 -15.301666666666659 67.712967860809272  1 29.351205876229226 -15.301666666666673 67.1993722541918  1 30.134062447065112 -15.301666666666662 66.756904439353377  0.99999999999999956 30.932562571093495 -15.301666666666669 66.450910979455685  1.0000000000000007 31.750000030871369 -15.301666666666662 66.339494774554225  0.99999999999999833 32.567437301874406 -15.301666666666685 66.450910773595425  1.0000000000000044 33.36593803963207 -15.301666666666558 66.756905344838927  0.99999999999998535 34.148792137143886 -15.301666666667083 67.19936852106926  1.0000000000000604 34.925007763695923 -15.30166666666503 67.712982460447847  0.99999999999976419 35.701177476201927 -15.301666666672677 68.226510056126074  1.000000000000862 36.484160504456106 -15.301666666645888 68.669215693174706  0.99999999999702482 37.28223117525129 -15.301666666736883 68.974401501638283  1.0000000000100544 37.833315700202327 -15.30166666652352 69.051270420168805  0.99999999997950517 38.100000000000001 -15.301666666666666 69.049999999999997  1
 0 4 0.019043869865423484 1 0.039181669338101022 1 0.060772106400712955 1 0.08333333333333337 1 0.10589456026595376 1 0.12748499732856572 1 0.14762279680124321 1 0.16666666666666674 1 0.18571053653209021 1 0.20584833600476773 1 0.22743877306737972 1 0.25000000000000011 1 0.27256122693262047 1 0.2941516639952324 1 0.31428946346790998 1 0.33333333333333348 1 0.35237720319875693 1 0.37251500267143456 1 0.39410543973404633 1 0.4166666666666668 1 0.43922789359928716 1 0.4608183306618992 1 0.48095613013457678 1 0.50000000000000022 1 0.51904386986542372 1 0.5391816693381013 1 0.56077210640071329 1 0.58333333333333359 1 0.60589456026595412 1 0.62748499732856589 1 0.64762279680124346 1 0.66666666666666696 1 0.68571053653209035 1 0.70584833600476793 1 0.72743877306737981 1 0.75000000000000033 1 0.77256122693262064 1 0.79415166399523252 1 0.81428946346790998 1 0.83333333333333337 1 0.85237720319875698 1 0.87251500267143434 1 0.89410543973404633 1 0.91666666666666674 1 0.93922789359928704 1 0.96081833066189903 1 0.98095613013457639 1 1 4
7 0 0  4 5 2  0.55515230978279462 -15.301666666677148 69  0.55407016530435993 -15.334999967148544 69  0.55299657730502305 -15.368333289987241 69  0.55193137749520749 -15.401666634488365 69  0.55087440651469777 -15.435 69 
 0 5 1 5
1 0 -14.624452086716552 69 1 0 0 
7 0 0  4 8 3  0.56242238980528503 -14.624452086716552 69  0.5625044099449944 -14.636594273438943 69  0.56258647858485233 -14.648736460134954 69  0.5626685957966413 -14.660878646804534 69  0.56281332091168823 -14.682265625134939 69  0.56287590836987655 -14.691510416806906 69  0.56293852405868849 -14.700755208463484 69  0.56300116800881106 -14.710000000104642 69 
 0 5 0.56773736128073282 3 1 5
7 0 0  4 5 2  0.56300116800875932 -14.710000000104639 69  0.56250001641646119 -14.783958331980942 69  0.56200067357230377 -14.857916664844197 69  0.56150312323280449 -14.931874998680186 69  0.56100734955470577 -15.005833333475213 69 
 0 5 1 5
7 0 0  4 5 2  0.56100734955472342 -15.005833333475215 69  0.55952002537258838 -15.079791629019883 69  0.55804869057505224 -15.153749950455641 69  0.55659291770553065 -15.227708296673788 69  0.55515230978280716 -15.301666666677148 69 
 0 5 1 5
7 0 0  4 5 2  24.846876918057717 -15.301666666666666 69  24.847972500728449 -15.334999966517984 69  24.849059472632142 -15.368333289158022 69  24.850138002327114 -15.401666633872356 69  24.851208249462012 -15.435 69 
 0 5 1 5
7 0 0  4 5 2  13.25312308194243 -15.301666666666668 69  13.25202749927168 -15.334999966517985 69  13.250940527367931 -15.368333289158022 69  13.24986199767298 -15.401666633872356 69  13.248791750538066 -15.435 69 
 0 5 1 5
7 0 0  4 5 2  12.140949743522556 -15.005833333333335 69  12.142455246977528 -15.079791628209991 69  12.143944663611691 -15.153749949454475 69  12.145418421436577 -15.227708295943607 69  12.146876918069399 -15.301666666666666 69 
 0 5 1 5
7 0 0  4 5 2  12.138931615735219 -14.709999999999997 69  12.139438860936234 -14.783958331840244 69  12.139944286525552 -14.857916664685391 69  12.140447908766671 -14.931874998521048 69  12.140949743522622 -15.005833333333335 69 
 0 5 1 5
7 0 0  4 8 3  12.139517436992005 -14.624452086716552 69  12.139434417974334 -14.636594273411125 69  12.139351350163999 -14.648736460078835 69  12.139268233489158 -14.660878646719622 69  12.13912174742636 -14.682265625023559 69  12.139058398606261 -14.691510416698055 69  12.138995021386515 -14.700755208356876 69  12.13893161573527 -14.709999999999997 69 
 0 5 0.56773736061445446 3 1 5
7 0 0  4 8 3  13.260482563019384 -14.624452086716552 69  13.260565582037055 -14.636594273411125 69  13.260648649847447 -14.648736460078839 69  13.260731766522166 -14.660878646719622 69  13.260878252584963 -14.682265625023561 69  13.260941601405078 -14.691510416698058 69  13.261004978624946 -14.700755208356878 69  13.261068384276191 -14.709999999999999 69 
 0 5 0.56773736061447577 3 1 5
7 0 0  4 5 2  13.261068384276223 -14.709999999999997 69  13.260561139075213 -14.783958331840243 69  13.260055713485695 -14.857916664685389 69  13.259552091244784 -14.931874998521046 69  13.259050256488836 -15.005833333333332 69 
 0 5 1 5
7 0 0  4 5 2  13.259050256488841 -15.005833333333333 69  13.257544753033967 -15.079791628209993 69  13.256055336399385 -15.153749949454472 69  13.254581578575145 -15.227708295943611 69  13.253123081942418 -15.301666666666668 69 
 0 5 1 5
7 0 0  4 5 2  37.544847688573583 -15.301666666621603 69  37.54592983332607 -15.334999967106665 69  37.547003421601318 -15.368333289959176 69  37.548068621689119 -15.40166663447426 69  37.549125592949245 -15.435 69 
 0 5 1 5
7 0 0  4 5 2  25.953123081930787 -15.301666666666671 69  25.952027499260026 -15.334999966517987 69  25.950940527356426 -15.368333289158025 69  25.949861997661383 -15.401666633872358 69  25.94879175052646 -15.435 69 
 0 5 1 5
7 0 0  4 5 2  24.840949743511295 -15.005833333333332 69  24.842455246966182 -15.079791628209989 69  24.843944663600663 -15.153749949454474 69  24.845418421424963 -15.227708295943607 69  24.846876918057703 -15.301666666666666 69 
 0 5 1 5
7 0 0  4 5 2  24.838931615723666 -14.709999999999997 69  24.839438860924727 -14.783958331840243 69  24.839944286514218 -14.857916664685389 69  24.840447908755269 -14.931874998521046 69  24.840949743511267 -15.005833333333332 69 
 0 5 1 5
7 0 0  4 8 3  24.839517436980586 -14.624452086716552 69  24.83945262210862 -14.633931773395359 69  24.839387777496015 -14.643411460057791 69  24.839322903108897 -14.652891146703819 69  24.839176473729392 -14.674278125039013 69  24.839094901515129 -14.686185416718684 69  24.839013282202401 -14.698092708372364 69  24.838931615723649 -14.709999999999999 69 
 0 5 0.44324572087849229 3 1 5
7 0 0  4 8 3  25.960482563008192 -14.624452086716552 69  25.960554457270149 -14.634967190067695 69  25.960626388124325 -14.645482293398693 69  25.960698355617197 -14.655997396709505 69  25.960844807035869 -14.677384375032549 69  25.960919293493411 -14.688256250043384 69  25.960993819219123 -14.699128125032551 69  25.961068384264955 -14.710000000000004 69 
 0 5 0.49165913630977809 3 1 5
7 0 0  4 5 2  25.961068384264898 -14.710000000000003 69  25.96056113906387 -14.78395833184025 69  25.960055713474809 -14.857916664685396 69  25.959552091233501 -14.931874998521053 69  25.959050256477536 -15.00583333333334 69 
 0 5 1 5
7 0 0  4 5 2  25.95905025647756 -15.005833333333339 69  25.957544753022596 -15.079791628209996 69  25.956055336388246 -15.153749949454479 69  25.954581578563602 -15.227708295943614 69  25.953123081930787 -15.301666666666673 69 
 0 5 1 5
7 0 0  4 5 2  37.538992654082094 -15.00583333341706 69  37.540479976963233 -15.079791628962354 69  37.541951310447111 -15.153749950398751 69  37.543407081989329 -15.227708296617568 69  37.544847688573597 -15.301666666621605 69 
 0 5 1 5
7 0 0  4 5 2  37.536998831234747 -14.709999999935842 69  37.537499983919936 -14.783958331839582 69  37.537999327860454 -14.857916664730425 69  37.538496879300261 -14.93187499859415 69  37.538992654082165 -15.005833333417064 69 
 0 5 1 5
7 0 0  4 8 3  37.537577610702961 -14.624452086716552 69  37.537506581311241 -14.63496719005413 69  37.537435515546825 -14.645482293371925 69  37.537364413363058 -14.655997396669902 69  37.537219722368683 -14.677384374976866 69  37.537146131041489 -14.688256249984487 69  37.537072500680679 -14.699128124970823 69  37.536998831234712 -14.709999999935841 69 
 0 5 0.49165913609627837 3 1 5
7 1 0  3 51 49  0 -13.335000000000001 55  1 0.26470608200658952 -13.335000000807023 55.000000003067974  0.99999999994223288 0.79467651928299765 -13.334999999624632 54.999999998572967  1.0000000000268701 1.5888106519905136 -13.335000000101022 55.000000000384041  0.9999999999927689 2.3821690083085949 -13.33499999997283 54.999999999896701  1.0000000000019447 3.1750001083685757 -13.335000000007287 55.000000000027725  0.99999999999947864 3.9678305587033011 -13.334999999998056 54.999999999992596  1.0000000000001388 4.7611908577708464 -13.335000000000507 55.00000000000194  0.9999999999999637 5.5553178977671527 -13.334999999999871 54.999999999999517  1.0000000000000089 6.3500000005521153 -13.335000000000033 55.000000000000099  0.99999999999999845 7.1446821000218828 -13.334999999999996 55.000000000000007  0.99999999999999967 7.9388091499969189 -13.335000000000003 54.999999999999964  1.0000000000000004 8.7321694123176439 -13.335000000000003 55.000000000000043  0.99999999999999989 9.5250000000028798 -13.335000000000006 55  1 10.317830587670857 -13.335000000000001 55.000000000000007  1 11.111190850043188 -13.335000000000003 55.000000000000007  1.0000000000000004 11.905317899829774 -13.335000000000001 54.999999999999986  0.99999999999999978 12.700000000000019 -13.335000000000006 55.000000000000007  0.99999999999999989 13.494682100170175 -13.334999999999997 55.000000000000021  0.99999999999999989 14.288809149957 -13.335000000000001 54.999999999999979  1.0000000000000002 15.08216941232839 -13.334999999999999 55.000000000000021  0.99999999999999989 15.874999999999995 -13.335000000000003 54.999999999999964  1.0000000000000004 16.66783058767162 -13.334999999999997 55.00000000000005  0.99999999999999989 17.461190850043 -13.335000000000004 55  1.0000000000000002 18.255317899829816 -13.334999999999997 54.999999999999957  1 19.050000000000004 -13.335000000000004 55.000000000000028  1 19.844682100170175 -13.33500000000001 55.000000000000021  0.99999999999999967 20.638809149956995 -13.334999999999996 54.999999999999964  1.0000000000000007 21.432169412328406 -13.334999999999999 55.000000000000043  1 22.224999999999977 -13.335000000000006 54.999999999999957  0.99999999999999978 23.017830587671629 -13.33499999999999 55.00000000000005  1.0000000000000002 23.811190850042994 -13.335000000000013 54.999999999999993  0.99999999999999989 24.605317899829831 -13.334999999999994 55.000000000000028  1 25.399999999999977 -13.335000000000004 54.999999999999957  1 26.19468210017024 -13.334999999999999 55.000000000000036  0.99999999999999967 26.988809149956793 -13.335000000000004 55.000000000000007  1.0000000000000002 27.782169412329143 -13.334999999999997 54.999999999999972  1.0000000000000002 28.574999999997139 -13.335000000000008 55.000000000000043  0.99999999999999922 29.367830587682334 -13.334999999999996 54.999999999999943  1.0000000000000009 30.161190850003074 -13.334999999999994 54.999999999999986  1.0000000000000002 30.955317899978148 -13.335000000000006 55.000000000000028  0.99999999999999922 31.749999999447819 -13.335000000000004 55.000000000000014  1.0000000000000013 32.544682102233047 -13.334999999999976 54.999999999999851  0.99999999999999623 33.338809142228257 -13.335000000000036 55.000000000000512  1.0000000000000151 34.132169441300341 -13.334999999999916 54.999999999998217  0.99999999999994271 34.924999891617119 -13.335000000000285 55.000000000006551  1.0000000000002145 35.71783099174705 -13.334999999998946 54.999999999975707  0.99999999999919731 36.511189347794449 -13.335000000003925 55.000000000090189  1.0000000000029883 37.305323481546196 -13.334999999985426 54.999999999664901  0.99999999998889577 37.835293916167466 -13.335000000031348 55.000000000720462  1.000000000023874 38.100000000000001 -13.335000000000001 55  1
 0 4 0.020753200846302881 1 0.041553432551388186 1 0.062419994978511244 1 0.083333333333333329 1 0.10424667168815541 1 0.12511323411527847 1 0.14591346582036377 1 0.16666666666666666 1 0.18741986751296957 1 0.20822009921805484 1 0.22908666164517794 1 0.25 1 0.27091333835482206 1 0.2917799007819451 1 0.31258013248703043 1 0.33333333333333331 1 0.3540865341796362 1 0.37488676588472153 1 0.39575332831184451 1 0.41666666666666663 1 0.43758000502148875 1 0.45844656744861184 1 0.47924679915369717 1 0.5 1 0.52075320084630283 1 0.5415534325513881 1 0.56241999497851125 1 0.58333333333333326 1 0.60424667168815538 1 0.62511323411527842 1 0.6459134658203638 1 0.66666666666666663 1 0.68741986751296935 1 0.70822009921805484 1 0.72908666164517777 1 0.75 1 0.77091333835482201 1 0.79177990078194493 1 0.81258013248703043 1 0.83333333333333326 1 0.85408653417963631 1 0.87488676588472136 1 0.89575332831184451 1 0.91666666666666674 1 0.93758000502148875 1 0.9584465674486119 1 0.97924679915369706 1 1 4
7 1 0  3 51 49  0 -13.335285322359397 55.666666666666664  1 0.26470608200658952 -13.335285600580765 55.666666669453953  0.99999999994223288 0.79467651928299765 -13.335463986060121 55.666666665370201  1.0000000000268701 1.5888106519905136 -13.336226767986965 55.666666667015562  0.9999999999927689 2.3821690083085949 -13.337366333083184 55.66666666657283  1.0000000000019447 3.1750001083685757 -13.338709193185009 55.666666666691832  0.99999999999947864 3.9678305587033011 -13.340052038220957 55.666666666659943  1.0000000000001388 4.7611908577708464 -13.341191648365962 55.666666666668434  0.9999999999999637 5.5553178977671527 -13.341954265825246 55.666666666666217  1.0000000000000089 6.3500000005521153 -13.342222354373131 55.666666666666728  0.99999999999999845 7.1446821000218828 -13.341954265869642 55.666666666666679  0.99999999999999967 7.9388091499969189 -13.34119164818769 55.66666666666665  1.0000000000000004 8.7321694123176439 -13.340052038892432 55.666666666666679  0.99999999999999989 9.5250000000028798 -13.338709190672219 55.666666666666657  1 10.317830587670857 -13.337366342451627 55.666666666666693  1 11.111190850043188 -13.336226733157533 55.666666666666643  1.0000000000000004 11.905317899829774 -13.33546411547125 55.666666666666714  0.99999999999999978 12.700000000000019 -13.33519602698396 55.666666666666615  0.99999999999999989 13.494682100170175 -13.335464115471252 55.666666666666707  0.99999999999999989 14.288809149957 -13.336226733157533 55.666666666666607  1.0000000000000002 15.08216941232839 -13.337366342451642 55.666666666666735  0.99999999999999989 15.874999999999995 -13.338709190672148 55.666666666666615  1.0000000000000004 16.66783058767162 -13.340052038892681 55.666666666666707  0.99999999999999989 17.461190850043 -13.341191648186772 55.666666666666643  1.0000000000000002 18.255317899829816 -13.341954265873063 55.666666666666643  1 19.050000000000004 -13.34222235436034 55.666666666666671  1 19.844682100170175 -13.341954265873078 55.666666666666636  0.99999999999999967 20.638809149956995 -13.341191648186767 55.6666666666667  1.0000000000000007 21.432169412328406 -13.340052038892678 55.666666666666643  1 22.224999999999977 -13.338709190672157 55.666666666666686  0.99999999999999978 23.017830587671629 -13.337366342451631 55.666666666666664  1.0000000000000002 23.811190850042994 -13.336226733157543 55.666666666666664  0.99999999999999989 24.605317899829831 -13.335464115471241 55.666666666666686  1 25.399999999999977 -13.335196026983962 55.666666666666622  1 26.19468210017024 -13.335464115471252 55.666666666666707  0.99999999999999967 26.988809149956793 -13.336226733157542 55.666666666666664  1.0000000000000002 27.782169412329143 -13.337366342451608 55.666666666666629  1.0000000000000002 28.574999999997139 -13.338709190672233 55.666666666666728  0.99999999999999922 29.367830587682334 -13.340052038892418 55.666666666666629  1.0000000000000009 30.161190850003074 -13.341191648187696 55.666666666666636  1.0000000000000002 30.955317899978148 -13.341954265869649 55.666666666666714  0.99999999999999922 31.749999999447819 -13.342222354373082 55.666666666666572  1.0000000000000013 32.544682102233047 -13.34195426582545 55.666666666667012  0.99999999999999623 33.338809142228257 -13.341191648365152 55.666666666665279  1.0000000000000151 34.132169441300341 -13.340052038224012 55.666666666672057  0.99999999999994271 34.924999891617119 -13.338709193173576 55.666666666646307  1.0000000000002145 35.71783099174705 -13.337366333125802 55.666666666742707  0.99999999999919731 36.511189347794449 -13.336226767828512 55.666666666383861  1.0000000000029883 37.305323481546196 -13.335463986648877 55.666666667717521  0.99999999998889577 37.835293916167466 -13.335285599315013 55.666666664407444  1.000000000023874 38.100000000000001 -13.335285322359397 55.666666666666664  1
 0 4 0.020753200846302881 1 0.041553432551388186 1 0.062419994978511244 1 0.083333333333333329 1 0.10424667168815541 1 0.12511323411527847 1 0.14591346582036377 1 0.16666666666666666 1 0.18741986751296957 1 0.20822009921805484 1 0.22908666164517794 1 0.25 1 0.27091333835482206 1 0.2917799007819451 1 0.31258013248703043 1 0.33333333333333331 1 0.3540865341796362 1 0.37488676588472153 1 0.39575332831184451 1 0.41666666666666663 1 0.43758000502148875 1 0.45844656744861184 1 0.47924679915369717 1 0.5 1 0.52075320084630283 1 0.5415534325513881 1 0.56241999497851125 1 0.58333333333333326 1 0.60424667168815538 1 0.62511323411527842 1 0.6459134658203638 1 0.66666666666666663 1 0.68741986751296935 1 0.70822009921805484 1 0.72908666164517777 1 0.75 1 0.77091333835482201 1 0.79177990078194493 1 0.81258013248703043 1 0.83333333333333326 1 0.85408653417963631 1 0.87488676588472136 1 0.89575332831184451 1 0.91666666666666674 1 0.93758000502148875 1 0.9584465674486119 1 0.97924679915369706 1 1 4
7 1 0  3 51 49  0 -13.336097393689988 56.333333333333336  1 0.26470608200658952 -13.336098461062269 56.333333337332142  0.99999999994223288 0.79467651928299765 -13.336784563030163 56.333333331473341  1.0000000000268701 1.5888106519905136 -13.339718338072172 56.333333333833927  0.9999999999927689 2.3821690083085949 -13.344101281180416 56.333333333198681  1.0000000000019447 3.1750001083685757 -13.34926612761017 56.33333333336946  0.99999999999947864 3.9678305587033011 -13.354430916240997 56.333333333323687  1.0000000000001388 4.7611908577708464 -13.358814032175031 56.333333333335858  0.9999999999999637 5.5553178977671527 -13.36174717625139 56.333333333332718  1.0000000000000089 6.3500000005521153 -13.362778286050414 56.333333333333456  0.99999999999999845 7.1446821000218828 -13.361747176421693 56.33333333333335  0.99999999999999967 7.9388091499969189 -13.358814031491125 56.3333333333333  1.0000000000000004 8.7321694123176439 -13.354430918817027 56.333333333333364  0.99999999999999989 9.5250000000028798 -13.349266117970078 56.333333333333343  1 10.317830587670857 -13.344101317121613 56.333333333333364  1 11.111190850043188 -13.339718204452074 56.3333333333333  1.0000000000000004 11.905317899829774 -13.336785059504777 56.333333333333371  0.99999999999999978 12.700000000000019 -13.335753949938331 56.333333333333321  0.99999999999999989 13.494682100170175 -13.336785059504786 56.333333333333336  0.99999999999999989 14.288809149957 -13.339718204452055 56.333333333333329  1.0000000000000002 15.08216941232839 -13.344101317121682 56.33333333333335  0.99999999999999989 15.874999999999995 -13.349266117969814 56.3333333333333  1.0000000000000004 16.66783058767162 -13.354430918817986 56.333333333333378  0.99999999999999989 17.461190850043 -13.358814031487569 56.333333333333329  1.0000000000000002 18.255317899829816 -13.361747176434875 56.333333333333307  1 19.050000000000004 -13.362778286001298 56.333333333333371  1 19.844682100170175 -13.361747176434882 56.333333333333336  0.99999999999999967 20.638809149956995 -13.358814031487572 56.333333333333307  1.0000000000000007 21.432169412328406 -13.354430918817982 56.333333333333378  1 22.224999999999977 -13.349266117969822 56.333333333333314  0.99999999999999978 23.017830587671629 -13.344101317121668 56.333333333333364  1.0000000000000002 23.811190850042994 -13.339718204452074 56.333333333333336  0.99999999999999989 24.605317899829831 -13.336785059504773 56.333333333333357  1 25.399999999999977 -13.335753949938336 56.333333333333314  1 26.19468210017024 -13.336785059504777 56.333333333333378  0.99999999999999967 26.988809149956793 -13.33971820445208 56.3333333333333  1.0000000000000002 27.782169412329143 -13.344101317121609 56.3333333333333  1.0000000000000002 28.574999999997139 -13.349266117970075 56.333333333333428  0.99999999999999922 29.367830587682334 -13.354430918817021 56.33333333333325  1.0000000000000009 30.161190850003074 -13.358814031491123 56.333333333333371  1.0000000000000002 30.955317899978148 -13.361747176421686 56.333333333333343  0.99999999999999922 31.749999999447819 -13.362778286050403 56.333333333333307  1.0000000000000013 32.544682102233047 -13.361747176251477 56.333333333333378  0.99999999999999623 33.338809142228257 -13.358814032174614 56.333333333333101  1.0000000000000151 34.132169441300341 -13.354430916242611 56.33333333333433  0.99999999999994271 34.924999891617119 -13.349266127604109 56.333333333329598  1.0000000000002145 35.71783099174705 -13.344101281202988 56.333333333347305  0.99999999999919731 36.511189347794449 -13.339718337988277 56.333333333281317  1.0000000000029883 37.305323481546196 -13.336784563341796 56.333333333526745  0.99999999998889577 37.835293916167466 -13.336098460392346 56.333333332917462  1.000000000023874 38.100000000000001 -13.336097393689988 56.333333333333336  1
 0 4 0.020753200846302881 1 0.041553432551388186 1 0.062419994978511244 1 0.083333333333333329 1 0.10424667168815541 1 0.12511323411527847 1 0.14591346582036377 1 0.16666666666666666 1 0.18741986751296957 1 0.20822009921805484 1 0.22908666164517794 1 0.25 1 0.27091333835482206 1 0.2917799007819451 1 0.31258013248703043 1 0.33333333333333331 1 0.3540865341796362 1 0.37488676588472153 1 0.39575332831184451 1 0.41666666666666663 1 0.43758000502148875 1 0.45844656744861184 1 0.47924679915369717 1 0.5 1 0.52075320084630283 1 0.5415534325513881 1 0.56241999497851125 1 0.58333333333333326 1 0.60424667168815538 1 0.62511323411527842 1 0.6459134658203638 1 0.66666666666666663 1 0.68741986751296935 1 0.70822009921805484 1 0.72908666164517777 1 0.75 1 0.77091333835482201 1 0.79177990078194493 1 0.81258013248703043 1 0.83333333333333326 1 0.85408653417963631 1 0.87488676588472136 1 0.89575332831184451 1 0.91666666666666674 1 0.93758000502148875 1 0.9584465674486119 1 0.97924679915369706 1 1 4
7 1 0  3 51 49  0 -13.337370370370371 57  1 0.26470608200658952 -13.33737267639901 57.000000005621175  0.99999999994223288 0.79467651928299765 -13.338854655910472 56.999999997385395  1.0000000000268701 1.5888106519905136 -13.34519161029907 57.000000000703636  0.9999999999927689 2.3821690083085949 -13.354658767332698 56.999999999810782  1.0000000000019447 3.1750001083685757 -13.365814835642517 57.000000000050704  0.99999999999947864 3.9678305587033011 -13.376970779079329 56.999999999986464  1.0000000000001388 4.7611908577708464 -13.386438309498395 57.00000000000356  0.9999999999999637 5.5553178977671527 -13.392773900702906 56.999999999999083  1.0000000000000089 6.3500000005521153 -13.395001097868922 57.000000000000227  0.99999999999999845 7.1446821000218828 -13.392773901070832 56.99999999999995  0.99999999999999967 7.9388091499969189 -13.386438308020837 56.999999999999979  1.0000000000000004 8.7321694123176439 -13.376970784644751 57.000000000000021  0.99999999999999989 9.5250000000028798 -13.365814814815383 56.999999999999993  1 10.317830587670857 -13.354658844982655 57.000000000000028  1 11.111190850043188 -13.345191321616504 56.999999999999979  1.0000000000000004 11.905317899829774 -13.338855728530312 57.000000000000014  0.99999999999999978 12.700000000000019 -13.336628531866799 56.999999999999979  0.99999999999999989 13.494682100170175 -13.338855728530318 57.000000000000021  0.99999999999999989 14.288809149957 -13.345191321616458 56.999999999999943  1.0000000000000002 15.08216941232839 -13.35465884498281 57.000000000000071  0.99999999999999989 15.874999999999995 -13.365814814814817 56.999999999999936  1.0000000000000004 16.66783058767162 -13.376970784646817 57.000000000000043  0.99999999999999989 17.461190850043 -13.386438308013176 56.999999999999986  1.0000000000000002 18.255317899829816 -13.392773901099316 57.000000000000014  1 19.050000000000004 -13.395001097762826 56.999999999999986  1 19.844682100170175 -13.39277390109932 57.000000000000007  0.99999999999999967 20.638809149956995 -13.386438308013167 57.000000000000014  1.0000000000000007 21.432169412328406 -13.376970784646826 57  1 22.224999999999977 -13.365814814814813 57.000000000000028  0.99999999999999978 23.017830587671629 -13.354658844982808 56.999999999999979  1.0000000000000002 23.811190850042994 -13.345191321616468 57.000000000000007  0.99999999999999989 24.605317899829831 -13.33885572853031 57.000000000000021  1 25.399999999999977 -13.336628531866808 56.999999999999979  1 26.19468210017024 -13.33885572853031 57.000000000000036  0.99999999999999967 26.988809149956793 -13.345191321616504 56.999999999999964  1.0000000000000002 27.782169412329143 -13.354658844982653 56.999999999999993  1.0000000000000002 28.574999999997139 -13.365814814815383 57.000000000000036  0.99999999999999922 29.367830587682334 -13.376970784644753 56.999999999999972  1.0000000000000009 30.161190850003074 -13.386438308020834 56.999999999999979  1.0000000000000002 30.955317899978148 -13.392773901070832 57.000000000000071  0.99999999999999922 31.749999999447819 -13.395001097868885 56.999999999999879  1.0000000000000013 32.544682102233047 -13.392773900703101 57.000000000000334  0.99999999999999623 33.338809142228257 -13.386438309497548 56.999999999998586  1.0000000000000151 34.132169441300341 -13.376970779082574 57.000000000005407  0.99999999999994271 34.924999891617119 -13.365814835630339 56.999999999979757  1.0000000000002145 35.71783099174705 -13.354658767378092 57.000000000075531  0.99999999999919731 36.511189347794449 -13.345191610130369 56.999999999719073  1.0000000000029883 37.305323481546196 -13.33885465653705 57.000000001043929  0.99999999998889577 37.835293916167466 -13.337372675052055 56.999999997755673  1.000000000023874 38.100000000000001 -13.337370370370371 57  1
 0 4 0.020753200846302881 1 0.041553432551388186 1 0.062419994978511244 1 0.083333333333333329 1 0.10424667168815541 1 0.12511323411527847 1 0.14591346582036377 1 0.16666666666666666 1 0.18741986751296957 1 0.20822009921805484 1 0.22908666164517794 1 0.25 1 0.27091333835482206 1 0.2917799007819451 1 0.31258013248703043 1 0.33333333333333331 1 0.3540865341796362 1 0.37488676588472153 1 0.39575332831184451 1 0.41666666666666663 1 0.43758000502148875 1 0.45844656744861184 1 0.47924679915369717 1 0.5 1 0.52075320084630283 1 0.5415534325513881 1 0.56241999497851125 1 0.58333333333333326 1 0.60424667168815538 1 0.62511323411527842 1 0.6459134658203638 1 0.66666666666666663 1 0.68741986751296935 1 0.70822009921805484 1 0.72908666164517777 1 0.75 1 0.77091333835482201 1 0.79177990078194493 1 0.81258013248703043 1 0.83333333333333326 1 0.85408653417963631 1 0.87488676588472136 1 0.89575332831184451 1 0.91666666666666674 1 0.93758000502148875 1 0.9584465674486119 1 0.97924679915369706 1 1 4
7 1 0  3 51 49  0 -13.33903840877915 57.666666666666664  1 0.26470608200658952 -13.339042337255188 57.666666671184615  0.99999999994223288 0.79467651928299765 -13.341567191696997 57.666666664565192  1.0000000000268701 1.5888106519905136 -13.352363484173971 57.666666667232242  0.9999999999927689 2.3821690083085949 -13.368492714725525 57.666666666514551  1.0000000000019447 3.1750001083685757 -13.387499349610335 57.666666666707442  0.99999999999947864 3.9678305587033011 -13.406505771765543 57.666666666655772  1.0000000000001388 4.7611908577708464 -13.422635638404476 57.666666666669563  0.9999999999999637 5.5553178977671527 -13.433429608604982 57.666666666665918  1.0000000000000089 6.3500000005521153 -13.437224092665581 57.666666666666849  0.99999999999999845 7.1446821000218828 -13.433429609231775 57.666666666666622  0.99999999999999967 7.9388091499969189 -13.422635635887348 57.666666666666679  1.0000000000000004 8.7321694123176439 -13.406505781246631 57.666666666666671  0.99999999999999989 9.5250000000028798 -13.387499314129892 57.666666666666679  1 10.317830587670857 -13.368492847007493 57.666666666666671  1 11.111190850043188 -13.35236299238367 57.666666666666643  1.0000000000000004 11.905317899829774 -13.341569018977552 57.666666666666664  0.99999999999999978 12.700000000000019 -13.337774535773081 57.666666666666679  0.99999999999999989 13.494682100170175 -13.341569018977566 57.66666666666665  0.99999999999999989 14.288809149957 -13.3523629923836 57.666666666666657  1.0000000000000002 15.08216941232839 -13.368492847007753 57.666666666666707  0.99999999999999989 15.874999999999995 -13.387499314128943 57.6666666666666  1.0000000000000004 16.66783058767162 -13.406505781250143 57.6666666666667  0.99999999999999989 17.461190850043 -13.422635635874286 57.666666666666629  1.0000000000000002 18.255317899829816 -13.433429609280317 57.666666666666686  1 19.050000000000004 -13.437224092484815 57.666666666666629  1 19.844682100170175 -13.433429609280328 57.666666666666693  0.99999999999999967 20.638809149956995 -13.422635635874279 57.66666666666665  1.0000000000000007 21.432169412328406 -13.406505781250145 57.666666666666679  1 22.224999999999977 -13.387499314128949 57.66666666666665  0.99999999999999978 23.017830587671629 -13.368492847007744 57.666666666666657  1.0000000000000002 23.811190850042994 -13.352362992383606 57.666666666666664  0.99999999999999989 24.605317899829831 -13.341569018977577 57.666666666666657  1 25.399999999999977 -13.337774535773068 57.666666666666657  1 26.19468210017024 -13.341569018977561 57.666666666666693  0.99999999999999967 26.988809149956793 -13.352362992383672 57.66666666666665  1.0000000000000002 27.782169412329143 -13.36849284700749 57.66666666666665  1.0000000000000002 28.574999999997139 -13.387499314129901 57.666666666666714  0.99999999999999922 29.367830587682334 -13.406505781246606 57.666666666666622  1.0000000000000009 30.161190850003074 -13.42263563588736 57.666666666666679  1.0000000000000002 30.955317899978148 -13.43342960923178 57.666666666666664  0.99999999999999922 31.749999999447819 -13.437224092665527 57.66666666666665  1.0000000000000013 32.544682102233047 -13.433429608605186 57.666666666666671  0.99999999999999623 33.338809142228257 -13.422635638403676 57.666666666666529  1.0000000000000151 34.132169441300341 -13.406505771768572 57.666666666667375  0.99999999999994271 34.924999891617119 -13.387499349598986 57.666666666663865  1.0000000000002145 35.71783099174705 -13.368492714767834 57.666666666677266  0.99999999999919731 36.511189347794449 -13.352363484016827 57.666666666627108  1.0000000000029883 37.305323481546196 -13.341567192280474 57.666666666813718  0.99999999998889577 37.835293916167466 -13.339042336000986 57.666666666350515  1.000000000023874 38.100000000000001 -13.33903840877915 57.666666666666664  1
 0 4 0.020753200846302881 1 0.041553432551388186 1 0.062419994978511244 1 0.083333333333333329 1 0.10424667168815541 1 0.12511323411527847 1 0.14591346582036377 1 0.16666666666666666 1 0.18741986751296957 1 0.20822009921805484 1 0.22908666164517794 1 0.25 1 0.27091333835482206 1 0.2917799007819451 1 0.31258013248703043 1 0.33333333333333331 1 0.3540865341796362 1 0.37488676588472153 1 0.39575332831184451 1 0.41666666666666663 1 0.43758000502148875 1 0.45844656744861184 1 0.47924679915369717 1 0.5 1 0.52075320084630283 1 0.5415534325513881 1 0.56241999497851125 1 0.58333333333333326 1 0.60424667168815538 1 0.62511323411527842 1 0.6459134658203638 1 0.66666666666666663 1 0.68741986751296935 1 0.70822009921805484 1 0.72908666164517777 1 0.75 1 0.77091333835482201 1 0.79177990078194493 1 0.81258013248703043 1 0.83333333333333326 1 0.85408653417963631 1 0.87488676588472136 1 0.89575332831184451 1 0.91666666666666674 1 0.93758000502148875 1 0.9584465674486119 1 0.97924679915369706 1 1 4
7 1 0  3 51 49  0 -13.341035665294925 58.333333333333336  1 0.26470608200658952 -13.34104153571524 58.333333335651041  0.99999999994223288 0.79467651928299765 -13.344815096725057 58.333333332255293  1.0000000000268701 1.5888106519905136 -13.360950859381051 58.33333333362345  0.9999999999927689 2.3821690083085949 -13.38505704649655 58.333333333255318  1.0000000000019447 3.1750001083685757 -13.413463701854754 58.333333333354226  0.99999999999947864 3.9678305587033011 -13.441870039325774 58.333333333327765  1.0000000000001388 4.7611908577708464 -13.465977176962596 58.333333333334792  0.9999999999999637 5.5553178977671527 -13.482109469382619 58.333333333332988  1.0000000000000089 6.3500000005521153 -13.487780573277306 58.333333333333385  0.99999999999999845 7.1446821000218828 -13.482109470319244 58.333333333333343  0.99999999999999967 7.9388091499969189 -13.465977173201189 58.333333333333336  1.0000000000000004 8.7321694123176439 -13.441870053493616 58.33333333333335  0.99999999999999989 9.5250000000028798 -13.413463648835428 58.333333333333329  1 10.317830587670857 -13.385057244168811 58.333333333333343  1 11.111190850043188 -13.360950124486459 58.333333333333321  1.0000000000000004 11.905317899829774 -13.344817827276234 58.333333333333364  0.99999999999999978 12.700000000000019 -13.339146724660852 58.333333333333307  0.99999999999999989 13.494682100170175 -13.344817827276261 58.33333333333335  0.99999999999999989 14.288809149957 -13.360950124486358 58.3333333333333  1.0000000000000002 15.08216941232839 -13.385057244169191 58.333333333333385  0.99999999999999989 15.874999999999995 -13.413463648834016 58.333333333333286  1.0000000000000004 16.66783058767162 -13.441870053498858 58.33333333333335  0.99999999999999989 17.461190850043 -13.465977173181674 58.333333333333371  1.0000000000000002 18.255317899829816 -13.482109470391784 58.333333333333314  1 19.050000000000004 -13.487780573007196 58.333333333333329  1 19.844682100170175 -13.482109470391791 58.333333333333364  0.99999999999999967 20.638809149956995 -13.465977173181676 58.333333333333307  1.0000000000000007 21.432169412328406 -13.441870053498853 58.333333333333371  1 22.224999999999977 -13.413463648834025 58.3333333333333  0.99999999999999978 23.017830587671629 -13.385057244169182 58.333333333333357  1.0000000000000002 23.811190850042994 -13.360950124486367 58.333333333333307  0.99999999999999989 24.605317899829831 -13.344817827276261 58.333333333333393  1 25.399999999999977 -13.339146724660846 58.333333333333272  1 26.19468210017024 -13.344817827276229 58.333333333333393  0.99999999999999967 26.988809149956793 -13.360950124486472 58.333333333333314  1.0000000000000002 27.782169412329143 -13.385057244168797 58.333333333333314  1.0000000000000002 28.574999999997139 -13.413463648835446 58.333333333333385  0.99999999999999922 29.367830587682334 -13.441870053493592 58.333333333333258  1.0000000000000009 30.161190850003074 -13.465977173201196 58.333333333333371  1.0000000000000002 30.955317899978148 -13.482109470319264 58.333333333333321  0.99999999999999922 31.749999999447819 -13.487780573277227 58.333333333333307  1.0000000000000013 32.544682102233047 -13.48210946938295 58.33333333333352  0.99999999999999623 33.338809142228257 -13.465977176961289 58.333333333332483  1.0000000000000151 34.132169441300341 -13.441870039330745 58.333333333336647  0.99999999999994271 34.924999891617119 -13.413463701836132 58.33333333332083  1.0000000000002145 35.71783099174705 -13.385057046565958 58.333333333380182  0.99999999999919731 36.511189347794449 -13.360950859123214 58.33333333315894  1.0000000000029883 37.305323481546196 -13.344815097682487 58.333333333981393  0.99999999998889577 37.835293916167466 -13.341041533657165 58.333333331940061  1.000000000023874 38.100000000000001 -13.341035665294925 58.333333333333336  1
 0 4 0.020753200846302881 1 0.041553432551388186 1 0.062419994978511244 1 0.083333333333333329 1 0.10424667168815541 1 0.12511323411527847 1 0.14591346582036377 1 0.16666666666666666 1 0.18741986751296957 1 0.20822009921805484 1 0.22908666164517794 1 0.25 1 0.27091333835482206 1 0.2917799007819451 1 0.31258013248703043 1 0.33333333333333331 1 0.3540865341796362 1 0.37488676588472153 1 0.39575332831184451 1 0.41666666666666663 1 0.43758000502148875 1 0.45844656744861184 1 0.47924679915369717 1 0.5 1 0.52075320084630283 1 0.5415534325513881 1 0.56241999497851125 1 0.58333333333333326 1 0.60424667168815538 1 0.62511323411527842 1 0.6459134658203638 1 0.66666666666666663 1 0.68741986751296935 1 0.70822009921805484 1 0.72908666164517777 1 0.75 1 0.77091333835482201 1 0.79177990078194493 1 0.81258013248703043 1 0.83333333333333326 1 0.85408653417963631 1 0.87488676588472136 1 0.89575332831184451 1 0.91666666666666674 1 0.93758000502148875 1 0.9584465674486119 1 0.97924679915369706 1 1 4
7 1 0  3 51 49  0 -13.343296296296296 59  1 0.26470608200658952 -13.343304364430839 59.00000000162558  0.99999999994223288 0.79467651928299765 -13.348491297066122 58.999999999243883  1.0000000000268701 1.5888106519905136 -13.370670635675465 59.000000000203471  0.9999999999927689 2.3821690083085949 -13.403805685764304 58.999999999945274  1.0000000000019447 3.1750001083685757 -13.442851924722008 59.000000000014687  0.99999999999947864 3.9678305587033011 -13.481897726784817 58.999999999996085  1.0000000000001388 4.7611908577708464 -13.515034083242478 59.000000000001016  0.9999999999999637 5.5553178977671527 -13.537208652460636 58.999999999999751  1.0000000000000089 6.3500000005521153 -13.54500384254114 59.000000000000028  0.99999999999999845 7.1446821000218828 -13.537208653747902 59.00000000000005  0.99999999999999967 7.9388091499969189 -13.515034078072921 58.99999999999995  1.0000000000000004 8.7321694123176439 -13.481897746256667 59.000000000000028  0.99999999999999989 9.5250000000028798 -13.442851851853787 59  1 10.317830587670857 -13.403805957439308 59.000000000000028  1 11.111190850043188 -13.37066962565776 58.999999999999957  1.0000000000000004 11.905317899829774 -13.348495049856059 59.00000000000005  0.99999999999999978 12.700000000000019 -13.340699861533821 58.999999999999972  0.99999999999999989 13.494682100170175 -13.348495049856092 58.999999999999993  0.99999999999999989 14.288809149957 -13.370669625657614 59.000000000000014  1.0000000000000002 15.08216941232839 -13.403805957439831 59.000000000000007  0.99999999999999989 15.874999999999995 -13.442851851851847 58.999999999999972  1.0000000000000004 16.66783058767162 -13.481897746263879 59.000000000000021  0.99999999999999989 17.461190850043 -13.515034078046092 59  1.0000000000000002 18.255317899829816 -13.537208653847609 59  1 19.050000000000004 -13.545003842169884 58.999999999999964  1 19.844682100170175 -13.537208653847621 59.000000000000036  0.99999999999999967 20.638809149956995 -13.515034078046087 58.999999999999957  1.0000000000000007 21.432169412328406 -13.481897746263874 59.000000000000014  1 22.224999999999977 -13.442851851851865 59.000000000000007  0.99999999999999978 23.017830587671629 -13.403805957439815 58.999999999999964  1.0000000000000002 23.811190850042994 -13.370669625657632 59.000000000000078  0.99999999999999989 24.605317899829831 -13.348495049856085 58.999999999999943  1 25.399999999999977 -13.340699861533817 59.000000000000057  1 26.19468210017024 -13.348495049856064 58.999999999999979  0.99999999999999967 26.988809149956793 -13.370669625657754 59  1.0000000000000002 27.782169412329143 -13.4038059574393 58.999999999999986  1.0000000000000002 28.574999999997139 -13.442851851853808 59.000000000000028  0.99999999999999922 29.367830587682334 -13.481897746256641 58.999999999999943  1.0000000000000009 30.161190850003074 -13.515034078072929 59.000000000000014  1.0000000000000002 30.955317899978148 -13.5372086537479 59  0.99999999999999922 31.749999999447819 -13.545003842541135 59.000000000000021  1.0000000000000013 32.544682102233047 -13.537208652460659 58.999999999999915  0.99999999999999623 33.338809142228257 -13.51503408324235 59.000000000000249  1.0000000000000151 34.132169441300341 -13.481897726785352 58.999999999999176  0.99999999999994271 34.924999891617119 -13.442851924719983 59.000000000003006  1.0000000000002145 35.71783099174705 -13.403805685771767 58.999999999988894  0.99999999999919731 36.511189347794449 -13.370670635648063 59.000000000041176  1.0000000000029883 37.305323481546196 -13.348491297167088 58.99999999984702  0.99999999998889577 37.835293916167466 -13.343304364214218 59.000000000328889  1.000000000023874 38.100000000000001 -13.343296296296296 59  1
 0 4 0.020753200846302881 1 0.041553432551388186 1 0.062419994978511244 1 0.083333333333333329 1 0.10424667168815541 1 0.12511323411527847 1 0.14591346582036377 1 0.16666666666666666 1 0.18741986751296957 1 0.20822009921805484 1 0.22908666164517794 1 0.25 1 0.27091333835482206 1 0.2917799007819451 1 0.31258013248703043 1 0.33333333333333331 1 0.3540865341796362 1 0.37488676588472153 1 0.39575332831184451 1 0.41666666666666663 1 0.43758000502148875 1 0.45844656744861184 1 0.47924679915369717 1 0.5 1 0.52075320084630283 1 0.5415534325513881 1 0.56241999497851125 1 0.58333333333333326 1 0.60424667168815538 1 0.62511323411527842 1 0.6459134658203638 1 0.66666666666666663 1 0.68741986751296935 1 0.70822009921805484 1 0.72908666164517777 1 0.75 1 0.77091333835482201 1 0.79177990078194493 1 0.81258013248703043 1 0.83333333333333326 1 0.85408653417963631 1 0.87488676588472136 1 0.89575332831184451 1 0.91666666666666674 1 0.93758000502148875 1 0.9584465674486119 1 0.97924679915369706 1 1 4
7 1 0  3 51 49  0 -13.345754458161867 59.666666666666664  1 0.26470608200658952 -13.345764916794364 59.666666668758552  0.99999999994223288 0.79467651928299765 -13.352488718447159 59.666666665693661  1.0000000000268701 1.5888106519905136 -13.381239712905062 59.666666666928485  0.9999999999927689 2.3821690083085949 -13.424192555622444 59.666666666596285  1.0000000000019447 3.1750001083685757 -13.474808050565015 59.666666666685522  0.99999999999947864 3.9678305587033011 -13.525422979165652 59.666666666661641  1.0000000000001388 4.7611908577708464 -13.568377515314275 59.666666666667972  0.9999999999999637 5.5553178977671527 -13.597122327263804 59.666666666666337  1.0000000000000089 6.3500000005521153 -13.607227203294066 59.666666666666735  0.99999999999999845 7.1446821000218828 -13.597122328932469 59.666666666666679  0.99999999999999967 7.9388091499969189 -13.568377508613041 59.666666666666622  1.0000000000000004 8.7321694123176439 -13.525423004406786 59.6666666666667  0.99999999999999989 9.5250000000028798 -13.474807956106771 59.666666666666657  1 10.317830587670857 -13.424192907791689 59.666666666666686  1 11.111190850043188 -13.381238403630428 59.666666666666643  1.0000000000000004 11.905317899829774 -13.352493583146735 59.666666666666657  0.99999999999999978 12.700000000000019 -13.342388709395701 59.666666666666693  0.99999999999999989 13.494682100170175 -13.352493583146774 59.666666666666629  0.99999999999999989 14.288809149957 -13.381238403630253 59.666666666666686  1.0000000000000002 15.08216941232839 -13.424192907792369 59.666666666666679  0.99999999999999989 15.874999999999995 -13.474807956104247 59.666666666666629  1.0000000000000004 16.66783058767162 -13.525423004416149 59.666666666666714  0.99999999999999989 17.461190850043 -13.568377508578259 59.6666666666666  1.0000000000000002 18.255317899829816 -13.597122329061722 59.666666666666686  1 19.050000000000004 -13.607227202812815 59.666666666666657  1 19.844682100170175 -13.597122329061728 59.666666666666679  0.99999999999999967 20.638809149956995 -13.56837750857826 59.666666666666686  1.0000000000000007 21.432169412328406 -13.525423004416133 59.666666666666643  1 22.224999999999977 -13.474807956104268 59.666666666666671  0.99999999999999978 23.017830587671629 -13.424192907792357 59.666666666666671  1.0000000000000002 23.811190850042994 -13.381238403630254 59.666666666666657  0.99999999999999989 24.605317899829831 -13.35249358314678 59.6666666666667  1 25.399999999999977 -13.342388709395692 59.666666666666629  1 26.19468210017024 -13.352493583146744 59.666666666666707  0.99999999999999967 26.988809149956793 -13.381238403630421 59.666666666666615  1.0000000000000002 27.782169412329143 -13.424192907791685 59.666666666666657  1.0000000000000002 28.574999999997139 -13.474807956106778 59.666666666666707  0.99999999999999922 29.367830587682334 -13.525423004406772 59.666666666666643  1.0000000000000009 30.161190850003074 -13.568377508613048 59.666666666666664  1.0000000000000002 30.955317899978148 -13.597122328932462 59.666666666666721  0.99999999999999922 31.749999999447819 -13.607227203294089 59.666666666666508  1.0000000000000013 32.544682102233047 -13.597122327263714 59.666666666667261  0.99999999999999623 33.338809142228257 -13.568377515314546 59.666666666664376  1.0000000000000151 34.132169441300341 -13.525422979164727 59.666666666675404  0.99999999999994271 34.924999891617119 -13.474808050568457 59.666666666633823  1.0000000000002145 35.71783099174705 -13.424192555609515 59.66666666678934  0.99999999999919731 36.511189347794449 -13.381239712953503 59.666666666210453  1.0000000000029883 37.305323481546196 -13.352488718266132 59.666666668361842  0.99999999998889577 37.835293916167466 -13.345764917184098 59.666666663022184  1.000000000023874 38.100000000000001 -13.345754458161867 59.666666666666664  1
 0 4 0.020753200846302881 1 0.041553432551388186 1 0.062419994978511244 1 0.083333333333333329 1 0.10424667168815541 1 0.12511323411527847 1 0.14591346582036377 1 0.16666666666666666 1 0.18741986751296957 1 0.20822009921805484 1 0.22908666164517794 1 0.25 1 0.27091333835482206 1 0.2917799007819451 1 0.31258013248703043 1 0.33333333333333331 1 0.3540865341796362 1 0.37488676588472153 1 0.39575332831184451 1 0.41666666666666663 1 0.43758000502148875 1 0.45844656744861184 1 0.47924679915369717 1 0.5 1 0.52075320084630283 1 0.5415534325513881 1 0.56241999497851125 1 0.58333333333333326 1 0.60424667168815538 1 0.62511323411527842 1 0.6459134658203638 1 0.66666666666666663 1 0.68741986751296935 1 0.70822009921805484 1 0.72908666164517777 1 0.75 1 0.77091333835482201 1 0.79177990078194493 1 0.81258013248703043 1 0.83333333333333326 1 0.85408653417963631 1 0.87488676588472136 1 0.89575332831184451 1 0.91666666666666674 1 0.93758000502148875 1 0.9584465674486119 1 0.97924679915369706 1 1 4
7 1 0  3 51 49  0 -13.348344307270233 60.333333333333336  1 0.26470608200658952 -13.348357284730122 60.333333338536377  0.99999999994223288 0.79467651928299765 -13.356700287277963 60.33333333091322  1.0000000000268701 1.5888106519905136 -13.392374990733975 60.333333333984648  0.9999999999927689 2.3821690083085949 -13.445671579213968 60.333333333158151  1.0000000000019447 3.1750001083685757 -13.508476111723461 60.333333333380324  0.99999999999947864 3.9678305587033011 -13.571279941494808 60.333333333320795  1.0000000000001388 4.7611908577708464 -13.624578631247253 60.333333333336633  0.9999999999999637 5.5553178977671527 -13.660245663217083 60.333333333332504  1.0000000000000089 6.3500000005521153 -13.672783958373051 60.333333333333528  0.99999999999999845 7.1446821000218828 -13.660245665287636 60.333333333333321  0.99999999999999967 7.9388091499969189 -13.6245786229321 60.333333333333336  1.0000000000000004 8.7321694123176439 -13.571279972814951 60.333333333333321  0.99999999999999989 9.5250000000028798 -13.508475994516152 60.333333333333385  1 10.317830587670857 -13.445672016198678 60.3333333333333  1 11.111190850043188 -13.39237336613734 60.333333333333343  1.0000000000000004 11.905317899829774 -13.356706323577999 60.333333333333343  0.99999999999999978 12.700000000000019 -13.344168031250167 60.333333333333329  0.99999999999999989 13.494682100170175 -13.356706323578054 60.333333333333357  0.99999999999999989 14.288809149957 -13.392373366137114 60.333333333333329  1.0000000000000002 15.08216941232839 -13.445672016199518 60.33333333333335  0.99999999999999989 15.874999999999995 -13.508475994513025 60.333333333333314  1.0000000000000004 16.66783058767162 -13.571279972826565 60.333333333333385  0.99999999999999989 17.461190850043 -13.624578622888937 60.333333333333321  1.0000000000000002 18.255317899829816 -13.660245665448013 60.333333333333336  1 19.050000000000004 -13.672783957775913 60.333333333333343  1 19.844682100170175 -13.660245665448004 60.333333333333329  0.99999999999999967 20.638809149956995 -13.624578622888954 60.33333333333335  1.0000000000000007 21.432169412328406 -13.571279972826549 60.333333333333343  1 22.224999999999977 -13.508475994513038 60.333333333333314  0.99999999999999978 23.017830587671629 -13.445672016199502 60.333333333333336  1.0000000000000002 23.811190850042994 -13.39237336613713 60.333333333333385  0.99999999999999989 24.605317899829831 -13.356706323578043 60.333333333333314  1 25.399999999999977 -13.34416803125017 60.333333333333343  1 26.19468210017024 -13.356706323578003 60.33333333333335  0.99999999999999967 26.988809149956793 -13.392373366137335 60.333333333333336  1.0000000000000002 27.782169412329143 -13.445672016198676 60.3333333333333  1.0000000000000002 28.574999999997139 -13.50847599451615 60.333333333333371  0.99999999999999922 29.367830587682334 -13.571279972814937 60.333333333333307  1.0000000000000009 30.161190850003074 -13.624578622932106 60.333333333333329  1.0000000000000002 30.955317899978148 -13.660245665287636 60.333333333333407  0.99999999999999922 31.749999999447819 -13.672783958373035 60.333333333333179  1.0000000000000013 32.544682102233047 -13.66024566321718 60.333333333333862  0.99999999999999623 33.338809142228257 -13.624578631246798 60.333333333331204  1.0000000000000151 34.132169441300341 -13.571279941496581 60.333333333341557  0.99999999999994271 34.924999891617119 -13.508476111716824 60.333333333302427  1.0000000000002145 35.71783099174705 -13.44567157923856 60.33333333344865  0.99999999999919731 36.511189347794449 -13.392374990643077 60.333333332904573  1.0000000000029883 37.305323481546196 -13.356700287614364 60.333333334926422  0.99999999998889577 37.835293916167466 -13.34835728400758 60.333333329908371  1.000000000023874 38.100000000000001 -13.348344307270233 60.333333333333336  1
 0 4 0.020753200846302881 1 0.041553432551388186 1 0.062419994978511244 1 0.083333333333333329 1 0.10424667168815541 1 0.12511323411527847 1 0.14591346582036377 1 0.16666666666666666 1 0.18741986751296957 1 0.20822009921805484 1 0.22908666164517794 1 0.25 1 0.27091333835482206 1 0.2917799007819451 1 0.31258013248703043 1 0.33333333333333331 1 0.3540865341796362 1 0.37488676588472153 1 0.39575332831184451 1 0.41666666666666663 1 0.43758000502148875 1 0.45844656744861184 1 0.47924679915369717 1 0.5 1 0.52075320084630283 1 0.5415534325513881 1 0.56241999497851125 1 0.58333333333333326 1 0.60424667168815538 1 0.62511323411527842 1 0.6459134658203638 1 0.66666666666666663 1 0.68741986751296935 1 0.70822009921805484 1 0.72908666164517777 1 0.75 1 0.77091333835482201 1 0.79177990078194493 1 0.81258013248703043 1 0.83333333333333326 1 0.85408653417963631 1 0.87488676588472136 1 0.89575332831184451 1 0.91666666666666674 1 0.93758000502148875 1 0.9584465674486119 1 0.97924679915369706 1 1 4
7 1 0  3 51 49  0 -13.351000000000001 61  1 0.26470608200658952 -13.351015560107133 61.000000001105498  0.99999999994223288 0.79467651928299765 -13.361018929994065 60.999999999485809  1.0000000000268701 1.5888106519905136 -13.403793368819352 61.000000000138364  0.9999999999927689 2.3821690083085949 -13.467696679683833 60.999999999962796  1.0000000000019447 3.1750001083685757 -13.543000140536495 61.000000000009983  0.99999999999947864 3.9678305587033011 -13.618302758798967 60.99999999999735  1.0000000000001388 4.7611908577708464 -13.682208589110584 61.000000000000696  0.9999999999999637 5.5553178977671527 -13.72497382974548 60.999999999999851  1.0000000000000089 6.3500000005521153 -13.740007410615064 61.000000000000014  0.99999999999999845 7.1446821000218828 -13.724973832228093 61.000000000000021  0.99999999999999967 7.9388091499969189 -13.682208579140644 60.999999999999986  1.0000000000000004 8.7321694123176439 -13.618302796352125 61.000000000000021  0.99999999999999989 9.5250000000028798 -13.543000000003744 60.999999999999993  1 10.317830587670857 -13.467697203632952 61.000000000000036  1 11.111190850043188 -13.403791420911384 60.999999999999957  1.0000000000000004 11.905317899829774 -13.361026167579531 61.000000000000028  0.99999999999999978 12.700000000000019 -13.345992590100959 60.999999999999993  0.99999999999999989 13.494682100170175 -13.36102616757959 61.000000000000021  0.99999999999999989 14.288809149957 -13.403791420911123 60.999999999999972  1.0000000000000002 15.08216941232839 -13.467697203633952 61.000000000000057  0.99999999999999989 15.874999999999995 -13.542999999999996 60.999999999999929  1.0000000000000004 16.66783058767162 -13.618302796366056 61.00000000000005  0.99999999999999989 17.461190850043 -13.682208579088874 60.999999999999979  1.0000000000000002 18.255317899829816 -13.724973832420396 61.000000000000028  1 19.050000000000004 -13.740007409899075 60.999999999999943  1 19.844682100170175 -13.724973832420398 61.000000000000057  0.99999999999999967 20.638809149956995 -13.682208579088877 60.999999999999964  1.0000000000000007 21.432169412328406 -13.618302796366057 61.000000000000014  1 22.224999999999977 -13.542999999999992 61.000000000000014  0.99999999999999978 23.017830587671629 -13.467697203633961 60.999999999999979  1.0000000000000002 23.811190850042994 -13.403791420911121 61.000000000000007  0.99999999999999989 24.605317899829831 -13.361026167579595 61.000000000000014  1 25.399999999999977 -13.345992590100954 60.99999999999995  1 26.19468210017024 -13.361026167579533 61.000000000000071  0.99999999999999967 26.988809149956793 -13.403791420911386 60.999999999999964  1.0000000000000002 27.782169412329143 -13.46769720363295 60.999999999999964  1.0000000000000002 28.574999999997139 -13.543000000003746 61.000000000000078  0.99999999999999922 29.367830587682334 -13.618302796352117 60.999999999999957  1.0000000000000009 30.161190850003074 -13.682208579140642 60.999999999999986  1.0000000000000002 30.955317899978148 -13.724973832228091 61.000000000000021  0.99999999999999922 31.749999999447819 -13.74000741061505 61.000000000000028  1.0000000000000013 32.544682102233047 -13.724973829745542 60.999999999999844  0.99999999999999623 33.338809142228257 -13.682208589110306 61.000000000000512  1.0000000000000151 34.132169441300341 -13.61830275880005 60.999999999998124  0.99999999999994271 34.924999891617119 -13.543000140532451 61.000000000007056  1.0000000000002145 35.71783099174705 -13.467696679698744 60.99999999997371  0.99999999999919731 36.511189347794449 -13.403793368764513 61.000000000097799  1.0000000000029883 37.305323481546196 -13.361018930196277 60.999999999636557  0.99999999998889577 37.835293916167466 -13.351015559673201 61.000000000781426  1.000000000023874 38.100000000000001 -13.351000000000001 61  1
 0 4 0.020753200846302881 1 0.041553432551388186 1 0.062419994978511244 1 0.083333333333333329 1 0.10424667168815541 1 0.12511323411527847 1 0.14591346582036377 1 0.16666666666666666 1 0.18741986751296957 1 0.20822009921805484 1 0.22908666164517794 1 0.25 1 0.27091333835482206 1 0.2917799007819451 1 0.31258013248703043 1 0.33333333333333331 1 0.3540865341796362 1 0.37488676588472153 1 0.39575332831184451 1 0.41666666666666663 1 0.43758000502148875 1 0.45844656744861184 1 0.47924679915369717 1 0.5 1 0.52075320084630283 1 0.5415534325513881 1 0.56241999497851125 1 0.58333333333333326 1 0.60424667168815538 1 0.62511323411527842 1 0.6459134658203638 1 0.66666666666666663 1 0.68741986751296935 1 0.70822009921805484 1 0.72908666164517777 1 0.75 1 0.77091333835482201 1 0.79177990078194493 1 0.81258013248703043 1 0.83333333333333326 1 0.85408653417963631 1 0.87488676588472136 1 0.89575332831184451 1 0.91666666666666674 1 0.93758000502148875 1 0.9584465674486119 1 0.97924679915369706 1 1 4
7 1 0  3 51 49  0 -13.353655692729768 61.666666666666664  1 0.26470608200658952 -13.353673834794796 61.666666669742249  0.99999999994223288 0.79467651928299765 -13.365337573030805 61.666666665236107  1.0000000000268701 1.5888106519905136 -13.415211746818448 61.666666667051658  0.9999999999927689 2.3821690083085949 -13.489721780176886 61.666666666563088  1.0000000000019447 3.1750001083685757 -13.577524169343322 61.666666666694461  0.99999999999947864 3.9678305587033011 -13.665325576104777 61.666666666659225  1.0000000000001388 4.7611908577708464 -13.739838546973475 61.666666666668625  0.9999999999999637 5.5553178977671527 -13.789701996274001 61.666666666666174  1.0000000000000089 6.3500000005521153 -13.807230862857034 61.666666666666735  0.99999999999999845 7.1446821000218828 -13.789701999168569 61.666666666666679  0.99999999999999967 7.9388091499969189 -13.739838535349163 61.666666666666664  1.0000000000000004 8.7321694123176439 -13.665325619889314 61.666666666666657  0.99999999999999989 9.5250000000028798 -13.577524005491334 61.666666666666671  1 10.317830587670857 -13.489722391067222 61.666666666666693  1 11.111190850043188 -13.415209475685439 61.666666666666629  1.0000000000000004 11.905317899829774 -13.365346011581066 61.6666666666667  0.99999999999999978 12.700000000000019 -13.347817148951734 61.666666666666671  0.99999999999999989 13.494682100170175 -13.365346011581144 61.666666666666686  0.99999999999999989 14.288809149957 -13.415209475685128 61.666666666666622  1.0000000000000002 15.08216941232839 -13.489722391068389 61.666666666666735  0.99999999999999989 15.874999999999995 -13.577524005486966 61.666666666666586  1.0000000000000004 16.66783058767162 -13.665325619905554 61.666666666666721  0.99999999999999989 17.461190850043 -13.739838535288817 61.6666666666666  1.0000000000000002 18.255317899829816 -13.789701999392783 61.666666666666728  1 19.050000000000004 -13.807230862022237 61.666666666666607  1 19.844682100170175 -13.789701999392785 61.6666666666667  0.99999999999999967 20.638809149956995 -13.739838535288824 61.666666666666629  1.0000000000000007 21.432169412328406 -13.665325619905547 61.666666666666693  1 22.224999999999977 -13.577524005486971 61.66666666666665  0.99999999999999978 23.017830587671629 -13.489722391068389 61.666666666666664  1.0000000000000002 23.811190850042994 -13.415209475685122 61.666666666666657  0.99999999999999989 24.605317899829831 -13.365346011581154 61.666666666666693  1 25.399999999999977 -13.347817148951719 61.666666666666643  1 26.19468210017024 -13.36534601158108 61.6666666666667  0.99999999999999967 26.988809149956793 -13.415209475685435 61.666666666666629  1.0000000000000002 27.782169412329143 -13.489722391067209 61.666666666666657  1.0000000000000002 28.574999999997139 -13.577524005491341 61.666666666666693  0.99999999999999922 29.367830587682334 -13.6653256198893 61.666666666666643  1.0000000000000009 30.161190850003074 -13.739838535349168 61.666666666666636  1.0000000000000002 30.955317899978148 -13.789701999168566 61.666666666666721  0.99999999999999922 31.749999999447819 -13.807230862857036 61.666666666666593  1.0000000000000013 32.544682102233047 -13.789701996274003 61.666666666666771  0.99999999999999623 33.338809142228257 -13.739838546973404 61.666666666666174  1.0000000000000151 34.132169441300341 -13.665325576105097 61.666666666668711  0.99999999999994271 34.924999891617119 -13.577524169342155 61.666666666658877  1.0000000000002145 35.71783099174705 -13.489721780181036 61.666666666695754  0.99999999999919731 36.511189347794449 -13.41521174680377 61.666666666558378  1.0000000000029883 37.305323481546196 -13.365337573083497 61.666666667069137  0.99999999998889577 37.835293916167466 -13.353673834682454 61.666666665801408  1.000000000023874 38.100000000000001 -13.353655692729768 61.666666666666664  1
 0 4 0.020753200846302881 1 0.041553432551388186 1 0.062419994978511244 1 0.083333333333333329 1 0.10424667168815541 1 0.12511323411527847 1 0.14591346582036377 1 0.16666666666666666 1 0.18741986751296957 1 0.20822009921805484 1 0.22908666164517794 1 0.25 1 0.27091333835482206 1 0.2917799007819451 1 0.31258013248703043 1 0.33333333333333331 1 0.3540865341796362 1 0.37488676588472153 1 0.39575332831184451 1 0.41666666666666663 1 0.43758000502148875 1 0.45844656744861184 1 0.47924679915369717 1 0.5 1 0.52075320084630283 1 0.5415534325513881 1 0.56241999497851125 1 0.58333333333333326 1 0.60424667168815538 1 0.62511323411527842 1 0.6459134658203638 1 0.66666666666666663 1 0.68741986751296935 1 0.70822009921805484 1 0.72908666164517777 1 0.75 1 0.77091333835482201 1 0.79177990078194493 1 0.81258013248703043 1 0.83333333333333326 1 0.85408653417963631 1 0.87488676588472136 1 0.89575332831184451 1 0.91666666666666674 1 0.93758000502148875 1 0.9584465674486119 1 0.97924679915369706 1 1 4
7 1 0  3 51 49  0 -13.356245541838135 62.333333333333336  1 0.26470608200658952 -13.356266202758841 62.333333333876865  0.99999999994223288 0.79467651928299765 -13.369549141848456 62.33333333308056  1.0000000000268701 1.5888106519905136 -13.426347024650902 62.333333333401328  0.9999999999927689 2.3821690083085949 -13.511200803767467 62.333333333315075  1.0000000000019447 3.1750001083685757 -13.611192230502022 62.333333333338182  0.99999999999947864 3.9678305587033011 -13.711182538433865 62.333333333332092  1.0000000000001388 4.7611908577708464 -13.796039662906455 62.333333333333606  0.9999999999999637 5.5553178977671527 -13.852825332227283 62.333333333333314  1.0000000000000089 6.3500000005521153 -13.872787617936021 62.3333333333333  0.99999999999999845 7.1446821000218828 -13.852825335523733 62.333333333333385  0.99999999999999967 7.9388091499969189 -13.796039649668216 62.333333333333286  1.0000000000000004 8.7321694123176439 -13.711182588297488 62.333333333333371  0.99999999999999989 9.5250000000028798 -13.611192043900697 62.333333333333329  1 10.317830587670857 -13.511201499474215 62.333333333333343  1 11.111190850043188 -13.426344438192345 62.333333333333307  1.0000000000000004 11.905317899829774 -13.369558752012333 62.333333333333393  0.99999999999999978 12.700000000000019 -13.349596470806192 62.333333333333293  0.99999999999999989 13.494682100170175 -13.369558752012418 62.333333333333371  0.99999999999999989 14.288809149957 -13.426344438191993 62.333333333333314  1.0000000000000002 15.08216941232839 -13.511201499475538 62.333333333333357  0.99999999999999989 15.874999999999995 -13.611192043895743 62.3333333333333  1.0000000000000004 16.66783058767162 -13.711182588315973 62.333333333333357  0.99999999999999989 17.461190850043 -13.796039649599495 62.333333333333321  1.0000000000000002 18.255317899829816 -13.85282533577908 62.333333333333357  1 19.050000000000004 -13.87278761698532 62.333333333333307  1 19.844682100170175 -13.852825335779078 62.33333333333335  0.99999999999999967 20.638809149956995 -13.796039649599498 62.333333333333329  1.0000000000000007 21.432169412328406 -13.711182588315967 62.333333333333321  1 22.224999999999977 -13.611192043895748 62.333333333333343  0.99999999999999978 23.017830587671629 -13.511201499475529 62.333333333333371  1.0000000000000002 23.811190850042994 -13.426344438192002 62.333333333333293  0.99999999999999989 24.605317899829831 -13.369558752012423 62.333333333333407  1 25.399999999999977 -13.349596470806183 62.333333333333272  1 26.19468210017024 -13.369558752012345 62.333333333333414  0.99999999999999967 26.988809149956793 -13.426344438192345 62.333333333333307  1.0000000000000002 27.782169412329143 -13.511201499474202 62.333333333333336  1.0000000000000002 28.574999999997139 -13.611192043900715 62.333333333333385  0.99999999999999922 29.367830587682334 -13.711182588297472 62.333333333333321  1.0000000000000009 30.161190850003074 -13.796039649668224 62.333333333333293  1.0000000000000002 30.955317899978148 -13.852825335523741 62.333333333333343  0.99999999999999922 31.749999999447819 -13.872787617935977 62.333333333333442  1.0000000000000013 32.544682102233047 -13.852825332227491 62.33333333333281  0.99999999999999623 33.338809142228257 -13.796039662905603 62.333333333335268  1.0000000000000151 34.132169441300341 -13.711182538437146 62.333333333326159  0.99999999999994271 34.924999891617119 -13.611192230489788 62.333333333360144  1.0000000000002145 35.71783099174705 -13.511200803812825 62.333333333233433  0.99999999999919731 36.511189347794449 -13.426347024483146 62.333333333704608  1.0000000000029883 37.305323481546196 -13.36954914246963 62.33333333195398  0.99999999998889577 37.835293916167466 -13.356266201424464 62.333333336298814  1.000000000023874 38.100000000000001 -13.356245541838135 62.333333333333336  1
 0 4 0.020753200846302881 1 0.041553432551388186 1 0.062419994978511244 1 0.083333333333333329 1 0.10424667168815541 1 0.12511323411527847 1 0.14591346582036377 1 0.16666666666666666 1 0.18741986751296957 1 0.20822009921805484 1 0.22908666164517794 1 0.25 1 0.27091333835482206 1 0.2917799007819451 1 0.31258013248703043 1 0.33333333333333331 1 0.3540865341796362 1 0.37488676588472153 1 0.39575332831184451 1 0.41666666666666663 1 0.43758000502148875 1 0.45844656744861184 1 0.47924679915369717 1 0.5 1 0.52075320084630283 1 0.5415534325513881 1 0.56241999497851125 1 0.58333333333333326 1 0.60424667168815538 1 0.62511323411527842 1 0.6459134658203638 1 0.66666666666666663 1 0.68741986751296935 1 0.70822009921805484 1 0.72908666164517777 1 0.75 1 0.77091333835482201 1 0.79177990078194493 1 0.81258013248703043 1 0.83333333333333326 1 0.85408653417963631 1 0.87488676588472136 1 0.89575332831184451 1 0.91666666666666674 1 0.93758000502148875 1 0.9584465674486119 1 0.97924679915369706 1 1 4
7 1 0  3 51 49  0 -13.358703703703705 63  1 0.26470608200658952 -13.358726755113988 63.000000005133316  0.99999999994223288 0.79467651928299765 -13.373546563233374 62.999999997612292  1.0000000000268701 1.5888106519905136 -13.436916101879465 63.000000000642608  0.9999999999927689 2.3821690083085949 -13.531587673625868 62.999999999827153  1.0000000000019447 3.1750001083685757 -13.643148356344966 63.000000000046356  0.99999999999947864 3.9678305587033011 -13.754707790814717 62.999999999987665  1.0000000000001388 4.7611908577708464 -13.84938309497827 63.000000000003247  0.9999999999999637 5.5553178977671527 -13.912739007030433 62.999999999999197  1.0000000000000089 6.3500000005521153 -13.935010978688961 63.000000000000163  0.99999999999999845 7.1446821000218828 -13.912739010708284 62.999999999999972  0.99999999999999967 7.9388091499969189 -13.849383080208353 63.000000000000014  1.0000000000000004 8.7321694123176439 -13.7547078464476 62.999999999999993  0.99999999999999989 9.5250000000028798 -13.643148148153685 63.000000000000007  1 10.317830587670857 -13.531588449826591 63.000000000000021  1 11.111190850043188 -13.436913216165019 62.999999999999979  1.0000000000000004 11.905317899829774 -13.373557285303015 63.000000000000028  0.99999999999999978 12.700000000000019 -13.35128531866807 62.999999999999972  0.99999999999999989 13.494682100170175 -13.373557285303113 63.000000000000021  0.99999999999999989 14.288809149957 -13.436913216164617 62.999999999999986  1.0000000000000002 15.08216941232839 -13.531588449828083 63.000000000000043  0.99999999999999989 15.874999999999995 -13.64314814814813 62.99999999999995  1.0000000000000004 16.66783058767162 -13.754707846468243 63.000000000000028  0.99999999999999989 17.461190850043 -13.849383080131673 62.999999999999964  1.0000000000000002 18.255317899829816 -13.912739010993178 63.00000000000005  1 19.050000000000004 -13.935010977628252 62.999999999999936  1 19.844682100170175 -13.912739010993183 63.00000000000005  0.99999999999999967 20.638809149956995 -13.849383080131675 62.999999999999964  1.0000000000000007 21.432169412328406 -13.754707846468232 63.000000000000007  1 22.224999999999977 -13.643148148148143 63.000000000000014  0.99999999999999978 23.017830587671629 -13.531588449828076 62.999999999999986  1.0000000000000002 23.811190850042994 -13.436913216164626 63.000000000000007  0.99999999999999989 24.605317899829831 -13.373557285303114 63.000000000000021  1 25.399999999999977 -13.351285318668065 62.999999999999964  1 26.19468210017024 -13.37355728530302 63.00000000000005  0.99999999999999967 26.988809149956793 -13.43691321616501 63.000000000000007  1.0000000000000002 27.782169412329143 -13.531588449826589 62.999999999999936  1.0000000000000002 28.574999999997139 -13.643148148153688 63.000000000000085  0.99999999999999922 29.367830587682334 -13.754707846447596 62.999999999999915  1.0000000000000009 30.161190850003074 -13.849383080208341 63.000000000000036  1.0000000000000002 30.955317899978148 -13.912739010708314 62.999999999999986  0.99999999999999922 31.749999999447819 -13.935010978688895 63.000000000000021  1.0000000000000013 32.544682102233047 -13.912739007030659 63.000000000000014  0.99999999999999623 33.338809142228257 -13.849383094977384 62.999999999999808  1.0000000000000151 34.132169441300341 -13.75470779081807 63.000000000000874  0.99999999999994271 34.924999891617119 -13.643148356332489 62.999999999996618  1.0000000000002145 35.71783099174705 -13.531587673672052 63.000000000012676  0.99999999999919731 36.511189347794449 -13.436916101708732 62.999999999952749  1.0000000000029883 37.305323481546196 -13.37354656386538 63.000000000175696  0.99999999998889577 37.835293916167466 -13.358726753756461 62.999999999622247  1.000000000023874 38.100000000000001 -13.358703703703705 63  1
 0 4 0.020753200846302881 1 0.041553432551388186 1 0.062419994978511244 1 0.083333333333333329 1 0.10424667168815541 1 0.12511323411527847 1 0.14591346582036377 1 0.16666666666666666 1 0.18741986751296957 1 0.20822009921805484 1 0.22908666164517794 1 0.25 1 0.27091333835482206 1 0.2917799007819451 1 0.31258013248703043 1 0.33333333333333331 1 0.3540865341796362 1 0.37488676588472153 1 0.39575332831184451 1 0.41666666666666663 1 0.43758000502148875 1 0.45844656744861184 1 0.47924679915369717 1 0.5 1 0.52075320084630283 1 0.5415534325513881 1 0.56241999497851125 1 0.58333333333333326 1 0.60424667168815538 1 0.62511323411527842 1 0.6459134658203638 1 0.66666666666666663 1 0.68741986751296935 1 0.70822009921805484 1 0.72908666164517777 1 0.75 1 0.77091333835482201 1 0.79177990078194493 1 0.81258013248703043 1 0.83333333333333326 1 0.85408653417963631 1 0.87488676588472136 1 0.89575332831184451 1 0.91666666666666674 1 0.93758000502148875 1 0.9584465674486119 1 0.97924679915369706 1 1 4
7 1 0  3 51 49  0 -13.360964334705077 63.666666666666664  1 0.26470608200658952 -13.360989585059068 63.666666671916182  0.99999999994223288 0.79467651928299765 -13.377222763002573 63.666666664224962  1.0000000000268701 1.5888106519905136 -13.446635878327776 63.666666667323767  0.9999999999927689 2.3821690083085949 -13.550336312852249 63.666666666489967  1.0000000000019447 3.1750001083685757 -13.672536579223307 63.666666666714029  0.99999999999947864 3.9678305587033011 -13.794735478270804 63.666666666654045  1.0000000000001388 4.7611908577708464 -13.898440001258923 63.66666666666999  0.9999999999999637 5.5553178977671527 -13.967838190108262 63.666666666665805  1.0000000000000089 6.3500000005521153 -13.992234247952826 63.666666666666885  0.99999999999999845 7.1446821000218828 -13.967838194136954 63.666666666666629  0.99999999999999967 7.9388091499969189 -13.898439985080062 63.666666666666657  1.0000000000000004 8.7321694123176439 -13.794735539210667 63.666666666666664  0.99999999999999989 9.5250000000028798 -13.672536351172038 63.666666666666664  1 10.317830587670857 -13.550337163097097 63.666666666666686  1 11.111190850043188 -13.446632717336309 63.666666666666629  1.0000000000000004 11.905317899829774 -13.377234507882829 63.666666666666707  0.99999999999999978 12.700000000000019 -13.352838455541056 63.666666666666636  0.99999999999999989 13.494682100170175 -13.377234507882941 63.666666666666679  0.99999999999999989 14.288809149957 -13.446632717335879 63.666666666666622  1.0000000000000002 15.08216941232839 -13.550337163098721 63.666666666666721  0.99999999999999989 15.874999999999995 -13.672536351165968 63.666666666666579  1.0000000000000004 16.66783058767162 -13.79473553923326 63.666666666666721  0.99999999999999989 17.461190850043 -13.898439984996077 63.66666666666665  1.0000000000000002 18.255317899829816 -13.967838194449016 63.666666666666679  1 19.050000000000004 -13.992234246790947 63.66666666666665  1 19.844682100170175 -13.967838194449014 63.666666666666686  0.99999999999999967 20.638809149956995 -13.898439984996088 63.666666666666636  1.0000000000000007 21.432169412328406 -13.794735539233248 63.6666666666667  1 22.224999999999977 -13.672536351165984 63.666666666666636  0.99999999999999978 23.017830587671629 -13.550337163098703 63.666666666666693  1.0000000000000002 23.811190850042994 -13.446632717335893 63.666666666666643  0.99999999999999989 24.605317899829831 -13.377234507882939 63.666666666666693  1 25.399999999999977 -13.35283845554104 63.666666666666622  1 26.19468210017024 -13.377234507882848 63.666666666666721  0.99999999999999967 26.988809149956793 -13.446632717336307 63.666666666666629  1.0000000000000002 27.782169412329143 -13.550337163097083 63.666666666666686  1.0000000000000002 28.574999999997139 -13.672536351172056 63.6666666666667  0.99999999999999922 29.367830587682334 -13.794735539210647 63.6666666666666  1.0000000000000009 30.161190850003074 -13.898439985080067 63.6666666666667  1.0000000000000002 30.955317899978148 -13.967838194136966 63.666666666666664  0.99999999999999922 31.749999999447819 -13.992234247952762 63.666666666666586  1.0000000000000013 32.544682102233047 -13.967838190108534 63.666666666666927  0.99999999999999623 33.338809142228257 -13.898440001257827 63.66666666666562  1.0000000000000151 34.132169441300341 -13.794735478274989 63.666666666670658  0.99999999999994271 34.924999891617119 -13.672536579207689 63.666666666651658  1.0000000000002145 35.71783099174705 -13.550336312910126 63.666666666722598  0.99999999999919731 36.511189347794449 -13.446635878113659 63.666666666458724  1.0000000000029883 37.305323481546196 -13.377222763795517 63.666666667439216  0.99999999998889577 37.835293916167466 -13.360989583355641 63.666666665005778  1.000000000023874 38.100000000000001 -13.360964334705077 63.666666666666664  1
 0 4 0.020753200846302881 1 0.041553432551388186 1 0.062419994978511244 1 0.083333333333333329 1 0.10424667168815541 1 0.12511323411527847 1 0.14591346582036377 1 0.16666666666666666 1 0.18741986751296957 1 0.20822009921805484 1 0.22908666164517794 1 0.25 1 0.27091333835482206 1 0.2917799007819451 1 0.31258013248703043 1 0.33333333333333331 1 0.3540865341796362 1 0.37488676588472153 1 0.39575332831184451 1 0.41666666666666663 1 0.43758000502148875 1 0.45844656744861184 1 0.47924679915369717 1 0.5 1 0.52075320084630283 1 0.5415534325513881 1 0.56241999497851125 1 0.58333333333333326 1 0.60424667168815538 1 0.62511323411527842 1 0.6459134658203638 1 0.66666666666666663 1 0.68741986751296935 1 0.70822009921805484 1 0.72908666164517777 1 0.75 1 0.77091333835482201 1 0.79177990078194493 1 0.81258013248703043 1 0.83333333333333326 1 0.85408653417963631 1 0.87488676588472136 1 0.89575332831184451 1 0.91666666666666674 1 0.93758000502148875 1 0.9584465674486119 1 0.97924679915369706 1 1 4
7 1 0  3 51 49  0 -13.362961591220852 64.333333333333329  1 0.26470608200658952 -13.362988782956268 64.333333336366678  0.99999999994223288 0.79467651928299765 -13.38047066829243 64.333333331922404  1.0000000000268701 1.5888106519905136 -13.455223253464396 64.333333333713043  0.9999999999927689 2.3821690083085949 -13.566900644642217 64.333333333231195  1.0000000000019447 3.1750001083685757 -13.698500931462647 64.333333333360699  0.99999999999947864 3.9678305587033011 -13.830099745832385 64.333333333326067  1.0000000000001388 4.7611908577708464 -13.941781539816693 64.333333333335219  0.9999999999999637 5.5553178977671527 -14.016518050885978 64.333333333332845  1.0000000000000089 6.3500000005521153 -14.042790728564544 64.333333333333442  0.99999999999999845 7.1446821000218828 -14.016518055224415 64.333333333333314  0.99999999999999967 7.9388091499969189 -13.941781522393915 64.333333333333329  1.0000000000000004 8.7321694123176439 -13.830099811457645 64.333333333333329  0.99999999999999989 9.5250000000028798 -13.698500685877576 64.333333333333329  1 10.317830587670857 -13.566901560258412 64.333333333333371  1 11.111190850043188 -13.455219849439098 64.333333333333258  1.0000000000000004 11.905317899829774 -13.380483316181518 64.333333333333357  0.99999999999999978 12.700000000000019 -13.35421064442882 64.333333333333329  0.99999999999999989 13.494682100170175 -13.380483316181634 64.333333333333357  0.99999999999999989 14.288809149957 -13.455219849438631 64.3333333333333  1.0000000000000002 15.08216941232839 -13.566901560260163 64.333333333333385  0.99999999999999989 15.874999999999995 -13.698500685871045 64.333333333333286  1.0000000000000004 16.66783058767162 -13.83009981148197 64.333333333333357  0.99999999999999989 17.461190850043 -13.941781522303469 64.333333333333329  1.0000000000000002 18.255317899829816 -14.016518055560475 64.3333333333333  1 19.050000000000004 -14.042790727313328 64.333333333333286  1 19.844682100170175 -14.01651805556048 64.3333333333334  0.99999999999999967 20.638809149956995 -13.941781522303478 64.3333333333333  1.0000000000000007 21.432169412328406 -13.830099811481958 64.333333333333343  1 22.224999999999977 -13.698500685871068 64.3333333333333  0.99999999999999978 23.017830587671629 -13.566901560260145 64.333333333333357  1.0000000000000002 23.811190850042994 -13.455219849438645 64.333333333333329  0.99999999999999989 24.605317899829831 -13.380483316181632 64.333333333333371  1 25.399999999999977 -13.354210644428811 64.3333333333333  1 26.19468210017024 -13.380483316181534 64.333333333333371  0.99999999999999967 26.988809149956793 -13.455219849439089 64.333333333333329  1.0000000000000002 27.782169412329143 -13.566901560258401 64.3333333333333  1.0000000000000002 28.574999999997139 -13.698500685877601 64.3333333333334  0.99999999999999922 29.367830587682334 -13.83009981145762 64.333333333333258  1.0000000000000009 30.161190850003074 -13.941781522393921 64.333333333333357  1.0000000000000002 30.955317899978148 -14.01651805522442 64.3333333333333  0.99999999999999922 31.749999999447819 -14.042790728564517 64.333333333333428  1.0000000000000013 32.544682102233047 -14.016518050886077 64.333333333332959  0.99999999999999623 33.338809142228257 -13.941781539816255 64.333333333334508  1.0000000000000151 34.132169441300341 -13.830099745834108 64.333333333329136  0.99999999999994271 34.924999891617119 -13.698500931456234 64.333333333348904  1.0000000000002145 35.71783099174705 -13.566900644665802 64.333333333275334  0.99999999999919731 36.511189347794449 -13.455223253377826 64.333333333548865  1.0000000000029883 37.305323481546196 -13.38047066861129 64.333333332532604  0.99999999998889577 37.835293916167466 -13.362988782272183 64.333333335054803  1.000000000023874 38.100000000000001 -13.362961591220852 64.333333333333329  1
 0 4 0.020753200846302881 1 0.041553432551388186 1 0.062419994978511244 1 0.083333333333333329 1 0.10424667168815541 1 0.12511323411527847 1 0.14591346582036377 1 0.16666666666666666 1 0.18741986751296957 1 0.20822009921805484 1 0.22908666164517794 1 0.25 1 0.27091333835482206 1 0.2917799007819451 1 0.31258013248703043 1 0.33333333333333331 1 0.3540865341796362 1 0.37488676588472153 1 0.39575332831184451 1 0.41666666666666663 1 0.43758000502148875 1 0.45844656744861184 1 0.47924679915369717 1 0.5 1 0.52075320084630283 1 0.5415534325513881 1 0.56241999497851125 1 0.58333333333333326 1 0.60424667168815538 1 0.62511323411527842 1 0.6459134658203638 1 0.66666666666666663 1 0.68741986751296935 1 0.70822009921805484 1 0.72908666164517777 1 0.75 1 0.77091333835482201 1 0.79177990078194493 1 0.81258013248703043 1 0.83333333333333326 1 0.85408653417963631 1 0.87488676588472136 1 0.89575332831184451 1 0.91666666666666674 1 0.93758000502148875 1 0.9584465674486119 1 0.97924679915369706 1 1 4
7 1 0  3 51 49  0 -13.364629629629631 65  1 0.26470608200658952 -13.364658442869088 65.000000003468131  0.99999999994223288 0.79467651928299765 -13.383183204517755 64.999999998386855  1.0000000000268701 1.5888106519905136 -13.462395127221205 65.000000000434127  0.9999999999927689 2.3821690083085949 -13.580734592066815 64.999999999883258  1.0000000000019447 3.1750001083685757 -13.720185445421949 65.000000000031307  0.99999999999947864 3.9678305587033011 -13.859634738520869 64.999999999991658  1.0000000000001388 4.7611908577708464 -13.97797886872217 65.000000000002174  0.9999999999999637 5.5553178977671527 -14.057173758788226 64.999999999999417  1.0000000000000089 6.3500000005521153 -14.085013723361147 65.000000000000171  0.99999999999999845 7.1446821000218828 -14.057173763385375 64.999999999999957  0.99999999999999967 7.9388091499969189 -13.977978850260429 64.999999999999972  1.0000000000000004 8.7321694123176439 -13.859634808059505 65.000000000000071  0.99999999999999989 9.5250000000028798 -13.720185185192104 64.999999999999972  1 10.317830587670857 -13.580735562283245 65.000000000000028  1 11.111190850043188 -13.462391520206273 64.999999999999972  1.0000000000000004 11.905317899829774 -13.383196606628761 65.000000000000014  0.99999999999999978 12.700000000000019 -13.355356648335095 64.999999999999986  0.99999999999999989 13.494682100170175 -13.38319660662888 65.000000000000028  0.99999999999999989 14.288809149957 -13.462391520205781 64.999999999999957  1.0000000000000002 15.08216941232839 -13.58073556228509 65.000000000000043  0.99999999999999989 15.874999999999995 -13.720185185185185 64.999999999999915  1.0000000000000004 16.66783058767162 -13.859634808085277 65.000000000000099  0.99999999999999989 17.461190850043 -13.97797885016459 64.999999999999901  1.0000000000000002 18.255317899829816 -14.057173763741483 65.000000000000057  1 19.050000000000004 -14.085013722035306 64.999999999999957  1 19.844682100170175 -14.057173763741488 65.000000000000028  0.99999999999999967 20.638809149956995 -13.977978850164591 64.999999999999986  1.0000000000000007 21.432169412328406 -13.859634808085286 65.000000000000028  1 22.224999999999977 -13.720185185185183 64.999999999999972  0.99999999999999978 23.017830587671629 -13.580735562285097 65.000000000000014  1.0000000000000002 23.811190850042994 -13.462391520205784 64.999999999999986  0.99999999999999989 24.605317899829831 -13.383196606628889 65.000000000000028  1 25.399999999999977 -13.355356648335086 64.999999999999986  1 26.19468210017024 -13.383196606628774 65.000000000000014  0.99999999999999967 26.988809149956793 -13.462391520206261 65.000000000000014  1.0000000000000002 27.782169412329143 -13.580735562283243 64.999999999999957  1.0000000000000002 28.574999999997139 -13.720185185192102 65.000000000000071  0.99999999999999922 29.367830587682334 -13.859634808059502 64.999999999999943  1.0000000000000009 30.161190850003074 -13.977978850260429 65  1.0000000000000002 30.955317899978148 -14.057173763385375 65.000000000000028  0.99999999999999922 31.749999999447819 -14.08501372336114 64.999999999999972  1.0000000000000013 32.544682102233047 -14.05717375878827 65.000000000000185  0.99999999999999623 33.338809142228257 -13.97797886872195 64.999999999999034  1.0000000000000151 34.132169441300341 -13.859634738521738 65.000000000003922  0.99999999999994271 34.924999891617119 -13.720185445418791 64.999999999985263  1.0000000000002145 35.71783099174705 -13.580734592078235 65.000000000054996  0.99999999999919731 36.511189347794449 -13.462395127179903 64.999999999795477  1.0000000000029883 37.305323481546196 -13.383183204668274 65.000000000759968  0.99999999998889577 37.835293916167466 -13.364658442546984 64.999999998366121  1.000000000023874 38.100000000000001 -13.364629629629631 65  1
 0 4 0.020753200846302881 1 0.041553432551388186 1 0.062419994978511244 1 0.083333333333333329 1 0.10424667168815541 1 0.12511323411527847 1 0.14591346582036377 1 0.16666666666666666 1 0.18741986751296957 1 0.20822009921805484 1 0.22908666164517794 1 0.25 1 0.27091333835482206 1 0.2917799007819451 1 0.31258013248703043 1 0.33333333333333331 1 0.3540865341796362 1 0.37488676588472153 1 0.39575332831184451 1 0.41666666666666663 1 0.43758000502148875 1 0.45844656744861184 1 0.47924679915369717 1 0.5 1 0.52075320084630283 1 0.5415534325513881 1 0.56241999497851125 1 0.58333333333333326 1 0.60424667168815538 1 0.62511323411527842 1 0.6459134658203638 1 0.66666666666666663 1 0.68741986751296935 1 0.70822009921805484 1 0.72908666164517777 1 0.75 1 0.77091333835482201 1 0.79177990078194493 1 0.81258013248703043 1 0.83333333333333326 1 0.85408653417963631 1 0.87488676588472136 1 0.89575332831184451 1 0.91666666666666674 1 0.93758000502148875 1 0.9584465674486119 1 0.97924679915369706 1 1 4
7 0 0  8 30 5  36.627788228085706 -13.460000000025506 65.666666666802683  36.665211028583414 -13.45523593493618 65.641258319659627  36.703249161976963 -13.450523903676562 65.616127486274991  36.741935019241623 -13.445867930623297 65.59129562999091  36.781301764638826 -13.44127275981149 65.566788052327936  36.82138422793566 -13.436743941443551 65.542634354365603  36.86221979662453 -13.432287918398048 65.518868898122918  36.903849308142775 -13.427912112738568 65.495531267939015  36.969820249502085 -13.421252514102092 65.460013408544484  36.993578961322612 -13.418907257729233 65.447505374555902  37.017601523808764 -13.416590687228659 65.435150331886177  37.041895453583884 -13.414304408999707 65.422956847998435  37.066468337639805 -13.412050191716366 65.410934355820615  37.091327833336784 -13.409829966327287 65.399093153745525  37.116481668403566 -13.407645826055781 65.387444405630816  37.171258217467226 -13.403028461703258 65.36281846241738  37.200979524854489 -13.400607825544219 65.3499084029025  37.231111887037031 -13.398241398573367 65.337287459057947  37.261673272605961 -13.395933831707973 65.324980435775856  37.292658246110626 -13.393687459408863 65.312999783513931  37.324099693858919 -13.391510224936081 65.301387866325754  37.355985338309111 -13.389404238302379 65.290155937612681  37.468787093696704 -13.382325803855291 65.252404287228217  37.55214244424603 -13.377745232680869 65.22797457429796  37.638345965195306 -13.373715045398891 65.206480242127412  37.727227173718354 -13.370328146249605 65.18841677999788  37.818464576779462 -13.367681171157821 65.174299579508386  37.91155473829906 -13.365864565789153 65.164611017542143  38.005757297653581 -13.364944947169084 65.159706384901767  38.100000000000001 -13.364934476756435 65.159650542700987 
 0 9 0.26476506667483019 7 0.41128708562594873 7 0.58005337669087564 7 1 9
7 1 0  3 51 49  0 -13.365902606310014 65.666666666666671  1 0.26470608200658952 -13.365932658573458 65.666666668365579  0.99999999994223288 0.79467651928299765 -13.385253297227074 65.666666665876463  1.0000000000268701 1.5888106519905136 -13.467868399494112 65.666666666879294  0.9999999999927689 2.3821690083085949 -13.591292078206719 65.666666666609501  1.0000000000019447 3.1750001083685757 -13.73673415345762 65.666666666681991  0.99999999999947864 3.9678305587033011 -13.882174601358315 65.666666666662636  1.0000000000001388 4.7611908577708464 -14.005603146045782 65.666666666667652  0.9999999999999637 5.5553178977671527 -14.088200483239666 65.666666666666472  1.0000000000000089 6.3500000005521153 -14.11723653517968 65.666666666666671  0.99999999999999845 7.1446821000218828 -14.088200488034508 65.666666666666771  0.99999999999999967 7.9388091499969189 -14.00560312679014 65.666666666666544  1.0000000000000004 8.7321694123176439 -13.882174673887246 65.666666666666785  0.99999999999999989 9.5250000000028798 -13.736733882037395 65.666666666666657  1 10.317830587670857 -13.591293090144298 65.666666666666714  1 11.111190850043188 -13.467864637370701 65.666666666666657  1.0000000000000004 11.905317899829774 -13.385267275654286 65.666666666666671  0.99999999999999978 12.700000000000019 -13.35623123026356 65.666666666666671  0.99999999999999989 13.494682100170175 -13.38526727565443 65.666666666666742  0.99999999999999989 14.288809149957 -13.46786463737017 65.666666666666586  1.0000000000000002 15.08216941232839 -13.591293090146232 65.666666666666757  0.99999999999999989 15.874999999999995 -13.736733882030174 65.6666666666666  1.0000000000000004 16.66783058767162 -13.882174673914134 65.666666666666757  0.99999999999999989 17.461190850043 -14.005603126690183 65.666666666666629  1.0000000000000002 18.255317899829816 -14.088200488405928 65.666666666666657  1 19.050000000000004 -14.11723653379682 65.666666666666686  1 19.844682100170175 -14.088200488405944 65.6666666666667  0.99999999999999967 20.638809149956995 -14.005603126690177 65.666666666666643  1.0000000000000007 21.432169412328406 -13.882174673914125 65.666666666666686  1 22.224999999999977 -13.736733882030189 65.666666666666671  0.99999999999999978 23.017830587671629 -13.591293090146216 65.6666666666667  1.0000000000000002 23.811190850042994 -13.467864637370193 65.666666666666657  0.99999999999999989 24.605317899829831 -13.385267275654414 65.6666666666667  1 25.399999999999977 -13.35623123026356 65.666666666666629  1 26.19468210017024 -13.385267275654295 65.666666666666757  0.99999999999999967 26.988809149956793 -13.467864637370688 65.6666666666666  1.0000000000000002 27.782169412329143 -13.591293090144299 65.666666666666714  1.0000000000000002 28.574999999997139 -13.736733882037402 65.666666666666686  0.99999999999999922 29.367830587682334 -13.882174673887233 65.666666666666629  1.0000000000000009 30.161190850003074 -14.005603126790147 65.666666666666671  1.0000000000000002 30.955317899978148 -14.088200488034509 65.666666666666771  0.99999999999999922 31.749999999447819 -14.117236535179645 65.666666666666487  1.0000000000000013 32.544682102233047 -14.088200483239824 65.66666666666724  0.99999999999999623 33.338809142228257 -14.005603146045145 65.666666666664383  1.0000000000000151 34.132169441300341 -13.882174601360719 65.666666666675397  0.99999999999994271 34.924999891617119 -13.736734153448735 65.666666666633986  1.0000000000002145 35.71783099174705 -13.591292078239455 65.666666666788572  0.99999999999919731 36.511189347794449 -13.467868399373643 65.666666666213501  1.0000000000029883 37.305323481546196 -13.385253297671577 65.666666668350445  0.99999999998889577 37.835293916167466 -13.3659326576194 65.666666663046797  1.000000000023874 38.100000000000001 -13.365902606310014 65.666666666666671  1
 0 4 0.020753200846302881 1 0.041553432551388186 1 0.062419994978511244 1 0.083333333333333329 1 0.10424667168815541 1 0.12511323411527847 1 0.14591346582036377 1 0.16666666666666666 1 0.18741986751296957 1 0.20822009921805484 1 0.22908666164517794 1 0.25 1 0.27091333835482206 1 0.2917799007819451 1 0.31258013248703043 1 0.33333333333333331 1 0.3540865341796362 1 0.37488676588472153 1 0.39575332831184451 1 0.41666666666666663 1 0.43758000502148875 1 0.45844656744861184 1 0.47924679915369717 1 0.5 1 0.52075320084630283 1 0.5415534325513881 1 0.56241999497851125 1 0.58333333333333326 1 0.60424667168815538 1 0.62511323411527842 1 0.6459134658203638 1 0.66666666666666663 1 0.68741986751296935 1 0.70822009921805484 1 0.72908666164517777 1 0.75 1 0.77091333835482201 1 0.79177990078194493 1 0.81258013248703043 1 0.83333333333333326 1 0.85408653417963631 1 0.87488676588472136 1 0.89575332831184451 1 0.91666666666666674 1 0.93758000502148875 1 0.9584465674486119 1 0.97924679915369706 1 1 4
7 0 0  7 68 12  23.927797028332435 -13.460000000000004 65.666666666666686  23.970726025038704 -13.454535467706439 65.637522494434336  24.014481719357686 -13.449140852030089 65.608751210827137  24.059116415009743 -13.443822654478499 65.580387490551999  24.104683959025152 -13.43858883466611 65.552473784885905  24.151242147747514 -13.433449043781041 65.525061566832221  24.198855132837188 -13.428414858051889 65.498212576276742  24.27468465148209 -13.420768467323075 65.457431825723063  24.302121008374744 -13.418073887980578 65.44306073589641  24.329917072242544 -13.415418640811668 65.428899417662223  24.358085151136958 -13.412805427305271 65.41496227896144  24.386637686871062 -13.410237283814563 65.401265513677671  24.415587255019535 -13.407717581556991 65.387827101637285  24.478839914703677 -13.402401400298599 65.359474134925861  24.513278350561606 -13.399622223767766 65.344651860094743  24.548285511366061 -13.396918923349904 65.330234257866152  24.583867688154864 -13.394296035927461 65.316245524946453  24.620060286754985 -13.391764507523451 65.302744040125063  24.656861271929394 -13.389329670766386 65.289758244087395  24.731971258939804 -13.384652868633429 65.264815299378284  24.770288156769332 -13.382412549345794 65.252866929844231  24.809228885230741 -13.380287274428438 65.241532130284995  24.848789087198458 -13.378286118632069 65.230859299371033  24.888955463322191 -13.37641875397714 65.220900021211406  24.929704372242213 -13.374695139224077 65.211707409195071  24.992229756424649 -13.372318145575308 65.199030109734977  25.01360333333168 -13.37155169497235 65.194942373185853  25.035116082457815 -13.37082723744326 65.191078599697377  25.056761909528682 -13.370146112461665 65.18744593312887  25.078533705063471 -13.369509619066186 65.184051301686324  25.100423344374914 -13.368919015860437 65.180901417922328  25.162675244353292 -13.367381009721488 65.172698718514596  25.203295515417278 -13.366544111407748 65.168235260841314  25.244221507969652 -13.36587232863161 65.164652419368579  25.285385237789111 -13.36537190631873 65.16198350036656  25.326710361309409 -13.365047790624454 65.160254883330424  25.368111744889159 -13.364903161069149 65.159483525702129  25.470575712333908 -13.364990746375076 65.15995064733373  25.531635150109235 -13.365434548835495 65.162317593789297  25.592364895849446 -13.366265843247312 65.166751163985666  25.652512357287815 -13.367469391639691 65.173170088745024  25.711874345911006 -13.369022902109696 65.181455477918377  25.770291241843456 -13.370900231576268 65.191467901740083  25.869019186979649 -13.374641770859995 65.211422777919978  25.909847662418734 -13.37636423789386 65.220609268767248  25.950092334234284 -13.378231127777976 65.230566014815878  25.989729249060474 -13.38023242972306 65.24123962518965  26.028744893803587 -13.382358417307616 65.252578225640619  26.067134780857462 -13.384599962983041 65.264533135909545  26.14234889519647 -13.38927781586102 65.289481684592104  26.179182229009786 -13.391712264989321 65.30246541327638  26.215406591812521 -13.394243606602085 65.315965901877775  26.251019319514405 -13.39686655320406 65.329954950421637  26.286056253974753 -13.399570100008118 65.344373866709958  26.320523519516616 -13.402349692846215 65.359198361846481  26.383819873734048 -13.407666228985883 65.387553221258045  26.412784753846037 -13.41018579971286 65.400990931801914  26.441352190381338 -13.412753889503277 65.414687410684138  26.469534769392364 -13.415367119920372 65.428624639575318  26.497344944963313 -13.418022448215009 65.442786390480038  26.524795039210144 -13.420717167325677 65.457158225736933  26.600720405280448 -13.428369986142348 65.497973259425848  26.648411978345301 -13.433410865606289 65.524857949900209  26.695045239670524 -13.438557733505348 65.552307912028525  26.740684648090202 -13.443798952450303 65.580261079734939  26.785388267735676 -13.449124823079844 65.6086657230925  26.829210192694056 -13.454527348712739 65.637479193134595  26.872202971666745 -13.459999999999992 65.666666666666615 
 0 8 0.13282299050635293 6 0.2066425920129058 6 0.29186235989749598 6 0.37772563797603581 6 0.42186591558581688 6 0.50263577882190358 6 0.62184550591600041 6 0.70784988185345254 6 0.79312465766358631 6 0.86697056488105639 6 1 8
7 0 0  7 68 12  11.22779702833324 -13.459999999999997 65.666666666666643  11.270726025039677 -13.454535467706441 65.637522494434336  11.314481719358904 -13.449140852030098 65.60875121082718  11.359116415011053 -13.443822654478513 65.58038749055207  11.404683959026455 -13.438588834666122 65.552473784885976  11.451242147748856 -13.433449043781048 65.52506156683225  11.498855132838644 -13.428414858051886 65.498212576276714  11.574684651483414 -13.420768467323072 65.457431825723035  11.602121008375997 -13.418073887980572 65.443060735896381  11.629917072243709 -13.415418640811664 65.428899417662194  11.658085151138033 -13.412805427305265 65.414962278961411  11.686637686872045 -13.41023728381456 65.401265513677643  11.715587255020418 -13.407717581556986 65.387827101637257  11.778839914704351 -13.402401400298588 65.359474134925804  11.813278350561806 -13.399622223767777 65.344651860094814  11.84828551136704 -13.396918923349864 65.330234257865939  11.883867688153998 -13.394296035927493 65.316245524946623  11.920060286755657 -13.391764507523412 65.302744040124864  11.956861271929004 -13.389329670766394 65.289758244087423  12.031971258939336 -13.384652868633422 65.264815299378242  12.070288156768713 -13.382412549345787 65.252866929844203  12.109228885229996 -13.380287274428431 65.241532130284966  12.148789087197597 -13.378286118632062 65.230859299370991  12.188955463321209 -13.376418753977134 65.220900021211378  12.2297043722411 -13.374695139224073 65.211707409195057  12.29222975642341 -13.372318145575305 65.199030109734963  12.313603333330411 -13.371551694972345 65.194942373185839  12.335116082456512 -13.370827237443255 65.191078599697349  12.356761909527355 -13.37014611246166 65.187445933128842  12.378533705062134 -13.369509619066182 65.184051301686296  12.400423344373559 -13.368919015860433 65.180901417922314  12.462675244351763 -13.367381009721489 65.172698718514596  12.503295515415957 -13.366544111407736 65.168235260841243  12.544221507967963 -13.365872328631621 65.164652419368636  12.585385237787388 -13.365371906318737 65.161983500366588  12.626710361307929 -13.365047790624438 65.160254883330339  12.668111744887298 -13.364903161069158 65.159483525702171  12.770575712311635 -13.364990746375065 65.159950647333673  12.831635150066374 -13.365434548835191 65.162317593787677  12.89236489578653 -13.366265843246484 65.166751163981246  12.952512357205379 -13.367469391638078 65.173170088736413  13.011874345809646 -13.369022902107073 65.181455477904379  13.070291241724091 -13.370900231572483 65.191467901719903  13.169019186851282 -13.374641770854691 65.211422777891684  13.209847662298378 -13.376364237888428 65.220609268738272  13.250092334121783 -13.378231127772493 65.230566014786618  13.289729248955677 -13.380232429717596 65.241239625160503  13.328744893706345 -13.382358417302221 65.252578225611842  13.367134780767591 -13.384599962977756 65.264533135881351  13.442348895117167 -13.389277815855829 65.289481684564407  13.47918222893404 -13.391712264984125 65.302465413248669  13.515406591739728 -13.394243606596792 65.315965901849552  13.551019319445324 -13.396866553198858 65.329954950393912  13.586056253908451 -13.399570100002881 65.344373866682034  13.62052351945349 -13.402349692841044 65.359198361818898  13.683819873675512 -13.407666228980741 65.387553221230618  13.712784753789141 -13.410185799707699 65.400990931774388  13.741352190326042 -13.412753889498106 65.414687410656569  13.769534769338607 -13.415367119915201 65.428624639547735  13.797344944911023 -13.418022448209847 65.442786390452511  13.824795039159278 -13.420717167320532 65.457158225709506  13.900720405239269 -13.428369986137843 65.497973259401832  13.948411978312038 -13.433410865602449 65.524857949879731  13.995045239644748 -13.438557733502211 65.552307912011798  14.040684648071521 -13.443798952447906 65.580261079722163  14.085388267723788 -13.449124823078222 65.608665723083845  14.129210192688708 -13.454527348711919 65.637479193130233  14.172202971667613 -13.459999999999994 65.666666666666629 
 0 8 0.13282299050702392 6 0.20664259201381574 6 0.29186235989866743 6 0.37772563797703673 6 0.42186591558680947 6 0.50263577882262933 6 0.62184550587645937 6 0.70784988182726005 6 0.79312465764222428 6 0.86697056486172974 6 1 8
7 0 0  8 30 5  0 -13.364934476756435 65.159650542700987  0.094134646775475173 -13.364944935330687 65.159706321763665  0.18823012725557259 -13.365862457490671 65.16459977328357  0.28121858738274841 -13.367674959388006 65.174266450069368  0.37236044733891061 -13.37031616816267 65.188352896867571  0.46115230265684404 -13.373695947300549 65.206378385602918  0.54727290799836681 -13.377717928601308 65.227828952540307  0.63055229363375143 -13.382289520070108 65.252210773707233  0.74331125157236122 -13.389358050111234 65.289909600593248  0.77522170717446948 -13.391463715066786 65.301139813689517  0.80668754483110328 -13.39364077334457 65.312750791171041  0.83769630814638307 -13.395887094135063 65.324731168720319  0.86828073181365828 -13.398194789011958 65.337038874730439  0.89843568142027941 -13.400561426116196 65.34966093928638  0.92817893896690806 -13.402982398793407 65.362572793564823  0.98315668003639345 -13.407614157092151 65.38727550449147  1.0084860504756823 -13.409812821081683 65.399001712435634  1.033516969827412 -13.41204808442173 65.410923116915882  1.0582573258693673 -13.414317809529603 65.423028317491216  1.0827149339540516 -13.416620025538434 65.435306802871651  1.1068975370086884 -13.418952928297177 65.447748950918267  1.1308128055352225 -13.421314880370605 65.460346028643229  1.1968251273504897 -13.427983023238408 65.495909457271495  1.2383472808853107 -13.432349810828745 65.51919899108664  1.2790796267383839 -13.436796358824816 65.542913913732349  1.3190626958298921 -13.44131530658079 65.567014968430883  1.3583336029963111 -13.445900262358592 65.59146806591248  1.3969269285101276 -13.45054571789597 65.616243828778508  1.4348755995995548 -13.455246962974577 65.641317135864398  1.472211771968247 -13.459999999988032 65.666666666602822 
 0 9 0.41947407026946743 7 0.58832535739788971 7 0.73584906880182355 7 1 9
1 0 -13.985585165209242 68.469787547782616 1 0 0 
7 0 0  6 22 5  34.827559779156793 -13.822500000000673 67.60000000000359  34.86976526827047 -13.828082579723533 67.629773758525516  34.911975668723898 -13.833664241032688 67.659542618841002  34.954205225390645 -13.839242362199625 67.689292598397998  34.996468085850374 -13.844814314407625 67.71900967684067  35.038778300388906 -13.850377461751759 67.74867979600937  35.171630382613813 -13.867784314485366 67.841516343921953  35.262389588560275 -13.879587062591211 67.904464333819789  35.35356506444581 -13.891311918783936 67.966996900180987  35.445290341161133 -13.902932164442163 68.028971543691526  35.537694855879238 -13.914419849095621 68.090239195176636  35.67263458908976 -13.930816526716784 68.177688142489515  35.71452666798691 -13.935854710948577 68.204558458392412  35.756589598099715 -13.940858149017867 68.231243461428619  35.798835383798227 -13.945823742442389 68.2577266263594  35.841282301395687 -13.950747138646289 68.283984739446865  35.928853345252342 -13.960760074187935 68.337387062335637  35.974000803579877 -13.965844582881731 68.364504442035894  36.01940104756553 -13.97087405121588 68.391328273151359  36.065069564660412 -13.97584387626622 68.417834006753168  36.111021052148537 -13.980749251186671 68.443996006328902  36.157269417146743 -13.985585165209242 68.469787547782616 
 0 7 0.19615761068472468 5 0.61503448623013579 5 0.80256981885828116 5 1 7
7 0 0  8 142 21  34.827559779156815 -13.822500000000671 67.600000000003575  34.801338318579212 -13.818987065912181 67.581264351531615  34.775122854136072 -13.815473036226926 67.562522859876935  34.748910457764801 -13.811958444636367 67.543778371393955  34.722698196969816 -13.808443826191233 67.525033739686577  34.696483134822543 -13.804929717301528 67.506291825608145  34.670262329961432 -13.801416655736533 67.487555497261511  34.644032836591954 -13.797905180624808 67.46882762999897  34.583623026085142 -13.789826296789357 67.425740249543239  34.549434628913474 -13.785260372852807 67.401388655214973  34.51521999442469 -13.78069925118966 67.377062673011523  34.480972603648112 -13.776144136521108 67.352768728112565  34.446685937189365 -13.771596247744409 67.328513321303518  34.41235347523039 -13.767056817932897 67.30430302897544  34.377968697529404 -13.762527094335962 67.280144503125129  34.302108417331809 -13.752574767847962 67.227065428522465  34.260606414243917 -13.74715716402952 67.198171541490765  34.219010063738914 -13.741757237322792 67.169371932388216  34.177302412104311 -13.736378296366206 67.14068424728643  34.135477243413035 -13.731021664774309 67.11211554546297  34.093526302252286 -13.72568915121893 67.083675473167617  34.051427951945556 -13.720385221943243 67.055387850363957  33.971594222286967 -13.710424003427324 67.00226135161239  33.933892054678466 -13.705760260992053 66.977388058624271  33.896053421820369 -13.701123522812805 66.952658788334958  33.858068160723271 -13.69651610630879 66.928085900313533  33.819926182874212 -13.691940420996923 66.903682245316929  33.781617474236725 -13.68739896849185 66.879461165289868  33.743132095250814 -13.682894342505927 66.855436493364934  33.654701900005435 -13.672684067726452 66.800981694541079  33.60463549135342 -13.667004328549336 66.770689752263124  33.554238493483233 -13.6613960314019 66.740778834143455  33.50349281799916 -13.655864548193851 66.711277590367189  33.452376456020076 -13.650416914066859 66.682223541689908  33.400869819224916 -13.645060147958645 66.653654122446113  33.348959655283785 -13.639800181398115 66.625600967456606  33.234099748216458 -13.628488514373357 66.565272076657905  33.170970557371589 -13.622482379009535 66.533239354717509  33.107196071064593 -13.616642237331927 66.50209193243694  33.04274146932093 -13.610984570337511 66.471917708466719  32.97757723849071 -13.605527598216655 66.442813857155485  32.911679463615876 -13.600291187368121 66.414886332629976  32.845030120797482 -13.595296757414062 66.388249372874995  32.754332157098482 -13.588933535506181 66.354312189366297  32.730956299737429 -13.587331508040771 66.345768042884103  32.707489489428454 -13.585762062578882 66.337397667087359  32.683931616852995 -13.584226174461051 66.329206263792273  32.660282771425244 -13.582724837608275 66.321199133910795  32.636543241292173 -13.581259064521999 66.31338167745065  32.61271351333351 -13.579829886284125 66.305759393515331  32.559024106910456 -13.576706433394731 66.289100978105239  32.529115676905136 -13.575032767723009 66.280174761189372  32.499069184479588 -13.573419832842523 66.271572441826791  32.468888429611077 -13.571868836224496 66.26330045986397  32.438578029016938 -13.570380854708796 66.255364558446914  32.408142172043227 -13.568957345532633 66.247772509507371  32.377584914345256 -13.567600029189823 66.240533489012378  32.324471172624385 -13.565366441518618 66.22862102143263  32.301968278175856 -13.564458854682757 66.223780558308036  32.279405311649128 -13.563587955605515 66.219135763229403  32.256784397560942 -13.562754316093832 66.214689685833775  32.234107799310138 -13.56195850776912 66.210445374768639  32.21137791917765 -13.561201102067251 66.206405877692006  32.188597298326513 -13.560482670238565 66.202574241272345  32.152113274058181 -13.559397696243517 66.196787713298747  32.137929771249858 -13.558990569859059 66.194616372581649  32.123200191481672 -13.558583862417329 66.192447266225741  32.107857085064772 -13.558177873390738 66.190281991417265  32.091783110046777 -13.557772070080471 66.188117707095842  32.074810366507975 -13.557365726516052 66.185950541418933  32.056719424623431 -13.556958874675315 66.183780664935014  31.998660421546035 -13.555750967313106 66.17733849233656  31.959982460037942 -13.555065731467559 66.173683901160317  31.921221094600604 -13.554501006896405 66.170672036780829  31.882388567708041 -13.554057124691452 66.168304665021068  31.843509696271262 -13.553740802751513 66.166617614674735  31.804594327638153 -13.553547939973587 66.165589013192459  31.7656707917684 -13.553486547023647 66.165261584126114  31.629481409319958 -13.553722934094921 66.166522315172912  31.53227404271998 -13.554696750605686 66.17171600323033  31.435446289895072 -13.556446648130962 66.181048790031781  31.339261691496006 -13.558934818393059 66.194319031429643  31.243938540478982 -13.562118898153233 66.211300790150574  31.1496538254558 -13.565955377026857 66.231762010809902  31.056546233235714 -13.570402055755773 66.255477630697456  30.900857150000764 -13.57890893442983 66.300847650292411  30.837616924635164 -13.582674899994782 66.320932799972155  30.775014057485912 -13.586698049820605 66.342389599043216  30.713055107512357 -13.59095911930714 66.365115302971404  30.651738144841758 -13.595439656955488 66.389011503762603  30.591053770259386 -13.600122443262247 66.413986364065309  30.5309856789567 -13.604991652618631 66.43995548063269  30.436245685658733 -13.613021833866528 66.48278311395481  30.40118988296036 -13.616071290108668 66.499046880579556  30.366338933329583 -13.619178075335675 66.515616401790268  30.33168809456944 -13.622339272617372 66.532476120625972  30.297232309398936 -13.625552099698647 66.549611198392768  30.262966205453015 -13.628813908999463 66.5670075146638  30.228884095282528 -13.632122187614861 66.584651667279246  30.148887100312546 -13.640032126304112 66.626838006955253  30.103123299107182 -13.644671098879671 66.651579194024904  30.05767366952977 -13.649385482187794 66.676722571668236  30.012528794122865 -13.654171107439522 66.702245906344118  29.967675359893615 -13.659023139858457 66.728123412578427  29.923098588820281 -13.663936742357755 66.754329292574695  29.87878609239953 -13.668908095998024 66.780843178656127  29.793795838632985 -13.678600195775418 66.832534377468889  29.753084242101618 -13.68331358720758 66.857672465107086  29.712576527696871 -13.688069930382934 66.883039628708971  29.672261142653106 -13.692866119396042 66.908619303445548  29.632126426630716 -13.697699166627293 66.93439555534556  29.59216061171615 -13.702566202742904 66.96035308129548  29.552351822421915 -13.70746447669492 66.986477209039563  29.488833991110937 -13.715354418937887 67.028556901002062  29.465032318044337 -13.718327805009288 67.044414960049536  29.441280695128111 -13.72131098146501 67.060325234480047  29.417576437166694 -13.724303365311833 67.076284614996439  29.393916755766366 -13.727304364518785 67.092289944100187  29.370298979974123 -13.730313419502183 67.108338237344967  29.34672077691658 -13.733330044610685 67.124426904590322  29.28502514817141 -13.741255005490007 67.166693362613358  29.246969180668213 -13.746175039888421 67.192933546071572  29.209003896597658 -13.751112210726482 67.219265123874564  29.171120706989839 -13.756064786059003 67.24567885898135  29.133311007236372 -13.761031064074706 67.272165675065096  29.095566177090497 -13.766009373096235 67.29871665651325  29.057877580666997 -13.770998071580154 67.325323048427478  28.99580044195222 -13.779239853864379 67.369279220610011  28.971384380971561 -13.782487855782124 67.386601897504661  28.946986021048684 -13.785739111269766 67.403941926772077  28.922603001177968 -13.788993180332588 67.421296961773791  28.898232961799735 -13.79224962558156 67.438664669768315  28.873873544800247 -13.795508012233345 67.456042731911168  28.849522393511734 -13.798767908110294 67.473428843254894  28.80607993949301 -13.804586900852753 67.504463471214677  28.786986364922036 -13.807145581765376 67.518109769415332  28.767895292526276 -13.809704718806996 67.53175850030398  28.748805587231445 -13.812264104678384 67.545408558284706  28.729716115362152 -13.814823532352392 67.559058839212753  28.710625744641863 -13.817382795073964 67.572708240394462  28.691533344192965 -13.819941686360126 67.586355660587344  28.672437784536694 -13.822499999999996 67.599999999999966 
 0 9 0.045689789655645428 7 0.10518263938120899 7 0.17671971687869165 7 0.24033101623590239 7 0.32217824166729753 7 0.41995752146499132 7 0.45373171496719295 7 0.49576747146885092 7 0.52652157021406865 7 0.54491762864102167 7 0.58134607008058736 7 0.67240137403777922 7 0.73572505357145346 7 0.77327222751770697 7 0.82431786117900552 7 0.87173009184014449 7 0.90024417467897699 7 0.94646093474021087 7 0.97646433729569504 7 1 9
7 0 0  5 14 4  34.479226321864907 -13.835000000001045 67.666666666672242  34.538519560501911 -13.824007557149674 67.608040304798251  34.597442570538355 -13.812993742495827 67.549299959977745  34.656085580154546 -13.801963958221242 67.490474443846622  34.714529244696202 -13.790922905064402 67.431588827010145  34.813613333308531 -13.772153689362131 67.3314863432647  34.854315636768199 -13.764429041407624 67.290288220840651  34.894985374709321 -13.75670255765711 67.249080307504585  34.935648829047651 -13.748975721851693 67.207870516542357  35.009260270708921 -13.734996951287551 67.133317073533604  35.042201482682742 -13.728744636895343 67.09997139677516  35.075169547944746 -13.722493836125832 67.066633792671098  35.108178576473833 -13.716245349839662 67.033308532478202  35.141242936608187 -13.709999999999809 66.999999999998977 
 0 6 0.4415860378228475 4 0.75020768553089123 4 1 6
7 0 0  6 12 3  35.141242936608187 -13.709999999999809 66.999999999998977  35.228098556018814 -13.693143410973498 66.910098191858651  35.315519191658311 -13.676318339000449 66.820364474669063  35.40373797595781 -13.659537332416589 66.730865772888464  35.493004353462112 -13.64281519514099 66.641681040751948  35.583598475971392 -13.626169798053539 66.552905589618874  35.698868956237426 -13.605503893980021 66.442687434560114  35.721960536251189 -13.601389049390527 66.420741596749465  35.745162437164105 -13.597280841268615 66.39883115343261  35.768480196678155 -13.5931796584045 66.376958178157324  35.791919395660017 -13.58908590486646 66.355124825954448  35.815485658141093 -13.585000000000836 66.333333333337791 
 0 7 0.8005842120303972 5 1 7
7 0 0  6 17 4  35.815485658141107 -13.585000000000834 66.333333333337777  35.88017766973126 -13.573391044771801 66.271418905449593  35.946026106750558 -13.561851498460907 66.209874658458162  36.013166584152479 -13.550390775250726 66.148750801337201  36.081748973501014 -13.539021052595858 66.08811228051124  36.151957437374683 -13.527758582636906 66.028045774063486  36.255214549240755 -13.511807799492628 65.942974930627344  36.286747508000595 -13.507014800715666 65.917412270483553  36.318648255463977 -13.502247768327321 65.891988097745696  36.350937927034956 -13.497508791802501 65.866713556280004  36.383639878107864 -13.49280028904727 65.841601541585433  36.450702647056303 -13.483339237874988 65.791142601999937  36.48508466261206 -13.478588330492807 65.76580442929496  36.519951445864166 -13.473875110566345 65.740667256353845  36.555341374182788 -13.469203670708298 65.715752910444252  36.591274917417799 -13.464577084502977 65.691077784015874  36.627788228085699 -13.460000000025502 65.666666666802669 
 0 7 0.53317073324742636 5 0.76385955744740275 5 1 7
7 0 0  6 12 3  36.738358890300084 -14.118333333372236 68.757852678688266  36.702929273314105 -14.106222129308646 68.742823459015412  36.666996368151572 -14.094488232997101 68.727166290746382  36.63055487965503 -14.083163453674215 68.710866966785971  36.593601569657615 -14.072286783953643 68.693913612165019  36.55613608119058 -14.061903905811137 68.676298155432505  36.460669462984669 -14.037173373810317 68.630341736012497  36.402017480866093 -14.023532723188209 68.601145318409635  36.342219529937637 -14.01132007835372 68.570411680070791  36.281362484251744 -14.000758569232895 68.538176205957612  36.219615435366883 -13.992104314791678 68.504556345555599  36.157269417146765 -13.985585165209242 68.469787547782616 
 0 7 0.39777588452946483 5 1 7
7 0 0  8 16 3  36.73835889030007 -14.118333333372236 68.757852678688266  36.783059843712635 -14.133442602491392 68.776602302878871  36.827002141337893 -14.149113737525981 68.7944243743393  36.870195234796398 -14.16529598297751 68.811343247255735  36.91264011015943 -14.181946629050781 68.827381903433832  36.954330155870316 -14.199030284107762 68.842562314435185  36.995249922383593 -14.216518925866321 68.856905494999538  37.035371773522371 -14.234392731343981 68.870431247752208  37.115160910124025 -14.271462948271736 68.896283063890849  37.154758052584398 -14.290675138385247 68.908552570215477  37.193397406792108 -14.3102723829564 68.91999079088005  37.231021656812189 -14.330249289260108 68.930612349742105  37.267474225838207 -14.350613808901604 68.940428813065907  37.302620729261996 -14.371368526539491 68.949441060635507  37.336182146022345 -14.392537843107075 68.957649796290156  37.367782264065667 -14.414166666671081 68.96504474806008 
 0 9 0.4922807502898513 7 1 9
7 0 0  6 12 3  37.367782264065681 -14.414166666671079 68.965044748060066  37.394641890646909 -14.43233115992941 68.971255236169739  37.420019379751601 -14.450830469468453 68.976861232767064  37.443658230502038 -14.469700553693331 68.981857722261523  37.465180732159837 -14.488960400361698 68.98622117642833  37.484032537349066 -14.508618663876735 68.989916363880567  37.511714165489124 -14.544192298650605 68.995217142098454  37.521844454521336 -14.559958114402361 68.997105651026331  37.529726740445177 -14.575923213297846 68.998545672424868  37.535071634545822 -14.59204284787881 68.999515313885766  37.537687052642035 -14.608250439306687 69  37.537577610702982 -14.624452086716554 69 
 0 7 0.56321230645115239 5 1 7
7 0 0  6 17 4  2.2845143418267568 -13.58500000000382 66.333333333353693  2.2198223302183595 -13.573391044778234 66.271418905483898  2.1539738931792645 -13.561851498471698 66.20987465851573  2.0868334157592923 -13.550390775266521 66.148750801421443  2.0182510263976217 -13.53902105261672 66.088112280622497  1.9480425625189495 -13.527758582661798 66.028045774196258  1.8447854506623422 -13.511807799519255 65.942974930769353  1.8132524919075568 -13.50701480074229 65.917412270625547  1.7813517444516733 -13.502247768353264 65.891988097884081  1.749062072890873 -13.497508791826913 65.86671355641019  1.716360121831136 -13.492800289069082 65.841601541701763  1.6492973529076167 -13.483339237887717 65.791142602067822  1.614915337363807 -13.47858833049898 65.765804429327886  1.5800485541258784 -13.473875110564594 65.740667256344494  1.5446586258281572 -13.469203670695871 65.715752910377972  1.5087250826142515 -13.464577084478648 65.691077783886115  1.472211771968247 -13.459999999988034 65.666666666602836 
 0 7 0.5331707332170027 5 0.76385955740341427 5 1 7
7 0 0  6 12 3  2.9587570633962117 -13.709999999995469 66.999999999975827  2.8719014439912782 -13.693143410967998 66.91009819182932  2.7844808083585106 -13.676318338994095 66.82036447463517  2.6962620240651489 -13.659537332410007 66.730865772853377  2.6069956465646116 -13.642815195135093 66.641681040720485  2.51640152405276 -13.626169798049354 66.552905589596548  2.401131043766906 -13.605503893979288 66.442687434556191  2.3780394637475823 -13.601389049390418 66.420741596748897  2.3548375628281955 -13.597280841269205 66.398831153435765  2.3315198033067497 -13.593179658405854 66.376958178164543  2.3080806043166482 -13.589085904868618 66.355124825965959  2.2845143418266924 -13.585000000003815 66.333333333353664 
 0 7 0.80058421202330143 5 1 7
7 0 0  5 14 4  3.6207736781342335 -13.835000000003028 67.666666666682815  3.561480439496671 -13.824007557151836 67.608040304809791  3.502557429459781 -13.812993742498101 67.549299959989867  3.443914419843435 -13.801963958223485 67.490474443858574  3.3854707553019763 -13.790922905066498 67.431588827021329  3.286386666690162 -13.772153689363549 67.33148634327226  3.2456843632305707 -13.764429041408617 67.290288220845952  3.2050146252898437 -13.756702557657571 67.249080307507029  3.1643511709522381 -13.748975721851508 67.207870516541377  3.0907397292924443 -13.734996951285998 67.133317073525319  3.0577985173193225 -13.728744636893103 67.099971396763209  3.0248304520580951 -13.722493836122883 67.066633792655381  2.9918214235297911 -13.716245349836006 67.033308532458705  2.9587570633962104 -13.709999999995469 66.999999999975827 
 0 6 0.44158603781879485 4 0.75020768552809414 4 1 6
7 0 0  8 135 20  9.427562215463281 -13.822499999999996 67.599999999999966  9.4096254853778056 -13.820096939704392 67.587183678423415  9.3916915426312553 -13.81769336971815 67.574364638496803  9.3737594511899349 -13.81528946097187 67.561543791849971  9.3558282739146961 -13.812885384593834 67.548722051167118  9.3378970725609545 -13.810481311909998 67.535900330186649  9.3199649077786777 -13.808077414443995 67.5230795437013  9.3020308391123887 -13.805673863917137 67.510260607558067  9.2661297566389269 -13.800864149292304 67.484608796225615  9.2481627349664031 -13.798457987078869 67.471775931087294  9.2301919141282198 -13.796052518307206 67.458946764305097  9.2122163476923884 -13.793647916335098 67.446122220453859  9.194235088650343 -13.791244355179003 67.433303227621352  9.1762471894169284 -13.788842009514068 67.420490717408356  9.1582517018303964 -13.786441054674119 67.407685624928632  9.0883454565099164 -13.777124681767683 67.357998302760976  9.0363724811391304 -13.770220733778173 67.321177246816916  8.9843057308835803 -13.763334031214924 67.284448166479592  8.9321224502693539 -13.756468850903788 67.247833871486876  8.8798000363175245 -13.749629560058935 67.211357653647653  8.8273159263565564 -13.742820638377127 67.175043404678007  8.7746474858347163 -13.736046700131997 67.138915734037312  8.6735567031896323 -13.723171876019594 67.070250005437828  8.6251689143765322 -13.717064473720738 67.037677193177274  8.5765862593177005 -13.710994830379683 67.005305762024975  8.5277866133068372 -13.70496770021596 66.973161067818438  8.4787479973067938 -13.698988070660699 66.941269710190397  8.4294485779496089 -13.693061162356635 66.90965953256871  8.3798666675364792 -13.687192429158095 66.878359622176504  8.2753888230732038 -13.675035088437197 66.813520471665043  8.220433619383865 -13.668759279734431 66.780049491916969  8.165087445792965 -13.662567252284735 66.74702534551858  8.1093182834957709 -13.656468062210468 66.714496331789164  8.0531096712103825 -13.650467819290386 66.682495036215386  7.996421468374999 -13.644579196511943 66.651089048063696  7.9392465994478103 -13.638807729905722 66.62030789283051  7.8053028973776515 -13.625712416838036 66.550466223136183  7.7281530606612687 -13.618486480214479 66.511927894477211  7.6500250666733454 -13.611515545223615 66.474749574525944  7.5708578585286199 -13.604830201516986 66.439094408090583  7.490604021596762 -13.598465150320463 66.405147468375802  7.4092306602617999 -13.592458928371126 66.373114284646007  7.3267212997292264 -13.586853312089179 66.343217664475617  7.2222586225465637 -13.580407754257196 66.308841356038386  7.2013687381017144 -13.579150740933146 66.302137284976766  7.1804097787109287 -13.577921884791904 66.295583385556824  7.159381855435603 -13.576722065512302 66.289184349398937  7.1382853237608321 -13.575552092060985 66.282944490991909  7.1171211369159773 -13.574412521334787 66.276866780452195  7.0958907999888092 -13.57330372305732 66.27095318963903  7.0465823591046384 -13.570808689448313 66.257646343724332  7.0184569092594726 -13.569445304774668 66.250374958798218  6.9902227376164054 -13.568137161668512 66.243398195565391  6.9618833257705139 -13.566885394928638 66.236722106286066  6.933442474593269 -13.565691149392933 66.230352796762304  6.9049043042325371 -13.564555579938377 66.224296426338014  6.8762732541125828 -13.56347985148105 66.218559207898934  6.8279208965844704 -13.561771454622333 66.209447757985771  6.8082465463011559 -13.561106282428172 66.205900172950237  6.7885325666036929 -13.560469996684562 66.202506648984325  6.7687805756204966 -13.55986296919454 66.199269169037535  6.7489922750888267 -13.559285569273261 66.196189702790718  6.7291694503547754 -13.558738163747996 66.193270206655981  6.7093139703732794 -13.558221116958133 66.190512623776698  6.644464865699832 -13.556635200778441 66.182054404151685  6.5993441555995078 -13.555692524618845 66.177026797967173  6.5540908076110718 -13.554911794355242 66.172862903227951  6.5087247052862374 -13.55429412085773 66.169568644574554  6.4632813103666207 -13.553849345728619 66.167196510552628  6.4177803287083552 -13.553572624351524 66.16572066320812  6.3722618268573852 -13.553475105535433 66.165200562855645  6.2294807594401851 -13.55372293390656 66.166522314168319  6.1322734811736179 -13.554696748766156 66.171715993419497  6.0354458161344615 -13.556446644185881 66.18104876899136  5.9392613057422219 -13.558934812702661 66.194319001080856  5.8439382439992071 -13.562118891674809 66.21130075559897  5.749653620840264 -13.565955371089137 66.231761979142064  5.6565461246781545 -13.570402051835478 66.25547760978921  5.5008572154347855 -13.578908936282144 66.300847660171428  5.4376170650540887 -13.582674904940799 66.320932826350926  5.375014273863215 -13.58669805772289 66.342389641188745  5.3130553987403628 -13.590959129276078 66.365115356139071  5.2517385078066869 -13.59543966750487 66.389011560025978  5.19105419988293 -13.60012245246098 66.41398641312523  5.1309861681772313 -13.604991658216479 66.439955510487877  5.036246181406062 -13.61302183601714 66.482783125424746  5.0011903325344891 -13.616071294273077 66.499046902789743  4.9663393340859541 -13.619178080812251 66.515616430998662  4.9316884434870021 -13.622339278640716 66.532476152750476  4.8972326030941584 -13.625552105445914 66.549611229044871  4.8629664401939436 -13.628813913596673 66.567007539182256  4.8288842670028647 -13.632122190143205 66.584651680763756  4.7488870587763135 -13.640032127052178 66.626838010944951  4.7031231038307384 -13.644671099243819 66.651579195967031  4.6576733120620242 -13.649385480364584 66.676722561944445  4.6125282734717397 -13.654171103538067 66.702245885536357  4.5676746777527271 -13.65902313457106 66.728123384378975  4.5230977481376771 -13.663936736549028 66.754329261594805  4.4787851012553075 -13.668908091706074 66.780843155765723  4.3934875515900824 -13.678635211207403 66.83272112643948  4.3524720528016152 -13.683384315668157 66.858049683563493  4.3116634309777853 -13.688176996670203 66.883610648907748  4.2710498720810977 -13.693010079381276 66.909387090033462  4.2306194517676401 -13.697880510629441 66.935362723357017  4.1903601353870767 -13.7027853589031 66.961521914149856  4.1502597779826464 -13.707721814350986 66.987849676538588  4.0867543602318843 -13.715614163320518 67.029942204376098  4.0632535274214359 -13.71855116414385 67.045606208767197  4.0398013509822528 -13.721497679099759 67.06132095519871  4.016395244508983 -13.724453147208735 67.077083451779913  3.9930325231915451 -13.727416998780033 67.092890660160165  3.9697106169381735 -13.73038869552756 67.108739709480318  3.9464272834984677 -13.733367770685764 67.124628110324068  3.8850259972878693 -13.741255004693484 67.166693358365237  3.8469704463912993 -13.746175041743893 67.192933555967414  3.8090055876394131 -13.751112216680399 67.21926515562879  3.7711228243438635 -13.756064796104486 67.245678912557253  3.7333135443852599 -13.761031076815451 67.272165743015734  3.6955691202131757 -13.76600938581041 67.29871672432219  3.6578809088461468 -13.770998080284297 67.32532309484958  3.5958042392963918 -13.779239863343681 67.369279271166292  3.5713882786872393 -13.78248787306711 67.386601989691243  3.5469900056572259 -13.785739133857554 67.403942047240278  3.5226070572655575 -13.788993205376968 67.421297095343832  3.4982370720176372 -13.792249649891859 67.43866479942325  3.4738776898650632 -13.795508032273281 67.456042838790836  3.4495265522056267 -13.798767919996838 67.473428906649787  3.406083931066191 -13.804586910749405 67.504463523996819  3.3869901847028991 -13.807145599460934 67.518109863791636  3.3678989253571077 -13.809704741532226 67.531758621505205  3.3488090169815052 -13.812264129486691 67.545408690595679  3.3297193249177863 -13.814823556116183 67.559058965952971  3.3106287158966619 -13.817382814481011 67.572708343898725  3.2915360580378521 -13.819941697909929 67.586355722186283  3.2724402208500893 -13.82250000000014 67.600000000000733 
 0 9 0.026231360791126344 7 0.052502578833480765 7 0.12823756474743508 7 0.19729735167239015 7 0.27287184789376373 7 0.37274316459889417 7 0.39760301634503786 7 0.43030633513910105 7 0.45266319036111663 7 0.50321233569603052 7 0.6112613465075688 7 0.68640316197564566 7 0.73095788058307187 7 0.79153038923450969 7 0.84821343362540769 7 0.88162679046043435 7 0.93646871711964808 7 0.97207165599517464 7 1 9
7 0 0  4 14 5  1.9427305828821217 -13.985585165209242 68.469787547782616  2.05623304458038 -13.973716892833499 68.406490095111991  2.1677473230679851 -13.96138391434447 68.340714209837159  2.2775828880866231 -13.94869545645305 68.273042434416269  2.4883309643570861 -13.923540193993828 68.138881034633741  2.5893866053930528 -13.911103440915833 68.072551684884431  2.6895192163818455 -13.898487720545063 68.005267842906989  2.8747195436081214 -13.874760230178028 67.878721227616154  2.9599581971037705 -13.863681350442238 67.819633869025267  3.0448638865331845 -13.852540671063698 67.760216912339729  3.165345196842023 -13.836657837222955 67.675508465189083  3.201055952638113 -13.831940855916457 67.650351231554438  3.2367500390131347 -13.827220790816874 67.625177551023327  3.272440220850072 -13.822500000000147 67.600000000000776 
 0 5 0.32302134667341392 3 0.62721471658638162 3 0.88941555280289841 3 1 5
7 0 0  6 12 3  0.73221773656047695 -14.414166666709567 68.965044748073225  0.7053581102171067 -14.432331160008955 68.97125523619566  0.67998062133512638 -14.450830469583597 68.976861232800658  0.65634177077094558 -14.469700553833587 68.981857722296908  0.63481926924171617 -14.48896040051361 68.986221176460646  0.61596746409994851 -14.508618664026162 68.989916363907199  0.58828583589457939 -14.54419229877111 68.995217142113034  0.57815554678318493 -14.559958114499771 68.997105651035042  0.57027326072125273 -14.57592321336873 68.998545672428932  0.56492836642992017 -14.59204284792286 68.999515313886945  0.56231294810641808 -14.608250439326346 69  0.56242238980521375 -14.624452086716554 69 
 0 7 0.5632123065533351 5 1 7
7 0 0  8 16 3  1.3616411099324155 -14.118333333304376 68.757852678604038  1.3169401564959498 -14.133442602422448 68.77660230279966  1.2729978588386228 -14.149113737454277 68.79442437426259  1.229804765337265 -14.165295982901553 68.811343247179806  1.1873598899200184 -14.181946628969429 68.827381903357917  1.1456698441448316 -14.199030284020528 68.842562314359455  1.1047500775602868 -14.216518925773858 68.856905494925059  1.0646282263487568 -14.234392731248661 68.870431247680983  0.98483908965766198 -14.271462948159902 68.896283063817762  0.94524194718180943 -14.290675138258807 68.908552570138852  0.90660259296478318 -14.310272382821097 68.919990790805628  0.86897834298515142 -14.330249289129787 68.930612349676736  0.83252577401525263 -14.35061380878296 68.940428813013483  0.79737927074600612 -14.371368526454283 68.949441060603107  0.76381785423911297 -14.392537843075461 68.957649796280862  0.73221773656049494 -14.414166666709567 68.96504474807324 
 0 9 0.49228075056049031 7 1 9
7 0 0  6 12 3  1.9427305828821098 -13.985585165209242 68.469787547782616  1.8806537559487826 -13.992076167071609 68.504406224381896  1.8191705076593816 -14.000683901914272 68.537885999973668  1.758568350204579 -14.011183455245883 68.569994275644078  1.6990149321139594 -14.023322093976168 68.600614611000466  1.6405964813963709 -14.036879264156832 68.629711372806199  1.5450881781872601 -14.061564896757702 68.675722354875219  1.507364397930739 -14.072002618314515 68.693470340935079  1.4701595177987821 -14.082941515498009 68.710547382679422  1.4334732290678354 -14.094334909470566 68.726961653676071  1.3973022358708123 -14.106142990584976 68.742725252980833  1.3616411099324492 -14.118333333304372 68.757852678604038 
 0 7 0.59962489185856171 5 1 7
7 1 0  3 51 49  0 -15.005833333333333 69.049999999999997  1 0.26668430083001088 -15.005833333795438 69.051244030818083  0.99999999999054523 0.81776882424525532 -15.005833333106645 68.975971905124723  1.0000000000046383 1.6158394956915938 -15.005833333400405 68.677125707516538  0.9999999999986271 2.3988225237556606 -15.00583333331392 68.243616373297854  1.000000000000397 3.1749922363155796 -15.005833333338629 67.740756261857342  0.99999999999989175 3.9512078628531975 -15.005833333331985 67.237811600259576  1.000000000000028 4.7340619603686438 -15.00583333333366 66.804539690429166  0.99999999999999301 5.5325626981254086 -15.005833333333259 66.504901529777086  1.0000000000000013 6.3499999691286853 -15.005833333333346 66.395799969954908  0.99999999999999978 7.1674374289064957 -15.005833333333333 66.50490173136113  1.0000000000000002 7.9659375529348884 -15.00583333333333 66.804538803752493  1 8.7487941237707805 -15.005833333333337 67.237815255837162  0.99999999999999989 9.5249999997942663 -15.005833333333326 67.740741965484446  0.99999999999999989 10.301205877034446 -15.00583333333334 68.24366867289126  1.0000000000000004 11.084062444453757 -15.005833333333324 68.676945131267445  1 11.882562579878659 -15.005833333333339 68.976582182672345  1.0000000000000004 12.699999999999186 -15.005833333333335 69.085684017106956  1 13.517437420124706 -15.00583333333333 68.976582182677703  1 14.315937555533337 -15.005833333333328 68.67694513124394  1 15.098794123018205 -15.005833333333344 68.243668672988136  0.99999999999999989 15.874999999999993 -15.005833333333321 67.740741965105585  1.0000000000000002 16.651205876981823 -15.005833333333348 67.237815257223062  0.99999999999999933 17.434062444466587 -15.005833333333323 66.804538798967371  1.0000000000000004 18.23256257987552 -15.00583333333333 66.50490174753304  1 19.050000000000015 -15.005833333333337 66.395799913105776  1 19.867437420124453 -15.00583333333333 66.504901747533054  1.0000000000000011 20.665937555533439 -15.005833333333339 66.804538798967357  0.99999999999999933 21.448794123018153 -15.005833333333328 67.237815257223048  1 22.225000000000016 -15.005833333333339 67.740741965105599  1 23.001205876981796 -15.00583333333333 68.243668672988122  1 23.784062444466667 -15.005833333333335 68.676945131243968  0.99999999999999989 24.582562579875301 -15.005833333333337 68.976582182677674  1 25.400000000000819 -15.005833333333326 69.085684017106971  0.99999999999999989 26.217437420121346 -15.005833333333344 68.97658218267236  1.0000000000000004 27.01593755554623 -15.005833333333319 68.676945131267431  0.99999999999999978 27.798794122965557 -15.005833333333346 68.24366867289126  1 28.575000000205733 -15.005833333333321 67.740741965484418  1 29.351205876229226 -15.005833333333346 67.237815255837162  1 30.134062447065112 -15.00583333333333 66.804538803752521  0.99999999999999956 30.932562571093495 -15.005833333333339 66.50490173136113  1.0000000000000007 31.750000030871369 -15.005833333333337 66.395799969954865  0.99999999999999833 32.567437301874406 -15.005833333333293 66.504901529777371  1.0000000000000044 33.36593803963207 -15.005833333333513 66.804539690427774  0.99999999999998535 34.148792137143886 -15.005833333332538 67.237811600265317  1.0000000000000604 34.925007763695923 -15.005833333336469 67.740756261835045  0.99999999999976419 35.701177476201927 -15.005833333321862 68.243616373379268  1.000000000000862 36.484160504456106 -15.005833333372923 68.677125707236087  0.99999999999702482 37.28223117525129 -15.005833333199543 68.975971906070853  1.0000000000100544 37.833315700202327 -15.005833333606045 69.051244028890224  0.99999999997950517 38.100000000000001 -15.005833333333333 69.049999999999997  1
 0 4 0.019043869865423484 1 0.039181669338101022 1 0.060772106400712955 1 0.08333333333333337 1 0.10589456026595376 1 0.12748499732856572 1 0.14762279680124321 1 0.16666666666666674 1 0.18571053653209021 1 0.20584833600476773 1 0.22743877306737972 1 0.25000000000000011 1 0.27256122693262047 1 0.2941516639952324 1 0.31428946346790998 1 0.33333333333333348 1 0.35237720319875693 1 0.37251500267143456 1 0.39410543973404633 1 0.4166666666666668 1 0.43922789359928716 1 0.4608183306618992 1 0.48095613013457678 1 0.50000000000000022 1 0.51904386986542372 1 0.5391816693381013 1 0.56077210640071329 1 0.58333333333333359 1 0.60589456026595412 1 0.62748499732856589 1 0.64762279680124346 1 0.66666666666666696 1 0.68571053653209035 1 0.70584833600476793 1 0.72743877306737981 1 0.75000000000000033 1 0.77256122693262064 1 0.79415166399523252 1 0.81428946346790998 1 0.83333333333333337 1 0.85237720319875698 1 0.87251500267143434 1 0.89410543973404633 1 0.91666666666666674 1 0.93922789359928704 1 0.96081833066189903 1 0.98095613013457639 1 1 4
7 1 0  3 51 49  0 -14.709999999999999 69.049999999999997  1 0.26668430083001088 -14.710000000343793 69.05123523169587  0.99999999999054523 0.81776882424525532 -14.70999999983135 68.976495374264459  1.0000000000046383 1.6158394956915938 -14.710000000049895 68.679762378575731  0.9999999999986271 2.3988225237556606 -14.709999999985561 68.24931847913426  1.000000000000397 3.1749922363155796 -14.710000000003927 67.750014195629745  0.99999999999989175 3.9512078628531975 -14.709999999999004 67.250625959997592  1.000000000000028 4.7340619603686438 -14.710000000000239 66.820417805624018  0.99999999999999301 5.5325626981254086 -14.709999999999946 66.522898448504691  1.0000000000000013 6.3499999691286853 -14.710000000000013 66.414568368421769  0.99999999999999978 7.1674374289064957 -14.70999999999999 66.522898648662888  1.0000000000000002 7.9659375529348884 -14.710000000000001 66.820416925218936  1 8.7487941237707805 -14.710000000000003 67.250629589718898  0.99999999999999989 9.5249999997942663 -14.709999999999992 67.750000000376176  0.99999999999999989 10.301205877034446 -14.709999999999994 68.249370408808716  1.0000000000000004 11.084062444453757 -14.710000000000004 68.679583079555897  1 11.882562579878659 -14.709999999999999 68.977101335273687  1.0000000000000004 12.699999999999186 -14.709999999999994 69.085431688026887  1 13.517437420124706 -14.710000000000001 68.977101335279031  1 14.315937555533337 -14.709999999999994 68.679583079532492  1 15.098794123018205 -14.709999999999997 68.249370408904937  0.99999999999999989 15.874999999999993 -14.709999999999997 67.750000000000014  1.0000000000000002 16.651205876981823 -14.710000000000001 67.250629591095048  0.99999999999999933 17.434062444466587 -14.709999999999997 66.820416920467579  1.0000000000000004 18.23256257987552 -14.709999999999996 66.522898664720486  1 19.050000000000015 -14.710000000000001 66.414568311974648  1 19.867437420124453 -14.709999999999992 66.522898664720472  1.0000000000000011 20.665937555533439 -14.710000000000008 66.820416920467608  0.99999999999999933 21.448794123018153 -14.70999999999999 67.250629591095048  1 22.225000000000016 -14.710000000000004 67.75  1 23.001205876981796 -14.709999999999997 68.249370408904923  1 23.784062444466667 -14.710000000000006 68.67958307953252  0.99999999999999989 24.582562579875301 -14.710000000000001 68.977101335279087  1 25.400000000000819 -14.709999999999997 69.085431688026858  0.99999999999999989 26.217437420121346 -14.710000000000001 68.977101335273744  1.0000000000000004 27.01593755554623 -14.709999999999996 68.679583079555869  0.99999999999999978 27.798794122965557 -14.710000000000004 68.24937040880873  1 28.575000000205733 -14.709999999999985 67.750000000376161  1 29.351205876229226 -14.710000000000008 67.250629589718955  1 30.134062447065112 -14.709999999999997 66.820416925218893  0.99999999999999956 30.932562571093495 -14.710000000000003 66.522898648662888  1.0000000000000007 31.750000030871369 -14.70999999999999 66.41456836842184  0.99999999999999833 32.567437301874406 -14.710000000000038 66.522898448504506  1.0000000000000044 33.36593803963207 -14.709999999999832 66.820417805624501  0.99999999999998535 34.148792137143886 -14.710000000000631 67.250625959995716  1.0000000000000604 34.925007763695923 -14.709999999997573 67.750014195636808  0.99999999999976419 35.701177476201927 -14.710000000008854 68.249318479108325  1.000000000000862 36.484160504456106 -14.709999999969408 68.679762378665899  0.99999999999702482 37.28223117525129 -14.710000000103395 68.97649537395823  1.0000000000100544 37.833315700202327 -14.70999999978922 69.051235232320835  0.99999999997950517 38.100000000000001 -14.709999999999999 69.049999999999997  1
 0 4 0.019043869865423484 1 0.039181669338101022 1 0.060772106400712955 1 0.08333333333333337 1 0.10589456026595376 1 0.12748499732856572 1 0.14762279680124321 1 0.16666666666666674 1 0.18571053653209021 1 0.20584833600476773 1 0.22743877306737972 1 0.25000000000000011 1 0.27256122693262047 1 0.2941516639952324 1 0.31428946346790998 1 0.33333333333333348 1 0.35237720319875693 1 0.37251500267143456 1 0.39410543973404633 1 0.4166666666666668 1 0.43922789359928716 1 0.4608183306618992 1 0.48095613013457678 1 0.50000000000000022 1 0.51904386986542372 1 0.5391816693381013 1 0.56077210640071329 1 0.58333333333333359 1 0.60589456026595412 1 0.62748499732856589 1 0.64762279680124346 1 0.66666666666666696 1 0.68571053653209035 1 0.70584833600476793 1 0.72743877306737981 1 0.75000000000000033 1 0.77256122693262064 1 0.79415166399523252 1 0.81428946346790998 1 0.83333333333333337 1 0.85237720319875698 1 0.87251500267143434 1 0.89410543973404633 1 0.91666666666666674 1 0.93922789359928704 1 0.96081833066189903 1 0.98095613013457639 1 1 4
7 0 0  6 12 3  11.968128460169758 -14.414166666666661 68.965044748058574  11.995161569897665 -14.43232826923874 68.971254247835148  12.020728802625522 -14.450822959755463 68.976858895370142  12.044570356837472 -14.469688959535379 68.981854688653755  12.066301841296779 -14.488947262797902 68.98621845716454  12.085355990696916 -14.50860871687126 68.989914881693664  12.113341372411801 -14.544184196862252 68.995215934860127  12.123586757034753 -14.559945529449152 68.997104251544002  12.131565749256778 -14.575910019020547 68.998544754565529  12.13697927963309 -14.592032574639655 68.999515006659479  12.139628246136198 -14.608245376552276 69  12.139517436992008 -14.624452086716554 69 
 0 7 0.5634626991181706 5 1 7
7 1 0  3 51 49  0 -14.414166666666667 69.049999999999997  1 0.26668430083001088 -14.414166667257946 69.051244030818083  0.99999999999054523 0.81776882424525532 -14.414166666376602 68.975971905124723  1.0000000000046383 1.6158394956915938 -14.414166666752493 68.677125707516538  0.9999999999986271 2.3988225237556606 -14.414166666641821 68.243616373297854  1.000000000000397 3.1749922363155796 -14.414166666673449 67.740756261857342  0.99999999999989175 3.9512078628531975 -14.414166666664928 67.237811600259576  1.000000000000028 4.7340619603686438 -14.414166666667096 66.804539690429166  0.99999999999999301 5.5325626981254086 -14.414166666666569 66.504901529777086  1.0000000000000013 6.3499999691286853 -14.414166666666681 66.395799969954908  0.99999999999999978 7.1674374289064957 -14.414166666666667 66.50490173136113  1.0000000000000002 7.9659375529348884 -14.414166666666663 66.804538803752493  1 8.7487941237707805 -14.414166666666661 67.237815255837162  0.99999999999999989 9.5249999997942663 -14.414166666666668 67.740741965484446  0.99999999999999989 10.301205877034446 -14.414166666666661 68.24366867289126  1.0000000000000004 11.084062444453757 -14.414166666666674 68.676945131267445  1 11.882562579878659 -14.414166666666656 68.976582182672345  1.0000000000000004 12.699999999999186 -14.414166666666672 69.085684017106956  1 13.517437420124706 -14.414166666666663 68.976582182677703  1 14.315937555533337 -14.414166666666663 68.67694513124394  1 15.098794123018205 -14.414166666666668 68.243668672988136  0.99999999999999989 15.874999999999993 -14.414166666666659 67.740741965105585  1.0000000000000002 16.651205876981823 -14.414166666666675 67.237815257223062  0.99999999999999933 17.434062444466587 -14.414166666666663 66.804538798967371  1.0000000000000004 18.23256257987552 -14.414166666666659 66.50490174753304  1 19.050000000000015 -14.414166666666677 66.395799913105776  1 19.867437420124453 -14.414166666666651 66.504901747533054  1.0000000000000011 20.665937555533439 -14.414166666666675 66.804538798967357  0.99999999999999933 21.448794123018153 -14.414166666666663 67.237815257223048  1 22.225000000000016 -14.414166666666674 67.740741965105599  1 23.001205876981796 -14.414166666666663 68.243668672988122  1 23.784062444466667 -14.414166666666668 68.676945131243968  0.99999999999999989 24.582562579875301 -14.414166666666672 68.976582182677674  1 25.400000000000819 -14.414166666666661 69.085684017106971  0.99999999999999989 26.217437420121346 -14.41416666666667 68.97658218267236  1.0000000000000004 27.01593755554623 -14.414166666666656 68.676945131267431  0.99999999999999978 27.798794122965557 -14.414166666666677 68.24366867289126  1 28.575000000205733 -14.414166666666663 67.740741965484418  1 29.351205876229226 -14.41416666666667 67.237815255837162  1 30.134062447065112 -14.414166666666667 66.804538803752521  0.99999999999999956 30.932562571093495 -14.414166666666668 66.50490173136113  1.0000000000000007 31.750000030871369 -14.414166666666665 66.395799969954865  0.99999999999999833 32.567437301874406 -14.414166666666663 66.504901529777371  1.0000000000000044 33.36593803963207 -14.4141666666667 66.804539690427774  0.99999999999998535 34.148792137143886 -14.414166666666492 67.237811600265317  1.0000000000000604 34.925007763695923 -14.414166666667365 67.740756261835045  0.99999999999976419 35.701177476201927 -14.414166666664098 68.243616373379268  1.000000000000862 36.484160504456106 -14.414166666675509 68.677125707236087  0.99999999999702482 37.28223117525129 -14.414166666636797 68.975971906070853  1.0000000000100544 37.833315700202327 -14.414166666727539 69.051244028890224  0.99999999997950517 38.100000000000001 -14.414166666666667 69.049999999999997  1
 0 4 0.019043869865423484 1 0.039181669338101022 1 0.060772106400712955 1 0.08333333333333337 1 0.10589456026595376 1 0.12748499732856572 1 0.14762279680124321 1 0.16666666666666674 1 0.18571053653209021 1 0.20584833600476773 1 0.22743877306737972 1 0.25000000000000011 1 0.27256122693262047 1 0.2941516639952324 1 0.31428946346790998 1 0.33333333333333348 1 0.35237720319875693 1 0.37251500267143456 1 0.39410543973404633 1 0.4166666666666668 1 0.43922789359928716 1 0.4608183306618992 1 0.48095613013457678 1 0.50000000000000022 1 0.51904386986542372 1 0.5391816693381013 1 0.56077210640071329 1 0.58333333333333359 1 0.60589456026595412 1 0.62748499732856589 1 0.64762279680124346 1 0.66666666666666696 1 0.68571053653209035 1 0.70584833600476793 1 0.72743877306737981 1 0.75000000000000033 1 0.77256122693262064 1 0.79415166399523252 1 0.81428946346790998 1 0.83333333333333337 1 0.85237720319875698 1 0.87251500267143434 1 0.89410543973404633 1 0.91666666666666674 1 0.93922789359928704 1 0.96081833066189903 1 0.98095613013457639 1 1 4
7 0 0  6 12 3  13.431871539833834 -14.414166666666667 68.965044748058574  13.404838430107267 -14.43232826923883 68.971254247835176  13.379271197380511 -14.450822959755611 68.976858895370199  13.355429643169987 -14.469688959535533 68.981854688653769  13.333698158711403 -14.488947262798057 68.986218457164583  13.314644009312259 -14.508608716871345 68.989914881693679  13.286658627598543 -14.544184196862295 68.995215934860127  13.276413242976014 -14.559945529449186 68.997104251544002  13.268434250754245 -14.575910019020595 68.998544754565543  13.263020720378123 -14.59203257463971 68.999515006659479  13.260371753875239 -14.608245376552281 69  13.260482563019425 -14.624452086716554 69 
 0 7 0.56346269911656888 5 1 7
7 0 0  6 17 4  14.061852810628832 -14.118333333333329 68.757852678639978  14.001100110684538 -14.138891112843549 68.783363551273538  13.941823346264233 -14.160540688985584 68.80707097595004  13.88398984515789 -14.183129993330502 68.829046338401312  13.827609080544713 -14.206547337464924 68.849354548162466  13.772722869343248 -14.230713786183008 68.86805755531266  13.692168885518079 -14.26835331617977 68.893997760181222  13.665304308334482 -14.281294562287213 68.902378678735104  13.638888205172378 -14.294419304614841 68.910358127855204  13.612948116309248 -14.307724940186588 68.917941632413687  13.587523933791426 -14.321211654085383 68.925133407089959  13.539415974485719 -14.347676984619024 68.938302427581419  13.516662036235076 -14.360631770249482 68.944327597194487  13.494458154007324 -14.373752335936807 68.950014923263964  13.472857385778328 -14.387041632003276 68.955364157462881  13.451957098748537 -14.400509426116658 68.960375301526682  13.431871539833766 -14.414166666666667 68.965044748058574 
 0 7 0.50200438637452283 5 0.75926353813902092 5 1 7
7 0 0  6 12 3  14.642658029506116 -13.985585165209242 68.469787547782616  14.580585801622217 -13.992075112146482 68.504400598114557  14.519108572112128 -14.000681400241007 68.537876700701844  14.458514657926209 -14.011179714277448 68.569983827970233  14.398972922590769 -14.023318069783087 68.600605706407507  14.340571284977297 -14.036876619776699 68.629706665337153  14.245117297162688 -14.061564657369081 68.675721760942835  14.207426600014481 -14.072001700813855 68.693468794553553  14.170257121333536 -14.082940455692347 68.710545830775217  14.13360801328915 -14.094334100070164 68.726960580024894  14.097475313296409 -14.106142616547061 68.742724788826209  14.061852810628823 -14.118333333333327 68.757852678639992 
 0 7 0.59971518263252843 5 1 7
7 0 0  6 12 3  11.338147189351657 -14.118333333333331 68.757852678639992  11.302755358395588 -14.106221556915628 68.742822748709827  11.266859897073488 -14.094487040324276 68.727164706057025  11.230454742179324 -14.083161835807323 68.710864613939194  11.193536000775053 -14.072285141945093 68.693910942034051  11.156102785859808 -14.061902784380782 68.676296071495997  11.060690605975299 -14.037169903506996 68.63033528718988  11.002056292587939 -14.023528078437879 68.601134892571935  10.942270813246845 -14.01131592547619 68.5704000066616  10.881422820398221 -14.000755836766679 68.538166029168352  10.819682585167044 -13.992103173257762 68.504550257374717  10.757341970551179 -13.985585165209242 68.469787547782616 
 0 7 0.39769276696858552 5 1 7
7 0 0  6 17 4  11.338147189351648 -14.118333333333332 68.757852678639978  11.398899889295082 -14.138891112844021 68.783363551274121  11.458176653715512 -14.160540688986291 68.807070975950822  11.516010154822483 -14.183129993331294 68.829046338401938  11.572390919437119 -14.206547337465473 68.84935454816295  11.627277130640447 -14.230713786183356 68.868057555312888  11.7078311144693 -14.268353316179777 68.893997760181222  11.734695691654522 -14.281294562287203 68.902378678735104  11.761111794818262 -14.294419304614832 68.910358127855204  11.787051883683041 -14.307724940186581 68.917941632413672  11.812476066202549 -14.321211654085362 68.925133407089945  11.860584025511336 -14.347676984618969 68.938302427581391  11.883337963763406 -14.36063177024942 68.94432759719443  11.905541845992561 -14.373752335936663 68.95001492326395  11.92714261422271 -14.387041632003221 68.955364157462824  11.948042901253785 -14.400509426116598 68.960375301526668  11.968128460169716 -14.414166666666661 68.965044748058574 
 0 7 0.50200438637137823 5 0.75926353813815362 5 1 7
7 0 0  6 12 3  24.668128460166255 -14.414166666666668 68.965044748058574  24.695161569892797 -14.432328269238822 68.971254247835162  24.720728802619561 -14.45082295975563 68.976858895370214  24.744570356829929 -14.46968895953553 68.981854688653769  24.766301841288719 -14.488947262798055 68.986218457164583  24.785355990687709 -14.508608716871345 68.989914881693679  24.813341372401396 -14.544184196862297 68.995215934860127  24.823586757024074 -14.559945529449188 68.997104251544002  24.831565749245687 -14.575910019020588 68.998544754565543  24.836979279621687 -14.592032574639703 68.999515006659479  24.839628246124786 -14.608245376552299 69  24.839517436980586 -14.624452086716554 69 
 0 7 0.56346269911657609 5 1 7
7 0 0  6 12 3  26.131871539830247 -14.41416666666667 68.965044748058588  26.104838430102404 -14.432328269238711 68.971254247835148  26.079271197374741 -14.450822959755625 68.976858895370157  26.055429643162615 -14.469688959535256 68.98185468865374  26.033698158703363 -14.488947262797994 68.986218457164568  26.014644009303275 -14.508608716871253 68.989914881693664  25.986658627588394 -14.544184196862263 68.995215934860127  25.976413242965478 -14.559945529449147 68.997104251544002  25.968434250743403 -14.575910019020554 68.998544754565529  25.963020720367066 -14.592032574639669 68.999515006659479  25.960371753864049 -14.608245376552267 69  25.960482563008238 -14.624452086716554 69 
 0 7 0.5634626991182935 5 1 7
7 0 0  6 17 4  26.761852810648261 -14.118333333333327 68.757852678639978  26.701100110704868 -14.138891112844 68.783363551274093  26.641823346284458 -14.160540688986373 68.807070975950865  26.583989845177371 -14.183129993331214 68.829046338401923  26.5276090805629 -14.206547337465526 68.84935454816295  26.472722869359487 -14.230713786183358 68.868057555312902  26.392168885530641 -14.268353316179779 68.893997760181222  26.365304308345472 -14.281294562287234 68.902378678735104  26.338888205181703 -14.294419304614843 68.910358127855204  26.312948116316875 -14.307724940186569 68.917941632413672  26.287523933797377 -14.321211654085367 68.925133407089945  26.239415974488587 -14.347676984618973 68.938302427581391  26.216662036236563 -14.36063177024942 68.944327597194416  26.194458154007112 -14.37375233593661 68.950014923263979  26.172857385777675 -14.387041632003312 68.955364157462824  26.151957098746184 -14.400509426116614 68.960375301526682  26.131871539830264 -14.41416666666667 68.965044748058588 
 0 7 0.5020043863714696 5 0.75926353813818048 5 1 7
7 0 0  6 12 3  27.34265802944887 -13.98558516520924 68.469787547782616  27.280585801573245 -13.992075112146336 68.50440059811379  27.219108572072461 -14.000681400240829 68.537876700701474  27.158514657896703 -14.011179714277453 68.569983827970376  27.098972922571647 -14.023318069783397 68.600605706408402  27.040571284968166 -14.036876619777157 68.629706665338034  26.945117297166789 -14.06156465736958 68.675721760943716  26.907426600022436 -14.072001700814505 68.693468794554647  26.870257121344938 -14.082940455693041 68.71054583077624  26.833608013303614 -14.094334100070759 68.726960580025676  26.797475313313566 -14.106142616547414 68.742724788826649  26.761852810648321 -14.118333333333327 68.757852678639992 
 0 7 0.59971518262170076 5 1 7
7 0 0  6 12 3  24.038147189371163 -14.118333333333334 68.757852678639992  24.002755358412895 -14.10622155691533 68.742822748709472  23.966859897088238 -14.094487040323791 68.727164706056342  23.930454742191159 -14.083161835806768 68.710864613938369  23.893536000783616 -14.072285141944603 68.693910942033256  23.856102785864696 -14.061902784380479 68.676296071495429  23.760690605967014 -14.037169903506696 68.630335287189311  23.702056292569367 -14.023528078437693 68.601134892571466  23.642270813217944 -14.011315925476246 68.570400006661529  23.581422820358807 -14.000755836766899 68.538166029168949  23.519682585118158 -13.992103173257922 68.504550257375584  23.457341970493843 -13.985585165209242 68.469787547782616 
 0 7 0.39769276695626088 5 1 7
7 0 0  6 17 4  24.038147189371102 -14.118333333333332 68.757852678639978  24.09889988931538 -14.138891112843542 68.783363551273524  24.158176653735829 -14.160540688985568 68.807070975950055  24.216010154842067 -14.183129993330553 68.829046338401298  24.272390919455272 -14.206547337464869 68.849354548162452  24.327277130656821 -14.230713786183026 68.868057555312674  24.407831114481969 -14.26835331617977 68.893997760181222  24.434695691665592 -14.281294562287213 68.902378678735104  24.461111794827687 -14.294419304614847 68.910358127855204  24.487051883690807 -14.307724940186596 68.917941632413701  24.512476066208663 -14.321211654085381 68.925133407089959  24.56058402551437 -14.347676984619021 68.938302427581405  24.583337963764968 -14.360631770249503 68.944327597194516  24.605541845992779 -14.373752335936786 68.950014923263907  24.627142614221746 -14.387041632003283 68.955364157462924  24.64804290125149 -14.400509426116658 68.960375301526668  24.668128460166262 -14.414166666666668 68.96504474805856 
 0 7 0.50200438637440581 5 0.75926353813906466 5 1 7
7 1 0  3 51 49  0 -13.366714677640605 66.333333333333329  1 0.26470608200658952 -13.366745519341093 66.333333335780893  0.99999999994223288 0.79467651928299765 -13.38657387406402 66.333333332194897  1.0000000000268701 1.5888106519905136 -13.471359969615145 66.333333333639672  0.9999999999927689 2.3821690083085949 -13.598027026294318 66.333333333250948  1.0000000000019447 3.1750001083685757 -13.74729108788536 66.333333333355398  0.99999999999947864 3.9678305587033011 -13.896553479377658 66.33333333332746  1.0000000000001388 4.7611908577708464 -14.023225529855031 66.333333333334835  0.9999999999999637 5.5553178977671527 -14.107993393665762 66.333333333332973  1.0000000000000089 6.3500000005521153 -14.137792466856975 66.333333333333385  0.99999999999999845 7.1446821000218828 -14.107993398586549 66.333333333333371  0.99999999999999967 7.9388091499969189 -14.023225510093576 66.333333333333272  1.0000000000000004 8.7321694123176439 -13.896553553811842 66.333333333333385  0.99999999999999989 9.5250000000028798 -13.747290809335245 66.333333333333314  1 10.317830587670857 -13.598028064814287 66.333333333333371  1 11.111190850043188 -13.47135610866523 66.333333333333286  1.0000000000000004 11.905317899829774 -13.386588219687823 66.333333333333357  0.99999999999999978 12.700000000000019 -13.35678915321793 66.333333333333357  0.99999999999999989 13.494682100170175 -13.386588219687953 66.3333333333333  0.99999999999999989 14.288809149957 -13.471356108664706 66.333333333333329  1.0000000000000002 15.08216941232839 -13.598028064816265 66.333333333333357  0.99999999999999989 15.874999999999995 -13.747290809327842 66.333333333333272  1.0000000000000004 16.66783058767162 -13.896553553839437 66.333333333333357  0.99999999999999989 17.461190850043 -14.023225509990985 66.333333333333329  1.0000000000000002 18.255317899829816 -14.10799339896773 66.333333333333343  1 19.050000000000004 -14.137792465437801 66.333333333333329  1 19.844682100170175 -14.10799339896773 66.333333333333343  0.99999999999999967 20.638809149956995 -14.023225509990988 66.333333333333343  1.0000000000000007 21.432169412328406 -13.896553553839434 66.333333333333286  1 22.224999999999977 -13.747290809327854 66.333333333333385  0.99999999999999978 23.017830587671629 -13.598028064816258 66.3333333333333  1.0000000000000002 23.811190850042994 -13.471356108664709 66.333333333333371  0.99999999999999989 24.605317899829831 -13.386588219687955 66.333333333333314  1 25.399999999999977 -13.356789153217926 66.333333333333272  1 26.19468210017024 -13.386588219687832 66.333333333333428  0.99999999999999967 26.988809149956793 -13.471356108665226 66.333333333333272  1.0000000000000002 27.782169412329143 -13.598028064814281 66.333333333333329  1.0000000000000002 28.574999999997139 -13.747290809335265 66.3333333333334  0.99999999999999922 29.367830587682334 -13.896553553811811 66.333333333333258  1.0000000000000009 30.161190850003074 -14.023225510093592 66.333333333333371  1.0000000000000002 30.955317899978148 -14.107993398586549 66.333333333333286  0.99999999999999922 31.749999999447819 -14.137792466856954 66.333333333333428  1.0000000000000013 32.544682102233047 -14.107993393665868 66.33333333333313  0.99999999999999623 33.338809142228257 -14.02322552985456 66.333333333333798  1.0000000000000151 34.132169441300341 -13.896553479379481 66.333333333331936  0.99999999999994271 34.924999891617119 -13.747291087878637 66.333333333338274  1.0000000000002145 35.71783099174705 -13.598027026319018 66.333333333315139  0.99999999999919731 36.511189347794449 -13.471359969524542 66.333333333400745  1.0000000000029883 37.305323481546196 -13.386573874397483 66.333333333083033  0.99999999998889577 37.835293916167466 -13.366745518625795 66.33333333387138  1.000000000023874 38.100000000000001 -13.366714677640605 66.333333333333329  1
 0 4 0.020753200846302881 1 0.041553432551388186 1 0.062419994978511244 1 0.083333333333333329 1 0.10424667168815541 1 0.12511323411527847 1 0.14591346582036377 1 0.16666666666666666 1 0.18741986751296957 1 0.20822009921805484 1 0.22908666164517794 1 0.25 1 0.27091333835482206 1 0.2917799007819451 1 0.31258013248703043 1 0.33333333333333331 1 0.3540865341796362 1 0.37488676588472153 1 0.39575332831184451 1 0.41666666666666663 1 0.43758000502148875 1 0.45844656744861184 1 0.47924679915369717 1 0.5 1 0.52075320084630283 1 0.5415534325513881 1 0.56241999497851125 1 0.58333333333333326 1 0.60424667168815538 1 0.62511323411527842 1 0.6459134658203638 1 0.66666666666666663 1 0.68741986751296935 1 0.70822009921805484 1 0.72908666164517777 1 0.75 1 0.77091333835482201 1 0.79177990078194493 1 0.81258013248703043 1 0.83333333333333326 1 0.85408653417963631 1 0.87488676588472136 1 0.89575332831184451 1 0.91666666666666674 1 0.93758000502148875 1 0.9584465674486119 1 0.97924679915369706 1 1 4
7 0 0  6 17 4  27.684515748693702 -13.584999999999996 66.3333333333333  27.619824784615485 -13.573391041152718 66.271418886147828  27.55397752562763 -13.561851482872429 66.209874575319617  27.486838246815907 -13.550390744278774 66.148750636153451  27.418256958515673 -13.539021009989995 66.088112053279957  27.348049334042347 -13.527758544011892 66.028045568063419  27.244792429743644 -13.511807775302577 65.942974801613744  27.213259247572239 -13.507014759358135 65.917412049910041  27.181358155626366 -13.502247718406116 65.891987831499279  27.149067994561079 -13.497508744044493 65.866713301570627  27.116365380967761 -13.492800256856565 65.841601369901682  27.04930021330334 -13.483339180149047 65.791142294128235  27.01491642563721 -13.478588233892605 65.765803914093894  26.980047646100033 -13.473874994842751 65.740666639161333  26.944655278456281 -13.469203573496799 65.715752391982917  26.908719102627771 -13.464577025455526 65.691077469096143  26.872202971666749 -13.459999999999997 65.666666666666643 
 0 7 0.5331662327923149 5 0.76385506934227454 5 1 7
7 0 0  4 14 5  27.342658029448867 -13.985585165209242 68.469787547782616  27.455954238725973 -13.973739507781092 68.406610708165815  27.567274954373673 -13.96143205378651 68.340970953528043  27.676923032054091 -13.94877016282561 68.273440868403242  27.888100062204565 -13.923571704097704 68.139049088521091  27.98975454208831 -13.911061574221252 68.072328395846682  28.090473556135059 -13.898370116501368 68.004640621340627  28.275670069067065 -13.874637959763074 67.878069118736391  28.360332775033978 -13.863632874822999 67.819375332389328  28.444667217479456 -13.852566860293983 67.760356588234572  28.56477037005353 -13.83673379863632 67.675913592727028  28.600672000746133 -13.831991511188795 67.650621393006901  28.636556827751225 -13.827246115293431 67.625312614898291  28.672437784536694 -13.822499999999998 67.59999999999998 
 0 5 0.32241461637036589 3 0.62839662277510033 3 0.88882733503127764 3 1 5
7 0 0  6 22 5  22.127562215265097 -13.822499999999996 67.599999999999966  22.170141378580468 -13.828132113406093 67.630037938165827  22.212725435851937 -13.833763311343441 67.660070993831681  22.255328990364124 -13.83939090646588 67.690084834484679  22.297966578701917 -13.845012197629586 67.72006505402446  22.340652670750426 -13.850624469893082 67.749997172763102  22.473903830506313 -13.868081636606526 67.843102061901462  22.564686963877165 -13.879885428833463 67.90605562044513  22.655889185123034 -13.891610789342916 67.968590876495554  22.747644526874112 -13.903230880372078 68.030564695317736  22.840082939075369 -13.914717608250458 68.091827244002431  22.975090021597644 -13.931112950844314 68.179269071169671  23.017012187688923 -13.936151510523601 68.206141389459191  23.059106052190266 -13.941155123527794 68.232827325481566  23.101384392258883 -13.946120533245129 68.259309510640676  23.143864558043678 -13.951043560974837 68.285565658532462  23.231057494433809 -13.961004100128557 68.338688534018971  23.275788925599738 -13.966037578792701 68.365533753561067  23.320768637265683 -13.971016951115899 68.39209040595145  23.366011466481595 -13.975937785541126 68.418334856219332  23.411531479243575 -13.980795460659293 68.444242456849551  23.457341970493857 -13.985585165209242 68.469787547782616 
 0 7 0.19788917961110786 5 0.61683228466883966 5 0.80445104341272233 5 1 7
7 0 0  8 135 20  22.127562215265097 -13.822499999999998 67.59999999999998  22.10962548513816 -13.820096939704282 67.587183678422832  22.091691542349643 -13.817693369718018 67.574364638496093  22.073759450866003 -13.815289460971778 67.561543791849488  22.055828273548268 -13.812885384593816 67.548722051167005  22.037897072152017 -13.810481311910054 67.535900330186948  22.019964907327388 -13.808077414444099 67.523079543701868  22.002030838619078 -13.805673863917233 67.510260607558578  21.966129756067129 -13.800864149292828 67.4846087962284  21.948162734358164 -13.798457987079829 67.471775931092409  21.93019191348419 -13.796052518308484 67.458946764311904  21.912216347013409 -13.793647916336541 67.446122220461547  21.8942350879374 -13.791244355180435 67.433303227628983  21.876247188671194 -13.788842009515275 67.420490717414793  21.858251701053213 -13.786441054674858 67.407685624932569  21.788345455737346 -13.777124681781649 67.357998302835455  21.736372480413987 -13.770220733803727 67.321177246953198  21.684305730222821 -13.763334031248975 67.284448166661193  21.632122449694219 -13.756468850942428 67.247833871692947  21.579800035853612 -13.749629560097368 67.21135765385263  21.527315926033737 -13.742820638409651 67.175043404851465  21.474647485686923 -13.736046700151995 67.138915734143964  21.373556703637199 -13.723171876025386 67.070250005468722  21.325168915237569 -13.717064473726245 67.037677193206633  21.276586260610991 -13.71099483038088 67.005305762031355  21.227786615039182 -13.704967700211009 66.973161067792049  21.178747999473092 -13.698988070650072 66.941269710133724  21.129448580532916 -13.693061162343225 66.909659532497187  21.079866670508103 -13.687192429147338 66.878359622119135  20.975388826064361 -13.67503508836645 66.813520471287731  20.920433621987605 -13.66875927960389 66.780049491220737  20.865087447926012 -13.662567252113165 66.747025344603543  20.809318285104244 -13.656468062008541 66.714496330712208  20.753109672113741 -13.650467819099624 66.682495035198002  20.696421468560541 -13.644579196339054 66.651089047141625  20.639246598684483 -13.638807729807281 66.62030789230549  20.505302893957023 -13.625712416941393 66.550466223687437  20.428153055439815 -13.618486480466945 66.511927895823703  20.35002505965188 -13.611515545640412 66.474749576748863  20.270857849855968 -13.604830202077279 66.439094411078813  20.19060401154756 -13.598465150961035 66.405147471792176  20.109230649212538 -13.592458928980436 66.37311428789566  20.026721288129917 -13.586853312503001 66.343217666682662  19.922258613864148 -13.58040775433874 66.30884135647328  19.901368732449015 -13.579150741074177 66.302137285728932  19.880409776133082 -13.57792188497173 66.295583386515887  19.859381855982047 -13.576722065706202 66.289184350433075  19.838285327483369 -13.575552092241455 66.282944491954424  19.817121143861126 -13.574412521475672 66.27686678120358  19.795890810190965 -13.573303723136938 66.270953190063665  19.746582381727396 -13.570808689586361 66.257646344460596  19.718456941104602 -13.569445304999663 66.250374959998197  19.690222778744133 -13.568137161934553 66.243398196984273  19.661883376221748 -13.566885395195802 66.236722107710932  19.633442534391609 -13.565691149627439 66.230352798013001  19.60490437338623 -13.564555580112751 66.224296427268001  19.576273332616505 -13.563479851574284 66.218559208396172  19.527920993778917 -13.561771454659905 66.209447758186158  19.508246652857334 -13.561106282490208 66.205900173281108  19.488532682522361 -13.560469996757615 66.202506649373944  19.46878070089873 -13.559862969267099 66.199269169424525  19.448992409720542 -13.559285569335749 66.196189703123991  19.429169594331281 -13.55873816379277 66.193270206894766  19.409314123683775 -13.558221116979475 66.190512623890527  19.344465048816151 -13.556635200696535 66.182054403714858  19.299344359129623 -13.55569252444505 66.177026797040256  19.25409103147749 -13.55491179409966 66.172862901864846  19.208724949389257 -13.554294120539744 66.16956864287863  19.163281574661177 -13.553849345411193 66.167196508859689  19.117780613117027 -13.553572624087199 66.165720661798389  19.07226213140115 -13.553475105410955 66.165200562191757  18.929481026118737 -13.553722934691192 66.166522318353017  18.832273691160399 -13.554696752242119 66.171716011957969  18.735445970792547 -13.556446651207489 66.181048806439932  18.639261405806081 -13.558934823088158 66.194319056470178  18.543938288994926 -13.562118904394351 66.211300823436531  18.449653608549031 -13.565955384493323 66.231762050631062  18.356546050623191 -13.570402063902613 66.255477674147272  18.200857010192021 -13.578908943212788 66.30084769713487  18.137616794125197 -13.582674909214573 66.320932849144384  18.07501393585428 -13.586698059243687 66.342389649299662  18.013054994329288 -13.59095912873552 66.365115353256101  17.951738039692348 -13.595439666226383 66.389011553207382  17.891053672758694 -13.600122452241363 66.413986411953928  17.830985588763465 -13.604991661194983 66.43995552637324  17.73624560289236 -13.613021841988139 66.482783157270077  17.701189800537364 -13.616071298245023 66.499046923973452  17.666338851207502 -13.619178083474202 66.515616445195747  17.631688012717497 -13.622339280749392 66.532476163996748  17.597232227798546 -13.625552107819182 66.549611241702294  17.562966124098338 -13.628813917107031 66.567007557904162  17.528884014181038 -13.632122195711283 66.584651710460165  17.448887020116818 -13.640032134360322 66.626838049921716  17.403123219580014 -13.644671106910188 66.651579236854332  17.357673590755354 -13.649385490212264 66.676722614465405  17.312528716134921 -13.654171115464472 66.702245949143844  17.267675282726248 -13.659023147890357 66.728123455415243  17.223098512522476 -13.663936750406625 66.754329335501993  17.178786016989942 -13.668908104065924 66.780843221684918  17.093795765144883 -13.678600203867193 66.832534420625024  17.053084169640531 -13.683313595302911 66.857672508282192  17.012576456271503 -13.688069938482524 66.883039671906786  16.972261072266114 -13.692866127499359 66.908619346663244  16.932126357278698 -13.697699174732632 66.934395598574028  16.892160543389604 -13.702566210847435 66.960353124519656  16.852351755105222 -13.707464484794743 66.986477252238629  16.78883392526992 -13.715354427035548 67.028556944189575  16.765032252683397 -13.718327813112658 67.044415003267503  16.741280630238982 -13.72131098957226 67.060325277718718  16.717576372739302 -13.724303373420831 67.076284658244433  16.693916691788669 -13.727304372627041 67.092289987344202  16.670298916432728 -13.730313427606958 67.108338280570436  16.646720713798089 -13.733330052709281 67.124426947782823  16.585025085886592 -13.741255013598082 67.166693405856435  16.546969118775806 -13.746175048008471 67.192933589378498  16.509003835069759 -13.75111221885302 67.219265167216093  16.471120645800166 -13.756064794186941 67.24567890233034  16.433310946360333 -13.761031072199344 67.272165718396494  16.395566116505172 -13.766009381213248 67.29871669980399  16.357877520351181 -13.770998079685571 67.325323091656372  16.295800381939415 -13.779239861959201 67.369279263782403  16.271384321003719 -13.78248786388008 67.386601940693751  16.246985961118213 -13.785739119369451 67.40394196997039  16.222602941277682 -13.788993188432679 67.421297004974278  16.198232901922889 -13.792249633680825 67.438664712964396  16.173873484940543 -13.795508020330631 67.456042775096691  16.149522333663317 -13.798767916204531 67.473428886424159  16.10607988716643 -13.804586907933651 67.50446350897947  16.086986320105201 -13.80714558783585 67.518109801791184  16.067895255214538 -13.809704723866197 67.531758527286385  16.048805557421716 -13.812264108725749 67.545408579870653  16.02971609305288 -13.814823535387637 67.559058855400721  16.010625729833052 -13.817382797097086 67.572708251184451  15.991533336886137 -13.819941687371408 67.586355665980832  15.972437784734922 -13.822499999999998 67.59999999999998 
 0 9 0.026231354032419611 7 0.052502565298964125 7 0.12823753150313399 7 0.19729730018514979 7 0.27287177742428115 7 0.37274306940354029 7 0.39760291142006576 7 0.43030621178054107 7 0.45266305101197302 7 0.50321216085760145 7 0.61126120818209129 7 0.68640306573768661 7 0.73095772078605559 7 0.79153007145165066 7 0.84779091187386213 7 0.88162661732756387 7 0.93646887542674961 7 0.97207185477847236 7 1 9
7 0 0  5 14 4  21.779225968649811 -13.835000000000003 67.666666666666686  21.838519175715163 -13.824007554922535 67.60804029292018  21.897442167351794 -13.812993738820728 67.54929994037721  21.956085178058075 -13.801963954216291 67.490474422486884  22.014528869064979 -13.790922902165796 67.43158881155091  22.113613077972083 -13.772153687373599 67.331486332659196  22.15431545766959 -13.764429038235587 67.290288203923126  22.194985292163445 -13.756702554441999 67.249080290357327  22.235648864104096 -13.748975719777164 67.207870505478198  22.309260560494874 -13.734996950666062 67.133317070218993  22.3422019027544 -13.728744636198112 67.099971393056592  22.375170103734174 -13.722493835666015 67.066633790218745  22.408179269144696 -13.71624534969299 67.033308531695951  22.441243762997392 -13.709999999999999 67 
 0 6 0.44158586905844921 4 0.75020755923680837 4 1 6
7 0 0  6 12 3  22.441243762997392 -13.709999999999999 67  22.528099642210783 -13.693143429119704 66.910098288638423  22.61552051652518 -13.67631837401593 66.820364661418296  22.703739447005496 -13.659537379550457 66.730866024269091  22.793005800265355 -13.642815245095754 66.64168130717735  22.883599637035509 -13.626169835550078 66.552905789600402  22.998869177537248 -13.6055038981173 66.442687456625592  23.021960483360019 -13.601389056007797 66.420741632041583  23.045162081441688 -13.597280848564377 66.398831192343337  23.068479510754134 -13.593179664627661 66.376958211347528  23.091918356739129 -13.589085908510905 66.355124845391487  23.115484251308377 -13.585000000000001 66.333333333333329 
 0 7 0.800584734130387 5 1 7
7 0 0  6 17 4  23.115484251308377 -13.584999999999997 66.333333333333314  23.18017521538745 -13.573391041152764 66.271418886148069  23.246022474375803 -13.561851482872495 66.209874575319972  23.313161753187718 -13.550390744278848 66.148750636153864  23.381743041487898 -13.539021009990062 66.088112053280327  23.451950665960979 -13.527758544011931 66.028045568063632  23.555207570259011 -13.511807775302586 65.942974801613786  23.586740752430085 -13.507014759358146 65.917412049910112  23.618641844375613 -13.502247718406128 65.89198783149935  23.650932005440552 -13.497508744044506 65.866713301570698  23.683634619033523 -13.492800256856576 65.841601369901738  23.750699786697258 -13.483339180149052 65.791142294128278  23.785083574362972 -13.4785882338926 65.765803914093866  23.819952353899982 -13.473874994842754 65.740666639161361  23.855344721543354 -13.469203573496806 65.71575239198296  23.891280897371654 -13.464577025455528 65.691077469096143  23.927797028332435 -13.460000000000003 65.666666666666671 
 0 7 0.53316623279319431 5 0.76385506934262248 5 1 7
7 0 0  6 12 3  28.358756236990956 -13.71000000000001 67.000000000000043  28.271900357776563 -13.693143429119871 66.910098288639304  28.184479483462862 -13.676318374016114 66.820364661419276  28.096260552984884 -13.659537379550686 66.730866024270327  28.006994199727686 -13.642815245095861 66.641681307177919  27.916400362960736 -13.626169835550128 66.552905789600672  27.801130822462166 -13.605503898117288 66.442687456625535  27.77803951664001 -13.601389056007784 66.420741632041512  27.754837918558923 -13.597280848564367 66.39883119234328  27.731520489247018 -13.59317966462765 66.376958211347457  27.708081643262521 -13.589085908510896 66.35512484539143  27.684515748693713 -13.584999999999997 66.333333333333314 
 0 7 0.80058473413067333 5 1 7
7 0 0  5 14 4  29.020774031396801 -13.834999999999999 67.666666666666657  28.961480824328326 -13.824007554922376 67.608040292919341  28.90255783268643 -13.812993738820538 67.549299940376201  28.843914821973399 -13.801963954216152 67.490474422486145  28.785471130959351 -13.790922902165736 67.431588811550583  28.686386922040263 -13.772153687373644 67.331486332659424  28.645684542337836 -13.764429038235663 67.290288203923538  28.605014707839491 -13.756702554442089 67.24908029035781  28.564351135894952 -13.748975719777238 67.207870505478596  28.490739439498736 -13.734996950666117 67.133317070219292  28.457798097237436 -13.728744636198178 67.099971393056947  28.42482989625621 -13.722493835666077 67.066633790219072  28.391820730844518 -13.716245349693036 67.033308531696193  28.358756236990949 -13.71000000000001 67.000000000000043 
 0 6 0.44158586905969976 4 0.75020755923925853 4 1 6
7 0 0  6 17 4  14.984515748691633 -13.584999999999997 66.333333333333314  14.919824784612558 -13.573391041152764 66.271418886148069  14.853977525624195 -13.561851482872498 66.209874575319986  14.786838246812266 -13.550390744278847 66.148750636153849  14.718256958512093 -13.539021009990059 66.088112053280298  14.64804933403903 -13.527758544011931 66.028045568063632  14.544792429740996 -13.511807775302582 65.942974801613772  14.513259247569907 -13.507014759358141 65.917412049910084  14.481358155624372 -13.502247718406123 65.891987831499321  14.44906799455944 -13.497508744044501 65.86671330157067  14.416365380966475 -13.492800256856572 65.84160136990171  14.34930021330274 -13.483339180149047 65.791142294128235  14.314916425637016 -13.478588233892596 65.765803914093837  14.28004764610005 -13.473874994842745 65.740666639161304  14.244655278456658 -13.469203573496802 65.715752391982946  14.20871910262837 -13.464577025455521 65.691077469096101  14.172202971667602 -13.459999999999997 65.666666666666643 
 0 7 0.53316623279324593 5 0.76385506934265968 5 1 7
7 0 0  5 14 4  9.0792259686031809 -13.835000000000006 67.6666666666667  9.1385191756716591 -13.824007554922384 67.60804029291937  9.1974421673136 -13.812993738820536 67.549299940376187  9.2560851780265594 -13.801963954216163 67.490474422486201  9.3145288690406822 -13.790922902165729 67.43158881155054  9.41361307795977 -13.772153687373635 67.331486332659381  9.4543154576621991 -13.76442903823566 67.29028820392351  9.4949852921605533 -13.756702554442084 67.249080290357782  9.5356488641050898 -13.748975719777224 67.207870505478525  9.6092605605013031 -13.734996950666105 67.133317070219221  9.6422019027626185 -13.728744636198172 67.099971393056904  9.6751701037438433 -13.722493835666072 67.066633790219043  9.7081792691555187 -13.716245349693027 67.03330853169615  9.741243763009086 -13.710000000000003 67 
 0 6 0.4415858690596885 4 0.75020755923927118 4 1 6
7 0 0  6 12 3  9.7412437630090771 -13.710000000000003 67  9.8280996422234814 -13.693143429119861 66.910098288639247  9.9155205165370823 -13.676318374016144 66.820364661419433  10.003739447015171 -13.659537379550645 66.7308660242701  10.093005800272271 -13.642815245095886 66.641681307178047  10.183599637039254 -13.62616983555013 66.552905789600686  10.298869177537801 -13.605503898117297 66.442687456625578  10.321960483359968 -13.601389056007795 66.420741632041569  10.345162081441069 -13.597280848564376 66.398831192343337  10.368479510752964 -13.593179664627657 66.3769582113475  10.391918356737454 -13.589085908510901 66.355124845391458  10.415484251306266 -13.585000000000003 66.333333333333343 
 0 7 0.80058473413065634 5 1 7
7 0 0  6 17 4  10.415484251306305 -13.585000000000001 66.333333333333329  10.480175215384524 -13.573391041152723 66.271418886147856  10.546022474372338 -13.561851482872429 66.209874575319617  10.613161753184063 -13.550390744278776 66.148750636153466  10.681743041484316 -13.539021009990002 66.08811205328  10.751950665957642 -13.527758544011897 66.028045568063447  10.855207570256347 -13.511807775302582 65.942974801613758  10.886740752427746 -13.507014759358141 65.91741204991007  10.918641844373616 -13.502247718406123 65.891987831499321  10.950932005438899 -13.497508744044502 65.86671330157067  10.983634619032221 -13.492800256856574 65.841601369901724  11.050699786696645 -13.483339180149056 65.791142294128292  11.085083574362796 -13.478588233892612 65.765803914093922  11.119952353899901 -13.473874994842749 65.740666639161319  11.15534472154377 -13.469203573496813 65.715752391983003  11.191280897372222 -13.464577025455526 65.691077469096143  11.227797028333244 -13.459999999999997 65.666666666666643 
 0 7 0.53316623279225772 5 0.76385506934220182 5 1 7
7 0 0  6 12 3  15.658756237002631 -13.710000000000008 67.000000000000028  15.571900357789195 -13.693143429119703 66.910098288638409  15.484479483474933 -13.676318374015951 66.820364661418409  15.396260552994338 -13.659537379550436 66.730866024268991  15.306994199734774 -13.642815245095768 66.641681307177421  15.216400362964446 -13.626169835550073 66.552905789600374  15.101130822462736 -13.6055038981173 66.442687456625592  15.078039516639956 -13.601389056007797 66.420741632041569  15.054837918558277 -13.597280848564376 66.398831192343323  15.031520489245835 -13.593179664627659 66.3769582113475  15.008081643260843 -13.589085908510903 66.355124845391472  14.984515748691592 -13.584999999999997 66.333333333333314 
 0 7 0.80058473413033571 5 1 7
7 0 0  5 14 4  16.320774031350147 -13.835000000000001 67.666666666666671  16.261480824284803 -13.824007554922533 67.60804029292018  16.202557832648221 -13.812993738820717 67.549299940377153  16.143914821941856 -13.801963954216294 67.490474422486898  16.085471130934987 -13.790922902165793 67.431588811550895  15.986386922027899 -13.772153687373597 67.331486332659182  15.945684542330373 -13.764429038235589 67.29028820392314  15.90501470783652 -13.756702554442002 67.249080290357341  15.864351135895884 -13.748975719777166 67.207870505478212  15.790739439505113 -13.734996950666067 67.133317070219022  15.757798097245598 -13.728744636198115 67.09997139305662  15.724829896265836 -13.72249383566602 67.066633790218773  15.691820730855321 -13.716245349692997 67.03330853169598  15.658756237002629 -13.710000000000008 67.000000000000028 
 0 6 0.44158586905841313 4 0.75020755923680205 4 1 6
7 0 0  4 14 5  14.642658029506119 -13.985585165209242 68.469787547782616  14.755954238777935 -13.973739507782961 68.406610708175776  14.867274954417564 -13.961432053789528 68.340970953544144  14.976923032082555 -13.948770162828179 68.273440868416955  15.1881000621529 -13.923571704097775 68.13904908852146  15.289754541974096 -13.911061574219715 68.072328395838468  15.390473555960673 -13.898370116498933 68.004640621327638  15.575670068860822 -13.874637959758122 67.878069118709973  15.66033277485109 -13.863632874815496 67.81937533234931  15.74466721733924 -13.852566860287522 67.760356588200111  15.864770370043512 -13.836733798634754 67.675913592718686  15.900672000800977 -13.83199151118691 67.650621392996854  15.936556827876714 -13.827246115292304 67.62531261489228  15.97243778473489 -13.822500000000002 67.599999999999994 
 0 5 0.32241461632492996 3 0.62839662260956586 3 0.88882733491764099 3 1 5
7 0 0  6 22 5  9.4275622154632952 -13.822500000000002 67.599999999999994  9.4701413787009923 -13.828132113408579 67.630037938179086  9.5127254358978615 -13.833763311347836 67.660070993855115  9.55532899034168 -13.83939090647104 67.69008483451222  9.5979665786185837 -13.845012197634141 67.720065054048746  9.6406526706130791 -13.850624469895768 67.749997172777427  9.7739038303079706 -13.868081636613145 67.843102061936762  9.8646869636905947 -13.879885428842417 67.906055620492879  9.9558891849644358 -13.891610789351127 67.968590876539338  10.047644526752817 -13.9032308803777 68.030564695347735  10.140082938993841 -13.914717608252911 68.091827244015519  10.275090021570861 -13.931112950843641 68.179269071166075  10.317012187682945 -13.936151510522606 68.206141389453904  10.359106052198442 -13.941155123526354 68.232827325473878  10.401384392285529 -13.946120533244178 68.259309510635617  10.443864558083122 -13.951043560974137 68.285565658528725  10.53105749449014 -13.961004100128012 68.338688534016057  10.575788925657985 -13.966037578791878 68.365533753556676  10.620768637324774 -13.971016951115031 68.392090405946817  10.666011466540679 -13.975937785540406 68.418334856215495  10.711531479302002 -13.980795460658877 68.444242456847348  10.757341970551169 -13.985585165209242 68.469787547782616 
 0 7 0.19788917944977216 5 0.61683228460041728 5 0.80445104340154638 5 1 7
7 1 0  3 51 49  0 -14.118333333333332 69.049999999999997  1 0.26668430083001088 -14.118333333661747 69.0512704190416  0.99999999999054523 0.81776882424525532 -14.118333333172226 68.974401502190844  1.0000000000046383 1.6158394956915938 -14.118333333380995 68.669215693011722  0.9999999999986271 2.3988225237556606 -14.118333333319535 68.226510056173112  1.000000000000397 3.1749922363155796 -14.118333333337105 67.712982460435029  0.99999999999989175 3.9512078628531975 -14.118333333332359 67.199368521072557  1.000000000000028 4.7340619603686438 -14.118333333333576 66.756905344838145  0.99999999999999301 5.5325626981254086 -14.118333333333284 66.450910773595666  1.0000000000000013 6.3499999691286853 -14.118333333333336 66.339494774554211  0.99999999999999978 7.1674374289064957 -14.118333333333329 66.4509109794556  1.0000000000000002 7.9659375529348884 -14.118333333333332 66.756904439353434  1 8.7487941237707805 -14.118333333333331 67.199372254191744  0.99999999999999989 9.5249999997942663 -14.118333333333339 67.712967860809314  0.99999999999999989 10.301205877034446 -14.118333333333325 68.226563465138753  1.0000000000000004 11.084062444453757 -14.118333333333339 68.669031286402188  1 11.882562579878659 -14.118333333333325 68.97502472486822  1.0000000000000004 12.699999999999186 -14.118333333333339 69.086441004347208  1 13.517437420124706 -14.118333333333339 68.975024724873748  1 14.315937555533337 -14.11833333333332 68.669031286378129  1 15.098794123018205 -14.118333333333341 68.226563465237703  0.99999999999999989 15.874999999999993 -14.118333333333325 67.712967860422424  1.0000000000000002 16.651205876981823 -14.118333333333334 67.199372255607116  0.99999999999999933 17.434062444466587 -14.118333333333336 66.756904434466719  1.0000000000000004 18.23256257987552 -14.118333333333322 66.450910995970645  1 19.050000000000015 -14.118333333333339 66.339494716499161  1 19.867437420124453 -14.11833333333332 66.450910995970617  1.0000000000000011 20.665937555533439 -14.118333333333347 66.756904434466747  0.99999999999999933 21.448794123018153 -14.118333333333325 67.199372255607074  1 22.225000000000016 -14.118333333333327 67.712967860422395  1 23.001205876981796 -14.118333333333343 68.226563465237746  1 23.784062444466667 -14.118333333333331 68.6690312863782  0.99999999999999989 24.582562579875301 -14.118333333333336 68.975024724873691  1 25.400000000000819 -14.118333333333329 69.086441004347236  0.99999999999999989 26.217437420121346 -14.118333333333339 68.975024724868234  1.0000000000000004 27.01593755554623 -14.118333333333325 68.669031286402173  0.99999999999999978 27.798794122965557 -14.118333333333336 68.226563465138781  1 28.575000000205733 -14.118333333333322 67.712967860809272  1 29.351205876229226 -14.118333333333343 67.1993722541918  1 30.134062447065112 -14.118333333333329 66.756904439353377  0.99999999999999956 30.932562571093495 -14.118333333333338 66.450910979455685  1.0000000000000007 31.750000030871369 -14.118333333333313 66.339494774554225  0.99999999999999833 32.567437301874406 -14.118333333333402 66.450910773595481  1.0000000000000044 33.36593803963207 -14.11833333333302 66.756905344838529  0.99999999999998535 34.148792137143886 -14.118333333334624 67.199368521070937  1.0000000000000604 34.925007763695923 -14.118333333328261 67.71298246044131  0.99999999999976419 35.701177476201927 -14.118333333351883 68.226510056150033  1.000000000000862 36.484160504456106 -14.118333333269288 68.669215693091928  0.99999999999702482 37.28223117525129 -14.118333333549778 68.974401501918152  1.0000000000100544 37.833315700202327 -14.118333332892107 69.05127041959831  0.99999999997950517 38.100000000000001 -14.118333333333332 69.049999999999997  1
 0 4 0.019043869865423484 1 0.039181669338101022 1 0.060772106400712955 1 0.08333333333333337 1 0.10589456026595376 1 0.12748499732856572 1 0.14762279680124321 1 0.16666666666666674 1 0.18571053653209021 1 0.20584833600476773 1 0.22743877306737972 1 0.25000000000000011 1 0.27256122693262047 1 0.2941516639952324 1 0.31428946346790998 1 0.33333333333333348 1 0.35237720319875693 1 0.37251500267143456 1 0.39410543973404633 1 0.4166666666666668 1 0.43922789359928716 1 0.4608183306618992 1 0.48095613013457678 1 0.50000000000000022 1 0.51904386986542372 1 0.5391816693381013 1 0.56077210640071329 1 0.58333333333333359 1 0.60589456026595412 1 0.62748499732856589 1 0.64762279680124346 1 0.66666666666666696 1 0.68571053653209035 1 0.70584833600476793 1 0.72743877306737981 1 0.75000000000000033 1 0.77256122693262064 1 0.79415166399523252 1 0.81428946346790998 1 0.83333333333333337 1 0.85237720319875698 1 0.87251500267143434 1 0.89410543973404633 1 0.91666666666666674 1 0.93922789359928704 1 0.96081833066189903 1 0.98095613013457639 1 1 4
7 1 0  3 51 49  0 -13.8225 69.049999999999997  1 0.26668430083001088 -13.8225000000793 69.051314403042312  0.99999999999054523 0.81776882424525532 -13.822499999961099 68.971784162187902  1.0000000000046383 1.6158394956915938 -13.822500000011503 68.656032336030293  0.9999999999986271 2.3988225237556606 -13.82249999999668 68.197999527479269  1.000000000000397 3.1749922363155796 -13.822500000000897 67.666692791439502  0.99999999999989175 3.9512078628531975 -13.822499999999776 67.135296722416882  1.000000000000028 4.7340619603686438 -13.822500000000051 66.677514768855715  0.99999999999999301 5.5325626981254086 -13.822499999999991 66.360926179959279  1.0000000000000013 6.3499999691286853 -13.822499999999998 66.245652782219807  0.99999999999999978 7.1674374289064957 -13.822500000000002 66.360926392946496  1.0000000000000002 7.9659375529348884 -13.822499999999996 66.677513832021617  1 8.7487941237707805 -13.822500000000005 67.135300584782769  0.99999999999999989 9.5249999997942663 -13.822499999999993 67.666677686350695  0.99999999999999989 10.301205877034446 -13.822500000000007 68.198054785551307  1.0000000000000004 11.084062444453757 -13.822499999999994 68.655841544960111  1 11.882562579878659 -13.822500000000003 68.972428961861311  1.0000000000000004 12.699999999999186 -13.8225 69.087702649747712  1 13.517437420124706 -13.822500000000002 68.972428961866981  1 14.315937555533337 -13.822499999999998 68.655841544935242  1 15.098794123018205 -13.822500000000003 68.198054785653696  0.99999999999999989 15.874999999999993 -13.822499999999998 67.666677685950404  1.0000000000000002 16.651205876981823 -13.822499999999996 67.135300586247155  0.99999999999999933 17.434062444466587 -13.8225 66.677513826965679  1.0000000000000004 18.23256257987552 -13.822499999999998 66.360926410033358  1 19.050000000000015 -13.822500000000005 66.245652722154759  1 19.867437420124453 -13.822499999999989 66.360926410033315  1.0000000000000011 20.665937555533439 -13.822500000000009 66.67751382696575  0.99999999999999933 21.448794123018153 -13.822499999999998 67.135300586247098  1 22.225000000000016 -13.822499999999996 67.666677685950418  1 23.001205876981796 -13.822500000000005 68.198054785653682  1 23.784062444466667 -13.822500000000002 68.655841544935228  0.99999999999999989 24.582562579875301 -13.822500000000002 68.972428961867038  1 25.400000000000819 -13.8225 69.087702649747641  0.99999999999999989 26.217437420121346 -13.822499999999996 68.972428961861425  1.0000000000000004 27.01593755554623 -13.822500000000003 68.65584154496004  0.99999999999999978 27.798794122965557 -13.822499999999998 68.198054785551363  1 28.575000000205733 -13.822499999999998 67.666677686350624  1 29.351205876229226 -13.822499999999998 67.13530058478284  1 30.134062447065112 -13.822500000000003 66.677513832021532  0.99999999999999956 30.932562571093495 -13.822499999999993 66.360926392946581  1.0000000000000007 31.750000030871369 -13.822500000000018 66.245652782219793  0.99999999999999833 32.567437301874406 -13.822499999999936 66.360926179959364  1.0000000000000044 33.36593803963207 -13.822500000000241 66.677514768855374  0.99999999999998535 34.148792137143886 -13.822499999998989 67.135296722417806  1.0000000000000604 34.925007763695923 -13.822500000003947 67.666692791436105  0.99999999999976419 35.701177476201927 -13.822499999985579 68.197999527491504  1.000000000000862 36.484160504456106 -13.822500000049773 68.656032335988598  0.99999999999702482 37.28223117525129 -13.822499999831782 68.971784162327111  1.0000000000100544 37.833315700202327 -13.822500000342901 69.051314402759388  0.99999999997950517 38.100000000000001 -13.8225 69.049999999999997  1
 0 4 0.019043869865423484 1 0.039181669338101022 1 0.060772106400712955 1 0.08333333333333337 1 0.10589456026595376 1 0.12748499732856572 1 0.14762279680124321 1 0.16666666666666674 1 0.18571053653209021 1 0.20584833600476773 1 0.22743877306737972 1 0.25000000000000011 1 0.27256122693262047 1 0.2941516639952324 1 0.31428946346790998 1 0.33333333333333348 1 0.35237720319875693 1 0.37251500267143456 1 0.39410543973404633 1 0.4166666666666668 1 0.43922789359928716 1 0.4608183306618992 1 0.48095613013457678 1 0.50000000000000022 1 0.51904386986542372 1 0.5391816693381013 1 0.56077210640071329 1 0.58333333333333359 1 0.60589456026595412 1 0.62748499732856589 1 0.64762279680124346 1 0.66666666666666696 1 0.68571053653209035 1 0.70584833600476793 1 0.72743877306737981 1 0.75000000000000033 1 0.77256122693262064 1 0.79415166399523252 1 0.81428946346790998 1 0.83333333333333337 1 0.85237720319875698 1 0.87251500267143434 1 0.89410543973404633 1 0.91666666666666674 1 0.93922789359928704 1 0.96081833066189903 1 0.98095613013457639 1 1 4
7 0 0  6 12 3  34.546414451840484 -13.822500000001098 67.409055752522974  34.484826828888039 -13.833996269067262 67.369780413400562  34.422867139977811 -13.845482485798518 67.330673880537759  34.360466776856953 -13.856950996582562 67.291762337583194  34.297553595841343 -13.868392155412936 67.253074008919455  34.234051917815528 -13.879794323889039 67.214639159663321  34.119542612478789 -13.900047400624688 67.146563162832322  34.068793007623327 -13.908917909760238 67.116811237191953  34.017593240331145 -13.917749203840557 67.087251217355401  33.96588977197375 -13.926538211828641 67.057912907342399  33.913636647934169 -13.935276794940625 67.028818785555572  33.860777593788029 -13.943957467481907 66.999999999999872 
 0 7 0.56038672518934951 5 1 7
7 0 0  7 26 5  33.860777593788036 -13.943957467481907 66.999999999999872  33.786489182280967 -13.955826788188498 66.959419953110611  33.711040322870552 -13.967573059810835 66.919362703902621  33.634290568247415 -13.979177120534004 66.879898408572203  33.55609568213098 -13.990613719805983 66.841113110115913  33.476306768187662 -14.001849234355445 66.803106605477581  33.394764956060705 -14.012839781946395 66.765993690632413  33.250819558259039 -14.031274205640923 66.703767691926117  33.189338981726593 -14.038861513224683 66.67817228770889  33.126772837225452 -14.046276028027785 66.65318374671071  33.063048030055633 -14.053497901354206 66.628875924626612  32.99809398182488 -14.060502652604592 66.605336103696018  32.931841163767956 -14.067260758475681 66.582665739305568  32.828513641038022 -14.077156987113904 66.549531239050737  32.792427944064919 -14.080498045525941 66.538356644825058  32.755952898796011 -14.083755170281611 66.527474927019881  32.719080691818874 -14.086922559168894 66.516905098866133  32.681805336659004 -14.089993854878065 66.506667683720693  32.644122673779869 -14.092962145001708 66.496784715066596  32.553475130342115 -14.099762757855849 66.474166258120803  32.500144452480058 -14.103496020312974 66.461768326998282  32.446015986403083 -14.106995672871882 66.450171120592444  32.391146215667582 -14.11025057612795 66.439382650320198  32.335542131020659 -14.113236064448653 66.429491065944902  32.279267294181572 -14.11593671526345 66.420532662618797  32.222378454989787 -14.11833333333335 66.412572650263684 
 0 8 0.37954452975349112 6 0.65450403647945965 6 0.79968999128396501 6 1 8
7 0 0  4 5 2  34.82758072960884 -13.769498657596213 67.587844146527303  34.757888074238124 -13.782722264753513 67.542827967483007  34.687895145008092 -13.795973663177698 67.497986367957495  34.617455724190648 -13.809239137894602 67.453375161365628  34.546414451840484 -13.822500000001098 67.409055752522988 
 0 5 1 5
7 1 0  3 51 49  0 -13.367000000000001 67  1 0.26470608200658952 -13.367031119026818 67.000000004467736  0.99999999994223288 0.79467651928299765 -13.387037860540454 66.999999997921904  1.0000000000268701 1.5888106519905136 -13.472586737490072 67.000000000559268  0.9999999999927689 2.3821690083085949 -13.600393359407629 66.999999999849578  1.0000000000019447 3.1750001083685757 -13.751000281062286 67.000000000040345  0.99999999999947864 3.9678305587033011 -13.901605517600775 66.999999999989228  1.0000000000001388 4.7611908577708464 -14.029417178220426 67.000000000002828  0.9999999999999637 5.5553178977671527 -14.114947659491149 66.999999999999289  1.0000000000000089 6.3500000005521153 -14.145014821230077 67.000000000000156  0.99999999999999845 7.1446821000218828 -14.114947664456194 66.999999999999972  0.99999999999999967 7.9388091499969189 -14.029417158281266 66.999999999999972  1.0000000000000004 8.7321694123176439 -13.901605592704263 67.000000000000028  0.99999999999999989 9.5250000000028798 -13.751000000007473 67  1 10.317830587670857 -13.600394407265906 66.999999999999986  1 11.111190850043188 -13.472582841822769 67.000000000000014  1.0000000000000004 11.905317899829774 -13.387052335159067 67  0.99999999999999978 12.700000000000019 -13.356985180201901 66.999999999999986  0.99999999999999989 13.494682100170175 -13.38705233515919 67.000000000000043  0.99999999999999989 14.288809149957 -13.472582841822241 66.999999999999957  1.0000000000000002 15.08216941232839 -13.600394407267904 67.000000000000057  0.99999999999999989 15.874999999999995 -13.750999999999996 67  1.0000000000000004 16.66783058767162 -13.901605592732109 67  0.99999999999999989 17.461190850043 -14.029417158177759 67.000000000000043  1.0000000000000002 18.255317899829816 -14.114947664840797 66.999999999999972  1 19.050000000000004 -14.145014819798138 66.999999999999972  1 19.844682100170175 -14.114947664840805 67.000000000000057  0.99999999999999967 20.638809149956995 -14.029417158177759 66.999999999999929  1.0000000000000007 21.432169412328406 -13.901605592732107 67.000000000000057  1 22.224999999999977 -13.750999999999996 66.999999999999972  0.99999999999999978 23.017830587671629 -13.600394407267899 67.000000000000014  1.0000000000000002 23.811190850042994 -13.472582841822248 67.000000000000043  0.99999999999999989 24.605317899829831 -13.387052335159186 66.999999999999986  1 25.399999999999977 -13.356985180201896 67  1 26.19468210017024 -13.387052335159074 67.000000000000014  0.99999999999999967 26.988809149956793 -13.472582841822767 67.000000000000043  1.0000000000000002 27.782169412329143 -13.600394407265902 66.999999999999929  1.0000000000000002 28.574999999997139 -13.75100000000748 67.000000000000114  0.99999999999999922 29.367830587682334 -13.901605592704248 66.999999999999943  1.0000000000000009 30.161190850003074 -14.029417158281277 67  1.0000000000000002 30.955317899978148 -14.11494766445619 67.000000000000028  0.99999999999999922 31.749999999447819 -14.145014821230058 67.000000000000028  1.0000000000000013 32.544682102233047 -14.11494765949125 66.999999999999915  0.99999999999999623 33.338809142228257 -14.029417178220003 67.000000000000213  1.0000000000000151 34.132169441300341 -13.901605517602388 66.999999999999503  0.99999999999994271 34.924999891617119 -13.751000281056378 67.00000000000172  1.0000000000002145 35.71783099174705 -13.600393359429274 66.999999999993634  0.99999999999919731 36.511189347794449 -13.472586737410882 67.000000000023547  1.0000000000029883 37.305323481546196 -13.38703786083145 66.999999999912546  0.99999999998889577 37.835293916167466 -13.367031118402835 67.00000000018801  1.000000000023874 38.100000000000001 -13.367000000000001 67  1
 0 4 0.020753200846302881 1 0.041553432551388186 1 0.062419994978511244 1 0.083333333333333329 1 0.10424667168815541 1 0.12511323411527847 1 0.14591346582036377 1 0.16666666666666666 1 0.18741986751296957 1 0.20822009921805484 1 0.22908666164517794 1 0.25 1 0.27091333835482206 1 0.2917799007819451 1 0.31258013248703043 1 0.33333333333333331 1 0.3540865341796362 1 0.37488676588472153 1 0.39575332831184451 1 0.41666666666666663 1 0.43758000502148875 1 0.45844656744861184 1 0.47924679915369717 1 0.5 1 0.52075320084630283 1 0.5415534325513881 1 0.56241999497851125 1 0.58333333333333326 1 0.60424667168815538 1 0.62511323411527842 1 0.6459134658203638 1 0.66666666666666663 1 0.68741986751296935 1 0.70822009921805484 1 0.72908666164517777 1 0.75 1 0.77091333835482201 1 0.79177990078194493 1 0.81258013248703043 1 0.83333333333333326 1 0.85408653417963631 1 0.87488676588472136 1 0.89575332831184451 1 0.91666666666666674 1 0.93758000502148875 1 0.9584465674486119 1 0.97924679915369706 1 1 4
7 0 0  5 10 3  32.22237845498978 -14.11833333333335 66.412572650263684  32.130461383315357 -14.122200675195462 66.399231744803515  32.036741384695404 -14.125223137216009 66.388764462937402  31.941589940389225 -14.12730103453552 66.381506405378587  31.845593750059848 -14.128346261030961 66.377803111486855  31.653789994737295 -14.128339536024733 66.37782696156799  31.557951893026431 -14.127291023711965 66.38154143002032  31.462957720797895 -14.125213434300896 66.388798139440254  31.369391022919871 -14.122194468410964 66.399253242299508  31.27762148193267 -14.118333333333329 66.412572733543627 
 0 6 0.50040148246125049 4 1 6
7 0 0  6 27 6  31.277621481932588 -14.118333333333329 66.412572733543641  31.218626623366045 -14.115847920703448 66.420827818955175  31.160308846304105 -14.113026623927681 66.430184756895557  31.102747306054567 -14.10989105529945 66.440575146648172  31.045994844663255 -14.106465065302618 66.451926911098042  30.990090543058006 -14.102771110137267 66.464178461490022  30.894915531131272 -14.095958594512696 66.486814053960984  30.85523872668324 -14.092955508317884 66.496803139784106  30.816020468745865 -14.08983194735112 66.507205414181271  30.777257039950232 -14.086596866098999 66.517992507190741  30.738941339596384 -14.08325837737523 66.529138301062673  30.651032282524966 -14.075287214056161 66.55578281948722  30.601766084750398 -14.07058307441565 66.571530604036298  30.553240219603108 -14.065727908412095 66.587807842240565  30.505427851461324 -14.060736191383844 66.604566021460087  30.458299379808015 -14.055620298994668 66.621762558080903  30.355781568392473 -14.044084494935818 66.660580212871395  30.300690754198669 -14.037613615469756 66.682383628090165  30.246491305393924 -14.03099421668321 66.704702873158652  30.193135075678022 -14.024245616685615 66.7274910199137  30.140561316735223 -14.017372916535331 66.750685830719547  30.010062596258066 -13.99980401954407 66.810049292943958  29.933105297015899 -13.988968726999168 66.846710753639144  29.85768903939751 -13.977935716143863 66.88413045726378  29.783663189848379 -13.966740053496814 66.922206866610054  29.710887224380315 -13.955407631128251 66.960853993729174  29.639223801641673 -13.943957717190754 66.999999999999986 
 0 7 0.17805244555545224 5 0.30789122294177662 5 0.47938485813906551 5 0.68616793456884473 5 1 7
7 0 0  7 26 5  8.4607761983583902 -13.94395771719074 67.000000000000014  8.3864878720578844 -13.955827020565676 66.959420049892145  8.3110391679403701 -13.967573260795998 66.919362844003132  8.2342896226309357 -13.979177280494552 66.879898548267064  8.1560949848860904 -13.99061383321863 66.841113216120931  8.0763063400335806 -14.001849300406617 66.80310665971146  7.9947647930589625 -14.012839805186717 66.765993696878027  7.8508197292107651 -14.031274179626509 66.703767643783195  7.7893392409747211 -14.03886147507051 66.678172215917215  7.7267731697526614 -14.046275981298525 66.653183665251518  7.6630484226669262 -14.053497849100882 66.628875846542442  7.5980944234807595 -14.060502597342804 66.60533604069613  7.5318416462386306 -14.067260702157776 66.582665701098975  7.4285141063412183 -14.077156938219938 66.549531225748964  7.3924283529947958 -14.08049800382196 66.538356627834006  7.3559532489928809 -14.083755135713934 66.527474908993938  7.3190809814430526 -14.086922531567156 66.516905082026327  7.2818055644348947 -14.089993833957266 66.506667669736018  7.2441228390399868 -14.09296213036427 66.496784704935038  7.1534752186452488 -14.099762751569653 66.474166275506605  7.1001445281932867 -14.103496016262211 66.46176836690934  7.046016054989142 -14.106995670213351 66.450171175876463  6.9911462784695555 -14.110250574689097 66.439382719959767  6.9355421921353653 -14.113236063685809 66.429491143684203  6.879267355367694 -14.115936714989099 66.420532745275509  6.8223785180675023 -14.118333333333331 66.412572733543584 
 0 8 0.37954412939630033 6 0.65450362294900666 6 0.79968986657528274 6 1 8
7 0 0  5 10 3  6.8223785180674543 -14.118333333333332 66.412572733543598  6.7304615717970444 -14.122200670494172 66.399231846883538  6.63674170872999 -14.125223129500371 66.38876456517724  6.541590404199912 -14.127301026381332 66.381506488405549  6.4455943520426846 -14.128346255498966 66.377803158315231  6.2537905966719674 -14.128339541582035 66.377826914477467  6.1579523568425252 -14.127291031879958 66.381541346845523  6.0629580447485445 -14.125213442017218 66.388798037165017  5.9693912114758731 -14.122194473116098 66.399253140210277  5.8776215450100793 -14.118333333333315 66.412572650263783 
 0 6 0.50040080004473575 4 1 6
7 0 0  6 27 6  5.8776215450101006 -14.118333333333315 66.412572650263769  5.8186266761127783 -14.115847920638238 66.420827737553282  5.7603088907380275 -14.113026623908569 66.43018468203843  5.7027473451749167 -14.10989105556485 66.440575083412128  5.6459948817789565 -14.106465066173504 66.451926864101125  5.5900905822124063 -14.102771112101181 66.464178435644484  5.4949156484795862 -14.095958604163741 66.486814055729454  5.4552389165303978 -14.092955524713974 66.496803144223477  5.4160207306296337 -14.08983197105818 66.50720542055366  5.3772573726405453 -14.086596897541348 66.517992513850174  5.3389417411463063 -14.083258416829624 66.529138305656375  5.2510327737559308 -14.075287266581094 66.555782832078748  5.2017665968296356 -14.070583131669176 66.571530625984167  5.1532407483799769 -14.065727969900097 66.587807868627294  5.1054283914426266 -14.060736256332872 66.604566046320315  5.0582999243800737 -14.055620366359904 66.621762574705798  4.955781994105414 -14.044084552085152 66.660580237916292  4.9006910579269336 -14.037613658940082 66.68238366974569  4.8464914747044343 -14.0309942429302 66.704702918818839  4.7931351067860408 -14.024245623797691 66.727491065837413  4.7405611875341505 -14.01737289901916 66.750685856210552  4.6100620727995096 -13.999803937543598 66.810049256407339  4.5331045303799851 -13.988968601853911 66.846710667790362  4.4576880462975348 -13.977935548140906 66.884130336468488  4.3836620064192937 -13.966739847624682 66.922206741244992  4.3108859018677093 -13.95540739666343 66.960853905494545  4.2392224062165553 -13.943957467482008 66.999999999996831 
 0 7 0.17805235916708198 5 0.30789085441555908 5 0.47938433656999524 5 0.68616764300761823 5 1 7
7 0 0  6 12 3  4.2392224062165553 -13.943957467482006 66.999999999996845  4.1869023273742449 -13.935365309808912 67.028524955490226  4.1351758024413412 -13.926716386957734 67.057319591879391  4.0839885502666888 -13.918018063902323 67.08635396650655  4.0332953824337023 -13.909278030948263 67.115605692406916  3.9830451681666439 -13.900499605306804 67.145046629400042  3.868488102620987 -13.880250315075342 67.21310217724097  3.8044594906722029 -13.868758202490545 67.251836271270733  3.7410306734736007 -13.857226189278471 67.290828654131062  3.6781240775471171 -13.845666232805272 67.330048291145374  3.6156657879234544 -13.834088226529126 67.36946626035872  3.5535855481420797 -13.822500000000248 67.409055752537768 
 0 7 0.43513090765730378 5 1 7
7 0 0  4 5 2  3.5535855481420766 -13.82250000000025 67.409055752537768  3.4825442759862391 -13.809239137714806 67.453375161574698  3.4121048545510919 -13.795973663466222 67.497986367694295  3.3421119259827314 -13.782722264582418 67.542827967663257  3.2724192703980304 -13.76949865759898 67.58784414652348 
 0 5 1 5
7 0 0  5 10 3  19.522378506162013 -14.118333333333329 66.412572716630223  19.430462451078256 -14.122200632784821 66.399231956309862  19.33674351346129 -14.125223070547479 66.388764746803034  19.241593156969028 -14.127300965604871 66.381506679927909  19.145598056916239 -14.128346214703637 66.377803289202973  18.953794291000978 -14.128339582571048 66.377826783003371  18.857955088981523 -14.127291092942555 66.381541167391646  18.762959822318177 -14.12521350135753 66.388797884707358  18.669392059015479 -14.12219451129147 66.399253073719009  18.57762149383808 -14.118333333333332 66.412572716630223 
 0 6 0.50039592819016343 4 1 6
7 0 0  6 27 6  18.577621493838059 -14.118333333333332 66.412572716630223  18.518626612211662 -14.115847919868225 66.420827807217933  18.460308813010315 -14.113026622032498 66.430184751822779  18.402747251536113 -14.109891052131568 66.44057514927654  18.345994769712171 -14.106465060673546 66.451926922042148  18.290090448284936 -14.102771103846788 66.464178480991819  18.194915424344792 -14.095958586555076 66.486814083021969  18.155238627072009 -14.092955500593654 66.496803169419195  18.116020376014102 -14.089831939892477 66.50720544396745  18.077256953805271 -14.086596858932538 66.517992536756609  18.038941259757109 -14.083258370523232 66.529138330084336  17.951032210956679 -14.075287207456528 66.555782848339433  17.901766015124913 -14.070583067729432 66.571530633188772  17.853240151673457 -14.065727901633052 66.58780787141724  17.805427785021401 -14.060736184506659 66.604566050454267  17.75829931469676 -14.055620292016838 66.621762586745433  17.655781504536417 -14.044084487580307 66.660580241137922  17.600690690251735 -14.037613607826669 66.68238365626496  17.546491241352367 -14.030994208763696 66.704702901248311  17.493135011511256 -14.024245608491386 66.727491047897985  17.440561252643512 -14.017372908108644 66.750685858787335  17.31006254314816 -13.999804012029934 66.810049316593947  17.233105254495936 -13.988968720734468 66.846710772686905  17.157689007229695 -13.977935711233307 66.884130471661805  17.083663167793429 -13.966740050021267 66.922206876293345  17.010887212197261 -13.955407629148304 66.960853998617736  16.939223799088015 -13.943957716749168 67.000000000000014 
 0 7 0.17805251554640755 5 0.30789127387117415 5 0.47938490362655983 5 0.68616797876976898 5 1 7
7 0 0  6 12 3  16.939223799088019 -13.943957716749168 67.000000000000014  16.886903519228895 -13.935365528858773 67.028525029647199  16.835176766214204 -13.926716568805581 67.057319717058959  16.783989244747946 -13.918018198457531 67.086354109302874  16.733295776945457 -13.909278110213712 67.115605828186517  16.683045204800656 -13.900499615299596 67.145046713105486  16.568487878010515 -13.880250257518954 67.213101675543768  16.504459330699174 -13.868758142489582 67.2518352164672  16.441030558897051 -13.857226123110392 67.290827036042302  16.378124040098722 -13.845666167663753 67.330046137358849  16.31566590567903 -13.834088180092508 67.369463631681683  16.253585940893117 -13.822499999999996 67.409052738450427 
 0 7 0.43513341122749255 5 1 7
7 0 0  6 12 3  9.1464140590641971 -13.8225 67.409052737884792  9.0848267146910029 -13.833996221922627 67.369777784719233  9.0228671864795782 -13.845482418810834 67.330671725888834  8.9604669069582936 -13.856950927239424 67.291760717009851  8.8975537776769542 -13.868392090972689 67.253072950056065  8.8340521692067977 -13.879794260964387 67.214638653358961  8.7195425976591778 -13.900047406444838 67.146563245424275  8.6687926270455673 -13.908917986498986 67.116811374425311  8.6175925554970281 -13.917749336699963 67.087251361397563  8.5658888124183807 -13.926538393018857 67.057913034444681  8.5136354568031738 -13.935277013921169 67.028818860781712  8.4607761983583956 -13.943957717190738 67 
 0 7 0.56038418868517181 5 1 7
7 0 0  6 12 3  29.639223801641677 -13.943957717190752 66.999999999999972  29.586903521311154 -13.93536552922509 67.028525029633755  29.535176767803698 -13.926716569089406 67.05731971701465  29.483989245849731 -13.918018198656632 67.086354109230456  29.433295777571612 -13.909278110327717 67.11560582809463  29.383045204996705 -13.900499615335164 67.145046713027753  29.26848787773946 -13.880250257464908 67.213101675332936  29.204459330407378 -13.868758142428879 67.251835216123482  29.141030558636988 -13.857226123053678 67.290827035605048  29.078124039911756 -13.845666167619825 67.330046136858627  29.01566590559618 -13.834088180068186 67.369463631141016  28.953585940935813 -13.822499999999996 67.409052737884778 
 0 7 0.43513341278980888 5 1 7
7 0 0  6 12 3  21.846414059106881 -13.822499999999996 67.409052738450384  21.784826707225317 -13.833996223325103 67.369777780551203  21.72286717143724 -13.845482421608651 67.330671717012635  21.660466884255897 -13.856950931420769 67.291760703453136  21.597553747214871 -13.868392096520131 67.253072931849161  21.534052130868101 -13.879794267853946 67.214638630535021  21.419542559068443 -13.900047413189112 67.146563222776606  21.368792596366657 -13.908917991784577 67.116811356454065  21.317592532887403 -13.917749340531818 67.087251348026228  21.265888798033231 -13.92653839540646 67.05791302560003  21.213635450805327 -13.935277014881791 67.02881885639286  21.160776200911947 -13.943957716749171 67.000000000000014 
 0 7 0.56038425742154385 5 1 7
7 0 0  7 26 5  21.16077620091195 -13.943957716749171 67.000000000000014  21.086487874612608 -13.955827020124117 66.959420049508381  21.011039170442125 -13.967573260365242 66.919362843276787  20.934289624958268 -13.979177280097556 66.879898547287368  20.856094986864861 -13.990613832885927 66.841113215019959  20.77630634142475 -14.00184930017671 66.80310665868447  20.69476479354616 -14.012839805105324 66.765993696202727  20.550819726014954 -14.031274180066646 66.703767643678546  20.489339235161054 -14.038861475849785 66.678172215860315  20.426773161200313 -14.046275982407085 66.653183665355442  20.363048411350043 -14.053497850509737 66.62887584683952  20.298094409468888 -14.060502599005831 66.605336041121731  20.231841629700416 -14.067260704014032 66.582665701472976  20.128514088472055 -14.077156940057666 66.549531226237363  20.092428336164797 -14.080498005510252 66.538356628683246  20.055953233337245 -14.083755137241223 66.52747491005897  20.019080967110735 -14.086922532921708 66.516905083136066  19.981805551585733 -14.089993835127757 66.506667670691016  19.944122827841852 -14.092962131340359 66.496784705505078  19.853475208699866 -14.099762752293744 66.474166273756452  19.800144517895838 -14.103496016898994 66.461768363148181  19.746016044761394 -14.106995670698968 66.450171169270178  19.691146268111744 -14.110250575043851 66.439382710596377  19.635542181616433 -14.113236063896824 66.429491131350389  19.579267344336159 -14.115936715084338 66.42053273036872  19.522378506162021 -14.118333333333329 66.412572716630237 
 0 8 0.37954412694490119 6 0.65450362541118157 6 0.79968986305447276 6 1 8
7 0 0  4 5 2  28.953585940935817 -13.822499999999998 67.409052737884764  28.882543573416058 -13.809238927599607 67.453372588181068  28.812103256425466 -13.795973283396439 67.497984381981567  28.742109718369132 -13.782721778149041 67.542826779440134  28.672416833870081 -13.769498151067914 67.587844030636475 
 0 5 1 5
7 0 0  4 5 2  22.127583165931693 -13.769498151107516 67.587844030645527  22.057890281706563 -13.78272177835338 67.542826779415407  21.987896743040402 -13.795973283133584 67.497984382554421  21.917456426725188 -13.809238927795541 67.453372588430994  21.846414059106888 -13.822499999999998 67.409052738450384 
 0 5 1 5
7 0 0  4 5 2  9.4275831661299012 -13.769498151067918 67.587844030636489  9.3578902818519705 -13.78272177832228 67.542826779262754  9.2878967431425323 -13.795973283108946 67.497984382250948  9.217456426772344 -13.8092389277798 67.453372587984134  9.1464140590641954 -13.8225 67.409052737884764 
 0 5 1 5
7 0 0  4 5 2  16.25358594089311 -13.822499999999998 67.409052738450413  16.18254357346326 -13.809238927615363 67.453372588627957  16.112103256527572 -13.795973283421068 67.497984382285097  16.042109718514585 -13.782721778180157 67.542826779592829  15.972416834068298 -13.769498151107518 67.58784403064557 
 0 5 1 5
Polygon3D 0
PolygonOnTriangulations 0
Surfaces 40
1 0 -16.085000000000001 47 0 -1 0 0 0 1 -1 0 0 
2 0 -15.435 68.349999999999994 1 0 0 0 -1 0 -0 -0 1 0.65000000000000002
9 1 0 0 0 1 3 2 51 2 49 0 -16.189166666666665 69.049999999999997  1 0.26668430083001088 -16.189166666581542 69.051455152686287  0.99999999999054523 0.81776882424525532 -16.189166666708424 68.963408673765443  1.0000000000046383 1.6158394956915938 -16.189166666654309 68.613845593812002  0.9999999999986271 2.3988225237556606 -16.189166666670243 68.106765835623492  1.000000000000397 3.1749922363155796 -16.189166666665685 67.518565850663606  0.99999999999989175 3.9512078628531975 -16.189166666666914 66.930266966716161  1.000000000000028 4.7340619603686438 -16.189166666666605 66.423464925712281  0.99999999999999301 5.5325626981254086 -16.189166666666683 66.072975480323123  1.0000000000000013 6.3499999691286853 -16.189166666666654 65.945358406749577  0.99999999999999978 7.1674374289064957 -16.189166666666672 66.072975716117512  1.0000000000000002 7.9659375529348884 -16.189166666666658 66.42346388855961  1 8.7487941237707805 -16.189166666666669 66.930271242674067  0.99999999999999989 9.5249999997942663 -16.189166666666662 67.518549128083222  0.99999999999999989 10.301205877034446 -16.189166666666669 68.106827010871456  1.0000000000000004 11.084062444453757 -16.189166666666658 68.613634372345331  1 11.882562579878659 -16.189166666666672 68.9641225202393  1.0000000000000004 12.699999999999186 -16.189166666666665 69.091739915029194  1 13.517437420124706 -16.189166666666665 68.964122520245553  1 14.315937555533337 -16.189166666666658 68.613634372317819  1 15.098794123018205 -16.189166666666672 68.106827010984816  0.99999999999999989 15.874999999999993 -16.189166666666665 67.518549127640043  1.0000000000000002 16.651205876981823 -16.189166666666669 66.930271244295284  0.99999999999999933 17.434062444466587 -16.189166666666658 66.423463882962309  1.0000000000000004 18.23256257987552 -16.189166666666665 66.072975735034021  1 19.050000000000015 -16.189166666666662 65.945358340252682  1 19.867437420124453 -16.189166666666662 66.072975735033964  1.0000000000000011 20.665937555533439 -16.189166666666669 66.423463882962423  0.99999999999999933 21.448794123018153 -16.189166666666669 66.930271244295199  1 22.225000000000016 -16.189166666666658 67.518549127640028  1 23.001205876981796 -16.189166666666672 68.106827010984802  1 23.784062444466667 -16.189166666666662 68.613634372317833  0.99999999999999989 24.582562579875301 -16.189166666666669 68.964122520245581  1 25.400000000000819 -16.189166666666662 69.091739915029123  0.99999999999999989 26.217437420121346 -16.189166666666672 68.964122520239357  1.0000000000000004 27.01593755554623 -16.189166666666662 68.613634372345317  0.99999999999999978 27.798794122965557 -16.189166666666665 68.106827010871498  1 28.575000000205733 -16.189166666666665 67.518549128083137  1 29.351205876229226 -16.189166666666658 66.930271242674138  1 30.134062447065112 -16.189166666666665 66.423463888559638  0.99999999999999956 30.932562571093495 -16.189166666666669 66.072975716117483  1.0000000000000007 31.750000030871369 -16.189166666666672 65.945358406749662  0.99999999999999833 32.567437301874406 -16.18916666666663 66.072975480323052  1.0000000000000044 33.36593803963207 -16.189166666666811 66.42346492571204  0.99999999999998535 34.148792137143886 -16.189166666666072 66.930266966716971  1.0000000000000604 34.925007763695923 -16.189166666668978 67.51856585066065  0.99999999999976419 35.701177476201927 -16.189166666658238 68.106765835634064  1.000000000000862 36.484160504456106 -16.18916666669573 68.613845593776162  0.99999999999702482 37.28223117525129 -16.18916666656845 68.963408673884658  1.0000000000100544 37.833315700202327 -16.189166666866864 69.051455152444248  0.99999999997950517 38.100000000000001 -16.189166666666665 69.049999999999997  1 
0 -15.893333333333333 69.049999999999997  1 0.26668430083001088 -15.893333333443948 69.051375979178033  0.99999999999054523 0.81776882424525532 -15.893333333279074 68.968119886902528  1.0000000000046383 1.6158394956915938 -15.893333333349378 68.637575636043636  0.9999999999986271 2.3988225237556606 -15.893333333328703 68.158084787369447  1.000000000000397 3.1749922363155796 -15.893333333334585 67.601887254828995  0.99999999999989175 3.9512078628531975 -15.893333333333013 67.045596204303166  1.000000000000028 4.7340619603686438 -15.893333333333409 66.566367962479163  0.99999999999999301 5.5325626981254086 -15.893333333333317 66.234947748868791  1.0000000000000013 6.3499999691286853 -15.893333333333336 66.114273992951482  0.99999999999999978 7.1674374289064957 -15.893333333333324 66.234947971833847  1.0000000000000002 7.9659375529348884 -15.893333333333336 66.566366981756971  1 8.7487941237707805 -15.893333333333333 67.045600247610238  0.99999999999999989 9.5249999997942663 -15.893333333333333 67.601871442108674  0.99999999999999989 10.301205877034446 -15.893333333333327 68.158142634128865  1.0000000000000004 11.084062444453757 -15.893333333333334 68.637375906941145  1 11.882562579878659 -15.893333333333333 68.96879489365169  1.0000000000000004 12.699999999999186 -15.893333333333331 69.089468953308327  1 13.517437420124706 -15.893333333333333 68.968794893657616  1 14.315937555533337 -15.893333333333326 68.637375906915125  1 15.098794123018205 -15.89333333333334 68.158142634236057  0.99999999999999989 15.874999999999993 -15.893333333333324 67.601871441689653  1.0000000000000002 16.651205876981823 -15.893333333333342 67.045600249143192  0.99999999999999933 17.434062444466587 -15.893333333333322 66.566366976464224  1.0000000000000004 18.23256257987552 -15.893333333333338 66.234947989721149  1 19.050000000000015 -15.893333333333338 66.114273930072599  1 19.867437420124453 -15.893333333333318 66.234947989721107  1.0000000000000011 20.665937555533439 -15.893333333333342 66.56636697646428  0.99999999999999933 21.448794123018153 -15.893333333333336 67.045600249143163  1 22.225000000000016 -15.893333333333324 67.60187144168961  1 23.001205876981796 -15.893333333333345 68.158142634236043  1 23.784062444466667 -15.893333333333326 68.637375906915153  0.99999999999999989 24.582562579875301 -15.893333333333333 68.968794893657588  1 25.400000000000819 -15.893333333333342 69.089468953308369  0.99999999999999989 26.217437420121346 -15.893333333333327 68.968794893651705  1.0000000000000004 27.01593755554623 -15.893333333333329 68.637375906941102  0.99999999999999978 27.798794122965557 -15.89333333333334 68.158142634128922  1 28.575000000205733 -15.893333333333324 67.601871442108632  1 29.351205876229226 -15.89333333333334 67.045600247610281  1 30.134062447065112 -15.893333333333329 66.566366981756957  0.99999999999999956 30.932562571093495 -15.893333333333334 66.23494797183379  1.0000000000000007 31.750000030871369 -15.893333333333336 66.114273992951794  0.99999999999999833 32.567437301874406 -15.893333333333331 66.234947748867725  1.0000000000000044 33.36593803963207 -15.893333333333326 66.566367962483369  0.99999999999998535 34.148792137143886 -15.893333333333356 67.045596204285658  1.0000000000000604 34.925007763695923 -15.893333333333249 67.601887254897548  0.99999999999976419 35.701177476201927 -15.893333333333642 68.158084787118526  1.000000000000862 36.484160504456106 -15.893333333332269 68.637575636910725  0.99999999999702482 37.28223117525129 -15.893333333336905 68.968119883970374  1.0000000000100544 37.833315700202327 -15.893333333326044 69.051375985156042  0.99999999997950517 38.100000000000001 -15.893333333333333 69.049999999999997  1 

1 2
2 2

0 4
0.019043869865423484 1
0.039181669338101022 1
0.060772106400712955 1
0.08333333333333337 1
0.10589456026595376 1
0.12748499732856572 1
0.14762279680124321 1
0.16666666666666674 1
0.18571053653209021 1
0.20584833600476773 1
0.22743877306737972 1
0.25000000000000011 1
0.27256122693262047 1
0.2941516639952324 1
0.31428946346790998 1
0.33333333333333348 1
0.35237720319875693 1
0.37251500267143456 1
0.39410543973404633 1
0.4166666666666668 1
0.43922789359928716 1
0.4608183306618992 1
0.48095613013457678 1
0.50000000000000022 1
0.51904386986542372 1
0.5391816693381013 1
0.56077210640071329 1
0.58333333333333359 1
0.60589456026595412 1
0.62748499732856589 1
0.64762279680124346 1
0.66666666666666696 1
0.68571053653209035 1
0.70584833600476793 1
0.72743877306737981 1
0.75000000000000033 1
0.77256122693262064 1
0.79415166399523252 1
0.81428946346790998 1
0.83333333333333337 1
0.85237720319875698 1
0.87251500267143434 1
0.89410543973404633 1
0.91666666666666674 1
0.93922789359928704 1
0.96081833066189903 1
0.98095613013457639 1
1 4

1 38.100000000000001 -14.754660139677609 57.843861128708028 -1 -0 -0 0 0 -1 0 -1 0 
1 0 -13.335000000000001 47 0 0 -1 0 -1 0 -1 -0 -0 
1 0 -14.754660139677609 57.843861128708028 -1 -0 -0 0 0 -1 0 -1 0 
9 1 0 0 0 1 3 2 51 2 49 0 -15.893333333333333 69.049999999999997  1 0.26668430083001088 -15.893333333443948 69.051375979178033  0.99999999999054523 0.81776882424525532 -15.893333333279074 68.968119886902528  1.0000000000046383 1.6158394956915938 -15.893333333349378 68.637575636043636  0.9999999999986271 2.3988225237556606 -15.893333333328703 68.158084787369447  1.000000000000397 3.1749922363155796 -15.893333333334585 67.601887254828995  0.99999999999989175 3.9512078628531975 -15.893333333333013 67.045596204303166  1.000000000000028 4.7340619603686438 -15.893333333333409 66.566367962479163  0.99999999999999301 5.5325626981254086 -15.893333333333317 66.234947748868791  1.0000000000000013 6.3499999691286853 -15.893333333333336 66.114273992951482  0.99999999999999978 7.1674374289064957 -15.893333333333324 66.234947971833847  1.0000000000000002 7.9659375529348884 -15.893333333333336 66.566366981756971  1 8.7487941237707805 -15.893333333333333 67.045600247610238  0.99999999999999989 9.5249999997942663 -15.893333333333333 67.601871442108674  0.99999999999999989 10.301205877034446 -15.893333333333327 68.158142634128865  1.0000000000000004 11.084062444453757 -15.893333333333334 68.637375906941145  1 11.882562579878659 -15.893333333333333 68.96879489365169  1.0000000000000004 12.699999999999186 -15.893333333333331 69.089468953308327  1 13.517437420124706 -15.893333333333333 68.968794893657616  1 14.315937555533337 -15.893333333333326 68.637375906915125  1 15.098794123018205 -15.89333333333334 68.158142634236057  0.99999999999999989 15.874999999999993 -15.893333333333324 67.601871441689653  1.0000000000000002 16.651205876981823 -15.893333333333342 67.045600249143192  0.99999999999999933 17.434062444466587 -15.893333333333322 66.566366976464224  1.0000000000000004 18.23256257987552 -15.893333333333338 66.234947989721149  1 19.050000000000015 -15.893333333333338 66.114273930072599  1 19.867437420124453 -15.893333333333318 66.234947989721107  1.0000000000000011 20.665937555533439 -15.893333333333342 66.56636697646428  0.99999999999999933 21.448794123018153 -15.893333333333336 67.045600249143163  1 22.225000000000016 -15.893333333333324 67.60187144168961  1 23.001205876981796 -15.893333333333345 68.158142634236043  1 23.784062444466667 -15.893333333333326 68.637375906915153  0.99999999999999989 24.582562579875301 -15.893333333333333 68.968794893657588  1 25.400000000000819 -15.893333333333342 69.089468953308369  0.99999999999999989 26.217437420121346 -15.893333333333327 68.968794893651705  1.0000000000000004 27.01593755554623 -15.893333333333329 68.637375906941102  0.99999999999999978 27.798794122965557 -15.89333333333334 68.158142634128922  1 28.575000000205733 -15.893333333333324 67.601871442108632  1 29.351205876229226 -15.89333333333334 67.045600247610281  1 30.134062447065112 -15.893333333333329 66.566366981756957  0.99999999999999956 30.932562571093495 -15.893333333333334 66.23494797183379  1.0000000000000007 31.750000030871369 -15.893333333333336 66.114273992951794  0.99999999999999833 32.567437301874406 -15.893333333333331 66.234947748867725  1.0000000000000044 33.36593803963207 -15.893333333333326 66.566367962483369  0.99999999999998535 34.148792137143886 -15.893333333333356 67.045596204285658  1.0000000000000604 34.925007763695923 -15.893333333333249 67.601887254897548  0.99999999999976419 35.701177476201927 -15.893333333333642 68.158084787118526  1.000000000000862 36.484160504456106 -15.893333333332269 68.637575636910725  0.99999999999702482 37.28223117525129 -15.893333333336905 68.968119883970374  1.0000000000100544 37.833315700202327 -15.893333333326044 69.051375985156042  0.99999999997950517 38.100000000000001 -15.893333333333333 69.049999999999997  1 
0 -15.5975 69.049999999999997  1 0.26668430083001088 -15.597500000141823 69.051314403042312  0.99999999999054523 0.81776882424525532 -15.597499999930438 68.971784162187902  1.0000000000046383 1.6158394956915938 -15.597500000020574 68.656032336030293  0.9999999999986271 2.3988225237556606 -15.597499999994049 68.197999527479269  1.000000000000397 3.1749922363155796 -15.597500000001617 67.666692791439502  0.99999999999989175 3.9512078628531975 -15.59749999999959 67.135296722416882  1.000000000000028 4.7340619603686438 -15.597500000000094 66.677514768855715  0.99999999999999301 5.5325626981254086 -15.597499999999989 66.360926179959279  1.0000000000000013 6.3499999691286853 -15.597499999999995 66.245652782219807  0.99999999999999978 7.1674374289064957 -15.5975 66.360926392946496  1.0000000000000002 7.9659375529348884 -15.597499999999998 66.677513832021617  1 8.7487941237707805 -15.5975 67.135300584782769  0.99999999999999989 9.5249999997942663 -15.597499999999997 67.666677686350695  0.99999999999999989 10.301205877034446 -15.597500000000004 68.198054785551307  1.0000000000000004 11.084062444453757 -15.597499999999995 68.655841544960111  1 11.882562579878659 -15.597499999999997 68.972428961861311  1.0000000000000004 12.699999999999186 -15.597500000000009 69.087702649747712  1 13.517437420124706 -15.5975 68.972428961866981  1 14.315937555533337 -15.597499999999989 68.655841544935242  1 15.098794123018205 -15.597500000000007 68.198054785653696  0.99999999999999989 15.874999999999993 -15.597499999999995 67.666677685950404  1.0000000000000002 16.651205876981823 -15.597500000000011 67.135300586247155  0.99999999999999933 17.434062444466587 -15.597499999999989 66.677513826965679  1.0000000000000004 18.23256257987552 -15.597500000000007 66.360926410033358  1 19.050000000000015 -15.597499999999991 66.245652722154759  1 19.867437420124453 -15.597500000000005 66.360926410033315  1.0000000000000011 20.665937555533439 -15.597499999999998 66.67751382696575  0.99999999999999933 21.448794123018153 -15.597500000000005 67.135300586247098  1 22.225000000000016 -15.597499999999989 67.666677685950418  1 23.001205876981796 -15.597500000000004 68.198054785653682  1 23.784062444466667 -15.597500000000002 68.655841544935228  0.99999999999999989 24.582562579875301 -15.597500000000004 68.972428961867038  1 25.400000000000819 -15.597499999999995 69.087702649747641  0.99999999999999989 26.217437420121346 -15.597500000000007 68.972428961861425  1.0000000000000004 27.01593755554623 -15.597499999999989 68.65584154496004  0.99999999999999978 27.798794122965557 -15.597500000000002 68.198054785551363  1 28.575000000205733 -15.597499999999997 67.666677686350624  1 29.351205876229226 -15.597500000000007 67.13530058478284  1 30.134062447065112 -15.597499999999998 66.677513832021532  0.99999999999999956 30.932562571093495 -15.597499999999998 66.360926392946581  1.0000000000000007 31.750000030871369 -15.59750000000002 66.245652782219793  0.99999999999999833 32.567437301874406 -15.597499999999943 66.360926179959364  1.0000000000000044 33.36593803963207 -15.597500000000235 66.677514768855374  0.99999999999998535 34.148792137143886 -15.597499999999009 67.135296722417806  1.0000000000000604 34.925007763695923 -15.597500000003864 67.666692791436105  0.99999999999976419 35.701177476201927 -15.597499999985882 68.197999527491504  1.000000000000862 36.484160504456106 -15.597500000048726 68.656032335988598  0.99999999999702482 37.28223117525129 -15.597499999835323 68.971784162327111  1.0000000000100544 37.833315700202327 -15.597500000335693 69.051314402759388  0.99999999997950517 38.100000000000001 -15.5975 69.049999999999997  1 

2 2
3 2

0 4
0.019043869865423484 1
0.039181669338101022 1
0.060772106400712955 1
0.08333333333333337 1
0.10589456026595376 1
0.12748499732856572 1
0.14762279680124321 1
0.16666666666666674 1
0.18571053653209021 1
0.20584833600476773 1
0.22743877306737972 1
0.25000000000000011 1
0.27256122693262047 1
0.2941516639952324 1
0.31428946346790998 1
0.33333333333333348 1
0.35237720319875693 1
0.37251500267143456 1
0.39410543973404633 1
0.4166666666666668 1
0.43922789359928716 1
0.4608183306618992 1
0.48095613013457678 1
0.50000000000000022 1
0.51904386986542372 1
0.5391816693381013 1
0.56077210640071329 1
0.58333333333333359 1
0.60589456026595412 1
0.62748499732856589 1
0.64762279680124346 1
0.66666666666666696 1
0.68571053653209035 1
0.70584833600476793 1
0.72743877306737981 1
0.75000000000000033 1
0.77256122693262064 1
0.79415166399523252 1
0.81428946346790998 1
0.83333333333333337 1
0.85237720319875698 1
0.87251500267143434 1
0.89410543973404633 1
0.91666666666666674 1
0.93922789359928704 1
0.96081833066189903 1
0.98095613013457639 1
1 4

9 1 0 0 0 1 3 2 51 2 49 0 -15.5975 69.049999999999997  1 0.26668430083001088 -15.597500000141823 69.051314403042312  0.99999999999054523 0.81776882424525532 -15.597499999930438 68.971784162187902  1.0000000000046383 1.6158394956915938 -15.597500000020574 68.656032336030293  0.9999999999986271 2.3988225237556606 -15.597499999994049 68.197999527479269  1.000000000000397 3.1749922363155796 -15.597500000001617 67.666692791439502  0.99999999999989175 3.9512078628531975 -15.59749999999959 67.135296722416882  1.000000000000028 4.7340619603686438 -15.597500000000094 66.677514768855715  0.99999999999999301 5.5325626981254086 -15.597499999999989 66.360926179959279  1.0000000000000013 6.3499999691286853 -15.597499999999995 66.245652782219807  0.99999999999999978 7.1674374289064957 -15.5975 66.360926392946496  1.0000000000000002 7.9659375529348884 -15.597499999999998 66.677513832021617  1 8.7487941237707805 -15.5975 67.135300584782769  0.99999999999999989 9.5249999997942663 -15.597499999999997 67.666677686350695  0.99999999999999989 10.301205877034446 -15.597500000000004 68.198054785551307  1.0000000000000004 11.084062444453757 -15.597499999999995 68.655841544960111  1 11.882562579878659 -15.597499999999997 68.972428961861311  1.0000000000000004 12.699999999999186 -15.597500000000009 69.087702649747712  1 13.517437420124706 -15.5975 68.972428961866981  1 14.315937555533337 -15.597499999999989 68.655841544935242  1 15.098794123018205 -15.597500000000007 68.198054785653696  0.99999999999999989 15.874999999999993 -15.597499999999995 67.666677685950404  1.0000000000000002 16.651205876981823 -15.597500000000011 67.135300586247155  0.99999999999999933 17.434062444466587 -15.597499999999989 66.677513826965679  1.0000000000000004 18.23256257987552 -15.597500000000007 66.360926410033358  1 19.050000000000015 -15.597499999999991 66.245652722154759  1 19.867437420124453 -15.597500000000005 66.360926410033315  1.0000000000000011 20.665937555533439 -15.597499999999998 66.67751382696575  0.99999999999999933 21.448794123018153 -15.597500000000005 67.135300586247098  1 22.225000000000016 -15.597499999999989 67.666677685950418  1 23.001205876981796 -15.597500000000004 68.198054785653682  1 23.784062444466667 -15.597500000000002 68.655841544935228  0.99999999999999989 24.582562579875301 -15.597500000000004 68.972428961867038  1 25.400000000000819 -15.597499999999995 69.087702649747641  0.99999999999999989 26.217437420121346 -15.597500000000007 68.972428961861425  1.0000000000000004 27.01593755554623 -15.597499999999989 68.65584154496004  0.99999999999999978 27.798794122965557 -15.597500000000002 68.198054785551363  1 28.575000000205733 -15.597499999999997 67.666677686350624  1 29.351205876229226 -15.597500000000007 67.13530058478284  1 30.134062447065112 -15.597499999999998 66.677513832021532  0.99999999999999956 30.932562571093495 -15.597499999999998 66.360926392946581  1.0000000000000007 31.750000030871369 -15.59750000000002 66.245652782219793  0.99999999999999833 32.567437301874406 -15.597499999999943 66.360926179959364  1.0000000000000044 33.36593803963207 -15.597500000000235 66.677514768855374  0.99999999999998535 34.148792137143886 -15.597499999999009 67.135296722417806  1.0000000000000604 34.925007763695923 -15.597500000003864 67.666692791436105  0.99999999999976419 35.701177476201927 -15.597499999985882 68.197999527491504  1.000000000000862 36.484160504456106 -15.597500000048726 68.656032335988598  0.99999999999702482 37.28223117525129 -15.597499999835323 68.971784162327111  1.0000000000100544 37.833315700202327 -15.597500000335693 69.051314402759388  0.99999999997950517 38.100000000000001 -15.5975 69.049999999999997  1 
0 -15.301666666666666 69.049999999999997  1 0.26668430083001088 -15.301666666699967 69.0512704190416  0.99999999999054523 0.81776882424525532 -15.301666666650329 68.974401502190844  1.0000000000046383 1.6158394956915938 -15.301666666671499 68.669215693011722  0.9999999999986271 2.3988225237556606 -15.301666666665266 68.226510056173112  1.000000000000397 3.1749922363155796 -15.301666666667055 67.712982460435029  0.99999999999989175 3.9512078628531975 -15.301666666666558 67.199368521072557  1.000000000000028 4.7340619603686438 -15.301666666666698 66.756905344838145  0.99999999999999301 5.5325626981254086 -15.301666666666661 66.450910773595666  1.0000000000000013 6.3499999691286853 -15.301666666666666 66.339494774554211  0.99999999999999978 7.1674374289064957 -15.301666666666664 66.4509109794556  1.0000000000000002 7.9659375529348884 -15.301666666666671 66.756904439353463  1 8.7487941237707805 -15.301666666666666 67.199372254191715  0.99999999999999989 9.5249999997942663 -15.301666666666662 67.712967860809343  0.99999999999999989 10.301205877034446 -15.301666666666671 68.226563465138753  1.0000000000000004 11.084062444453757 -15.301666666666661 68.669031286402188  1 11.882562579878659 -15.301666666666668 68.97502472486822  1.0000000000000004 12.699999999999186 -15.301666666666666 69.086441004347208  1 13.517437420124706 -15.301666666666669 68.975024724873748  1 14.315937555533337 -15.301666666666657 68.669031286378129  1 15.098794123018205 -15.301666666666666 68.226563465237703  0.99999999999999989 15.874999999999993 -15.301666666666673 67.712967860422424  1.0000000000000002 16.651205876981823 -15.301666666666659 67.199372255607116  0.99999999999999933 17.434062444466587 -15.301666666666673 66.756904434466719  1.0000000000000004 18.23256257987552 -15.301666666666655 66.450910995970659  1 19.050000000000015 -15.301666666666673 66.339494716499146  1 19.867437420124453 -15.301666666666653 66.450910995970645  1.0000000000000011 20.665937555533439 -15.301666666666675 66.756904434466747  0.99999999999999933 21.448794123018153 -15.301666666666671 67.199372255607074  1 22.225000000000016 -15.301666666666652 67.712967860422395  1 23.001205876981796 -15.30166666666668 68.226563465237746  1 23.784062444466667 -15.301666666666659 68.6690312863782  0.99999999999999989 24.582562579875301 -15.301666666666668 68.975024724873691  1 25.400000000000819 -15.301666666666664 69.086441004347236  0.99999999999999989 26.217437420121346 -15.301666666666673 68.975024724868234  1.0000000000000004 27.01593755554623 -15.301666666666661 68.669031286402173  0.99999999999999978 27.798794122965557 -15.301666666666666 68.226563465138781  1 28.575000000205733 -15.301666666666659 67.712967860809272  1 29.351205876229226 -15.301666666666673 67.1993722541918  1 30.134062447065112 -15.301666666666662 66.756904439353377  0.99999999999999956 30.932562571093495 -15.301666666666669 66.450910979455685  1.0000000000000007 31.750000030871369 -15.301666666666662 66.339494774554225  0.99999999999999833 32.567437301874406 -15.301666666666685 66.450910773595425  1.0000000000000044 33.36593803963207 -15.301666666666558 66.756905344838927  0.99999999999998535 34.148792137143886 -15.301666666667083 67.19936852106926  1.0000000000000604 34.925007763695923 -15.30166666666503 67.712982460447847  0.99999999999976419 35.701177476201927 -15.301666666672677 68.226510056126074  1.000000000000862 36.484160504456106 -15.301666666645888 68.669215693174706  0.99999999999702482 37.28223117525129 -15.301666666736883 68.974401501638283  1.0000000000100544 37.833315700202327 -15.30166666652352 69.051270420168805  0.99999999997950517 38.100000000000001 -15.301666666666666 69.049999999999997  1 

3 2
4 2

0 4
0.019043869865423484 1
0.039181669338101022 1
0.060772106400712955 1
0.08333333333333337 1
0.10589456026595376 1
0.12748499732856572 1
0.14762279680124321 1
0.16666666666666674 1
0.18571053653209021 1
0.20584833600476773 1
0.22743877306737972 1
0.25000000000000011 1
0.27256122693262047 1
0.2941516639952324 1
0.31428946346790998 1
0.33333333333333348 1
0.35237720319875693 1
0.37251500267143456 1
0.39410543973404633 1
0.4166666666666668 1
0.43922789359928716 1
0.4608183306618992 1
0.48095613013457678 1
0.50000000000000022 1
0.51904386986542372 1
0.5391816693381013 1
0.56077210640071329 1
0.58333333333333359 1
0.60589456026595412 1
0.62748499732856589 1
0.64762279680124346 1
0.66666666666666696 1
0.68571053653209035 1
0.70584833600476793 1
0.72743877306737981 1
0.75000000000000033 1
0.77256122693262064 1
0.79415166399523252 1
0.81428946346790998 1
0.83333333333333337 1
0.85237720319875698 1
0.87251500267143434 1
0.89410543973404633 1
0.91666666666666674 1
0.93922789359928704 1
0.96081833066189903 1
0.98095613013457639 1
1 4

1 0 -16.085000000000001 69 0 0 1 0 1 0 -1 0 0 
1 0 -13.335000000000001 65 -0 1 0 0 0 -1 -1 0 -0 
9 1 0 0 0 1 3 2 51 2 49 0 -13.335000000000001 55  1 0.26470608200658952 -13.335000000807023 55.000000003067974  0.99999999994223288 0.79467651928299765 -13.334999999624632 54.999999998572967  1.0000000000268701 1.5888106519905136 -13.335000000101022 55.000000000384041  0.9999999999927689 2.3821690083085949 -13.33499999997283 54.999999999896701  1.0000000000019447 3.1750001083685757 -13.335000000007287 55.000000000027725  0.99999999999947864 3.9678305587033011 -13.334999999998056 54.999999999992596  1.0000000000001388 4.7611908577708464 -13.335000000000507 55.00000000000194  0.9999999999999637 5.5553178977671527 -13.334999999999871 54.999999999999517  1.0000000000000089 6.3500000005521153 -13.335000000000033 55.000000000000099  0.99999999999999845 7.1446821000218828 -13.334999999999996 55.000000000000007  0.99999999999999967 7.9388091499969189 -13.335000000000003 54.999999999999964  1.0000000000000004 8.7321694123176439 -13.335000000000003 55.000000000000043  0.99999999999999989 9.5250000000028798 -13.335000000000006 55  1 10.317830587670857 -13.335000000000001 55.000000000000007  1 11.111190850043188 -13.335000000000003 55.000000000000007  1.0000000000000004 11.905317899829774 -13.335000000000001 54.999999999999986  0.99999999999999978 12.700000000000019 -13.335000000000006 55.000000000000007  0.99999999999999989 13.494682100170175 -13.334999999999997 55.000000000000021  0.99999999999999989 14.288809149957 -13.335000000000001 54.999999999999979  1.0000000000000002 15.08216941232839 -13.334999999999999 55.000000000000021  0.99999999999999989 15.874999999999995 -13.335000000000003 54.999999999999964  1.0000000000000004 16.66783058767162 -13.334999999999997 55.00000000000005  0.99999999999999989 17.461190850043 -13.335000000000004 55  1.0000000000000002 18.255317899829816 -13.334999999999997 54.999999999999957  1 19.050000000000004 -13.335000000000004 55.000000000000028  1 19.844682100170175 -13.33500000000001 55.000000000000021  0.99999999999999967 20.638809149956995 -13.334999999999996 54.999999999999964  1.0000000000000007 21.432169412328406 -13.334999999999999 55.000000000000043  1 22.224999999999977 -13.335000000000006 54.999999999999957  0.99999999999999978 23.017830587671629 -13.33499999999999 55.00000000000005  1.0000000000000002 23.811190850042994 -13.335000000000013 54.999999999999993  0.99999999999999989 24.605317899829831 -13.334999999999994 55.000000000000028  1 25.399999999999977 -13.335000000000004 54.999999999999957  1 26.19468210017024 -13.334999999999999 55.000000000000036  0.99999999999999967 26.988809149956793 -13.335000000000004 55.000000000000007  1.0000000000000002 27.782169412329143 -13.334999999999997 54.999999999999972  1.0000000000000002 28.574999999997139 -13.335000000000008 55.000000000000043  0.99999999999999922 29.367830587682334 -13.334999999999996 54.999999999999943  1.0000000000000009 30.161190850003074 -13.334999999999994 54.999999999999986  1.0000000000000002 30.955317899978148 -13.335000000000006 55.000000000000028  0.99999999999999922 31.749999999447819 -13.335000000000004 55.000000000000014  1.0000000000000013 32.544682102233047 -13.334999999999976 54.999999999999851  0.99999999999999623 33.338809142228257 -13.335000000000036 55.000000000000512  1.0000000000000151 34.132169441300341 -13.334999999999916 54.999999999998217  0.99999999999994271 34.924999891617119 -13.335000000000285 55.000000000006551  1.0000000000002145 35.71783099174705 -13.334999999998946 54.999999999975707  0.99999999999919731 36.511189347794449 -13.335000000003925 55.000000000090189  1.0000000000029883 37.305323481546196 -13.334999999985426 54.999999999664901  0.99999999998889577 37.835293916167466 -13.335000000031348 55.000000000720462  1.000000000023874 38.100000000000001 -13.335000000000001 55  1 
0 -13.335285322359397 55.666666666666664  1 0.26470608200658952 -13.335285600580765 55.666666669453953  0.99999999994223288 0.79467651928299765 -13.335463986060121 55.666666665370201  1.0000000000268701 1.5888106519905136 -13.336226767986965 55.666666667015562  0.9999999999927689 2.3821690083085949 -13.337366333083184 55.66666666657283  1.0000000000019447 3.1750001083685757 -13.338709193185009 55.666666666691832  0.99999999999947864 3.9678305587033011 -13.340052038220957 55.666666666659943  1.0000000000001388 4.7611908577708464 -13.341191648365962 55.666666666668434  0.9999999999999637 5.5553178977671527 -13.341954265825246 55.666666666666217  1.0000000000000089 6.3500000005521153 -13.342222354373131 55.666666666666728  0.99999999999999845 7.1446821000218828 -13.341954265869642 55.666666666666679  0.99999999999999967 7.9388091499969189 -13.34119164818769 55.66666666666665  1.0000000000000004 8.7321694123176439 -13.340052038892432 55.666666666666679  0.99999999999999989 9.5250000000028798 -13.338709190672219 55.666666666666657  1 10.317830587670857 -13.337366342451627 55.666666666666693  1 11.111190850043188 -13.336226733157533 55.666666666666643  1.0000000000000004 11.905317899829774 -13.33546411547125 55.666666666666714  0.99999999999999978 12.700000000000019 -13.33519602698396 55.666666666666615  0.99999999999999989 13.494682100170175 -13.335464115471252 55.666666666666707  0.99999999999999989 14.288809149957 -13.336226733157533 55.666666666666607  1.0000000000000002 15.08216941232839 -13.337366342451642 55.666666666666735  0.99999999999999989 15.874999999999995 -13.338709190672148 55.666666666666615  1.0000000000000004 16.66783058767162 -13.340052038892681 55.666666666666707  0.99999999999999989 17.461190850043 -13.341191648186772 55.666666666666643  1.0000000000000002 18.255317899829816 -13.341954265873063 55.666666666666643  1 19.050000000000004 -13.34222235436034 55.666666666666671  1 19.844682100170175 -13.341954265873078 55.666666666666636  0.99999999999999967 20.638809149956995 -13.341191648186767 55.6666666666667  1.0000000000000007 21.432169412328406 -13.340052038892678 55.666666666666643  1 22.224999999999977 -13.338709190672157 55.666666666666686  0.99999999999999978 23.017830587671629 -13.337366342451631 55.666666666666664  1.0000000000000002 23.811190850042994 -13.336226733157543 55.666666666666664  0.99999999999999989 24.605317899829831 -13.335464115471241 55.666666666666686  1 25.399999999999977 -13.335196026983962 55.666666666666622  1 26.19468210017024 -13.335464115471252 55.666666666666707  0.99999999999999967 26.988809149956793 -13.336226733157542 55.666666666666664  1.0000000000000002 27.782169412329143 -13.337366342451608 55.666666666666629  1.0000000000000002 28.574999999997139 -13.338709190672233 55.666666666666728  0.99999999999999922 29.367830587682334 -13.340052038892418 55.666666666666629  1.0000000000000009 30.161190850003074 -13.341191648187696 55.666666666666636  1.0000000000000002 30.955317899978148 -13.341954265869649 55.666666666666714  0.99999999999999922 31.749999999447819 -13.342222354373082 55.666666666666572  1.0000000000000013 32.544682102233047 -13.34195426582545 55.666666666667012  0.99999999999999623 33.338809142228257 -13.341191648365152 55.666666666665279  1.0000000000000151 34.132169441300341 -13.340052038224012 55.666666666672057  0.99999999999994271 34.924999891617119 -13.338709193173576 55.666666666646307  1.0000000000002145 35.71783099174705 -13.337366333125802 55.666666666742707  0.99999999999919731 36.511189347794449 -13.336226767828512 55.666666666383861  1.0000000000029883 37.305323481546196 -13.335463986648877 55.666666667717521  0.99999999998889577 37.835293916167466 -13.335285599315013 55.666666664407444  1.000000000023874 38.100000000000001 -13.335285322359397 55.666666666666664  1 

0 2
1 2

0 4
0.020753200846302881 1
0.041553432551388186 1
0.062419994978511244 1
0.083333333333333329 1
0.10424667168815541 1
0.12511323411527847 1
0.14591346582036377 1
0.16666666666666666 1
0.18741986751296957 1
0.20822009921805484 1
0.22908666164517794 1
0.25 1
0.27091333835482206 1
0.2917799007819451 1
0.31258013248703043 1
0.33333333333333331 1
0.3540865341796362 1
0.37488676588472153 1
0.39575332831184451 1
0.41666666666666663 1
0.43758000502148875 1
0.45844656744861184 1
0.47924679915369717 1
0.5 1
0.52075320084630283 1
0.5415534325513881 1
0.56241999497851125 1
0.58333333333333326 1
0.60424667168815538 1
0.62511323411527842 1
0.6459134658203638 1
0.66666666666666663 1
0.68741986751296935 1
0.70822009921805484 1
0.72908666164517777 1
0.75 1
0.77091333835482201 1
0.79177990078194493 1
0.81258013248703043 1
0.83333333333333326 1
0.85408653417963631 1
0.87488676588472136 1
0.89575332831184451 1
0.91666666666666674 1
0.93758000502148875 1
0.9584465674486119 1
0.97924679915369706 1
1 4

1 38.100000000000001 -13.335000000000001 55 1 0 -0 0 0.18428853505018536 0.98287218693432188 0 -0.98287218693432188 0.18428853505018536 
9 1 0 0 0 1 3 2 51 2 49 0 -13.335285322359397 55.666666666666664  1 0.26470608200658952 -13.335285600580765 55.666666669453953  0.99999999994223288 0.79467651928299765 -13.335463986060121 55.666666665370201  1.0000000000268701 1.5888106519905136 -13.336226767986965 55.666666667015562  0.9999999999927689 2.3821690083085949 -13.337366333083184 55.66666666657283  1.0000000000019447 3.1750001083685757 -13.338709193185009 55.666666666691832  0.99999999999947864 3.9678305587033011 -13.340052038220957 55.666666666659943  1.0000000000001388 4.7611908577708464 -13.341191648365962 55.666666666668434  0.9999999999999637 5.5553178977671527 -13.341954265825246 55.666666666666217  1.0000000000000089 6.3500000005521153 -13.342222354373131 55.666666666666728  0.99999999999999845 7.1446821000218828 -13.341954265869642 55.666666666666679  0.99999999999999967 7.9388091499969189 -13.34119164818769 55.66666666666665  1.0000000000000004 8.7321694123176439 -13.340052038892432 55.666666666666679  0.99999999999999989 9.5250000000028798 -13.338709190672219 55.666666666666657  1 10.317830587670857 -13.337366342451627 55.666666666666693  1 11.111190850043188 -13.336226733157533 55.666666666666643  1.0000000000000004 11.905317899829774 -13.33546411547125 55.666666666666714  0.99999999999999978 12.700000000000019 -13.33519602698396 55.666666666666615  0.99999999999999989 13.494682100170175 -13.335464115471252 55.666666666666707  0.99999999999999989 14.288809149957 -13.336226733157533 55.666666666666607  1.0000000000000002 15.08216941232839 -13.337366342451642 55.666666666666735  0.99999999999999989 15.874999999999995 -13.338709190672148 55.666666666666615  1.0000000000000004 16.66783058767162 -13.340052038892681 55.666666666666707  0.99999999999999989 17.461190850043 -13.341191648186772 55.666666666666643  1.0000000000000002 18.255317899829816 -13.341954265873063 55.666666666666643  1 19.050000000000004 -13.34222235436034 55.666666666666671  1 19.844682100170175 -13.341954265873078 55.666666666666636  0.99999999999999967 20.638809149956995 -13.341191648186767 55.6666666666667  1.0000000000000007 21.432169412328406 -13.340052038892678 55.666666666666643  1 22.224999999999977 -13.338709190672157 55.666666666666686  0.99999999999999978 23.017830587671629 -13.337366342451631 55.666666666666664  1.0000000000000002 23.811190850042994 -13.336226733157543 55.666666666666664  0.99999999999999989 24.605317899829831 -13.335464115471241 55.666666666666686  1 25.399999999999977 -13.335196026983962 55.666666666666622  1 26.19468210017024 -13.335464115471252 55.666666666666707  0.99999999999999967 26.988809149956793 -13.336226733157542 55.666666666666664  1.0000000000000002 27.782169412329143 -13.337366342451608 55.666666666666629  1.0000000000000002 28.574999999997139 -13.338709190672233 55.666666666666728  0.99999999999999922 29.367830587682334 -13.340052038892418 55.666666666666629  1.0000000000000009 30.161190850003074 -13.341191648187696 55.666666666666636  1.0000000000000002 30.955317899978148 -13.341954265869649 55.666666666666714  0.99999999999999922 31.749999999447819 -13.342222354373082 55.666666666666572  1.0000000000000013 32.544682102233047 -13.34195426582545 55.666666666667012  0.99999999999999623 33.338809142228257 -13.341191648365152 55.666666666665279  1.0000000000000151 34.132169441300341 -13.340052038224012 55.666666666672057  0.99999999999994271 34.924999891617119 -13.338709193173576 55.666666666646307  1.0000000000002145 35.71783099174705 -13.337366333125802 55.666666666742707  0.99999999999919731 36.511189347794449 -13.336226767828512 55.666666666383861  1.0000000000029883 37.305323481546196 -13.335463986648877 55.666666667717521  0.99999999998889577 37.835293916167466 -13.335285599315013 55.666666664407444  1.000000000023874 38.100000000000001 -13.335285322359397 55.666666666666664  1 
0 -13.336097393689988 56.333333333333336  1 0.26470608200658952 -13.336098461062269 56.333333337332142  0.99999999994223288 0.79467651928299765 -13.336784563030163 56.333333331473341  1.0000000000268701 1.5888106519905136 -13.339718338072172 56.333333333833927  0.9999999999927689 2.3821690083085949 -13.344101281180416 56.333333333198681  1.0000000000019447 3.1750001083685757 -13.34926612761017 56.33333333336946  0.99999999999947864 3.9678305587033011 -13.354430916240997 56.333333333323687  1.0000000000001388 4.7611908577708464 -13.358814032175031 56.333333333335858  0.9999999999999637 5.5553178977671527 -13.36174717625139 56.333333333332718  1.0000000000000089 6.3500000005521153 -13.362778286050414 56.333333333333456  0.99999999999999845 7.1446821000218828 -13.361747176421693 56.33333333333335  0.99999999999999967 7.9388091499969189 -13.358814031491125 56.3333333333333  1.0000000000000004 8.7321694123176439 -13.354430918817027 56.333333333333364  0.99999999999999989 9.5250000000028798 -13.349266117970078 56.333333333333343  1 10.317830587670857 -13.344101317121613 56.333333333333364  1 11.111190850043188 -13.339718204452074 56.3333333333333  1.0000000000000004 11.905317899829774 -13.336785059504777 56.333333333333371  0.99999999999999978 12.700000000000019 -13.335753949938331 56.333333333333321  0.99999999999999989 13.494682100170175 -13.336785059504786 56.333333333333336  0.99999999999999989 14.288809149957 -13.339718204452055 56.333333333333329  1.0000000000000002 15.08216941232839 -13.344101317121682 56.33333333333335  0.99999999999999989 15.874999999999995 -13.349266117969814 56.3333333333333  1.0000000000000004 16.66783058767162 -13.354430918817986 56.333333333333378  0.99999999999999989 17.461190850043 -13.358814031487569 56.333333333333329  1.0000000000000002 18.255317899829816 -13.361747176434875 56.333333333333307  1 19.050000000000004 -13.362778286001298 56.333333333333371  1 19.844682100170175 -13.361747176434882 56.333333333333336  0.99999999999999967 20.638809149956995 -13.358814031487572 56.333333333333307  1.0000000000000007 21.432169412328406 -13.354430918817982 56.333333333333378  1 22.224999999999977 -13.349266117969822 56.333333333333314  0.99999999999999978 23.017830587671629 -13.344101317121668 56.333333333333364  1.0000000000000002 23.811190850042994 -13.339718204452074 56.333333333333336  0.99999999999999989 24.605317899829831 -13.336785059504773 56.333333333333357  1 25.399999999999977 -13.335753949938336 56.333333333333314  1 26.19468210017024 -13.336785059504777 56.333333333333378  0.99999999999999967 26.988809149956793 -13.33971820445208 56.3333333333333  1.0000000000000002 27.782169412329143 -13.344101317121609 56.3333333333333  1.0000000000000002 28.574999999997139 -13.349266117970075 56.333333333333428  0.99999999999999922 29.367830587682334 -13.354430918817021 56.33333333333325  1.0000000000000009 30.161190850003074 -13.358814031491123 56.333333333333371  1.0000000000000002 30.955317899978148 -13.361747176421686 56.333333333333343  0.99999999999999922 31.749999999447819 -13.362778286050403 56.333333333333307  1.0000000000000013 32.544682102233047 -13.361747176251477 56.333333333333378  0.99999999999999623 33.338809142228257 -13.358814032174614 56.333333333333101  1.0000000000000151 34.132169441300341 -13.354430916242611 56.33333333333433  0.99999999999994271 34.924999891617119 -13.349266127604109 56.333333333329598  1.0000000000002145 35.71783099174705 -13.344101281202988 56.333333333347305  0.99999999999919731 36.511189347794449 -13.339718337988277 56.333333333281317  1.0000000000029883 37.305323481546196 -13.336784563341796 56.333333333526745  0.99999999998889577 37.835293916167466 -13.336098460392346 56.333333332917462  1.000000000023874 38.100000000000001 -13.336097393689988 56.333333333333336  1 

1 2
2 2

0 4
0.020753200846302881 1
0.041553432551388186 1
0.062419994978511244 1
0.083333333333333329 1
0.10424667168815541 1
0.12511323411527847 1
0.14591346582036377 1
0.16666666666666666 1
0.18741986751296957 1
0.20822009921805484 1
0.22908666164517794 1
0.25 1
0.27091333835482206 1
0.2917799007819451 1
0.31258013248703043 1
0.33333333333333331 1
0.3540865341796362 1
0.37488676588472153 1
0.39575332831184451 1
0.41666666666666663 1
0.43758000502148875 1
0.45844656744861184 1
0.47924679915369717 1
0.5 1
0.52075320084630283 1
0.5415534325513881 1
0.56241999497851125 1
0.58333333333333326 1
0.60424667168815538 1
0.62511323411527842 1
0.6459134658203638 1
0.66666666666666663 1
0.68741986751296935 1
0.70822009921805484 1
0.72908666164517777 1
0.75 1
0.77091333835482201 1
0.79177990078194493 1
0.81258013248703043 1
0.83333333333333326 1
0.85408653417963631 1
0.87488676588472136 1
0.89575332831184451 1
0.91666666666666674 1
0.93758000502148875 1
0.9584465674486119 1
0.97924679915369706 1
1 4

9 1 0 0 0 1 3 2 51 2 49 0 -13.336097393689988 56.333333333333336  1 0.26470608200658952 -13.336098461062269 56.333333337332142  0.99999999994223288 0.79467651928299765 -13.336784563030163 56.333333331473341  1.0000000000268701 1.5888106519905136 -13.339718338072172 56.333333333833927  0.9999999999927689 2.3821690083085949 -13.344101281180416 56.333333333198681  1.0000000000019447 3.1750001083685757 -13.34926612761017 56.33333333336946  0.99999999999947864 3.9678305587033011 -13.354430916240997 56.333333333323687  1.0000000000001388 4.7611908577708464 -13.358814032175031 56.333333333335858  0.9999999999999637 5.5553178977671527 -13.36174717625139 56.333333333332718  1.0000000000000089 6.3500000005521153 -13.362778286050414 56.333333333333456  0.99999999999999845 7.1446821000218828 -13.361747176421693 56.33333333333335  0.99999999999999967 7.9388091499969189 -13.358814031491125 56.3333333333333  1.0000000000000004 8.7321694123176439 -13.354430918817027 56.333333333333364  0.99999999999999989 9.5250000000028798 -13.349266117970078 56.333333333333343  1 10.317830587670857 -13.344101317121613 56.333333333333364  1 11.111190850043188 -13.339718204452074 56.3333333333333  1.0000000000000004 11.905317899829774 -13.336785059504777 56.333333333333371  0.99999999999999978 12.700000000000019 -13.335753949938331 56.333333333333321  0.99999999999999989 13.494682100170175 -13.336785059504786 56.333333333333336  0.99999999999999989 14.288809149957 -13.339718204452055 56.333333333333329  1.0000000000000002 15.08216941232839 -13.344101317121682 56.33333333333335  0.99999999999999989 15.874999999999995 -13.349266117969814 56.3333333333333  1.0000000000000004 16.66783058767162 -13.354430918817986 56.333333333333378  0.99999999999999989 17.461190850043 -13.358814031487569 56.333333333333329  1.0000000000000002 18.255317899829816 -13.361747176434875 56.333333333333307  1 19.050000000000004 -13.362778286001298 56.333333333333371  1 19.844682100170175 -13.361747176434882 56.333333333333336  0.99999999999999967 20.638809149956995 -13.358814031487572 56.333333333333307  1.0000000000000007 21.432169412328406 -13.354430918817982 56.333333333333378  1 22.224999999999977 -13.349266117969822 56.333333333333314  0.99999999999999978 23.017830587671629 -13.344101317121668 56.333333333333364  1.0000000000000002 23.811190850042994 -13.339718204452074 56.333333333333336  0.99999999999999989 24.605317899829831 -13.336785059504773 56.333333333333357  1 25.399999999999977 -13.335753949938336 56.333333333333314  1 26.19468210017024 -13.336785059504777 56.333333333333378  0.99999999999999967 26.988809149956793 -13.33971820445208 56.3333333333333  1.0000000000000002 27.782169412329143 -13.344101317121609 56.3333333333333  1.0000000000000002 28.574999999997139 -13.349266117970075 56.333333333333428  0.99999999999999922 29.367830587682334 -13.354430918817021 56.33333333333325  1.0000000000000009 30.161190850003074 -13.358814031491123 56.333333333333371  1.0000000000000002 30.955317899978148 -13.361747176421686 56.333333333333343  0.99999999999999922 31.749999999447819 -13.362778286050403 56.333333333333307  1.0000000000000013 32.544682102233047 -13.361747176251477 56.333333333333378  0.99999999999999623 33.338809142228257 -13.358814032174614 56.333333333333101  1.0000000000000151 34.132169441300341 -13.354430916242611 56.33333333333433  0.99999999999994271 34.924999891617119 -13.349266127604109 56.333333333329598  1.0000000000002145 35.71783099174705 -13.344101281202988 56.333333333347305  0.99999999999919731 36.511189347794449 -13.339718337988277 56.333333333281317  1.0000000000029883 37.305323481546196 -13.336784563341796 56.333333333526745  0.99999999998889577 37.835293916167466 -13.336098460392346 56.333333332917462  1.000000000023874 38.100000000000001 -13.336097393689988 56.333333333333336  1 
0 -13.337370370370371 57  1 0.26470608200658952 -13.33737267639901 57.000000005621175  0.99999999994223288 0.79467651928299765 -13.338854655910472 56.999999997385395  1.0000000000268701 1.5888106519905136 -13.34519161029907 57.000000000703636  0.9999999999927689 2.3821690083085949 -13.354658767332698 56.999999999810782  1.0000000000019447 3.1750001083685757 -13.365814835642517 57.000000000050704  0.99999999999947864 3.9678305587033011 -13.376970779079329 56.999999999986464  1.0000000000001388 4.7611908577708464 -13.386438309498395 57.00000000000356  0.9999999999999637 5.5553178977671527 -13.392773900702906 56.999999999999083  1.0000000000000089 6.3500000005521153 -13.395001097868922 57.000000000000227  0.99999999999999845 7.1446821000218828 -13.392773901070832 56.99999999999995  0.99999999999999967 7.9388091499969189 -13.386438308020837 56.999999999999979  1.0000000000000004 8.7321694123176439 -13.376970784644751 57.000000000000021  0.99999999999999989 9.5250000000028798 -13.365814814815383 56.999999999999993  1 10.317830587670857 -13.354658844982655 57.000000000000028  1 11.111190850043188 -13.345191321616504 56.999999999999979  1.0000000000000004 11.905317899829774 -13.338855728530312 57.000000000000014  0.99999999999999978 12.700000000000019 -13.336628531866799 56.999999999999979  0.99999999999999989 13.494682100170175 -13.338855728530318 57.000000000000021  0.99999999999999989 14.288809149957 -13.345191321616458 56.999999999999943  1.0000000000000002 15.08216941232839 -13.35465884498281 57.000000000000071  0.99999999999999989 15.874999999999995 -13.365814814814817 56.999999999999936  1.0000000000000004 16.66783058767162 -13.376970784646817 57.000000000000043  0.99999999999999989 17.461190850043 -13.386438308013176 56.999999999999986  1.0000000000000002 18.255317899829816 -13.392773901099316 57.000000000000014  1 19.050000000000004 -13.395001097762826 56.999999999999986  1 19.844682100170175 -13.39277390109932 57.000000000000007  0.99999999999999967 20.638809149956995 -13.386438308013167 57.000000000000014  1.0000000000000007 21.432169412328406 -13.376970784646826 57  1 22.224999999999977 -13.365814814814813 57.000000000000028  0.99999999999999978 23.017830587671629 -13.354658844982808 56.999999999999979  1.0000000000000002 23.811190850042994 -13.345191321616468 57.000000000000007  0.99999999999999989 24.605317899829831 -13.33885572853031 57.000000000000021  1 25.399999999999977 -13.336628531866808 56.999999999999979  1 26.19468210017024 -13.33885572853031 57.000000000000036  0.99999999999999967 26.988809149956793 -13.345191321616504 56.999999999999964  1.0000000000000002 27.782169412329143 -13.354658844982653 56.999999999999993  1.0000000000000002 28.574999999997139 -13.365814814815383 57.000000000000036  0.99999999999999922 29.367830587682334 -13.376970784644753 56.999999999999972  1.0000000000000009 30.161190850003074 -13.386438308020834 56.999999999999979  1.0000000000000002 30.955317899978148 -13.392773901070832 57.000000000000071  0.99999999999999922 31.749999999447819 -13.395001097868885 56.999999999999879  1.0000000000000013 32.544682102233047 -13.392773900703101 57.000000000000334  0.99999999999999623 33.338809142228257 -13.386438309497548 56.999999999998586  1.0000000000000151 34.132169441300341 -13.376970779082574 57.000000000005407  0.99999999999994271 34.924999891617119 -13.365814835630339 56.999999999979757  1.0000000000002145 35.71783099174705 -13.354658767378092 57.000000000075531  0.99999999999919731 36.511189347794449 -13.345191610130369 56.999999999719073  1.0000000000029883 37.305323481546196 -13.33885465653705 57.000000001043929  0.99999999998889577 37.835293916167466 -13.337372675052055 56.999999997755673  1.000000000023874 38.100000000000001 -13.337370370370371 57  1 

2 2
3 2

0 4
0.020753200846302881 1
0.041553432551388186 1
0.062419994978511244 1
0.083333333333333329 1
0.10424667168815541 1
0.12511323411527847 1
0.14591346582036377 1
0.16666666666666666 1
0.18741986751296957 1
0.20822009921805484 1
0.22908666164517794 1
0.25 1
0.27091333835482206 1
0.2917799007819451 1
0.31258013248703043 1
0.33333333333333331 1
0.3540865341796362 1
0.37488676588472153 1
0.39575332831184451 1
0.41666666666666663 1
0.43758000502148875 1
0.45844656744861184 1
0.47924679915369717 1
0.5 1
0.52075320084630283 1
0.5415534325513881 1
0.56241999497851125 1
0.58333333333333326 1
0.60424667168815538 1
0.62511323411527842 1
0.6459134658203638 1
0.66666666666666663 1
0.68741986751296935 1
0.70822009921805484 1
0.72908666164517777 1
0.75 1
0.77091333835482201 1
0.79177990078194493 1
0.81258013248703043 1
0.83333333333333326 1
0.85408653417963631 1
0.87488676588472136 1
0.89575332831184451 1
0.91666666666666674 1
0.93758000502148875 1
0.9584465674486119 1
0.97924679915369706 1
1 4

9 1 0 0 0 1 3 2 51 2 49 0 -13.337370370370371 57  1 0.26470608200658952 -13.33737267639901 57.000000005621175  0.99999999994223288 0.79467651928299765 -13.338854655910472 56.999999997385395  1.0000000000268701 1.5888106519905136 -13.34519161029907 57.000000000703636  0.9999999999927689 2.3821690083085949 -13.354658767332698 56.999999999810782  1.0000000000019447 3.1750001083685757 -13.365814835642517 57.000000000050704  0.99999999999947864 3.9678305587033011 -13.376970779079329 56.999999999986464  1.0000000000001388 4.7611908577708464 -13.386438309498395 57.00000000000356  0.9999999999999637 5.5553178977671527 -13.392773900702906 56.999999999999083  1.0000000000000089 6.3500000005521153 -13.395001097868922 57.000000000000227  0.99999999999999845 7.1446821000218828 -13.392773901070832 56.99999999999995  0.99999999999999967 7.9388091499969189 -13.386438308020837 56.999999999999979  1.0000000000000004 8.7321694123176439 -13.376970784644751 57.000000000000021  0.99999999999999989 9.5250000000028798 -13.365814814815383 56.999999999999993  1 10.317830587670857 -13.354658844982655 57.000000000000028  1 11.111190850043188 -13.345191321616504 56.999999999999979  1.0000000000000004 11.905317899829774 -13.338855728530312 57.000000000000014  0.99999999999999978 12.700000000000019 -13.336628531866799 56.999999999999979  0.99999999999999989 13.494682100170175 -13.338855728530318 57.000000000000021  0.99999999999999989 14.288809149957 -13.345191321616458 56.999999999999943  1.0000000000000002 15.08216941232839 -13.35465884498281 57.000000000000071  0.99999999999999989 15.874999999999995 -13.365814814814817 56.999999999999936  1.0000000000000004 16.66783058767162 -13.376970784646817 57.000000000000043  0.99999999999999989 17.461190850043 -13.386438308013176 56.999999999999986  1.0000000000000002 18.255317899829816 -13.392773901099316 57.000000000000014  1 19.050000000000004 -13.395001097762826 56.999999999999986  1 19.844682100170175 -13.39277390109932 57.000000000000007  0.99999999999999967 20.638809149956995 -13.386438308013167 57.000000000000014  1.0000000000000007 21.432169412328406 -13.376970784646826 57  1 22.224999999999977 -13.365814814814813 57.000000000000028  0.99999999999999978 23.017830587671629 -13.354658844982808 56.999999999999979  1.0000000000000002 23.811190850042994 -13.345191321616468 57.000000000000007  0.99999999999999989 24.605317899829831 -13.33885572853031 57.000000000000021  1 25.399999999999977 -13.336628531866808 56.999999999999979  1 26.19468210017024 -13.33885572853031 57.000000000000036  0.99999999999999967 26.988809149956793 -13.345191321616504 56.999999999999964  1.0000000000000002 27.782169412329143 -13.354658844982653 56.999999999999993  1.0000000000000002 28.574999999997139 -13.365814814815383 57.000000000000036  0.99999999999999922 29.367830587682334 -13.376970784644753 56.999999999999972  1.0000000000000009 30.161190850003074 -13.386438308020834 56.999999999999979  1.0000000000000002 30.955317899978148 -13.392773901070832 57.000000000000071  0.99999999999999922 31.749999999447819 -13.395001097868885 56.999999999999879  1.0000000000000013 32.544682102233047 -13.392773900703101 57.000000000000334  0.99999999999999623 33.338809142228257 -13.386438309497548 56.999999999998586  1.0000000000000151 34.132169441300341 -13.376970779082574 57.000000000005407  0.99999999999994271 34.924999891617119 -13.365814835630339 56.999999999979757  1.0000000000002145 35.71783099174705 -13.354658767378092 57.000000000075531  0.99999999999919731 36.511189347794449 -13.345191610130369 56.999999999719073  1.0000000000029883 37.305323481546196 -13.33885465653705 57.000000001043929  0.99999999998889577 37.835293916167466 -13.337372675052055 56.999999997755673  1.000000000023874 38.100000000000001 -13.337370370370371 57  1 
0 -13.33903840877915 57.666666666666664  1 0.26470608200658952 -13.339042337255188 57.666666671184615  0.99999999994223288 0.79467651928299765 -13.341567191696997 57.666666664565192  1.0000000000268701 1.5888106519905136 -13.352363484173971 57.666666667232242  0.9999999999927689 2.3821690083085949 -13.368492714725525 57.666666666514551  1.0000000000019447 3.1750001083685757 -13.387499349610335 57.666666666707442  0.99999999999947864 3.9678305587033011 -13.406505771765543 57.666666666655772  1.0000000000001388 4.7611908577708464 -13.422635638404476 57.666666666669563  0.9999999999999637 5.5553178977671527 -13.433429608604982 57.666666666665918  1.0000000000000089 6.3500000005521153 -13.437224092665581 57.666666666666849  0.99999999999999845 7.1446821000218828 -13.433429609231775 57.666666666666622  0.99999999999999967 7.9388091499969189 -13.422635635887348 57.666666666666679  1.0000000000000004 8.7321694123176439 -13.406505781246631 57.666666666666671  0.99999999999999989 9.5250000000028798 -13.387499314129892 57.666666666666679  1 10.317830587670857 -13.368492847007493 57.666666666666671  1 11.111190850043188 -13.35236299238367 57.666666666666643  1.0000000000000004 11.905317899829774 -13.341569018977552 57.666666666666664  0.99999999999999978 12.700000000000019 -13.337774535773081 57.666666666666679  0.99999999999999989 13.494682100170175 -13.341569018977566 57.66666666666665  0.99999999999999989 14.288809149957 -13.3523629923836 57.666666666666657  1.0000000000000002 15.08216941232839 -13.368492847007753 57.666666666666707  0.99999999999999989 15.874999999999995 -13.387499314128943 57.6666666666666  1.0000000000000004 16.66783058767162 -13.406505781250143 57.6666666666667  0.99999999999999989 17.461190850043 -13.422635635874286 57.666666666666629  1.0000000000000002 18.255317899829816 -13.433429609280317 57.666666666666686  1 19.050000000000004 -13.437224092484815 57.666666666666629  1 19.844682100170175 -13.433429609280328 57.666666666666693  0.99999999999999967 20.638809149956995 -13.422635635874279 57.66666666666665  1.0000000000000007 21.432169412328406 -13.406505781250145 57.666666666666679  1 22.224999999999977 -13.387499314128949 57.66666666666665  0.99999999999999978 23.017830587671629 -13.368492847007744 57.666666666666657  1.0000000000000002 23.811190850042994 -13.352362992383606 57.666666666666664  0.99999999999999989 24.605317899829831 -13.341569018977577 57.666666666666657  1 25.399999999999977 -13.337774535773068 57.666666666666657  1 26.19468210017024 -13.341569018977561 57.666666666666693  0.99999999999999967 26.988809149956793 -13.352362992383672 57.66666666666665  1.0000000000000002 27.782169412329143 -13.36849284700749 57.66666666666665  1.0000000000000002 28.574999999997139 -13.387499314129901 57.666666666666714  0.99999999999999922 29.367830587682334 -13.406505781246606 57.666666666666622  1.0000000000000009 30.161190850003074 -13.42263563588736 57.666666666666679  1.0000000000000002 30.955317899978148 -13.43342960923178 57.666666666666664  0.99999999999999922 31.749999999447819 -13.437224092665527 57.66666666666665  1.0000000000000013 32.544682102233047 -13.433429608605186 57.666666666666671  0.99999999999999623 33.338809142228257 -13.422635638403676 57.666666666666529  1.0000000000000151 34.132169441300341 -13.406505771768572 57.666666666667375  0.99999999999994271 34.924999891617119 -13.387499349598986 57.666666666663865  1.0000000000002145 35.71783099174705 -13.368492714767834 57.666666666677266  0.99999999999919731 36.511189347794449 -13.352363484016827 57.666666666627108  1.0000000000029883 37.305323481546196 -13.341567192280474 57.666666666813718  0.99999999998889577 37.835293916167466 -13.339042336000986 57.666666666350515  1.000000000023874 38.100000000000001 -13.33903840877915 57.666666666666664  1 

3 2
4 2

0 4
0.020753200846302881 1
0.041553432551388186 1
0.062419994978511244 1
0.083333333333333329 1
0.10424667168815541 1
0.12511323411527847 1
0.14591346582036377 1
0.16666666666666666 1
0.18741986751296957 1
0.20822009921805484 1
0.22908666164517794 1
0.25 1
0.27091333835482206 1
0.2917799007819451 1
0.31258013248703043 1
0.33333333333333331 1
0.3540865341796362 1
0.37488676588472153 1
0.39575332831184451 1
0.41666666666666663 1
0.43758000502148875 1
0.45844656744861184 1
0.47924679915369717 1
0.5 1
0.52075320084630283 1
0.5415534325513881 1
0.56241999497851125 1
0.58333333333333326 1
0.60424667168815538 1
0.62511323411527842 1
0.6459134658203638 1
0.66666666666666663 1
0.68741986751296935 1
0.70822009921805484 1
0.72908666164517777 1
0.75 1
0.77091333835482201 1
0.79177990078194493 1
0.81258013248703043 1
0.83333333333333326 1
0.85408653417963631 1
0.87488676588472136 1
0.89575332831184451 1
0.91666666666666674 1
0.93758000502148875 1
0.9584465674486119 1
0.97924679915369706 1
1 4

9 1 0 0 0 1 3 2 51 2 49 0 -13.33903840877915 57.666666666666664  1 0.26470608200658952 -13.339042337255188 57.666666671184615  0.99999999994223288 0.79467651928299765 -13.341567191696997 57.666666664565192  1.0000000000268701 1.5888106519905136 -13.352363484173971 57.666666667232242  0.9999999999927689 2.3821690083085949 -13.368492714725525 57.666666666514551  1.0000000000019447 3.1750001083685757 -13.387499349610335 57.666666666707442  0.99999999999947864 3.9678305587033011 -13.406505771765543 57.666666666655772  1.0000000000001388 4.7611908577708464 -13.422635638404476 57.666666666669563  0.9999999999999637 5.5553178977671527 -13.433429608604982 57.666666666665918  1.0000000000000089 6.3500000005521153 -13.437224092665581 57.666666666666849  0.99999999999999845 7.1446821000218828 -13.433429609231775 57.666666666666622  0.99999999999999967 7.9388091499969189 -13.422635635887348 57.666666666666679  1.0000000000000004 8.7321694123176439 -13.406505781246631 57.666666666666671  0.99999999999999989 9.5250000000028798 -13.387499314129892 57.666666666666679  1 10.317830587670857 -13.368492847007493 57.666666666666671  1 11.111190850043188 -13.35236299238367 57.666666666666643  1.0000000000000004 11.905317899829774 -13.341569018977552 57.666666666666664  0.99999999999999978 12.700000000000019 -13.337774535773081 57.666666666666679  0.99999999999999989 13.494682100170175 -13.341569018977566 57.66666666666665  0.99999999999999989 14.288809149957 -13.3523629923836 57.666666666666657  1.0000000000000002 15.08216941232839 -13.368492847007753 57.666666666666707  0.99999999999999989 15.874999999999995 -13.387499314128943 57.6666666666666  1.0000000000000004 16.66783058767162 -13.406505781250143 57.6666666666667  0.99999999999999989 17.461190850043 -13.422635635874286 57.666666666666629  1.0000000000000002 18.255317899829816 -13.433429609280317 57.666666666666686  1 19.050000000000004 -13.437224092484815 57.666666666666629  1 19.844682100170175 -13.433429609280328 57.666666666666693  0.99999999999999967 20.638809149956995 -13.422635635874279 57.66666666666665  1.0000000000000007 21.432169412328406 -13.406505781250145 57.666666666666679  1 22.224999999999977 -13.387499314128949 57.66666666666665  0.99999999999999978 23.017830587671629 -13.368492847007744 57.666666666666657  1.0000000000000002 23.811190850042994 -13.352362992383606 57.666666666666664  0.99999999999999989 24.605317899829831 -13.341569018977577 57.666666666666657  1 25.399999999999977 -13.337774535773068 57.666666666666657  1 26.19468210017024 -13.341569018977561 57.666666666666693  0.99999999999999967 26.988809149956793 -13.352362992383672 57.66666666666665  1.0000000000000002 27.782169412329143 -13.36849284700749 57.66666666666665  1.0000000000000002 28.574999999997139 -13.387499314129901 57.666666666666714  0.99999999999999922 29.367830587682334 -13.406505781246606 57.666666666666622  1.0000000000000009 30.161190850003074 -13.42263563588736 57.666666666666679  1.0000000000000002 30.955317899978148 -13.43342960923178 57.666666666666664  0.99999999999999922 31.749999999447819 -13.437224092665527 57.66666666666665  1.0000000000000013 32.544682102233047 -13.433429608605186 57.666666666666671  0.99999999999999623 33.338809142228257 -13.422635638403676 57.666666666666529  1.0000000000000151 34.132169441300341 -13.406505771768572 57.666666666667375  0.99999999999994271 34.924999891617119 -13.387499349598986 57.666666666663865  1.0000000000002145 35.71783099174705 -13.368492714767834 57.666666666677266  0.99999999999919731 36.511189347794449 -13.352363484016827 57.666666666627108  1.0000000000029883 37.305323481546196 -13.341567192280474 57.666666666813718  0.99999999998889577 37.835293916167466 -13.339042336000986 57.666666666350515  1.000000000023874 38.100000000000001 -13.33903840877915 57.666666666666664  1 
0 -13.341035665294925 58.333333333333336  1 0.26470608200658952 -13.34104153571524 58.333333335651041  0.99999999994223288 0.79467651928299765 -13.344815096725057 58.333333332255293  1.0000000000268701 1.5888106519905136 -13.360950859381051 58.33333333362345  0.9999999999927689 2.3821690083085949 -13.38505704649655 58.333333333255318  1.0000000000019447 3.1750001083685757 -13.413463701854754 58.333333333354226  0.99999999999947864 3.9678305587033011 -13.441870039325774 58.333333333327765  1.0000000000001388 4.7611908577708464 -13.465977176962596 58.333333333334792  0.9999999999999637 5.5553178977671527 -13.482109469382619 58.333333333332988  1.0000000000000089 6.3500000005521153 -13.487780573277306 58.333333333333385  0.99999999999999845 7.1446821000218828 -13.482109470319244 58.333333333333343  0.99999999999999967 7.9388091499969189 -13.465977173201189 58.333333333333336  1.0000000000000004 8.7321694123176439 -13.441870053493616 58.33333333333335  0.99999999999999989 9.5250000000028798 -13.413463648835428 58.333333333333329  1 10.317830587670857 -13.385057244168811 58.333333333333343  1 11.111190850043188 -13.360950124486459 58.333333333333321  1.0000000000000004 11.905317899829774 -13.344817827276234 58.333333333333364  0.99999999999999978 12.700000000000019 -13.339146724660852 58.333333333333307  0.99999999999999989 13.494682100170175 -13.344817827276261 58.33333333333335  0.99999999999999989 14.288809149957 -13.360950124486358 58.3333333333333  1.0000000000000002 15.08216941232839 -13.385057244169191 58.333333333333385  0.99999999999999989 15.874999999999995 -13.413463648834016 58.333333333333286  1.0000000000000004 16.66783058767162 -13.441870053498858 58.33333333333335  0.99999999999999989 17.461190850043 -13.465977173181674 58.333333333333371  1.0000000000000002 18.255317899829816 -13.482109470391784 58.333333333333314  1 19.050000000000004 -13.487780573007196 58.333333333333329  1 19.844682100170175 -13.482109470391791 58.333333333333364  0.99999999999999967 20.638809149956995 -13.465977173181676 58.333333333333307  1.0000000000000007 21.432169412328406 -13.441870053498853 58.333333333333371  1 22.224999999999977 -13.413463648834025 58.3333333333333  0.99999999999999978 23.017830587671629 -13.385057244169182 58.333333333333357  1.0000000000000002 23.811190850042994 -13.360950124486367 58.333333333333307  0.99999999999999989 24.605317899829831 -13.344817827276261 58.333333333333393  1 25.399999999999977 -13.339146724660846 58.333333333333272  1 26.19468210017024 -13.344817827276229 58.333333333333393  0.99999999999999967 26.988809149956793 -13.360950124486472 58.333333333333314  1.0000000000000002 27.782169412329143 -13.385057244168797 58.333333333333314  1.0000000000000002 28.574999999997139 -13.413463648835446 58.333333333333385  0.99999999999999922 29.367830587682334 -13.441870053493592 58.333333333333258  1.0000000000000009 30.161190850003074 -13.465977173201196 58.333333333333371  1.0000000000000002 30.955317899978148 -13.482109470319264 58.333333333333321  0.99999999999999922 31.749999999447819 -13.487780573277227 58.333333333333307  1.0000000000000013 32.544682102233047 -13.48210946938295 58.33333333333352  0.99999999999999623 33.338809142228257 -13.465977176961289 58.333333333332483  1.0000000000000151 34.132169441300341 -13.441870039330745 58.333333333336647  0.99999999999994271 34.924999891617119 -13.413463701836132 58.33333333332083  1.0000000000002145 35.71783099174705 -13.385057046565958 58.333333333380182  0.99999999999919731 36.511189347794449 -13.360950859123214 58.33333333315894  1.0000000000029883 37.305323481546196 -13.344815097682487 58.333333333981393  0.99999999998889577 37.835293916167466 -13.341041533657165 58.333333331940061  1.000000000023874 38.100000000000001 -13.341035665294925 58.333333333333336  1 

4 2
5 2

0 4
0.020753200846302881 1
0.041553432551388186 1
0.062419994978511244 1
0.083333333333333329 1
0.10424667168815541 1
0.12511323411527847 1
0.14591346582036377 1
0.16666666666666666 1
0.18741986751296957 1
0.20822009921805484 1
0.22908666164517794 1
0.25 1
0.27091333835482206 1
0.2917799007819451 1
0.31258013248703043 1
0.33333333333333331 1
0.3540865341796362 1
0.37488676588472153 1
0.39575332831184451 1
0.41666666666666663 1
0.43758000502148875 1
0.45844656744861184 1
0.47924679915369717 1
0.5 1
0.52075320084630283 1
0.5415534325513881 1
0.56241999497851125 1
0.58333333333333326 1
0.60424667168815538 1
0.62511323411527842 1
0.6459134658203638 1
0.66666666666666663 1
0.68741986751296935 1
0.70822009921805484 1
0.72908666164517777 1
0.75 1
0.77091333835482201 1
0.79177990078194493 1
0.81258013248703043 1
0.83333333333333326 1
0.85408653417963631 1
0.87488676588472136 1
0.89575332831184451 1
0.91666666666666674 1
0.93758000502148875 1
0.9584465674486119 1
0.97924679915369706 1
1 4

9 1 0 0 0 1 3 2 51 2 49 0 -13.341035665294925 58.333333333333336  1 0.26470608200658952 -13.34104153571524 58.333333335651041  0.99999999994223288 0.79467651928299765 -13.344815096725057 58.333333332255293  1.0000000000268701 1.5888106519905136 -13.360950859381051 58.33333333362345  0.9999999999927689 2.3821690083085949 -13.38505704649655 58.333333333255318  1.0000000000019447 3.1750001083685757 -13.413463701854754 58.333333333354226  0.99999999999947864 3.9678305587033011 -13.441870039325774 58.333333333327765  1.0000000000001388 4.7611908577708464 -13.465977176962596 58.333333333334792  0.9999999999999637 5.5553178977671527 -13.482109469382619 58.333333333332988  1.0000000000000089 6.3500000005521153 -13.487780573277306 58.333333333333385  0.99999999999999845 7.1446821000218828 -13.482109470319244 58.333333333333343  0.99999999999999967 7.9388091499969189 -13.465977173201189 58.333333333333336  1.0000000000000004 8.7321694123176439 -13.441870053493616 58.33333333333335  0.99999999999999989 9.5250000000028798 -13.413463648835428 58.333333333333329  1 10.317830587670857 -13.385057244168811 58.333333333333343  1 11.111190850043188 -13.360950124486459 58.333333333333321  1.0000000000000004 11.905317899829774 -13.344817827276234 58.333333333333364  0.99999999999999978 12.700000000000019 -13.339146724660852 58.333333333333307  0.99999999999999989 13.494682100170175 -13.344817827276261 58.33333333333335  0.99999999999999989 14.288809149957 -13.360950124486358 58.3333333333333  1.0000000000000002 15.08216941232839 -13.385057244169191 58.333333333333385  0.99999999999999989 15.874999999999995 -13.413463648834016 58.333333333333286  1.0000000000000004 16.66783058767162 -13.441870053498858 58.33333333333335  0.99999999999999989 17.461190850043 -13.465977173181674 58.333333333333371  1.0000000000000002 18.255317899829816 -13.482109470391784 58.333333333333314  1 19.050000000000004 -13.487780573007196 58.333333333333329  1 19.844682100170175 -13.482109470391791 58.333333333333364  0.99999999999999967 20.638809149956995 -13.465977173181676 58.333333333333307  1.0000000000000007 21.432169412328406 -13.441870053498853 58.333333333333371  1 22.224999999999977 -13.413463648834025 58.3333333333333  0.99999999999999978 23.017830587671629 -13.385057244169182 58.333333333333357  1.0000000000000002 23.811190850042994 -13.360950124486367 58.333333333333307  0.99999999999999989 24.605317899829831 -13.344817827276261 58.333333333333393  1 25.399999999999977 -13.339146724660846 58.333333333333272  1 26.19468210017024 -13.344817827276229 58.333333333333393  0.99999999999999967 26.988809149956793 -13.360950124486472 58.333333333333314  1.0000000000000002 27.782169412329143 -13.385057244168797 58.333333333333314  1.0000000000000002 28.574999999997139 -13.413463648835446 58.333333333333385  0.99999999999999922 29.367830587682334 -13.441870053493592 58.333333333333258  1.0000000000000009 30.161190850003074 -13.465977173201196 58.333333333333371  1.0000000000000002 30.955317899978148 -13.482109470319264 58.333333333333321  0.99999999999999922 31.749999999447819 -13.487780573277227 58.333333333333307  1.0000000000000013 32.544682102233047 -13.48210946938295 58.33333333333352  0.99999999999999623 33.338809142228257 -13.465977176961289 58.333333333332483  1.0000000000000151 34.132169441300341 -13.441870039330745 58.333333333336647  0.99999999999994271 34.924999891617119 -13.413463701836132 58.33333333332083  1.0000000000002145 35.71783099174705 -13.385057046565958 58.333333333380182  0.99999999999919731 36.511189347794449 -13.360950859123214 58.33333333315894  1.0000000000029883 37.305323481546196 -13.344815097682487 58.333333333981393  0.99999999998889577 37.835293916167466 -13.341041533657165 58.333333331940061  1.000000000023874 38.100000000000001 -13.341035665294925 58.333333333333336  1 
0 -13.343296296296296 59  1 0.26470608200658952 -13.343304364430839 59.00000000162558  0.99999999994223288 0.79467651928299765 -13.348491297066122 58.999999999243883  1.0000000000268701 1.5888106519905136 -13.370670635675465 59.000000000203471  0.9999999999927689 2.3821690083085949 -13.403805685764304 58.999999999945274  1.0000000000019447 3.1750001083685757 -13.442851924722008 59.000000000014687  0.99999999999947864 3.9678305587033011 -13.481897726784817 58.999999999996085  1.0000000000001388 4.7611908577708464 -13.515034083242478 59.000000000001016  0.9999999999999637 5.5553178977671527 -13.537208652460636 58.999999999999751  1.0000000000000089 6.3500000005521153 -13.54500384254114 59.000000000000028  0.99999999999999845 7.1446821000218828 -13.537208653747902 59.00000000000005  0.99999999999999967 7.9388091499969189 -13.515034078072921 58.99999999999995  1.0000000000000004 8.7321694123176439 -13.481897746256667 59.000000000000028  0.99999999999999989 9.5250000000028798 -13.442851851853787 59  1 10.317830587670857 -13.403805957439308 59.000000000000028  1 11.111190850043188 -13.37066962565776 58.999999999999957  1.0000000000000004 11.905317899829774 -13.348495049856059 59.00000000000005  0.99999999999999978 12.700000000000019 -13.340699861533821 58.999999999999972  0.99999999999999989 13.494682100170175 -13.348495049856092 58.999999999999993  0.99999999999999989 14.288809149957 -13.370669625657614 59.000000000000014  1.0000000000000002 15.08216941232839 -13.403805957439831 59.000000000000007  0.99999999999999989 15.874999999999995 -13.442851851851847 58.999999999999972  1.0000000000000004 16.66783058767162 -13.481897746263879 59.000000000000021  0.99999999999999989 17.461190850043 -13.515034078046092 59  1.0000000000000002 18.255317899829816 -13.537208653847609 59  1 19.050000000000004 -13.545003842169884 58.999999999999964  1 19.844682100170175 -13.537208653847621 59.000000000000036  0.99999999999999967 20.638809149956995 -13.515034078046087 58.999999999999957  1.0000000000000007 21.432169412328406 -13.481897746263874 59.000000000000014  1 22.224999999999977 -13.442851851851865 59.000000000000007  0.99999999999999978 23.017830587671629 -13.403805957439815 58.999999999999964  1.0000000000000002 23.811190850042994 -13.370669625657632 59.000000000000078  0.99999999999999989 24.605317899829831 -13.348495049856085 58.999999999999943  1 25.399999999999977 -13.340699861533817 59.000000000000057  1 26.19468210017024 -13.348495049856064 58.999999999999979  0.99999999999999967 26.988809149956793 -13.370669625657754 59  1.0000000000000002 27.782169412329143 -13.4038059574393 58.999999999999986  1.0000000000000002 28.574999999997139 -13.442851851853808 59.000000000000028  0.99999999999999922 29.367830587682334 -13.481897746256641 58.999999999999943  1.0000000000000009 30.161190850003074 -13.515034078072929 59.000000000000014  1.0000000000000002 30.955317899978148 -13.5372086537479 59  0.99999999999999922 31.749999999447819 -13.545003842541135 59.000000000000021  1.0000000000000013 32.544682102233047 -13.537208652460659 58.999999999999915  0.99999999999999623 33.338809142228257 -13.51503408324235 59.000000000000249  1.0000000000000151 34.132169441300341 -13.481897726785352 58.999999999999176  0.99999999999994271 34.924999891617119 -13.442851924719983 59.000000000003006  1.0000000000002145 35.71783099174705 -13.403805685771767 58.999999999988894  0.99999999999919731 36.511189347794449 -13.370670635648063 59.000000000041176  1.0000000000029883 37.305323481546196 -13.348491297167088 58.99999999984702  0.99999999998889577 37.835293916167466 -13.343304364214218 59.000000000328889  1.000000000023874 38.100000000000001 -13.343296296296296 59  1 

5 2
6 2

0 4
0.020753200846302881 1
0.041553432551388186 1
0.062419994978511244 1
0.083333333333333329 1
0.10424667168815541 1
0.12511323411527847 1
0.14591346582036377 1
0.16666666666666666 1
0.18741986751296957 1
0.20822009921805484 1
0.22908666164517794 1
0.25 1
0.27091333835482206 1
0.2917799007819451 1
0.31258013248703043 1
0.33333333333333331 1
0.3540865341796362 1
0.37488676588472153 1
0.39575332831184451 1
0.41666666666666663 1
0.43758000502148875 1
0.45844656744861184 1
0.47924679915369717 1
0.5 1
0.52075320084630283 1
0.5415534325513881 1
0.56241999497851125 1
0.58333333333333326 1
0.60424667168815538 1
0.62511323411527842 1
0.6459134658203638 1
0.66666666666666663 1
0.68741986751296935 1
0.70822009921805484 1
0.72908666164517777 1
0.75 1
0.77091333835482201 1
0.79177990078194493 1
0.81258013248703043 1
0.83333333333333326 1
0.85408653417963631 1
0.87488676588472136 1
0.89575332831184451 1
0.91666666666666674 1
0.93758000502148875 1
0.9584465674486119 1
0.97924679915369706 1
1 4

9 1 0 0 0 1 3 2 51 2 49 0 -13.343296296296296 59  1 0.26470608200658952 -13.343304364430839 59.00000000162558  0.99999999994223288 0.79467651928299765 -13.348491297066122 58.999999999243883  1.0000000000268701 1.5888106519905136 -13.370670635675465 59.000000000203471  0.9999999999927689 2.3821690083085949 -13.403805685764304 58.999999999945274  1.0000000000019447 3.1750001083685757 -13.442851924722008 59.000000000014687  0.99999999999947864 3.9678305587033011 -13.481897726784817 58.999999999996085  1.0000000000001388 4.7611908577708464 -13.515034083242478 59.000000000001016  0.9999999999999637 5.5553178977671527 -13.537208652460636 58.999999999999751  1.0000000000000089 6.3500000005521153 -13.54500384254114 59.000000000000028  0.99999999999999845 7.1446821000218828 -13.537208653747902 59.00000000000005  0.99999999999999967 7.9388091499969189 -13.515034078072921 58.99999999999995  1.0000000000000004 8.7321694123176439 -13.481897746256667 59.000000000000028  0.99999999999999989 9.5250000000028798 -13.442851851853787 59  1 10.317830587670857 -13.403805957439308 59.000000000000028  1 11.111190850043188 -13.37066962565776 58.999999999999957  1.0000000000000004 11.905317899829774 -13.348495049856059 59.00000000000005  0.99999999999999978 12.700000000000019 -13.340699861533821 58.999999999999972  0.99999999999999989 13.494682100170175 -13.348495049856092 58.999999999999993  0.99999999999999989 14.288809149957 -13.370669625657614 59.000000000000014  1.0000000000000002 15.08216941232839 -13.403805957439831 59.000000000000007  0.99999999999999989 15.874999999999995 -13.442851851851847 58.999999999999972  1.0000000000000004 16.66783058767162 -13.481897746263879 59.000000000000021  0.99999999999999989 17.461190850043 -13.515034078046092 59  1.0000000000000002 18.255317899829816 -13.537208653847609 59  1 19.050000000000004 -13.545003842169884 58.999999999999964  1 19.844682100170175 -13.537208653847621 59.000000000000036  0.99999999999999967 20.638809149956995 -13.515034078046087 58.999999999999957  1.0000000000000007 21.432169412328406 -13.481897746263874 59.000000000000014  1 22.224999999999977 -13.442851851851865 59.000000000000007  0.99999999999999978 23.017830587671629 -13.403805957439815 58.999999999999964  1.0000000000000002 23.811190850042994 -13.370669625657632 59.000000000000078  0.99999999999999989 24.605317899829831 -13.348495049856085 58.999999999999943  1 25.399999999999977 -13.340699861533817 59.000000000000057  1 26.19468210017024 -13.348495049856064 58.999999999999979  0.99999999999999967 26.988809149956793 -13.370669625657754 59  1.0000000000000002 27.782169412329143 -13.4038059574393 58.999999999999986  1.0000000000000002 28.574999999997139 -13.442851851853808 59.000000000000028  0.99999999999999922 29.367830587682334 -13.481897746256641 58.999999999999943  1.0000000000000009 30.161190850003074 -13.515034078072929 59.000000000000014  1.0000000000000002 30.955317899978148 -13.5372086537479 59  0.99999999999999922 31.749999999447819 -13.545003842541135 59.000000000000021  1.0000000000000013 32.544682102233047 -13.537208652460659 58.999999999999915  0.99999999999999623 33.338809142228257 -13.51503408324235 59.000000000000249  1.0000000000000151 34.132169441300341 -13.481897726785352 58.999999999999176  0.99999999999994271 34.924999891617119 -13.442851924719983 59.000000000003006  1.0000000000002145 35.71783099174705 -13.403805685771767 58.999999999988894  0.99999999999919731 36.511189347794449 -13.370670635648063 59.000000000041176  1.0000000000029883 37.305323481546196 -13.348491297167088 58.99999999984702  0.99999999998889577 37.835293916167466 -13.343304364214218 59.000000000328889  1.000000000023874 38.100000000000001 -13.343296296296296 59  1 
0 -13.345754458161867 59.666666666666664  1 0.26470608200658952 -13.345764916794364 59.666666668758552  0.99999999994223288 0.79467651928299765 -13.352488718447159 59.666666665693661  1.0000000000268701 1.5888106519905136 -13.381239712905062 59.666666666928485  0.9999999999927689 2.3821690083085949 -13.424192555622444 59.666666666596285  1.0000000000019447 3.1750001083685757 -13.474808050565015 59.666666666685522  0.99999999999947864 3.9678305587033011 -13.525422979165652 59.666666666661641  1.0000000000001388 4.7611908577708464 -13.568377515314275 59.666666666667972  0.9999999999999637 5.5553178977671527 -13.597122327263804 59.666666666666337  1.0000000000000089 6.3500000005521153 -13.607227203294066 59.666666666666735  0.99999999999999845 7.1446821000218828 -13.597122328932469 59.666666666666679  0.99999999999999967 7.9388091499969189 -13.568377508613041 59.666666666666622  1.0000000000000004 8.7321694123176439 -13.525423004406786 59.6666666666667  0.99999999999999989 9.5250000000028798 -13.474807956106771 59.666666666666657  1 10.317830587670857 -13.424192907791689 59.666666666666686  1 11.111190850043188 -13.381238403630428 59.666666666666643  1.0000000000000004 11.905317899829774 -13.352493583146735 59.666666666666657  0.99999999999999978 12.700000000000019 -13.342388709395701 59.666666666666693  0.99999999999999989 13.494682100170175 -13.352493583146774 59.666666666666629  0.99999999999999989 14.288809149957 -13.381238403630253 59.666666666666686  1.0000000000000002 15.08216941232839 -13.424192907792369 59.666666666666679  0.99999999999999989 15.874999999999995 -13.474807956104247 59.666666666666629  1.0000000000000004 16.66783058767162 -13.525423004416149 59.666666666666714  0.99999999999999989 17.461190850043 -13.568377508578259 59.6666666666666  1.0000000000000002 18.255317899829816 -13.597122329061722 59.666666666666686  1 19.050000000000004 -13.607227202812815 59.666666666666657  1 19.844682100170175 -13.597122329061728 59.666666666666679  0.99999999999999967 20.638809149956995 -13.56837750857826 59.666666666666686  1.0000000000000007 21.432169412328406 -13.525423004416133 59.666666666666643  1 22.224999999999977 -13.474807956104268 59.666666666666671  0.99999999999999978 23.017830587671629 -13.424192907792357 59.666666666666671  1.0000000000000002 23.811190850042994 -13.381238403630254 59.666666666666657  0.99999999999999989 24.605317899829831 -13.35249358314678 59.6666666666667  1 25.399999999999977 -13.342388709395692 59.666666666666629  1 26.19468210017024 -13.352493583146744 59.666666666666707  0.99999999999999967 26.988809149956793 -13.381238403630421 59.666666666666615  1.0000000000000002 27.782169412329143 -13.424192907791685 59.666666666666657  1.0000000000000002 28.574999999997139 -13.474807956106778 59.666666666666707  0.99999999999999922 29.367830587682334 -13.525423004406772 59.666666666666643  1.0000000000000009 30.161190850003074 -13.568377508613048 59.666666666666664  1.0000000000000002 30.955317899978148 -13.597122328932462 59.666666666666721  0.99999999999999922 31.749999999447819 -13.607227203294089 59.666666666666508  1.0000000000000013 32.544682102233047 -13.597122327263714 59.666666666667261  0.99999999999999623 33.338809142228257 -13.568377515314546 59.666666666664376  1.0000000000000151 34.132169441300341 -13.525422979164727 59.666666666675404  0.99999999999994271 34.924999891617119 -13.474808050568457 59.666666666633823  1.0000000000002145 35.71783099174705 -13.424192555609515 59.66666666678934  0.99999999999919731 36.511189347794449 -13.381239712953503 59.666666666210453  1.0000000000029883 37.305323481546196 -13.352488718266132 59.666666668361842  0.99999999998889577 37.835293916167466 -13.345764917184098 59.666666663022184  1.000000000023874 38.100000000000001 -13.345754458161867 59.666666666666664  1 

6 2
7 2

0 4
0.020753200846302881 1
0.041553432551388186 1
0.062419994978511244 1
0.083333333333333329 1
0.10424667168815541 1
0.12511323411527847 1
0.14591346582036377 1
0.16666666666666666 1
0.18741986751296957 1
0.20822009921805484 1
0.22908666164517794 1
0.25 1
0.27091333835482206 1
0.2917799007819451 1
0.31258013248703043 1
0.33333333333333331 1
0.3540865341796362 1
0.37488676588472153 1
0.39575332831184451 1
0.41666666666666663 1
0.43758000502148875 1
0.45844656744861184 1
0.47924679915369717 1
0.5 1
0.52075320084630283 1
0.5415534325513881 1
0.56241999497851125 1
0.58333333333333326 1
0.60424667168815538 1
0.62511323411527842 1
0.6459134658203638 1
0.66666666666666663 1
0.68741986751296935 1
0.70822009921805484 1
0.72908666164517777 1
0.75 1
0.77091333835482201 1
0.79177990078194493 1
0.81258013248703043 1
0.83333333333333326 1
0.85408653417963631 1
0.87488676588472136 1
0.89575332831184451 1
0.91666666666666674 1
0.93758000502148875 1
0.9584465674486119 1
0.97924679915369706 1
1 4

9 1 0 0 0 1 3 2 51 2 49 0 -13.345754458161867 59.666666666666664  1 0.26470608200658952 -13.345764916794364 59.666666668758552  0.99999999994223288 0.79467651928299765 -13.352488718447159 59.666666665693661  1.0000000000268701 1.5888106519905136 -13.381239712905062 59.666666666928485  0.9999999999927689 2.3821690083085949 -13.424192555622444 59.666666666596285  1.0000000000019447 3.1750001083685757 -13.474808050565015 59.666666666685522  0.99999999999947864 3.9678305587033011 -13.525422979165652 59.666666666661641  1.0000000000001388 4.7611908577708464 -13.568377515314275 59.666666666667972  0.9999999999999637 5.5553178977671527 -13.597122327263804 59.666666666666337  1.0000000000000089 6.3500000005521153 -13.607227203294066 59.666666666666735  0.99999999999999845 7.1446821000218828 -13.597122328932469 59.666666666666679  0.99999999999999967 7.9388091499969189 -13.568377508613041 59.666666666666622  1.0000000000000004 8.7321694123176439 -13.525423004406786 59.6666666666667  0.99999999999999989 9.5250000000028798 -13.474807956106771 59.666666666666657  1 10.317830587670857 -13.424192907791689 59.666666666666686  1 11.111190850043188 -13.381238403630428 59.666666666666643  1.0000000000000004 11.905317899829774 -13.352493583146735 59.666666666666657  0.99999999999999978 12.700000000000019 -13.342388709395701 59.666666666666693  0.99999999999999989 13.494682100170175 -13.352493583146774 59.666666666666629  0.99999999999999989 14.288809149957 -13.381238403630253 59.666666666666686  1.0000000000000002 15.08216941232839 -13.424192907792369 59.666666666666679  0.99999999999999989 15.874999999999995 -13.474807956104247 59.666666666666629  1.0000000000000004 16.66783058767162 -13.525423004416149 59.666666666666714  0.99999999999999989 17.461190850043 -13.568377508578259 59.6666666666666  1.0000000000000002 18.255317899829816 -13.597122329061722 59.666666666666686  1 19.050000000000004 -13.607227202812815 59.666666666666657  1 19.844682100170175 -13.597122329061728 59.666666666666679  0.99999999999999967 20.638809149956995 -13.56837750857826 59.666666666666686  1.0000000000000007 21.432169412328406 -13.525423004416133 59.666666666666643  1 22.224999999999977 -13.474807956104268 59.666666666666671  0.99999999999999978 23.017830587671629 -13.424192907792357 59.666666666666671  1.0000000000000002 23.811190850042994 -13.381238403630254 59.666666666666657  0.99999999999999989 24.605317899829831 -13.35249358314678 59.6666666666667  1 25.399999999999977 -13.342388709395692 59.666666666666629  1 26.19468210017024 -13.352493583146744 59.666666666666707  0.99999999999999967 26.988809149956793 -13.381238403630421 59.666666666666615  1.0000000000000002 27.782169412329143 -13.424192907791685 59.666666666666657  1.0000000000000002 28.574999999997139 -13.474807956106778 59.666666666666707  0.99999999999999922 29.367830587682334 -13.525423004406772 59.666666666666643  1.0000000000000009 30.161190850003074 -13.568377508613048 59.666666666666664  1.0000000000000002 30.955317899978148 -13.597122328932462 59.666666666666721  0.99999999999999922 31.749999999447819 -13.607227203294089 59.666666666666508  1.0000000000000013 32.544682102233047 -13.597122327263714 59.666666666667261  0.99999999999999623 33.338809142228257 -13.568377515314546 59.666666666664376  1.0000000000000151 34.132169441300341 -13.525422979164727 59.666666666675404  0.99999999999994271 34.924999891617119 -13.474808050568457 59.666666666633823  1.0000000000002145 35.71783099174705 -13.424192555609515 59.66666666678934  0.99999999999919731 36.511189347794449 -13.381239712953503 59.666666666210453  1.0000000000029883 37.305323481546196 -13.352488718266132 59.666666668361842  0.99999999998889577 37.835293916167466 -13.345764917184098 59.666666663022184  1.000000000023874 38.100000000000001 -13.345754458161867 59.666666666666664  1 
0 -13.348344307270233 60.333333333333336  1 0.26470608200658952 -13.348357284730122 60.333333338536377  0.99999999994223288 0.79467651928299765 -13.356700287277963 60.33333333091322  1.0000000000268701 1.5888106519905136 -13.392374990733975 60.333333333984648  0.9999999999927689 2.3821690083085949 -13.445671579213968 60.333333333158151  1.0000000000019447 3.1750001083685757 -13.508476111723461 60.333333333380324  0.99999999999947864 3.9678305587033011 -13.571279941494808 60.333333333320795  1.0000000000001388 4.7611908577708464 -13.624578631247253 60.333333333336633  0.9999999999999637 5.5553178977671527 -13.660245663217083 60.333333333332504  1.0000000000000089 6.3500000005521153 -13.672783958373051 60.333333333333528  0.99999999999999845 7.1446821000218828 -13.660245665287636 60.333333333333321  0.99999999999999967 7.9388091499969189 -13.6245786229321 60.333333333333336  1.0000000000000004 8.7321694123176439 -13.571279972814951 60.333333333333321  0.99999999999999989 9.5250000000028798 -13.508475994516152 60.333333333333385  1 10.317830587670857 -13.445672016198678 60.3333333333333  1 11.111190850043188 -13.39237336613734 60.333333333333343  1.0000000000000004 11.905317899829774 -13.356706323577999 60.333333333333343  0.99999999999999978 12.700000000000019 -13.344168031250167 60.333333333333329  0.99999999999999989 13.494682100170175 -13.356706323578054 60.333333333333357  0.99999999999999989 14.288809149957 -13.392373366137114 60.333333333333329  1.0000000000000002 15.08216941232839 -13.445672016199518 60.33333333333335  0.99999999999999989 15.874999999999995 -13.508475994513025 60.333333333333314  1.0000000000000004 16.66783058767162 -13.571279972826565 60.333333333333385  0.99999999999999989 17.461190850043 -13.624578622888937 60.333333333333321  1.0000000000000002 18.255317899829816 -13.660245665448013 60.333333333333336  1 19.050000000000004 -13.672783957775913 60.333333333333343  1 19.844682100170175 -13.660245665448004 60.333333333333329  0.99999999999999967 20.638809149956995 -13.624578622888954 60.33333333333335  1.0000000000000007 21.432169412328406 -13.571279972826549 60.333333333333343  1 22.224999999999977 -13.508475994513038 60.333333333333314  0.99999999999999978 23.017830587671629 -13.445672016199502 60.333333333333336  1.0000000000000002 23.811190850042994 -13.39237336613713 60.333333333333385  0.99999999999999989 24.605317899829831 -13.356706323578043 60.333333333333314  1 25.399999999999977 -13.34416803125017 60.333333333333343  1 26.19468210017024 -13.356706323578003 60.33333333333335  0.99999999999999967 26.988809149956793 -13.392373366137335 60.333333333333336  1.0000000000000002 27.782169412329143 -13.445672016198676 60.3333333333333  1.0000000000000002 28.574999999997139 -13.50847599451615 60.333333333333371  0.99999999999999922 29.367830587682334 -13.571279972814937 60.333333333333307  1.0000000000000009 30.161190850003074 -13.624578622932106 60.333333333333329  1.0000000000000002 30.955317899978148 -13.660245665287636 60.333333333333407  0.99999999999999922 31.749999999447819 -13.672783958373035 60.333333333333179  1.0000000000000013 32.544682102233047 -13.66024566321718 60.333333333333862  0.99999999999999623 33.338809142228257 -13.624578631246798 60.333333333331204  1.0000000000000151 34.132169441300341 -13.571279941496581 60.333333333341557  0.99999999999994271 34.924999891617119 -13.508476111716824 60.333333333302427  1.0000000000002145 35.71783099174705 -13.44567157923856 60.33333333344865  0.99999999999919731 36.511189347794449 -13.392374990643077 60.333333332904573  1.0000000000029883 37.305323481546196 -13.356700287614364 60.333333334926422  0.99999999998889577 37.835293916167466 -13.34835728400758 60.333333329908371  1.000000000023874 38.100000000000001 -13.348344307270233 60.333333333333336  1 

7 2
8 2

0 4
0.020753200846302881 1
0.041553432551388186 1
0.062419994978511244 1
0.083333333333333329 1
0.10424667168815541 1
0.12511323411527847 1
0.14591346582036377 1
0.16666666666666666 1
0.18741986751296957 1
0.20822009921805484 1
0.22908666164517794 1
0.25 1
0.27091333835482206 1
0.2917799007819451 1
0.31258013248703043 1
0.33333333333333331 1
0.3540865341796362 1
0.37488676588472153 1
0.39575332831184451 1
0.41666666666666663 1
0.43758000502148875 1
0.45844656744861184 1
0.47924679915369717 1
0.5 1
0.52075320084630283 1
0.5415534325513881 1
0.56241999497851125 1
0.58333333333333326 1
0.60424667168815538 1
0.62511323411527842 1
0.6459134658203638 1
0.66666666666666663 1
0.68741986751296935 1
0.70822009921805484 1
0.72908666164517777 1
0.75 1
0.77091333835482201 1
0.79177990078194493 1
0.81258013248703043 1
0.83333333333333326 1
0.85408653417963631 1
0.87488676588472136 1
0.89575332831184451 1
0.91666666666666674 1
0.93758000502148875 1
0.9584465674486119 1
0.97924679915369706 1
1 4

9 1 0 0 0 1 3 2 51 2 49 0 -13.348344307270233 60.333333333333336  1 0.26470608200658952 -13.348357284730122 60.333333338536377  0.99999999994223288 0.79467651928299765 -13.356700287277963 60.33333333091322  1.0000000000268701 1.5888106519905136 -13.392374990733975 60.333333333984648  0.9999999999927689 2.3821690083085949 -13.445671579213968 60.333333333158151  1.0000000000019447 3.1750001083685757 -13.508476111723461 60.333333333380324  0.99999999999947864 3.9678305587033011 -13.571279941494808 60.333333333320795  1.0000000000001388 4.7611908577708464 -13.624578631247253 60.333333333336633  0.9999999999999637 5.5553178977671527 -13.660245663217083 60.333333333332504  1.0000000000000089 6.3500000005521153 -13.672783958373051 60.333333333333528  0.99999999999999845 7.1446821000218828 -13.660245665287636 60.333333333333321  0.99999999999999967 7.9388091499969189 -13.6245786229321 60.333333333333336  1.0000000000000004 8.7321694123176439 -13.571279972814951 60.333333333333321  0.99999999999999989 9.5250000000028798 -13.508475994516152 60.333333333333385  1 10.317830587670857 -13.445672016198678 60.3333333333333  1 11.111190850043188 -13.39237336613734 60.333333333333343  1.0000000000000004 11.905317899829774 -13.356706323577999 60.333333333333343  0.99999999999999978 12.700000000000019 -13.344168031250167 60.333333333333329  0.99999999999999989 13.494682100170175 -13.356706323578054 60.333333333333357  0.99999999999999989 14.288809149957 -13.392373366137114 60.333333333333329  1.0000000000000002 15.08216941232839 -13.445672016199518 60.33333333333335  0.99999999999999989 15.874999999999995 -13.508475994513025 60.333333333333314  1.0000000000000004 16.66783058767162 -13.571279972826565 60.333333333333385  0.99999999999999989 17.461190850043 -13.624578622888937 60.333333333333321  1.0000000000000002 18.255317899829816 -13.660245665448013 60.333333333333336  1 19.050000000000004 -13.672783957775913 60.333333333333343  1 19.844682100170175 -13.660245665448004 60.333333333333329  0.99999999999999967 20.638809149956995 -13.624578622888954 60.33333333333335  1.0000000000000007 21.432169412328406 -13.571279972826549 60.333333333333343  1 22.224999999999977 -13.508475994513038 60.333333333333314  0.99999999999999978 23.017830587671629 -13.445672016199502 60.333333333333336  1.0000000000000002 23.811190850042994 -13.39237336613713 60.333333333333385  0.99999999999999989 24.605317899829831 -13.356706323578043 60.333333333333314  1 25.399999999999977 -13.34416803125017 60.333333333333343  1 26.19468210017024 -13.356706323578003 60.33333333333335  0.99999999999999967 26.988809149956793 -13.392373366137335 60.333333333333336  1.0000000000000002 27.782169412329143 -13.445672016198676 60.3333333333333  1.0000000000000002 28.574999999997139 -13.50847599451615 60.333333333333371  0.99999999999999922 29.367830587682334 -13.571279972814937 60.333333333333307  1.0000000000000009 30.161190850003074 -13.624578622932106 60.333333333333329  1.0000000000000002 30.955317899978148 -13.660245665287636 60.333333333333407  0.99999999999999922 31.749999999447819 -13.672783958373035 60.333333333333179  1.0000000000000013 32.544682102233047 -13.66024566321718 60.333333333333862  0.99999999999999623 33.338809142228257 -13.624578631246798 60.333333333331204  1.0000000000000151 34.132169441300341 -13.571279941496581 60.333333333341557  0.99999999999994271 34.924999891617119 -13.508476111716824 60.333333333302427  1.0000000000002145 35.71783099174705 -13.44567157923856 60.33333333344865  0.99999999999919731 36.511189347794449 -13.392374990643077 60.333333332904573  1.0000000000029883 37.305323481546196 -13.356700287614364 60.333333334926422  0.99999999998889577 37.835293916167466 -13.34835728400758 60.333333329908371  1.000000000023874 38.100000000000001 -13.348344307270233 60.333333333333336  1 
0 -13.351000000000001 61  1 0.26470608200658952 -13.351015560107133 61.000000001105498  0.99999999994223288 0.79467651928299765 -13.361018929994065 60.999999999485809  1.0000000000268701 1.5888106519905136 -13.403793368819352 61.000000000138364  0.9999999999927689 2.3821690083085949 -13.467696679683833 60.999999999962796  1.0000000000019447 3.1750001083685757 -13.543000140536495 61.000000000009983  0.99999999999947864 3.9678305587033011 -13.618302758798967 60.99999999999735  1.0000000000001388 4.7611908577708464 -13.682208589110584 61.000000000000696  0.9999999999999637 5.5553178977671527 -13.72497382974548 60.999999999999851  1.0000000000000089 6.3500000005521153 -13.740007410615064 61.000000000000014  0.99999999999999845 7.1446821000218828 -13.724973832228093 61.000000000000021  0.99999999999999967 7.9388091499969189 -13.682208579140644 60.999999999999986  1.0000000000000004 8.7321694123176439 -13.618302796352125 61.000000000000021  0.99999999999999989 9.5250000000028798 -13.543000000003744 60.999999999999993  1 10.317830587670857 -13.467697203632952 61.000000000000036  1 11.111190850043188 -13.403791420911384 60.999999999999957  1.0000000000000004 11.905317899829774 -13.361026167579531 61.000000000000028  0.99999999999999978 12.700000000000019 -13.345992590100959 60.999999999999993  0.99999999999999989 13.494682100170175 -13.36102616757959 61.000000000000021  0.99999999999999989 14.288809149957 -13.403791420911123 60.999999999999972  1.0000000000000002 15.08216941232839 -13.467697203633952 61.000000000000057  0.99999999999999989 15.874999999999995 -13.542999999999996 60.999999999999929  1.0000000000000004 16.66783058767162 -13.618302796366056 61.00000000000005  0.99999999999999989 17.461190850043 -13.682208579088874 60.999999999999979  1.0000000000000002 18.255317899829816 -13.724973832420396 61.000000000000028  1 19.050000000000004 -13.740007409899075 60.999999999999943  1 19.844682100170175 -13.724973832420398 61.000000000000057  0.99999999999999967 20.638809149956995 -13.682208579088877 60.999999999999964  1.0000000000000007 21.432169412328406 -13.618302796366057 61.000000000000014  1 22.224999999999977 -13.542999999999992 61.000000000000014  0.99999999999999978 23.017830587671629 -13.467697203633961 60.999999999999979  1.0000000000000002 23.811190850042994 -13.403791420911121 61.000000000000007  0.99999999999999989 24.605317899829831 -13.361026167579595 61.000000000000014  1 25.399999999999977 -13.345992590100954 60.99999999999995  1 26.19468210017024 -13.361026167579533 61.000000000000071  0.99999999999999967 26.988809149956793 -13.403791420911386 60.999999999999964  1.0000000000000002 27.782169412329143 -13.46769720363295 60.999999999999964  1.0000000000000002 28.574999999997139 -13.543000000003746 61.000000000000078  0.99999999999999922 29.367830587682334 -13.618302796352117 60.999999999999957  1.0000000000000009 30.161190850003074 -13.682208579140642 60.999999999999986  1.0000000000000002 30.955317899978148 -13.724973832228091 61.000000000000021  0.99999999999999922 31.749999999447819 -13.74000741061505 61.000000000000028  1.0000000000000013 32.544682102233047 -13.724973829745542 60.999999999999844  0.99999999999999623 33.338809142228257 -13.682208589110306 61.000000000000512  1.0000000000000151 34.132169441300341 -13.61830275880005 60.999999999998124  0.99999999999994271 34.924999891617119 -13.543000140532451 61.000000000007056  1.0000000000002145 35.71783099174705 -13.467696679698744 60.99999999997371  0.99999999999919731 36.511189347794449 -13.403793368764513 61.000000000097799  1.0000000000029883 37.305323481546196 -13.361018930196277 60.999999999636557  0.99999999998889577 37.835293916167466 -13.351015559673201 61.000000000781426  1.000000000023874 38.100000000000001 -13.351000000000001 61  1 

8 2
9 2

0 4
0.020753200846302881 1
0.041553432551388186 1
0.062419994978511244 1
0.083333333333333329 1
0.10424667168815541 1
0.12511323411527847 1
0.14591346582036377 1
0.16666666666666666 1
0.18741986751296957 1
0.20822009921805484 1
0.22908666164517794 1
0.25 1
0.27091333835482206 1
0.2917799007819451 1
0.31258013248703043 1
0.33333333333333331 1
0.3540865341796362 1
0.37488676588472153 1
0.39575332831184451 1
0.41666666666666663 1
0.43758000502148875 1
0.45844656744861184 1
0.47924679915369717 1
0.5 1
0.52075320084630283 1
0.5415534325513881 1
0.56241999497851125 1
0.58333333333333326 1
0.60424667168815538 1
0.62511323411527842 1
0.6459134658203638 1
0.66666666666666663 1
0.68741986751296935 1
0.70822009921805484 1
0.72908666164517777 1
0.75 1
0.77091333835482201 1
0.79177990078194493 1
0.81258013248703043 1
0.83333333333333326 1
0.85408653417963631 1
0.87488676588472136 1
0.89575332831184451 1
0.91666666666666674 1
0.93758000502148875 1
0.9584465674486119 1
0.97924679915369706 1
1 4

9 1 0 0 0 1 3 2 51 2 49 0 -13.351000000000001 61  1 0.26470608200658952 -13.351015560107133 61.000000001105498  0.99999999994223288 0.79467651928299765 -13.361018929994065 60.999999999485809  1.0000000000268701 1.5888106519905136 -13.403793368819352 61.000000000138364  0.9999999999927689 2.3821690083085949 -13.467696679683833 60.999999999962796  1.0000000000019447 3.1750001083685757 -13.543000140536495 61.000000000009983  0.99999999999947864 3.9678305587033011 -13.618302758798967 60.99999999999735  1.0000000000001388 4.7611908577708464 -13.682208589110584 61.000000000000696  0.9999999999999637 5.5553178977671527 -13.72497382974548 60.999999999999851  1.0000000000000089 6.3500000005521153 -13.740007410615064 61.000000000000014  0.99999999999999845 7.1446821000218828 -13.724973832228093 61.000000000000021  0.99999999999999967 7.9388091499969189 -13.682208579140644 60.999999999999986  1.0000000000000004 8.7321694123176439 -13.618302796352125 61.000000000000021  0.99999999999999989 9.5250000000028798 -13.543000000003744 60.999999999999993  1 10.317830587670857 -13.467697203632952 61.000000000000036  1 11.111190850043188 -13.403791420911384 60.999999999999957  1.0000000000000004 11.905317899829774 -13.361026167579531 61.000000000000028  0.99999999999999978 12.700000000000019 -13.345992590100959 60.999999999999993  0.99999999999999989 13.494682100170175 -13.36102616757959 61.000000000000021  0.99999999999999989 14.288809149957 -13.403791420911123 60.999999999999972  1.0000000000000002 15.08216941232839 -13.467697203633952 61.000000000000057  0.99999999999999989 15.874999999999995 -13.542999999999996 60.999999999999929  1.0000000000000004 16.66783058767162 -13.618302796366056 61.00000000000005  0.99999999999999989 17.461190850043 -13.682208579088874 60.999999999999979  1.0000000000000002 18.255317899829816 -13.724973832420396 61.000000000000028  1 19.050000000000004 -13.740007409899075 60.999999999999943  1 19.844682100170175 -13.724973832420398 61.000000000000057  0.99999999999999967 20.638809149956995 -13.682208579088877 60.999999999999964  1.0000000000000007 21.432169412328406 -13.618302796366057 61.000000000000014  1 22.224999999999977 -13.542999999999992 61.000000000000014  0.99999999999999978 23.017830587671629 -13.467697203633961 60.999999999999979  1.0000000000000002 23.811190850042994 -13.403791420911121 61.000000000000007  0.99999999999999989 24.605317899829831 -13.361026167579595 61.000000000000014  1 25.399999999999977 -13.345992590100954 60.99999999999995  1 26.19468210017024 -13.361026167579533 61.000000000000071  0.99999999999999967 26.988809149956793 -13.403791420911386 60.999999999999964  1.0000000000000002 27.782169412329143 -13.46769720363295 60.999999999999964  1.0000000000000002 28.574999999997139 -13.543000000003746 61.000000000000078  0.99999999999999922 29.367830587682334 -13.618302796352117 60.999999999999957  1.0000000000000009 30.161190850003074 -13.682208579140642 60.999999999999986  1.0000000000000002 30.955317899978148 -13.724973832228091 61.000000000000021  0.99999999999999922 31.749999999447819 -13.74000741061505 61.000000000000028  1.0000000000000013 32.544682102233047 -13.724973829745542 60.999999999999844  0.99999999999999623 33.338809142228257 -13.682208589110306 61.000000000000512  1.0000000000000151 34.132169441300341 -13.61830275880005 60.999999999998124  0.99999999999994271 34.924999891617119 -13.543000140532451 61.000000000007056  1.0000000000002145 35.71783099174705 -13.467696679698744 60.99999999997371  0.99999999999919731 36.511189347794449 -13.403793368764513 61.000000000097799  1.0000000000029883 37.305323481546196 -13.361018930196277 60.999999999636557  0.99999999998889577 37.835293916167466 -13.351015559673201 61.000000000781426  1.000000000023874 38.100000000000001 -13.351000000000001 61  1 
0 -13.353655692729768 61.666666666666664  1 0.26470608200658952 -13.353673834794796 61.666666669742249  0.99999999994223288 0.79467651928299765 -13.365337573030805 61.666666665236107  1.0000000000268701 1.5888106519905136 -13.415211746818448 61.666666667051658  0.9999999999927689 2.3821690083085949 -13.489721780176886 61.666666666563088  1.0000000000019447 3.1750001083685757 -13.577524169343322 61.666666666694461  0.99999999999947864 3.9678305587033011 -13.665325576104777 61.666666666659225  1.0000000000001388 4.7611908577708464 -13.739838546973475 61.666666666668625  0.9999999999999637 5.5553178977671527 -13.789701996274001 61.666666666666174  1.0000000000000089 6.3500000005521153 -13.807230862857034 61.666666666666735  0.99999999999999845 7.1446821000218828 -13.789701999168569 61.666666666666679  0.99999999999999967 7.9388091499969189 -13.739838535349163 61.666666666666664  1.0000000000000004 8.7321694123176439 -13.665325619889314 61.666666666666657  0.99999999999999989 9.5250000000028798 -13.577524005491334 61.666666666666671  1 10.317830587670857 -13.489722391067222 61.666666666666693  1 11.111190850043188 -13.415209475685439 61.666666666666629  1.0000000000000004 11.905317899829774 -13.365346011581066 61.6666666666667  0.99999999999999978 12.700000000000019 -13.347817148951734 61.666666666666671  0.99999999999999989 13.494682100170175 -13.365346011581144 61.666666666666686  0.99999999999999989 14.288809149957 -13.415209475685128 61.666666666666622  1.0000000000000002 15.08216941232839 -13.489722391068389 61.666666666666735  0.99999999999999989 15.874999999999995 -13.577524005486966 61.666666666666586  1.0000000000000004 16.66783058767162 -13.665325619905554 61.666666666666721  0.99999999999999989 17.461190850043 -13.739838535288817 61.6666666666666  1.0000000000000002 18.255317899829816 -13.789701999392783 61.666666666666728  1 19.050000000000004 -13.807230862022237 61.666666666666607  1 19.844682100170175 -13.789701999392785 61.6666666666667  0.99999999999999967 20.638809149956995 -13.739838535288824 61.666666666666629  1.0000000000000007 21.432169412328406 -13.665325619905547 61.666666666666693  1 22.224999999999977 -13.577524005486971 61.66666666666665  0.99999999999999978 23.017830587671629 -13.489722391068389 61.666666666666664  1.0000000000000002 23.811190850042994 -13.415209475685122 61.666666666666657  0.99999999999999989 24.605317899829831 -13.365346011581154 61.666666666666693  1 25.399999999999977 -13.347817148951719 61.666666666666643  1 26.19468210017024 -13.36534601158108 61.6666666666667  0.99999999999999967 26.988809149956793 -13.415209475685435 61.666666666666629  1.0000000000000002 27.782169412329143 -13.489722391067209 61.666666666666657  1.0000000000000002 28.574999999997139 -13.577524005491341 61.666666666666693  0.99999999999999922 29.367830587682334 -13.6653256198893 61.666666666666643  1.0000000000000009 30.161190850003074 -13.739838535349168 61.666666666666636  1.0000000000000002 30.955317899978148 -13.789701999168566 61.666666666666721  0.99999999999999922 31.749999999447819 -13.807230862857036 61.666666666666593  1.0000000000000013 32.544682102233047 -13.789701996274003 61.666666666666771  0.99999999999999623 33.338809142228257 -13.739838546973404 61.666666666666174  1.0000000000000151 34.132169441300341 -13.665325576105097 61.666666666668711  0.99999999999994271 34.924999891617119 -13.577524169342155 61.666666666658877  1.0000000000002145 35.71783099174705 -13.489721780181036 61.666666666695754  0.99999999999919731 36.511189347794449 -13.41521174680377 61.666666666558378  1.0000000000029883 37.305323481546196 -13.365337573083497 61.666666667069137  0.99999999998889577 37.835293916167466 -13.353673834682454 61.666666665801408  1.000000000023874 38.100000000000001 -13.353655692729768 61.666666666666664  1 

9 2
10 2

0 4
0.020753200846302881 1
0.041553432551388186 1
0.062419994978511244 1
0.083333333333333329 1
0.10424667168815541 1
0.12511323411527847 1
0.14591346582036377 1
0.16666666666666666 1
0.18741986751296957 1
0.20822009921805484 1
0.22908666164517794 1
0.25 1
0.27091333835482206 1
0.2917799007819451 1
0.31258013248703043 1
0.33333333333333331 1
0.3540865341796362 1
0.37488676588472153 1
0.39575332831184451 1
0.41666666666666663 1
0.43758000502148875 1
0.45844656744861184 1
0.47924679915369717 1
0.5 1
0.52075320084630283 1
0.5415534325513881 1
0.56241999497851125 1
0.58333333333333326 1
0.60424667168815538 1
0.62511323411527842 1
0.6459134658203638 1
0.66666666666666663 1
0.68741986751296935 1
0.70822009921805484 1
0.72908666164517777 1
0.75 1
0.77091333835482201 1
0.79177990078194493 1
0.81258013248703043 1
0.83333333333333326 1
0.85408653417963631 1
0.87488676588472136 1
0.89575332831184451 1
0.91666666666666674 1
0.93758000502148875 1
0.9584465674486119 1
0.97924679915369706 1
1 4

9 1 0 0 0 1 3 2 51 2 49 0 -13.353655692729768 61.666666666666664  1 0.26470608200658952 -13.353673834794796 61.666666669742249  0.99999999994223288 0.79467651928299765 -13.365337573030805 61.666666665236107  1.0000000000268701 1.5888106519905136 -13.415211746818448 61.666666667051658  0.9999999999927689 2.3821690083085949 -13.489721780176886 61.666666666563088  1.0000000000019447 3.1750001083685757 -13.577524169343322 61.666666666694461  0.99999999999947864 3.9678305587033011 -13.665325576104777 61.666666666659225  1.0000000000001388 4.7611908577708464 -13.739838546973475 61.666666666668625  0.9999999999999637 5.5553178977671527 -13.789701996274001 61.666666666666174  1.0000000000000089 6.3500000005521153 -13.807230862857034 61.666666666666735  0.99999999999999845 7.1446821000218828 -13.789701999168569 61.666666666666679  0.99999999999999967 7.9388091499969189 -13.739838535349163 61.666666666666664  1.0000000000000004 8.7321694123176439 -13.665325619889314 61.666666666666657  0.99999999999999989 9.5250000000028798 -13.577524005491334 61.666666666666671  1 10.317830587670857 -13.489722391067222 61.666666666666693  1 11.111190850043188 -13.415209475685439 61.666666666666629  1.0000000000000004 11.905317899829774 -13.365346011581066 61.6666666666667  0.99999999999999978 12.700000000000019 -13.347817148951734 61.666666666666671  0.99999999999999989 13.494682100170175 -13.365346011581144 61.666666666666686  0.99999999999999989 14.288809149957 -13.415209475685128 61.666666666666622  1.0000000000000002 15.08216941232839 -13.489722391068389 61.666666666666735  0.99999999999999989 15.874999999999995 -13.577524005486966 61.666666666666586  1.0000000000000004 16.66783058767162 -13.665325619905554 61.666666666666721  0.99999999999999989 17.461190850043 -13.739838535288817 61.6666666666666  1.0000000000000002 18.255317899829816 -13.789701999392783 61.666666666666728  1 19.050000000000004 -13.807230862022237 61.666666666666607  1 19.844682100170175 -13.789701999392785 61.6666666666667  0.99999999999999967 20.638809149956995 -13.739838535288824 61.666666666666629  1.0000000000000007 21.432169412328406 -13.665325619905547 61.666666666666693  1 22.224999999999977 -13.577524005486971 61.66666666666665  0.99999999999999978 23.017830587671629 -13.489722391068389 61.666666666666664  1.0000000000000002 23.811190850042994 -13.415209475685122 61.666666666666657  0.99999999999999989 24.605317899829831 -13.365346011581154 61.666666666666693  1 25.399999999999977 -13.347817148951719 61.666666666666643  1 26.19468210017024 -13.36534601158108 61.6666666666667  0.99999999999999967 26.988809149956793 -13.415209475685435 61.666666666666629  1.0000000000000002 27.782169412329143 -13.489722391067209 61.666666666666657  1.0000000000000002 28.574999999997139 -13.577524005491341 61.666666666666693  0.99999999999999922 29.367830587682334 -13.6653256198893 61.666666666666643  1.0000000000000009 30.161190850003074 -13.739838535349168 61.666666666666636  1.0000000000000002 30.955317899978148 -13.789701999168566 61.666666666666721  0.99999999999999922 31.749999999447819 -13.807230862857036 61.666666666666593  1.0000000000000013 32.544682102233047 -13.789701996274003 61.666666666666771  0.99999999999999623 33.338809142228257 -13.739838546973404 61.666666666666174  1.0000000000000151 34.132169441300341 -13.665325576105097 61.666666666668711  0.99999999999994271 34.924999891617119 -13.577524169342155 61.666666666658877  1.0000000000002145 35.71783099174705 -13.489721780181036 61.666666666695754  0.99999999999919731 36.511189347794449 -13.41521174680377 61.666666666558378  1.0000000000029883 37.305323481546196 -13.365337573083497 61.666666667069137  0.99999999998889577 37.835293916167466 -13.353673834682454 61.666666665801408  1.000000000023874 38.100000000000001 -13.353655692729768 61.666666666666664  1 
0 -13.356245541838135 62.333333333333336  1 0.26470608200658952 -13.356266202758841 62.333333333876865  0.99999999994223288 0.79467651928299765 -13.369549141848456 62.33333333308056  1.0000000000268701 1.5888106519905136 -13.426347024650902 62.333333333401328  0.9999999999927689 2.3821690083085949 -13.511200803767467 62.333333333315075  1.0000000000019447 3.1750001083685757 -13.611192230502022 62.333333333338182  0.99999999999947864 3.9678305587033011 -13.711182538433865 62.333333333332092  1.0000000000001388 4.7611908577708464 -13.796039662906455 62.333333333333606  0.9999999999999637 5.5553178977671527 -13.852825332227283 62.333333333333314  1.0000000000000089 6.3500000005521153 -13.872787617936021 62.3333333333333  0.99999999999999845 7.1446821000218828 -13.852825335523733 62.333333333333385  0.99999999999999967 7.9388091499969189 -13.796039649668216 62.333333333333286  1.0000000000000004 8.7321694123176439 -13.711182588297488 62.333333333333371  0.99999999999999989 9.5250000000028798 -13.611192043900697 62.333333333333329  1 10.317830587670857 -13.511201499474215 62.333333333333343  1 11.111190850043188 -13.426344438192345 62.333333333333307  1.0000000000000004 11.905317899829774 -13.369558752012333 62.333333333333393  0.99999999999999978 12.700000000000019 -13.349596470806192 62.333333333333293  0.99999999999999989 13.494682100170175 -13.369558752012418 62.333333333333371  0.99999999999999989 14.288809149957 -13.426344438191993 62.333333333333314  1.0000000000000002 15.08216941232839 -13.511201499475538 62.333333333333357  0.99999999999999989 15.874999999999995 -13.611192043895743 62.3333333333333  1.0000000000000004 16.66783058767162 -13.711182588315973 62.333333333333357  0.99999999999999989 17.461190850043 -13.796039649599495 62.333333333333321  1.0000000000000002 18.255317899829816 -13.85282533577908 62.333333333333357  1 19.050000000000004 -13.87278761698532 62.333333333333307  1 19.844682100170175 -13.852825335779078 62.33333333333335  0.99999999999999967 20.638809149956995 -13.796039649599498 62.333333333333329  1.0000000000000007 21.432169412328406 -13.711182588315967 62.333333333333321  1 22.224999999999977 -13.611192043895748 62.333333333333343  0.99999999999999978 23.017830587671629 -13.511201499475529 62.333333333333371  1.0000000000000002 23.811190850042994 -13.426344438192002 62.333333333333293  0.99999999999999989 24.605317899829831 -13.369558752012423 62.333333333333407  1 25.399999999999977 -13.349596470806183 62.333333333333272  1 26.19468210017024 -13.369558752012345 62.333333333333414  0.99999999999999967 26.988809149956793 -13.426344438192345 62.333333333333307  1.0000000000000002 27.782169412329143 -13.511201499474202 62.333333333333336  1.0000000000000002 28.574999999997139 -13.611192043900715 62.333333333333385  0.99999999999999922 29.367830587682334 -13.711182588297472 62.333333333333321  1.0000000000000009 30.161190850003074 -13.796039649668224 62.333333333333293  1.0000000000000002 30.955317899978148 -13.852825335523741 62.333333333333343  0.99999999999999922 31.749999999447819 -13.872787617935977 62.333333333333442  1.0000000000000013 32.544682102233047 -13.852825332227491 62.33333333333281  0.99999999999999623 33.338809142228257 -13.796039662905603 62.333333333335268  1.0000000000000151 34.132169441300341 -13.711182538437146 62.333333333326159  0.99999999999994271 34.924999891617119 -13.611192230489788 62.333333333360144  1.0000000000002145 35.71783099174705 -13.511200803812825 62.333333333233433  0.99999999999919731 36.511189347794449 -13.426347024483146 62.333333333704608  1.0000000000029883 37.305323481546196 -13.36954914246963 62.33333333195398  0.99999999998889577 37.835293916167466 -13.356266201424464 62.333333336298814  1.000000000023874 38.100000000000001 -13.356245541838135 62.333333333333336  1 

10 2
11 2

0 4
0.020753200846302881 1
0.041553432551388186 1
0.062419994978511244 1
0.083333333333333329 1
0.10424667168815541 1
0.12511323411527847 1
0.14591346582036377 1
0.16666666666666666 1
0.18741986751296957 1
0.20822009921805484 1
0.22908666164517794 1
0.25 1
0.27091333835482206 1
0.2917799007819451 1
0.31258013248703043 1
0.33333333333333331 1
0.3540865341796362 1
0.37488676588472153 1
0.39575332831184451 1
0.41666666666666663 1
0.43758000502148875 1
0.45844656744861184 1
0.47924679915369717 1
0.5 1
0.52075320084630283 1
0.5415534325513881 1
0.56241999497851125 1
0.58333333333333326 1
0.60424667168815538 1
0.62511323411527842 1
0.6459134658203638 1
0.66666666666666663 1
0.68741986751296935 1
0.70822009921805484 1
0.72908666164517777 1
0.75 1
0.77091333835482201 1
0.79177990078194493 1
0.81258013248703043 1
0.83333333333333326 1
0.85408653417963631 1
0.87488676588472136 1
0.89575332831184451 1
0.91666666666666674 1
0.93758000502148875 1
0.9584465674486119 1
0.97924679915369706 1
1 4

9 1 0 0 0 1 3 2 51 2 49 0 -13.356245541838135 62.333333333333336  1 0.26470608200658952 -13.356266202758841 62.333333333876865  0.99999999994223288 0.79467651928299765 -13.369549141848456 62.33333333308056  1.0000000000268701 1.5888106519905136 -13.426347024650902 62.333333333401328  0.9999999999927689 2.3821690083085949 -13.511200803767467 62.333333333315075  1.0000000000019447 3.1750001083685757 -13.611192230502022 62.333333333338182  0.99999999999947864 3.9678305587033011 -13.711182538433865 62.333333333332092  1.0000000000001388 4.7611908577708464 -13.796039662906455 62.333333333333606  0.9999999999999637 5.5553178977671527 -13.852825332227283 62.333333333333314  1.0000000000000089 6.3500000005521153 -13.872787617936021 62.3333333333333  0.99999999999999845 7.1446821000218828 -13.852825335523733 62.333333333333385  0.99999999999999967 7.9388091499969189 -13.796039649668216 62.333333333333286  1.0000000000000004 8.7321694123176439 -13.711182588297488 62.333333333333371  0.99999999999999989 9.5250000000028798 -13.611192043900697 62.333333333333329  1 10.317830587670857 -13.511201499474215 62.333333333333343  1 11.111190850043188 -13.426344438192345 62.333333333333307  1.0000000000000004 11.905317899829774 -13.369558752012333 62.333333333333393  0.99999999999999978 12.700000000000019 -13.349596470806192 62.333333333333293  0.99999999999999989 13.494682100170175 -13.369558752012418 62.333333333333371  0.99999999999999989 14.288809149957 -13.426344438191993 62.333333333333314  1.0000000000000002 15.08216941232839 -13.511201499475538 62.333333333333357  0.99999999999999989 15.874999999999995 -13.611192043895743 62.3333333333333  1.0000000000000004 16.66783058767162 -13.711182588315973 62.333333333333357  0.99999999999999989 17.461190850043 -13.796039649599495 62.333333333333321  1.0000000000000002 18.255317899829816 -13.85282533577908 62.333333333333357  1 19.050000000000004 -13.87278761698532 62.333333333333307  1 19.844682100170175 -13.852825335779078 62.33333333333335  0.99999999999999967 20.638809149956995 -13.796039649599498 62.333333333333329  1.0000000000000007 21.432169412328406 -13.711182588315967 62.333333333333321  1 22.224999999999977 -13.611192043895748 62.333333333333343  0.99999999999999978 23.017830587671629 -13.511201499475529 62.333333333333371  1.0000000000000002 23.811190850042994 -13.426344438192002 62.333333333333293  0.99999999999999989 24.605317899829831 -13.369558752012423 62.333333333333407  1 25.399999999999977 -13.349596470806183 62.333333333333272  1 26.19468210017024 -13.369558752012345 62.333333333333414  0.99999999999999967 26.988809149956793 -13.426344438192345 62.333333333333307  1.0000000000000002 27.782169412329143 -13.511201499474202 62.333333333333336  1.0000000000000002 28.574999999997139 -13.611192043900715 62.333333333333385  0.99999999999999922 29.367830587682334 -13.711182588297472 62.333333333333321  1.0000000000000009 30.161190850003074 -13.796039649668224 62.333333333333293  1.0000000000000002 30.955317899978148 -13.852825335523741 62.333333333333343  0.99999999999999922 31.749999999447819 -13.872787617935977 62.333333333333442  1.0000000000000013 32.544682102233047 -13.852825332227491 62.33333333333281  0.99999999999999623 33.338809142228257 -13.796039662905603 62.333333333335268  1.0000000000000151 34.132169441300341 -13.711182538437146 62.333333333326159  0.99999999999994271 34.924999891617119 -13.611192230489788 62.333333333360144  1.0000000000002145 35.71783099174705 -13.511200803812825 62.333333333233433  0.99999999999919731 36.511189347794449 -13.426347024483146 62.333333333704608  1.0000000000029883 37.305323481546196 -13.36954914246963 62.33333333195398  0.99999999998889577 37.835293916167466 -13.356266201424464 62.333333336298814  1.000000000023874 38.100000000000001 -13.356245541838135 62.333333333333336  1 
0 -13.358703703703705 63  1 0.26470608200658952 -13.358726755113988 63.000000005133316  0.99999999994223288 0.79467651928299765 -13.373546563233374 62.999999997612292  1.0000000000268701 1.5888106519905136 -13.436916101879465 63.000000000642608  0.9999999999927689 2.3821690083085949 -13.531587673625868 62.999999999827153  1.0000000000019447 3.1750001083685757 -13.643148356344966 63.000000000046356  0.99999999999947864 3.9678305587033011 -13.754707790814717 62.999999999987665  1.0000000000001388 4.7611908577708464 -13.84938309497827 63.000000000003247  0.9999999999999637 5.5553178977671527 -13.912739007030433 62.999999999999197  1.0000000000000089 6.3500000005521153 -13.935010978688961 63.000000000000163  0.99999999999999845 7.1446821000218828 -13.912739010708284 62.999999999999972  0.99999999999999967 7.9388091499969189 -13.849383080208353 63.000000000000014  1.0000000000000004 8.7321694123176439 -13.7547078464476 62.999999999999993  0.99999999999999989 9.5250000000028798 -13.643148148153685 63.000000000000007  1 10.317830587670857 -13.531588449826591 63.000000000000021  1 11.111190850043188 -13.436913216165019 62.999999999999979  1.0000000000000004 11.905317899829774 -13.373557285303015 63.000000000000028  0.99999999999999978 12.700000000000019 -13.35128531866807 62.999999999999972  0.99999999999999989 13.494682100170175 -13.373557285303113 63.000000000000021  0.99999999999999989 14.288809149957 -13.436913216164617 62.999999999999986  1.0000000000000002 15.08216941232839 -13.531588449828083 63.000000000000043  0.99999999999999989 15.874999999999995 -13.64314814814813 62.99999999999995  1.0000000000000004 16.66783058767162 -13.754707846468243 63.000000000000028  0.99999999999999989 17.461190850043 -13.849383080131673 62.999999999999964  1.0000000000000002 18.255317899829816 -13.912739010993178 63.00000000000005  1 19.050000000000004 -13.935010977628252 62.999999999999936  1 19.844682100170175 -13.912739010993183 63.00000000000005  0.99999999999999967 20.638809149956995 -13.849383080131675 62.999999999999964  1.0000000000000007 21.432169412328406 -13.754707846468232 63.000000000000007  1 22.224999999999977 -13.643148148148143 63.000000000000014  0.99999999999999978 23.017830587671629 -13.531588449828076 62.999999999999986  1.0000000000000002 23.811190850042994 -13.436913216164626 63.000000000000007  0.99999999999999989 24.605317899829831 -13.373557285303114 63.000000000000021  1 25.399999999999977 -13.351285318668065 62.999999999999964  1 26.19468210017024 -13.37355728530302 63.00000000000005  0.99999999999999967 26.988809149956793 -13.43691321616501 63.000000000000007  1.0000000000000002 27.782169412329143 -13.531588449826589 62.999999999999936  1.0000000000000002 28.574999999997139 -13.643148148153688 63.000000000000085  0.99999999999999922 29.367830587682334 -13.754707846447596 62.999999999999915  1.0000000000000009 30.161190850003074 -13.849383080208341 63.000000000000036  1.0000000000000002 30.955317899978148 -13.912739010708314 62.999999999999986  0.99999999999999922 31.749999999447819 -13.935010978688895 63.000000000000021  1.0000000000000013 32.544682102233047 -13.912739007030659 63.000000000000014  0.99999999999999623 33.338809142228257 -13.849383094977384 62.999999999999808  1.0000000000000151 34.132169441300341 -13.75470779081807 63.000000000000874  0.99999999999994271 34.924999891617119 -13.643148356332489 62.999999999996618  1.0000000000002145 35.71783099174705 -13.531587673672052 63.000000000012676  0.99999999999919731 36.511189347794449 -13.436916101708732 62.999999999952749  1.0000000000029883 37.305323481546196 -13.37354656386538 63.000000000175696  0.99999999998889577 37.835293916167466 -13.358726753756461 62.999999999622247  1.000000000023874 38.100000000000001 -13.358703703703705 63  1 

11 2
12 2

0 4
0.020753200846302881 1
0.041553432551388186 1
0.062419994978511244 1
0.083333333333333329 1
0.10424667168815541 1
0.12511323411527847 1
0.14591346582036377 1
0.16666666666666666 1
0.18741986751296957 1
0.20822009921805484 1
0.22908666164517794 1
0.25 1
0.27091333835482206 1
0.2917799007819451 1
0.31258013248703043 1
0.33333333333333331 1
0.3540865341796362 1
0.37488676588472153 1
0.39575332831184451 1
0.41666666666666663 1
0.43758000502148875 1
0.45844656744861184 1
0.47924679915369717 1
0.5 1
0.52075320084630283 1
0.5415534325513881 1
0.56241999497851125 1
0.58333333333333326 1
0.60424667168815538 1
0.62511323411527842 1
0.6459134658203638 1
0.66666666666666663 1
0.68741986751296935 1
0.70822009921805484 1
0.72908666164517777 1
0.75 1
0.77091333835482201 1
0.79177990078194493 1
0.81258013248703043 1
0.83333333333333326 1
0.85408653417963631 1
0.87488676588472136 1
0.89575332831184451 1
0.91666666666666674 1
0.93758000502148875 1
0.9584465674486119 1
0.97924679915369706 1
1 4

9 1 0 0 0 1 3 2 51 2 49 0 -13.358703703703705 63  1 0.26470608200658952 -13.358726755113988 63.000000005133316  0.99999999994223288 0.79467651928299765 -13.373546563233374 62.999999997612292  1.0000000000268701 1.5888106519905136 -13.436916101879465 63.000000000642608  0.9999999999927689 2.3821690083085949 -13.531587673625868 62.999999999827153  1.0000000000019447 3.1750001083685757 -13.643148356344966 63.000000000046356  0.99999999999947864 3.9678305587033011 -13.754707790814717 62.999999999987665  1.0000000000001388 4.7611908577708464 -13.84938309497827 63.000000000003247  0.9999999999999637 5.5553178977671527 -13.912739007030433 62.999999999999197  1.0000000000000089 6.3500000005521153 -13.935010978688961 63.000000000000163  0.99999999999999845 7.1446821000218828 -13.912739010708284 62.999999999999972  0.99999999999999967 7.9388091499969189 -13.849383080208353 63.000000000000014  1.0000000000000004 8.7321694123176439 -13.7547078464476 62.999999999999993  0.99999999999999989 9.5250000000028798 -13.643148148153685 63.000000000000007  1 10.317830587670857 -13.531588449826591 63.000000000000021  1 11.111190850043188 -13.436913216165019 62.999999999999979  1.0000000000000004 11.905317899829774 -13.373557285303015 63.000000000000028  0.99999999999999978 12.700000000000019 -13.35128531866807 62.999999999999972  0.99999999999999989 13.494682100170175 -13.373557285303113 63.000000000000021  0.99999999999999989 14.288809149957 -13.436913216164617 62.999999999999986  1.0000000000000002 15.08216941232839 -13.531588449828083 63.000000000000043  0.99999999999999989 15.874999999999995 -13.64314814814813 62.99999999999995  1.0000000000000004 16.66783058767162 -13.754707846468243 63.000000000000028  0.99999999999999989 17.461190850043 -13.849383080131673 62.999999999999964  1.0000000000000002 18.255317899829816 -13.912739010993178 63.00000000000005  1 19.050000000000004 -13.935010977628252 62.999999999999936  1 19.844682100170175 -13.912739010993183 63.00000000000005  0.99999999999999967 20.638809149956995 -13.849383080131675 62.999999999999964  1.0000000000000007 21.432169412328406 -13.754707846468232 63.000000000000007  1 22.224999999999977 -13.643148148148143 63.000000000000014  0.99999999999999978 23.017830587671629 -13.531588449828076 62.999999999999986  1.0000000000000002 23.811190850042994 -13.436913216164626 63.000000000000007  0.99999999999999989 24.605317899829831 -13.373557285303114 63.000000000000021  1 25.399999999999977 -13.351285318668065 62.999999999999964  1 26.19468210017024 -13.37355728530302 63.00000000000005  0.99999999999999967 26.988809149956793 -13.43691321616501 63.000000000000007  1.0000000000000002 27.782169412329143 -13.531588449826589 62.999999999999936  1.0000000000000002 28.574999999997139 -13.643148148153688 63.000000000000085  0.99999999999999922 29.367830587682334 -13.754707846447596 62.999999999999915  1.0000000000000009 30.161190850003074 -13.849383080208341 63.000000000000036  1.0000000000000002 30.955317899978148 -13.912739010708314 62.999999999999986  0.99999999999999922 31.749999999447819 -13.935010978688895 63.000000000000021  1.0000000000000013 32.544682102233047 -13.912739007030659 63.000000000000014  0.99999999999999623 33.338809142228257 -13.849383094977384 62.999999999999808  1.0000000000000151 34.132169441300341 -13.75470779081807 63.000000000000874  0.99999999999994271 34.924999891617119 -13.643148356332489 62.999999999996618  1.0000000000002145 35.71783099174705 -13.531587673672052 63.000000000012676  0.99999999999919731 36.511189347794449 -13.436916101708732 62.999999999952749  1.0000000000029883 37.305323481546196 -13.37354656386538 63.000000000175696  0.99999999998889577 37.835293916167466 -13.358726753756461 62.999999999622247  1.000000000023874 38.100000000000001 -13.358703703703705 63  1 
0 -13.360964334705077 63.666666666666664  1 0.26470608200658952 -13.360989585059068 63.666666671916182  0.99999999994223288 0.79467651928299765 -13.377222763002573 63.666666664224962  1.0000000000268701 1.5888106519905136 -13.446635878327776 63.666666667323767  0.9999999999927689 2.3821690083085949 -13.550336312852249 63.666666666489967  1.0000000000019447 3.1750001083685757 -13.672536579223307 63.666666666714029  0.99999999999947864 3.9678305587033011 -13.794735478270804 63.666666666654045  1.0000000000001388 4.7611908577708464 -13.898440001258923 63.66666666666999  0.9999999999999637 5.5553178977671527 -13.967838190108262 63.666666666665805  1.0000000000000089 6.3500000005521153 -13.992234247952826 63.666666666666885  0.99999999999999845 7.1446821000218828 -13.967838194136954 63.666666666666629  0.99999999999999967 7.9388091499969189 -13.898439985080062 63.666666666666657  1.0000000000000004 8.7321694123176439 -13.794735539210667 63.666666666666664  0.99999999999999989 9.5250000000028798 -13.672536351172038 63.666666666666664  1 10.317830587670857 -13.550337163097097 63.666666666666686  1 11.111190850043188 -13.446632717336309 63.666666666666629  1.0000000000000004 11.905317899829774 -13.377234507882829 63.666666666666707  0.99999999999999978 12.700000000000019 -13.352838455541056 63.666666666666636  0.99999999999999989 13.494682100170175 -13.377234507882941 63.666666666666679  0.99999999999999989 14.288809149957 -13.446632717335879 63.666666666666622  1.0000000000000002 15.08216941232839 -13.550337163098721 63.666666666666721  0.99999999999999989 15.874999999999995 -13.672536351165968 63.666666666666579  1.0000000000000004 16.66783058767162 -13.79473553923326 63.666666666666721  0.99999999999999989 17.461190850043 -13.898439984996077 63.66666666666665  1.0000000000000002 18.255317899829816 -13.967838194449016 63.666666666666679  1 19.050000000000004 -13.992234246790947 63.66666666666665  1 19.844682100170175 -13.967838194449014 63.666666666666686  0.99999999999999967 20.638809149956995 -13.898439984996088 63.666666666666636  1.0000000000000007 21.432169412328406 -13.794735539233248 63.6666666666667  1 22.224999999999977 -13.672536351165984 63.666666666666636  0.99999999999999978 23.017830587671629 -13.550337163098703 63.666666666666693  1.0000000000000002 23.811190850042994 -13.446632717335893 63.666666666666643  0.99999999999999989 24.605317899829831 -13.377234507882939 63.666666666666693  1 25.399999999999977 -13.35283845554104 63.666666666666622  1 26.19468210017024 -13.377234507882848 63.666666666666721  0.99999999999999967 26.988809149956793 -13.446632717336307 63.666666666666629  1.0000000000000002 27.782169412329143 -13.550337163097083 63.666666666666686  1.0000000000000002 28.574999999997139 -13.672536351172056 63.6666666666667  0.99999999999999922 29.367830587682334 -13.794735539210647 63.6666666666666  1.0000000000000009 30.161190850003074 -13.898439985080067 63.6666666666667  1.0000000000000002 30.955317899978148 -13.967838194136966 63.666666666666664  0.99999999999999922 31.749999999447819 -13.992234247952762 63.666666666666586  1.0000000000000013 32.544682102233047 -13.967838190108534 63.666666666666927  0.99999999999999623 33.338809142228257 -13.898440001257827 63.66666666666562  1.0000000000000151 34.132169441300341 -13.794735478274989 63.666666666670658  0.99999999999994271 34.924999891617119 -13.672536579207689 63.666666666651658  1.0000000000002145 35.71783099174705 -13.550336312910126 63.666666666722598  0.99999999999919731 36.511189347794449 -13.446635878113659 63.666666666458724  1.0000000000029883 37.305323481546196 -13.377222763795517 63.666666667439216  0.99999999998889577 37.835293916167466 -13.360989583355641 63.666666665005778  1.000000000023874 38.100000000000001 -13.360964334705077 63.666666666666664  1 

12 2
13 2

0 4
0.020753200846302881 1
0.041553432551388186 1
0.062419994978511244 1
0.083333333333333329 1
0.10424667168815541 1
0.12511323411527847 1
0.14591346582036377 1
0.16666666666666666 1
0.18741986751296957 1
0.20822009921805484 1
0.22908666164517794 1
0.25 1
0.27091333835482206 1
0.2917799007819451 1
0.31258013248703043 1
0.33333333333333331 1
0.3540865341796362 1
0.37488676588472153 1
0.39575332831184451 1
0.41666666666666663 1
0.43758000502148875 1
0.45844656744861184 1
0.47924679915369717 1
0.5 1
0.52075320084630283 1
0.5415534325513881 1
0.56241999497851125 1
0.58333333333333326 1
0.60424667168815538 1
0.62511323411527842 1
0.6459134658203638 1
0.66666666666666663 1
0.68741986751296935 1
0.70822009921805484 1
0.72908666164517777 1
0.75 1
0.77091333835482201 1
0.79177990078194493 1
0.81258013248703043 1
0.83333333333333326 1
0.85408653417963631 1
0.87488676588472136 1
0.89575332831184451 1
0.91666666666666674 1
0.93758000502148875 1
0.9584465674486119 1
0.97924679915369706 1
1 4

9 1 0 0 0 1 3 2 51 2 49 0 -13.360964334705077 63.666666666666664  1 0.26470608200658952 -13.360989585059068 63.666666671916182  0.99999999994223288 0.79467651928299765 -13.377222763002573 63.666666664224962  1.0000000000268701 1.5888106519905136 -13.446635878327776 63.666666667323767  0.9999999999927689 2.3821690083085949 -13.550336312852249 63.666666666489967  1.0000000000019447 3.1750001083685757 -13.672536579223307 63.666666666714029  0.99999999999947864 3.9678305587033011 -13.794735478270804 63.666666666654045  1.0000000000001388 4.7611908577708464 -13.898440001258923 63.66666666666999  0.9999999999999637 5.5553178977671527 -13.967838190108262 63.666666666665805  1.0000000000000089 6.3500000005521153 -13.992234247952826 63.666666666666885  0.99999999999999845 7.1446821000218828 -13.967838194136954 63.666666666666629  0.99999999999999967 7.9388091499969189 -13.898439985080062 63.666666666666657  1.0000000000000004 8.7321694123176439 -13.794735539210667 63.666666666666664  0.99999999999999989 9.5250000000028798 -13.672536351172038 63.666666666666664  1 10.317830587670857 -13.550337163097097 63.666666666666686  1 11.111190850043188 -13.446632717336309 63.666666666666629  1.0000000000000004 11.905317899829774 -13.377234507882829 63.666666666666707  0.99999999999999978 12.700000000000019 -13.352838455541056 63.666666666666636  0.99999999999999989 13.494682100170175 -13.377234507882941 63.666666666666679  0.99999999999999989 14.288809149957 -13.446632717335879 63.666666666666622  1.0000000000000002 15.08216941232839 -13.550337163098721 63.666666666666721  0.99999999999999989 15.874999999999995 -13.672536351165968 63.666666666666579  1.0000000000000004 16.66783058767162 -13.79473553923326 63.666666666666721  0.99999999999999989 17.461190850043 -13.898439984996077 63.66666666666665  1.0000000000000002 18.255317899829816 -13.967838194449016 63.666666666666679  1 19.050000000000004 -13.992234246790947 63.66666666666665  1 19.844682100170175 -13.967838194449014 63.666666666666686  0.99999999999999967 20.638809149956995 -13.898439984996088 63.666666666666636  1.0000000000000007 21.432169412328406 -13.794735539233248 63.6666666666667  1 22.224999999999977 -13.672536351165984 63.666666666666636  0.99999999999999978 23.017830587671629 -13.550337163098703 63.666666666666693  1.0000000000000002 23.811190850042994 -13.446632717335893 63.666666666666643  0.99999999999999989 24.605317899829831 -13.377234507882939 63.666666666666693  1 25.399999999999977 -13.35283845554104 63.666666666666622  1 26.19468210017024 -13.377234507882848 63.666666666666721  0.99999999999999967 26.988809149956793 -13.446632717336307 63.666666666666629  1.0000000000000002 27.782169412329143 -13.550337163097083 63.666666666666686  1.0000000000000002 28.574999999997139 -13.672536351172056 63.6666666666667  0.99999999999999922 29.367830587682334 -13.794735539210647 63.6666666666666  1.0000000000000009 30.161190850003074 -13.898439985080067 63.6666666666667  1.0000000000000002 30.955317899978148 -13.967838194136966 63.666666666666664  0.99999999999999922 31.749999999447819 -13.992234247952762 63.666666666666586  1.0000000000000013 32.544682102233047 -13.967838190108534 63.666666666666927  0.99999999999999623 33.338809142228257 -13.898440001257827 63.66666666666562  1.0000000000000151 34.132169441300341 -13.794735478274989 63.666666666670658  0.99999999999994271 34.924999891617119 -13.672536579207689 63.666666666651658  1.0000000000002145 35.71783099174705 -13.550336312910126 63.666666666722598  0.99999999999919731 36.511189347794449 -13.446635878113659 63.666666666458724  1.0000000000029883 37.305323481546196 -13.377222763795517 63.666666667439216  0.99999999998889577 37.835293916167466 -13.360989583355641 63.666666665005778  1.000000000023874 38.100000000000001 -13.360964334705077 63.666666666666664  1 
0 -13.362961591220852 64.333333333333329  1 0.26470608200658952 -13.362988782956268 64.333333336366678  0.99999999994223288 0.79467651928299765 -13.38047066829243 64.333333331922404  1.0000000000268701 1.5888106519905136 -13.455223253464396 64.333333333713043  0.9999999999927689 2.3821690083085949 -13.566900644642217 64.333333333231195  1.0000000000019447 3.1750001083685757 -13.698500931462647 64.333333333360699  0.99999999999947864 3.9678305587033011 -13.830099745832385 64.333333333326067  1.0000000000001388 4.7611908577708464 -13.941781539816693 64.333333333335219  0.9999999999999637 5.5553178977671527 -14.016518050885978 64.333333333332845  1.0000000000000089 6.3500000005521153 -14.042790728564544 64.333333333333442  0.99999999999999845 7.1446821000218828 -14.016518055224415 64.333333333333314  0.99999999999999967 7.9388091499969189 -13.941781522393915 64.333333333333329  1.0000000000000004 8.7321694123176439 -13.830099811457645 64.333333333333329  0.99999999999999989 9.5250000000028798 -13.698500685877576 64.333333333333329  1 10.317830587670857 -13.566901560258412 64.333333333333371  1 11.111190850043188 -13.455219849439098 64.333333333333258  1.0000000000000004 11.905317899829774 -13.380483316181518 64.333333333333357  0.99999999999999978 12.700000000000019 -13.35421064442882 64.333333333333329  0.99999999999999989 13.494682100170175 -13.380483316181634 64.333333333333357  0.99999999999999989 14.288809149957 -13.455219849438631 64.3333333333333  1.0000000000000002 15.08216941232839 -13.566901560260163 64.333333333333385  0.99999999999999989 15.874999999999995 -13.698500685871045 64.333333333333286  1.0000000000000004 16.66783058767162 -13.83009981148197 64.333333333333357  0.99999999999999989 17.461190850043 -13.941781522303469 64.333333333333329  1.0000000000000002 18.255317899829816 -14.016518055560475 64.3333333333333  1 19.050000000000004 -14.042790727313328 64.333333333333286  1 19.844682100170175 -14.01651805556048 64.3333333333334  0.99999999999999967 20.638809149956995 -13.941781522303478 64.3333333333333  1.0000000000000007 21.432169412328406 -13.830099811481958 64.333333333333343  1 22.224999999999977 -13.698500685871068 64.3333333333333  0.99999999999999978 23.017830587671629 -13.566901560260145 64.333333333333357  1.0000000000000002 23.811190850042994 -13.455219849438645 64.333333333333329  0.99999999999999989 24.605317899829831 -13.380483316181632 64.333333333333371  1 25.399999999999977 -13.354210644428811 64.3333333333333  1 26.19468210017024 -13.380483316181534 64.333333333333371  0.99999999999999967 26.988809149956793 -13.455219849439089 64.333333333333329  1.0000000000000002 27.782169412329143 -13.566901560258401 64.3333333333333  1.0000000000000002 28.574999999997139 -13.698500685877601 64.3333333333334  0.99999999999999922 29.367830587682334 -13.83009981145762 64.333333333333258  1.0000000000000009 30.161190850003074 -13.941781522393921 64.333333333333357  1.0000000000000002 30.955317899978148 -14.01651805522442 64.3333333333333  0.99999999999999922 31.749999999447819 -14.042790728564517 64.333333333333428  1.0000000000000013 32.544682102233047 -14.016518050886077 64.333333333332959  0.99999999999999623 33.338809142228257 -13.941781539816255 64.333333333334508  1.0000000000000151 34.132169441300341 -13.830099745834108 64.333333333329136  0.99999999999994271 34.924999891617119 -13.698500931456234 64.333333333348904  1.0000000000002145 35.71783099174705 -13.566900644665802 64.333333333275334  0.99999999999919731 36.511189347794449 -13.455223253377826 64.333333333548865  1.0000000000029883 37.305323481546196 -13.38047066861129 64.333333332532604  0.99999999998889577 37.835293916167466 -13.362988782272183 64.333333335054803  1.000000000023874 38.100000000000001 -13.362961591220852 64.333333333333329  1 

13 2
14 2

0 4
0.020753200846302881 1
0.041553432551388186 1
0.062419994978511244 1
0.083333333333333329 1
0.10424667168815541 1
0.12511323411527847 1
0.14591346582036377 1
0.16666666666666666 1
0.18741986751296957 1
0.20822009921805484 1
0.22908666164517794 1
0.25 1
0.27091333835482206 1
0.2917799007819451 1
0.31258013248703043 1
0.33333333333333331 1
0.3540865341796362 1
0.37488676588472153 1
0.39575332831184451 1
0.41666666666666663 1
0.43758000502148875 1
0.45844656744861184 1
0.47924679915369717 1
0.5 1
0.52075320084630283 1
0.5415534325513881 1
0.56241999497851125 1
0.58333333333333326 1
0.60424667168815538 1
0.62511323411527842 1
0.6459134658203638 1
0.66666666666666663 1
0.68741986751296935 1
0.70822009921805484 1
0.72908666164517777 1
0.75 1
0.77091333835482201 1
0.79177990078194493 1
0.81258013248703043 1
0.83333333333333326 1
0.85408653417963631 1
0.87488676588472136 1
0.89575332831184451 1
0.91666666666666674 1
0.93758000502148875 1
0.9584465674486119 1
0.97924679915369706 1
1 4

9 1 0 0 0 1 3 2 51 2 49 0 -13.362961591220852 64.333333333333329  1 0.26470608200658952 -13.362988782956268 64.333333336366678  0.99999999994223288 0.79467651928299765 -13.38047066829243 64.333333331922404  1.0000000000268701 1.5888106519905136 -13.455223253464396 64.333333333713043  0.9999999999927689 2.3821690083085949 -13.566900644642217 64.333333333231195  1.0000000000019447 3.1750001083685757 -13.698500931462647 64.333333333360699  0.99999999999947864 3.9678305587033011 -13.830099745832385 64.333333333326067  1.0000000000001388 4.7611908577708464 -13.941781539816693 64.333333333335219  0.9999999999999637 5.5553178977671527 -14.016518050885978 64.333333333332845  1.0000000000000089 6.3500000005521153 -14.042790728564544 64.333333333333442  0.99999999999999845 7.1446821000218828 -14.016518055224415 64.333333333333314  0.99999999999999967 7.9388091499969189 -13.941781522393915 64.333333333333329  1.0000000000000004 8.7321694123176439 -13.830099811457645 64.333333333333329  0.99999999999999989 9.5250000000028798 -13.698500685877576 64.333333333333329  1 10.317830587670857 -13.566901560258412 64.333333333333371  1 11.111190850043188 -13.455219849439098 64.333333333333258  1.0000000000000004 11.905317899829774 -13.380483316181518 64.333333333333357  0.99999999999999978 12.700000000000019 -13.35421064442882 64.333333333333329  0.99999999999999989 13.494682100170175 -13.380483316181634 64.333333333333357  0.99999999999999989 14.288809149957 -13.455219849438631 64.3333333333333  1.0000000000000002 15.08216941232839 -13.566901560260163 64.333333333333385  0.99999999999999989 15.874999999999995 -13.698500685871045 64.333333333333286  1.0000000000000004 16.66783058767162 -13.83009981148197 64.333333333333357  0.99999999999999989 17.461190850043 -13.941781522303469 64.333333333333329  1.0000000000000002 18.255317899829816 -14.016518055560475 64.3333333333333  1 19.050000000000004 -14.042790727313328 64.333333333333286  1 19.844682100170175 -14.01651805556048 64.3333333333334  0.99999999999999967 20.638809149956995 -13.941781522303478 64.3333333333333  1.0000000000000007 21.432169412328406 -13.830099811481958 64.333333333333343  1 22.224999999999977 -13.698500685871068 64.3333333333333  0.99999999999999978 23.017830587671629 -13.566901560260145 64.333333333333357  1.0000000000000002 23.811190850042994 -13.455219849438645 64.333333333333329  0.99999999999999989 24.605317899829831 -13.380483316181632 64.333333333333371  1 25.399999999999977 -13.354210644428811 64.3333333333333  1 26.19468210017024 -13.380483316181534 64.333333333333371  0.99999999999999967 26.988809149956793 -13.455219849439089 64.333333333333329  1.0000000000000002 27.782169412329143 -13.566901560258401 64.3333333333333  1.0000000000000002 28.574999999997139 -13.698500685877601 64.3333333333334  0.99999999999999922 29.367830587682334 -13.83009981145762 64.333333333333258  1.0000000000000009 30.161190850003074 -13.941781522393921 64.333333333333357  1.0000000000000002 30.955317899978148 -14.01651805522442 64.3333333333333  0.99999999999999922 31.749999999447819 -14.042790728564517 64.333333333333428  1.0000000000000013 32.544682102233047 -14.016518050886077 64.333333333332959  0.99999999999999623 33.338809142228257 -13.941781539816255 64.333333333334508  1.0000000000000151 34.132169441300341 -13.830099745834108 64.333333333329136  0.99999999999994271 34.924999891617119 -13.698500931456234 64.333333333348904  1.0000000000002145 35.71783099174705 -13.566900644665802 64.333333333275334  0.99999999999919731 36.511189347794449 -13.455223253377826 64.333333333548865  1.0000000000029883 37.305323481546196 -13.38047066861129 64.333333332532604  0.99999999998889577 37.835293916167466 -13.362988782272183 64.333333335054803  1.000000000023874 38.100000000000001 -13.362961591220852 64.333333333333329  1 
0 -13.364629629629631 65  1 0.26470608200658952 -13.364658442869088 65.000000003468131  0.99999999994223288 0.79467651928299765 -13.383183204517755 64.999999998386855  1.0000000000268701 1.5888106519905136 -13.462395127221205 65.000000000434127  0.9999999999927689 2.3821690083085949 -13.580734592066815 64.999999999883258  1.0000000000019447 3.1750001083685757 -13.720185445421949 65.000000000031307  0.99999999999947864 3.9678305587033011 -13.859634738520869 64.999999999991658  1.0000000000001388 4.7611908577708464 -13.97797886872217 65.000000000002174  0.9999999999999637 5.5553178977671527 -14.057173758788226 64.999999999999417  1.0000000000000089 6.3500000005521153 -14.085013723361147 65.000000000000171  0.99999999999999845 7.1446821000218828 -14.057173763385375 64.999999999999957  0.99999999999999967 7.9388091499969189 -13.977978850260429 64.999999999999972  1.0000000000000004 8.7321694123176439 -13.859634808059505 65.000000000000071  0.99999999999999989 9.5250000000028798 -13.720185185192104 64.999999999999972  1 10.317830587670857 -13.580735562283245 65.000000000000028  1 11.111190850043188 -13.462391520206273 64.999999999999972  1.0000000000000004 11.905317899829774 -13.383196606628761 65.000000000000014  0.99999999999999978 12.700000000000019 -13.355356648335095 64.999999999999986  0.99999999999999989 13.494682100170175 -13.38319660662888 65.000000000000028  0.99999999999999989 14.288809149957 -13.462391520205781 64.999999999999957  1.0000000000000002 15.08216941232839 -13.58073556228509 65.000000000000043  0.99999999999999989 15.874999999999995 -13.720185185185185 64.999999999999915  1.0000000000000004 16.66783058767162 -13.859634808085277 65.000000000000099  0.99999999999999989 17.461190850043 -13.97797885016459 64.999999999999901  1.0000000000000002 18.255317899829816 -14.057173763741483 65.000000000000057  1 19.050000000000004 -14.085013722035306 64.999999999999957  1 19.844682100170175 -14.057173763741488 65.000000000000028  0.99999999999999967 20.638809149956995 -13.977978850164591 64.999999999999986  1.0000000000000007 21.432169412328406 -13.859634808085286 65.000000000000028  1 22.224999999999977 -13.720185185185183 64.999999999999972  0.99999999999999978 23.017830587671629 -13.580735562285097 65.000000000000014  1.0000000000000002 23.811190850042994 -13.462391520205784 64.999999999999986  0.99999999999999989 24.605317899829831 -13.383196606628889 65.000000000000028  1 25.399999999999977 -13.355356648335086 64.999999999999986  1 26.19468210017024 -13.383196606628774 65.000000000000014  0.99999999999999967 26.988809149956793 -13.462391520206261 65.000000000000014  1.0000000000000002 27.782169412329143 -13.580735562283243 64.999999999999957  1.0000000000000002 28.574999999997139 -13.720185185192102 65.000000000000071  0.99999999999999922 29.367830587682334 -13.859634808059502 64.999999999999943  1.0000000000000009 30.161190850003074 -13.977978850260429 65  1.0000000000000002 30.955317899978148 -14.057173763385375 65.000000000000028  0.99999999999999922 31.749999999447819 -14.08501372336114 64.999999999999972  1.0000000000000013 32.544682102233047 -14.05717375878827 65.000000000000185  0.99999999999999623 33.338809142228257 -13.97797886872195 64.999999999999034  1.0000000000000151 34.132169441300341 -13.859634738521738 65.000000000003922  0.99999999999994271 34.924999891617119 -13.720185445418791 64.999999999985263  1.0000000000002145 35.71783099174705 -13.580734592078235 65.000000000054996  0.99999999999919731 36.511189347794449 -13.462395127179903 64.999999999795477  1.0000000000029883 37.305323481546196 -13.383183204668274 65.000000000759968  0.99999999998889577 37.835293916167466 -13.364658442546984 64.999999998366121  1.000000000023874 38.100000000000001 -13.364629629629631 65  1 

14 2
15 2

0 4
0.020753200846302881 1
0.041553432551388186 1
0.062419994978511244 1
0.083333333333333329 1
0.10424667168815541 1
0.12511323411527847 1
0.14591346582036377 1
0.16666666666666666 1
0.18741986751296957 1
0.20822009921805484 1
0.22908666164517794 1
0.25 1
0.27091333835482206 1
0.2917799007819451 1
0.31258013248703043 1
0.33333333333333331 1
0.3540865341796362 1
0.37488676588472153 1
0.39575332831184451 1
0.41666666666666663 1
0.43758000502148875 1
0.45844656744861184 1
0.47924679915369717 1
0.5 1
0.52075320084630283 1
0.5415534325513881 1
0.56241999497851125 1
0.58333333333333326 1
0.60424667168815538 1
0.62511323411527842 1
0.6459134658203638 1
0.66666666666666663 1
0.68741986751296935 1
0.70822009921805484 1
0.72908666164517777 1
0.75 1
0.77091333835482201 1
0.79177990078194493 1
0.81258013248703043 1
0.83333333333333326 1
0.85408653417963631 1
0.87488676588472136 1
0.89575332831184451 1
0.91666666666666674 1
0.93758000502148875 1
0.9584465674486119 1
0.97924679915369706 1
1 4

9 1 0 0 0 1 3 2 51 2 49 0 -13.364629629629631 65  1 0.26470608200658952 -13.364658442869088 65.000000003468131  0.99999999994223288 0.79467651928299765 -13.383183204517755 64.999999998386855  1.0000000000268701 1.5888106519905136 -13.462395127221205 65.000000000434127  0.9999999999927689 2.3821690083085949 -13.580734592066815 64.999999999883258  1.0000000000019447 3.1750001083685757 -13.720185445421949 65.000000000031307  0.99999999999947864 3.9678305587033011 -13.859634738520869 64.999999999991658  1.0000000000001388 4.7611908577708464 -13.97797886872217 65.000000000002174  0.9999999999999637 5.5553178977671527 -14.057173758788226 64.999999999999417  1.0000000000000089 6.3500000005521153 -14.085013723361147 65.000000000000171  0.99999999999999845 7.1446821000218828 -14.057173763385375 64.999999999999957  0.99999999999999967 7.9388091499969189 -13.977978850260429 64.999999999999972  1.0000000000000004 8.7321694123176439 -13.859634808059505 65.000000000000071  0.99999999999999989 9.5250000000028798 -13.720185185192104 64.999999999999972  1 10.317830587670857 -13.580735562283245 65.000000000000028  1 11.111190850043188 -13.462391520206273 64.999999999999972  1.0000000000000004 11.905317899829774 -13.383196606628761 65.000000000000014  0.99999999999999978 12.700000000000019 -13.355356648335095 64.999999999999986  0.99999999999999989 13.494682100170175 -13.38319660662888 65.000000000000028  0.99999999999999989 14.288809149957 -13.462391520205781 64.999999999999957  1.0000000000000002 15.08216941232839 -13.58073556228509 65.000000000000043  0.99999999999999989 15.874999999999995 -13.720185185185185 64.999999999999915  1.0000000000000004 16.66783058767162 -13.859634808085277 65.000000000000099  0.99999999999999989 17.461190850043 -13.97797885016459 64.999999999999901  1.0000000000000002 18.255317899829816 -14.057173763741483 65.000000000000057  1 19.050000000000004 -14.085013722035306 64.999999999999957  1 19.844682100170175 -14.057173763741488 65.000000000000028  0.99999999999999967 20.638809149956995 -13.977978850164591 64.999999999999986  1.0000000000000007 21.432169412328406 -13.859634808085286 65.000000000000028  1 22.224999999999977 -13.720185185185183 64.999999999999972  0.99999999999999978 23.017830587671629 -13.580735562285097 65.000000000000014  1.0000000000000002 23.811190850042994 -13.462391520205784 64.999999999999986  0.99999999999999989 24.605317899829831 -13.383196606628889 65.000000000000028  1 25.399999999999977 -13.355356648335086 64.999999999999986  1 26.19468210017024 -13.383196606628774 65.000000000000014  0.99999999999999967 26.988809149956793 -13.462391520206261 65.000000000000014  1.0000000000000002 27.782169412329143 -13.580735562283243 64.999999999999957  1.0000000000000002 28.574999999997139 -13.720185185192102 65.000000000000071  0.99999999999999922 29.367830587682334 -13.859634808059502 64.999999999999943  1.0000000000000009 30.161190850003074 -13.977978850260429 65  1.0000000000000002 30.955317899978148 -14.057173763385375 65.000000000000028  0.99999999999999922 31.749999999447819 -14.08501372336114 64.999999999999972  1.0000000000000013 32.544682102233047 -14.05717375878827 65.000000000000185  0.99999999999999623 33.338809142228257 -13.97797886872195 64.999999999999034  1.0000000000000151 34.132169441300341 -13.859634738521738 65.000000000003922  0.99999999999994271 34.924999891617119 -13.720185445418791 64.999999999985263  1.0000000000002145 35.71783099174705 -13.580734592078235 65.000000000054996  0.99999999999919731 36.511189347794449 -13.462395127179903 64.999999999795477  1.0000000000029883 37.305323481546196 -13.383183204668274 65.000000000759968  0.99999999998889577 37.835293916167466 -13.364658442546984 64.999999998366121  1.000000000023874 38.100000000000001 -13.364629629629631 65  1 
0 -13.365902606310014 65.666666666666671  1 0.26470608200658952 -13.365932658573458 65.666666668365579  0.99999999994223288 0.79467651928299765 -13.385253297227074 65.666666665876463  1.0000000000268701 1.5888106519905136 -13.467868399494112 65.666666666879294  0.9999999999927689 2.3821690083085949 -13.591292078206719 65.666666666609501  1.0000000000019447 3.1750001083685757 -13.73673415345762 65.666666666681991  0.99999999999947864 3.9678305587033011 -13.882174601358315 65.666666666662636  1.0000000000001388 4.7611908577708464 -14.005603146045782 65.666666666667652  0.9999999999999637 5.5553178977671527 -14.088200483239666 65.666666666666472  1.0000000000000089 6.3500000005521153 -14.11723653517968 65.666666666666671  0.99999999999999845 7.1446821000218828 -14.088200488034508 65.666666666666771  0.99999999999999967 7.9388091499969189 -14.00560312679014 65.666666666666544  1.0000000000000004 8.7321694123176439 -13.882174673887246 65.666666666666785  0.99999999999999989 9.5250000000028798 -13.736733882037395 65.666666666666657  1 10.317830587670857 -13.591293090144298 65.666666666666714  1 11.111190850043188 -13.467864637370701 65.666666666666657  1.0000000000000004 11.905317899829774 -13.385267275654286 65.666666666666671  0.99999999999999978 12.700000000000019 -13.35623123026356 65.666666666666671  0.99999999999999989 13.494682100170175 -13.38526727565443 65.666666666666742  0.99999999999999989 14.288809149957 -13.46786463737017 65.666666666666586  1.0000000000000002 15.08216941232839 -13.591293090146232 65.666666666666757  0.99999999999999989 15.874999999999995 -13.736733882030174 65.6666666666666  1.0000000000000004 16.66783058767162 -13.882174673914134 65.666666666666757  0.99999999999999989 17.461190850043 -14.005603126690183 65.666666666666629  1.0000000000000002 18.255317899829816 -14.088200488405928 65.666666666666657  1 19.050000000000004 -14.11723653379682 65.666666666666686  1 19.844682100170175 -14.088200488405944 65.6666666666667  0.99999999999999967 20.638809149956995 -14.005603126690177 65.666666666666643  1.0000000000000007 21.432169412328406 -13.882174673914125 65.666666666666686  1 22.224999999999977 -13.736733882030189 65.666666666666671  0.99999999999999978 23.017830587671629 -13.591293090146216 65.6666666666667  1.0000000000000002 23.811190850042994 -13.467864637370193 65.666666666666657  0.99999999999999989 24.605317899829831 -13.385267275654414 65.6666666666667  1 25.399999999999977 -13.35623123026356 65.666666666666629  1 26.19468210017024 -13.385267275654295 65.666666666666757  0.99999999999999967 26.988809149956793 -13.467864637370688 65.6666666666666  1.0000000000000002 27.782169412329143 -13.591293090144299 65.666666666666714  1.0000000000000002 28.574999999997139 -13.736733882037402 65.666666666666686  0.99999999999999922 29.367830587682334 -13.882174673887233 65.666666666666629  1.0000000000000009 30.161190850003074 -14.005603126790147 65.666666666666671  1.0000000000000002 30.955317899978148 -14.088200488034509 65.666666666666771  0.99999999999999922 31.749999999447819 -14.117236535179645 65.666666666666487  1.0000000000000013 32.544682102233047 -14.088200483239824 65.66666666666724  0.99999999999999623 33.338809142228257 -14.005603146045145 65.666666666664383  1.0000000000000151 34.132169441300341 -13.882174601360719 65.666666666675397  0.99999999999994271 34.924999891617119 -13.736734153448735 65.666666666633986  1.0000000000002145 35.71783099174705 -13.591292078239455 65.666666666788572  0.99999999999919731 36.511189347794449 -13.467868399373643 65.666666666213501  1.0000000000029883 37.305323481546196 -13.385253297671577 65.666666668350445  0.99999999998889577 37.835293916167466 -13.3659326576194 65.666666663046797  1.000000000023874 38.100000000000001 -13.365902606310014 65.666666666666671  1 

15 2
16 2

0 4
0.020753200846302881 1
0.041553432551388186 1
0.062419994978511244 1
0.083333333333333329 1
0.10424667168815541 1
0.12511323411527847 1
0.14591346582036377 1
0.16666666666666666 1
0.18741986751296957 1
0.20822009921805484 1
0.22908666164517794 1
0.25 1
0.27091333835482206 1
0.2917799007819451 1
0.31258013248703043 1
0.33333333333333331 1
0.3540865341796362 1
0.37488676588472153 1
0.39575332831184451 1
0.41666666666666663 1
0.43758000502148875 1
0.45844656744861184 1
0.47924679915369717 1
0.5 1
0.52075320084630283 1
0.5415534325513881 1
0.56241999497851125 1
0.58333333333333326 1
0.60424667168815538 1
0.62511323411527842 1
0.6459134658203638 1
0.66666666666666663 1
0.68741986751296935 1
0.70822009921805484 1
0.72908666164517777 1
0.75 1
0.77091333835482201 1
0.79177990078194493 1
0.81258013248703043 1
0.83333333333333326 1
0.85408653417963631 1
0.87488676588472136 1
0.89575332831184451 1
0.91666666666666674 1
0.93758000502148875 1
0.9584465674486119 1
0.97924679915369706 1
1 4

1 0 -14.085000000000001 69 -0 0.98287218693432188 0.18428853505018536 0 0.18428853505018536 -0.98287218693432188 -1 0 -0 
2 0 -14.624452086716552 68.349999999999994 1 0 0 0 -0 1 -0 1 0 0.65000000000000002
1 0 -13.335000000000001 55 1 0 -0 0 0.18428853505018536 0.98287218693432188 0 -0.98287218693432188 0.18428853505018536 
9 1 0 0 0 1 3 2 51 2 49 0 -15.301666666666666 69.049999999999997  1 0.26668430083001088 -15.301666666699967 69.0512704190416  0.99999999999054523 0.81776882424525532 -15.301666666650329 68.974401502190844  1.0000000000046383 1.6158394956915938 -15.301666666671499 68.669215693011722  0.9999999999986271 2.3988225237556606 -15.301666666665266 68.226510056173112  1.000000000000397 3.1749922363155796 -15.301666666667055 67.712982460435029  0.99999999999989175 3.9512078628531975 -15.301666666666558 67.199368521072557  1.000000000000028 4.7340619603686438 -15.301666666666698 66.756905344838145  0.99999999999999301 5.5325626981254086 -15.301666666666661 66.450910773595666  1.0000000000000013 6.3499999691286853 -15.301666666666666 66.339494774554211  0.99999999999999978 7.1674374289064957 -15.301666666666664 66.4509109794556  1.0000000000000002 7.9659375529348884 -15.301666666666671 66.756904439353463  1 8.7487941237707805 -15.301666666666666 67.199372254191715  0.99999999999999989 9.5249999997942663 -15.301666666666662 67.712967860809343  0.99999999999999989 10.301205877034446 -15.301666666666671 68.226563465138753  1.0000000000000004 11.084062444453757 -15.301666666666661 68.669031286402188  1 11.882562579878659 -15.301666666666668 68.97502472486822  1.0000000000000004 12.699999999999186 -15.301666666666666 69.086441004347208  1 13.517437420124706 -15.301666666666669 68.975024724873748  1 14.315937555533337 -15.301666666666657 68.669031286378129  1 15.098794123018205 -15.301666666666666 68.226563465237703  0.99999999999999989 15.874999999999993 -15.301666666666673 67.712967860422424  1.0000000000000002 16.651205876981823 -15.301666666666659 67.199372255607116  0.99999999999999933 17.434062444466587 -15.301666666666673 66.756904434466719  1.0000000000000004 18.23256257987552 -15.301666666666655 66.450910995970659  1 19.050000000000015 -15.301666666666673 66.339494716499146  1 19.867437420124453 -15.301666666666653 66.450910995970645  1.0000000000000011 20.665937555533439 -15.301666666666675 66.756904434466747  0.99999999999999933 21.448794123018153 -15.301666666666671 67.199372255607074  1 22.225000000000016 -15.301666666666652 67.712967860422395  1 23.001205876981796 -15.30166666666668 68.226563465237746  1 23.784062444466667 -15.301666666666659 68.6690312863782  0.99999999999999989 24.582562579875301 -15.301666666666668 68.975024724873691  1 25.400000000000819 -15.301666666666664 69.086441004347236  0.99999999999999989 26.217437420121346 -15.301666666666673 68.975024724868234  1.0000000000000004 27.01593755554623 -15.301666666666661 68.669031286402173  0.99999999999999978 27.798794122965557 -15.301666666666666 68.226563465138781  1 28.575000000205733 -15.301666666666659 67.712967860809272  1 29.351205876229226 -15.301666666666673 67.1993722541918  1 30.134062447065112 -15.301666666666662 66.756904439353377  0.99999999999999956 30.932562571093495 -15.301666666666669 66.450910979455685  1.0000000000000007 31.750000030871369 -15.301666666666662 66.339494774554225  0.99999999999999833 32.567437301874406 -15.301666666666685 66.450910773595425  1.0000000000000044 33.36593803963207 -15.301666666666558 66.756905344838927  0.99999999999998535 34.148792137143886 -15.301666666667083 67.19936852106926  1.0000000000000604 34.925007763695923 -15.30166666666503 67.712982460447847  0.99999999999976419 35.701177476201927 -15.301666666672677 68.226510056126074  1.000000000000862 36.484160504456106 -15.301666666645888 68.669215693174706  0.99999999999702482 37.28223117525129 -15.301666666736883 68.974401501638283  1.0000000000100544 37.833315700202327 -15.30166666652352 69.051270420168805  0.99999999997950517 38.100000000000001 -15.301666666666666 69.049999999999997  1 
0 -15.005833333333333 69.049999999999997  1 0.26668430083001088 -15.005833333795438 69.051244030818083  0.99999999999054523 0.81776882424525532 -15.005833333106645 68.975971905124723  1.0000000000046383 1.6158394956915938 -15.005833333400405 68.677125707516538  0.9999999999986271 2.3988225237556606 -15.00583333331392 68.243616373297854  1.000000000000397 3.1749922363155796 -15.005833333338629 67.740756261857342  0.99999999999989175 3.9512078628531975 -15.005833333331985 67.237811600259576  1.000000000000028 4.7340619603686438 -15.00583333333366 66.804539690429166  0.99999999999999301 5.5325626981254086 -15.005833333333259 66.504901529777086  1.0000000000000013 6.3499999691286853 -15.005833333333346 66.395799969954908  0.99999999999999978 7.1674374289064957 -15.005833333333333 66.50490173136113  1.0000000000000002 7.9659375529348884 -15.00583333333333 66.804538803752493  1 8.7487941237707805 -15.005833333333337 67.237815255837162  0.99999999999999989 9.5249999997942663 -15.005833333333326 67.740741965484446  0.99999999999999989 10.301205877034446 -15.00583333333334 68.24366867289126  1.0000000000000004 11.084062444453757 -15.005833333333324 68.676945131267445  1 11.882562579878659 -15.005833333333339 68.976582182672345  1.0000000000000004 12.699999999999186 -15.005833333333335 69.085684017106956  1 13.517437420124706 -15.00583333333333 68.976582182677703  1 14.315937555533337 -15.005833333333328 68.67694513124394  1 15.098794123018205 -15.005833333333344 68.243668672988136  0.99999999999999989 15.874999999999993 -15.005833333333321 67.740741965105585  1.0000000000000002 16.651205876981823 -15.005833333333348 67.237815257223062  0.99999999999999933 17.434062444466587 -15.005833333333323 66.804538798967371  1.0000000000000004 18.23256257987552 -15.00583333333333 66.50490174753304  1 19.050000000000015 -15.005833333333337 66.395799913105776  1 19.867437420124453 -15.00583333333333 66.504901747533054  1.0000000000000011 20.665937555533439 -15.005833333333339 66.804538798967357  0.99999999999999933 21.448794123018153 -15.005833333333328 67.237815257223048  1 22.225000000000016 -15.005833333333339 67.740741965105599  1 23.001205876981796 -15.00583333333333 68.243668672988122  1 23.784062444466667 -15.005833333333335 68.676945131243968  0.99999999999999989 24.582562579875301 -15.005833333333337 68.976582182677674  1 25.400000000000819 -15.005833333333326 69.085684017106971  0.99999999999999989 26.217437420121346 -15.005833333333344 68.97658218267236  1.0000000000000004 27.01593755554623 -15.005833333333319 68.676945131267431  0.99999999999999978 27.798794122965557 -15.005833333333346 68.24366867289126  1 28.575000000205733 -15.005833333333321 67.740741965484418  1 29.351205876229226 -15.005833333333346 67.237815255837162  1 30.134062447065112 -15.00583333333333 66.804538803752521  0.99999999999999956 30.932562571093495 -15.005833333333339 66.50490173136113  1.0000000000000007 31.750000030871369 -15.005833333333337 66.395799969954865  0.99999999999999833 32.567437301874406 -15.005833333333293 66.504901529777371  1.0000000000000044 33.36593803963207 -15.005833333333513 66.804539690427774  0.99999999999998535 34.148792137143886 -15.005833333332538 67.237811600265317  1.0000000000000604 34.925007763695923 -15.005833333336469 67.740756261835045  0.99999999999976419 35.701177476201927 -15.005833333321862 68.243616373379268  1.000000000000862 36.484160504456106 -15.005833333372923 68.677125707236087  0.99999999999702482 37.28223117525129 -15.005833333199543 68.975971906070853  1.0000000000100544 37.833315700202327 -15.005833333606045 69.051244028890224  0.99999999997950517 38.100000000000001 -15.005833333333333 69.049999999999997  1 

4 2
5 2

0 4
0.019043869865423484 1
0.039181669338101022 1
0.060772106400712955 1
0.08333333333333337 1
0.10589456026595376 1
0.12748499732856572 1
0.14762279680124321 1
0.16666666666666674 1
0.18571053653209021 1
0.20584833600476773 1
0.22743877306737972 1
0.25000000000000011 1
0.27256122693262047 1
0.2941516639952324 1
0.31428946346790998 1
0.33333333333333348 1
0.35237720319875693 1
0.37251500267143456 1
0.39410543973404633 1
0.4166666666666668 1
0.43922789359928716 1
0.4608183306618992 1
0.48095613013457678 1
0.50000000000000022 1
0.51904386986542372 1
0.5391816693381013 1
0.56077210640071329 1
0.58333333333333359 1
0.60589456026595412 1
0.62748499732856589 1
0.64762279680124346 1
0.66666666666666696 1
0.68571053653209035 1
0.70584833600476793 1
0.72743877306737981 1
0.75000000000000033 1
0.77256122693262064 1
0.79415166399523252 1
0.81428946346790998 1
0.83333333333333337 1
0.85237720319875698 1
0.87251500267143434 1
0.89410543973404633 1
0.91666666666666674 1
0.93922789359928704 1
0.96081833066189903 1
0.98095613013457639 1
1 4

9 1 0 0 0 1 3 2 51 2 49 0 -14.709999999999999 69.049999999999997  1 0.26668430083001088 -14.710000000343793 69.05123523169587  0.99999999999054523 0.81776882424525532 -14.70999999983135 68.976495374264459  1.0000000000046383 1.6158394956915938 -14.710000000049895 68.679762378575731  0.9999999999986271 2.3988225237556606 -14.709999999985561 68.24931847913426  1.000000000000397 3.1749922363155796 -14.710000000003927 67.750014195629745  0.99999999999989175 3.9512078628531975 -14.709999999999004 67.250625959997592  1.000000000000028 4.7340619603686438 -14.710000000000239 66.820417805624018  0.99999999999999301 5.5325626981254086 -14.709999999999946 66.522898448504691  1.0000000000000013 6.3499999691286853 -14.710000000000013 66.414568368421769  0.99999999999999978 7.1674374289064957 -14.70999999999999 66.522898648662888  1.0000000000000002 7.9659375529348884 -14.710000000000001 66.820416925218936  1 8.7487941237707805 -14.710000000000003 67.250629589718898  0.99999999999999989 9.5249999997942663 -14.709999999999992 67.750000000376176  0.99999999999999989 10.301205877034446 -14.709999999999994 68.249370408808716  1.0000000000000004 11.084062444453757 -14.710000000000004 68.679583079555897  1 11.882562579878659 -14.709999999999999 68.977101335273687  1.0000000000000004 12.699999999999186 -14.709999999999994 69.085431688026887  1 13.517437420124706 -14.710000000000001 68.977101335279031  1 14.315937555533337 -14.709999999999994 68.679583079532492  1 15.098794123018205 -14.709999999999997 68.249370408904937  0.99999999999999989 15.874999999999993 -14.709999999999997 67.750000000000014  1.0000000000000002 16.651205876981823 -14.710000000000001 67.250629591095048  0.99999999999999933 17.434062444466587 -14.709999999999997 66.820416920467579  1.0000000000000004 18.23256257987552 -14.709999999999996 66.522898664720486  1 19.050000000000015 -14.710000000000001 66.414568311974648  1 19.867437420124453 -14.709999999999992 66.522898664720472  1.0000000000000011 20.665937555533439 -14.710000000000008 66.820416920467608  0.99999999999999933 21.448794123018153 -14.70999999999999 67.250629591095048  1 22.225000000000016 -14.710000000000004 67.75  1 23.001205876981796 -14.709999999999997 68.249370408904923  1 23.784062444466667 -14.710000000000006 68.67958307953252  0.99999999999999989 24.582562579875301 -14.710000000000001 68.977101335279087  1 25.400000000000819 -14.709999999999997 69.085431688026858  0.99999999999999989 26.217437420121346 -14.710000000000001 68.977101335273744  1.0000000000000004 27.01593755554623 -14.709999999999996 68.679583079555869  0.99999999999999978 27.798794122965557 -14.710000000000004 68.24937040880873  1 28.575000000205733 -14.709999999999985 67.750000000376161  1 29.351205876229226 -14.710000000000008 67.250629589718955  1 30.134062447065112 -14.709999999999997 66.820416925218893  0.99999999999999956 30.932562571093495 -14.710000000000003 66.522898648662888  1.0000000000000007 31.750000030871369 -14.70999999999999 66.41456836842184  0.99999999999999833 32.567437301874406 -14.710000000000038 66.522898448504506  1.0000000000000044 33.36593803963207 -14.709999999999832 66.820417805624501  0.99999999999998535 34.148792137143886 -14.710000000000631 67.250625959995716  1.0000000000000604 34.925007763695923 -14.709999999997573 67.750014195636808  0.99999999999976419 35.701177476201927 -14.710000000008854 68.249318479108325  1.000000000000862 36.484160504456106 -14.709999999969408 68.679762378665899  0.99999999999702482 37.28223117525129 -14.710000000103395 68.97649537395823  1.0000000000100544 37.833315700202327 -14.70999999978922 69.051235232320835  0.99999999997950517 38.100000000000001 -14.709999999999999 69.049999999999997  1 
0 -14.414166666666667 69.049999999999997  1 0.26668430083001088 -14.414166667257946 69.051244030818083  0.99999999999054523 0.81776882424525532 -14.414166666376602 68.975971905124723  1.0000000000046383 1.6158394956915938 -14.414166666752493 68.677125707516538  0.9999999999986271 2.3988225237556606 -14.414166666641821 68.243616373297854  1.000000000000397 3.1749922363155796 -14.414166666673449 67.740756261857342  0.99999999999989175 3.9512078628531975 -14.414166666664928 67.237811600259576  1.000000000000028 4.7340619603686438 -14.414166666667096 66.804539690429166  0.99999999999999301 5.5325626981254086 -14.414166666666569 66.504901529777086  1.0000000000000013 6.3499999691286853 -14.414166666666681 66.395799969954908  0.99999999999999978 7.1674374289064957 -14.414166666666667 66.50490173136113  1.0000000000000002 7.9659375529348884 -14.414166666666663 66.804538803752493  1 8.7487941237707805 -14.414166666666661 67.237815255837162  0.99999999999999989 9.5249999997942663 -14.414166666666668 67.740741965484446  0.99999999999999989 10.301205877034446 -14.414166666666661 68.24366867289126  1.0000000000000004 11.084062444453757 -14.414166666666674 68.676945131267445  1 11.882562579878659 -14.414166666666656 68.976582182672345  1.0000000000000004 12.699999999999186 -14.414166666666672 69.085684017106956  1 13.517437420124706 -14.414166666666663 68.976582182677703  1 14.315937555533337 -14.414166666666663 68.67694513124394  1 15.098794123018205 -14.414166666666668 68.243668672988136  0.99999999999999989 15.874999999999993 -14.414166666666659 67.740741965105585  1.0000000000000002 16.651205876981823 -14.414166666666675 67.237815257223062  0.99999999999999933 17.434062444466587 -14.414166666666663 66.804538798967371  1.0000000000000004 18.23256257987552 -14.414166666666659 66.50490174753304  1 19.050000000000015 -14.414166666666677 66.395799913105776  1 19.867437420124453 -14.414166666666651 66.504901747533054  1.0000000000000011 20.665937555533439 -14.414166666666675 66.804538798967357  0.99999999999999933 21.448794123018153 -14.414166666666663 67.237815257223048  1 22.225000000000016 -14.414166666666674 67.740741965105599  1 23.001205876981796 -14.414166666666663 68.243668672988122  1 23.784062444466667 -14.414166666666668 68.676945131243968  0.99999999999999989 24.582562579875301 -14.414166666666672 68.976582182677674  1 25.400000000000819 -14.414166666666661 69.085684017106971  0.99999999999999989 26.217437420121346 -14.41416666666667 68.97658218267236  1.0000000000000004 27.01593755554623 -14.414166666666656 68.676945131267431  0.99999999999999978 27.798794122965557 -14.414166666666677 68.24366867289126  1 28.575000000205733 -14.414166666666663 67.740741965484418  1 29.351205876229226 -14.41416666666667 67.237815255837162  1 30.134062447065112 -14.414166666666667 66.804538803752521  0.99999999999999956 30.932562571093495 -14.414166666666668 66.50490173136113  1.0000000000000007 31.750000030871369 -14.414166666666665 66.395799969954865  0.99999999999999833 32.567437301874406 -14.414166666666663 66.504901529777371  1.0000000000000044 33.36593803963207 -14.4141666666667 66.804539690427774  0.99999999999998535 34.148792137143886 -14.414166666666492 67.237811600265317  1.0000000000000604 34.925007763695923 -14.414166666667365 67.740756261835045  0.99999999999976419 35.701177476201927 -14.414166666664098 68.243616373379268  1.000000000000862 36.484160504456106 -14.414166666675509 68.677125707236087  0.99999999999702482 37.28223117525129 -14.414166666636797 68.975971906070853  1.0000000000100544 37.833315700202327 -14.414166666727539 69.051244028890224  0.99999999997950517 38.100000000000001 -14.414166666666667 69.049999999999997  1 

6 2
7 2

0 4
0.019043869865423484 1
0.039181669338101022 1
0.060772106400712955 1
0.08333333333333337 1
0.10589456026595376 1
0.12748499732856572 1
0.14762279680124321 1
0.16666666666666674 1
0.18571053653209021 1
0.20584833600476773 1
0.22743877306737972 1
0.25000000000000011 1
0.27256122693262047 1
0.2941516639952324 1
0.31428946346790998 1
0.33333333333333348 1
0.35237720319875693 1
0.37251500267143456 1
0.39410543973404633 1
0.4166666666666668 1
0.43922789359928716 1
0.4608183306618992 1
0.48095613013457678 1
0.50000000000000022 1
0.51904386986542372 1
0.5391816693381013 1
0.56077210640071329 1
0.58333333333333359 1
0.60589456026595412 1
0.62748499732856589 1
0.64762279680124346 1
0.66666666666666696 1
0.68571053653209035 1
0.70584833600476793 1
0.72743877306737981 1
0.75000000000000033 1
0.77256122693262064 1
0.79415166399523252 1
0.81428946346790998 1
0.83333333333333337 1
0.85237720319875698 1
0.87251500267143434 1
0.89410543973404633 1
0.91666666666666674 1
0.93922789359928704 1
0.96081833066189903 1
0.98095613013457639 1
1 4

9 1 0 0 0 1 3 2 51 2 49 0 -15.005833333333333 69.049999999999997  1 0.26668430083001088 -15.005833333795438 69.051244030818083  0.99999999999054523 0.81776882424525532 -15.005833333106645 68.975971905124723  1.0000000000046383 1.6158394956915938 -15.005833333400405 68.677125707516538  0.9999999999986271 2.3988225237556606 -15.00583333331392 68.243616373297854  1.000000000000397 3.1749922363155796 -15.005833333338629 67.740756261857342  0.99999999999989175 3.9512078628531975 -15.005833333331985 67.237811600259576  1.000000000000028 4.7340619603686438 -15.00583333333366 66.804539690429166  0.99999999999999301 5.5325626981254086 -15.005833333333259 66.504901529777086  1.0000000000000013 6.3499999691286853 -15.005833333333346 66.395799969954908  0.99999999999999978 7.1674374289064957 -15.005833333333333 66.50490173136113  1.0000000000000002 7.9659375529348884 -15.00583333333333 66.804538803752493  1 8.7487941237707805 -15.005833333333337 67.237815255837162  0.99999999999999989 9.5249999997942663 -15.005833333333326 67.740741965484446  0.99999999999999989 10.301205877034446 -15.00583333333334 68.24366867289126  1.0000000000000004 11.084062444453757 -15.005833333333324 68.676945131267445  1 11.882562579878659 -15.005833333333339 68.976582182672345  1.0000000000000004 12.699999999999186 -15.005833333333335 69.085684017106956  1 13.517437420124706 -15.00583333333333 68.976582182677703  1 14.315937555533337 -15.005833333333328 68.67694513124394  1 15.098794123018205 -15.005833333333344 68.243668672988136  0.99999999999999989 15.874999999999993 -15.005833333333321 67.740741965105585  1.0000000000000002 16.651205876981823 -15.005833333333348 67.237815257223062  0.99999999999999933 17.434062444466587 -15.005833333333323 66.804538798967371  1.0000000000000004 18.23256257987552 -15.00583333333333 66.50490174753304  1 19.050000000000015 -15.005833333333337 66.395799913105776  1 19.867437420124453 -15.00583333333333 66.504901747533054  1.0000000000000011 20.665937555533439 -15.005833333333339 66.804538798967357  0.99999999999999933 21.448794123018153 -15.005833333333328 67.237815257223048  1 22.225000000000016 -15.005833333333339 67.740741965105599  1 23.001205876981796 -15.00583333333333 68.243668672988122  1 23.784062444466667 -15.005833333333335 68.676945131243968  0.99999999999999989 24.582562579875301 -15.005833333333337 68.976582182677674  1 25.400000000000819 -15.005833333333326 69.085684017106971  0.99999999999999989 26.217437420121346 -15.005833333333344 68.97658218267236  1.0000000000000004 27.01593755554623 -15.005833333333319 68.676945131267431  0.99999999999999978 27.798794122965557 -15.005833333333346 68.24366867289126  1 28.575000000205733 -15.005833333333321 67.740741965484418  1 29.351205876229226 -15.005833333333346 67.237815255837162  1 30.134062447065112 -15.00583333333333 66.804538803752521  0.99999999999999956 30.932562571093495 -15.005833333333339 66.50490173136113  1.0000000000000007 31.750000030871369 -15.005833333333337 66.395799969954865  0.99999999999999833 32.567437301874406 -15.005833333333293 66.504901529777371  1.0000000000000044 33.36593803963207 -15.005833333333513 66.804539690427774  0.99999999999998535 34.148792137143886 -15.005833333332538 67.237811600265317  1.0000000000000604 34.925007763695923 -15.005833333336469 67.740756261835045  0.99999999999976419 35.701177476201927 -15.005833333321862 68.243616373379268  1.000000000000862 36.484160504456106 -15.005833333372923 68.677125707236087  0.99999999999702482 37.28223117525129 -15.005833333199543 68.975971906070853  1.0000000000100544 37.833315700202327 -15.005833333606045 69.051244028890224  0.99999999997950517 38.100000000000001 -15.005833333333333 69.049999999999997  1 
0 -14.709999999999999 69.049999999999997  1 0.26668430083001088 -14.710000000343793 69.05123523169587  0.99999999999054523 0.81776882424525532 -14.70999999983135 68.976495374264459  1.0000000000046383 1.6158394956915938 -14.710000000049895 68.679762378575731  0.9999999999986271 2.3988225237556606 -14.709999999985561 68.24931847913426  1.000000000000397 3.1749922363155796 -14.710000000003927 67.750014195629745  0.99999999999989175 3.9512078628531975 -14.709999999999004 67.250625959997592  1.000000000000028 4.7340619603686438 -14.710000000000239 66.820417805624018  0.99999999999999301 5.5325626981254086 -14.709999999999946 66.522898448504691  1.0000000000000013 6.3499999691286853 -14.710000000000013 66.414568368421769  0.99999999999999978 7.1674374289064957 -14.70999999999999 66.522898648662888  1.0000000000000002 7.9659375529348884 -14.710000000000001 66.820416925218936  1 8.7487941237707805 -14.710000000000003 67.250629589718898  0.99999999999999989 9.5249999997942663 -14.709999999999992 67.750000000376176  0.99999999999999989 10.301205877034446 -14.709999999999994 68.249370408808716  1.0000000000000004 11.084062444453757 -14.710000000000004 68.679583079555897  1 11.882562579878659 -14.709999999999999 68.977101335273687  1.0000000000000004 12.699999999999186 -14.709999999999994 69.085431688026887  1 13.517437420124706 -14.710000000000001 68.977101335279031  1 14.315937555533337 -14.709999999999994 68.679583079532492  1 15.098794123018205 -14.709999999999997 68.249370408904937  0.99999999999999989 15.874999999999993 -14.709999999999997 67.750000000000014  1.0000000000000002 16.651205876981823 -14.710000000000001 67.250629591095048  0.99999999999999933 17.434062444466587 -14.709999999999997 66.820416920467579  1.0000000000000004 18.23256257987552 -14.709999999999996 66.522898664720486  1 19.050000000000015 -14.710000000000001 66.414568311974648  1 19.867437420124453 -14.709999999999992 66.522898664720472  1.0000000000000011 20.665937555533439 -14.710000000000008 66.820416920467608  0.99999999999999933 21.448794123018153 -14.70999999999999 67.250629591095048  1 22.225000000000016 -14.710000000000004 67.75  1 23.001205876981796 -14.709999999999997 68.249370408904923  1 23.784062444466667 -14.710000000000006 68.67958307953252  0.99999999999999989 24.582562579875301 -14.710000000000001 68.977101335279087  1 25.400000000000819 -14.709999999999997 69.085431688026858  0.99999999999999989 26.217437420121346 -14.710000000000001 68.977101335273744  1.0000000000000004 27.01593755554623 -14.709999999999996 68.679583079555869  0.99999999999999978 27.798794122965557 -14.710000000000004 68.24937040880873  1 28.575000000205733 -14.709999999999985 67.750000000376161  1 29.351205876229226 -14.710000000000008 67.250629589718955  1 30.134062447065112 -14.709999999999997 66.820416925218893  0.99999999999999956 30.932562571093495 -14.710000000000003 66.522898648662888  1.0000000000000007 31.750000030871369 -14.70999999999999 66.41456836842184  0.99999999999999833 32.567437301874406 -14.710000000000038 66.522898448504506  1.0000000000000044 33.36593803963207 -14.709999999999832 66.820417805624501  0.99999999999998535 34.148792137143886 -14.710000000000631 67.250625959995716  1.0000000000000604 34.925007763695923 -14.709999999997573 67.750014195636808  0.99999999999976419 35.701177476201927 -14.710000000008854 68.249318479108325  1.000000000000862 36.484160504456106 -14.709999999969408 68.679762378665899  0.99999999999702482 37.28223117525129 -14.710000000103395 68.97649537395823  1.0000000000100544 37.833315700202327 -14.70999999978922 69.051235232320835  0.99999999997950517 38.100000000000001 -14.709999999999999 69.049999999999997  1 

5 2
6 2

0 4
0.019043869865423484 1
0.039181669338101022 1
0.060772106400712955 1
0.08333333333333337 1
0.10589456026595376 1
0.12748499732856572 1
0.14762279680124321 1
0.16666666666666674 1
0.18571053653209021 1
0.20584833600476773 1
0.22743877306737972 1
0.25000000000000011 1
0.27256122693262047 1
0.2941516639952324 1
0.31428946346790998 1
0.33333333333333348 1
0.35237720319875693 1
0.37251500267143456 1
0.39410543973404633 1
0.4166666666666668 1
0.43922789359928716 1
0.4608183306618992 1
0.48095613013457678 1
0.50000000000000022 1
0.51904386986542372 1
0.5391816693381013 1
0.56077210640071329 1
0.58333333333333359 1
0.60589456026595412 1
0.62748499732856589 1
0.64762279680124346 1
0.66666666666666696 1
0.68571053653209035 1
0.70584833600476793 1
0.72743877306737981 1
0.75000000000000033 1
0.77256122693262064 1
0.79415166399523252 1
0.81428946346790998 1
0.83333333333333337 1
0.85237720319875698 1
0.87251500267143434 1
0.89410543973404633 1
0.91666666666666674 1
0.93922789359928704 1
0.96081833066189903 1
0.98095613013457639 1
1 4

9 1 0 0 0 1 3 2 51 2 49 0 -10.335000000000001 55  1 0.26470608200658952 -10.33500000031596 55.000000003067974  0.99999999994223288 0.79467651928299765 -10.334999999853039 54.999999998572967  1.0000000000268701 1.5888106519905136 -10.335000000039548 55.000000000384041  0.9999999999927689 2.3821690083085949 -10.334999999989368 54.999999999896701  1.0000000000019447 3.1750001083685757 -10.335000000002848 55.000000000027725  0.99999999999947864 3.9678305587033011 -10.334999999999246 54.999999999992596  1.0000000000001388 4.7611908577708464 -10.335000000000193 55.00000000000194  0.9999999999999637 5.5553178977671527 -10.334999999999962 54.999999999999517  1.0000000000000089 6.3500000005521153 -10.335000000000003 55.000000000000099  0.99999999999999845 7.1446821000218828 -10.335000000000012 55.000000000000007  0.99999999999999967 7.9388091499969189 -10.334999999999992 54.999999999999964  1.0000000000000004 8.7321694123176439 -10.335000000000004 55.000000000000043  0.99999999999999989 9.5250000000028798 -10.335000000000001 55  1 10.317830587670857 -10.335000000000004 55.000000000000007  1 11.111190850043188 -10.335000000000003 55.000000000000007  1.0000000000000004 11.905317899829774 -10.334999999999999 54.999999999999986  0.99999999999999978 12.700000000000019 -10.334999999999999 55.000000000000007  0.99999999999999989 13.494682100170175 -10.335000000000006 55.000000000000021  0.99999999999999989 14.288809149957 -10.334999999999997 54.999999999999979  1.0000000000000002 15.08216941232839 -10.335000000000006 55.000000000000021  0.99999999999999989 15.874999999999995 -10.334999999999992 54.999999999999964  1.0000000000000004 16.66783058767162 -10.335000000000006 55.00000000000005  0.99999999999999989 17.461190850043 -10.334999999999999 55  1.0000000000000002 18.255317899829816 -10.335000000000001 54.999999999999957  1 19.050000000000004 -10.335000000000001 55.000000000000028  1 19.844682100170175 -10.335000000000001 55.000000000000021  0.99999999999999967 20.638809149956995 -10.334999999999994 54.999999999999964  1.0000000000000007 21.432169412328406 -10.335000000000004 55.000000000000043  1 22.224999999999977 -10.335000000000001 54.999999999999957  0.99999999999999978 23.017830587671629 -10.334999999999999 55.00000000000005  1.0000000000000002 23.811190850042994 -10.335000000000004 54.999999999999993  0.99999999999999989 24.605317899829831 -10.335000000000001 55.000000000000028  1 25.399999999999977 -10.334999999999996 54.999999999999957  1 26.19468210017024 -10.335000000000008 55.000000000000036  0.99999999999999967 26.988809149956793 -10.334999999999999 55.000000000000007  1.0000000000000002 27.782169412329143 -10.335000000000003 54.999999999999972  1.0000000000000002 28.574999999997139 -10.335000000000006 55.000000000000043  0.99999999999999922 29.367830587682334 -10.334999999999996 54.999999999999943  1.0000000000000009 30.161190850003074 -10.335000000000004 54.999999999999986  1.0000000000000002 30.955317899978148 -10.335000000000006 55.000000000000028  0.99999999999999922 31.749999999447819 -10.33499999999999 55.000000000000014  1.0000000000000013 32.544682102233047 -10.335000000000022 54.999999999999851  0.99999999999999623 33.338809142228257 -10.334999999999905 55.000000000000512  1.0000000000000151 34.132169441300341 -10.335000000000379 54.999999999998217  0.99999999999994271 34.924999891617119 -10.334999999998576 55.000000000006551  1.0000000000002145 35.71783099174705 -10.335000000005319 54.999999999975707  0.99999999999919731 36.511189347794449 -10.334999999980205 55.000000000090189  1.0000000000029883 37.305323481546196 -10.335000000073578 54.999999999664901  0.99999999998889577 37.835293916167466 -10.334999999841813 55.000000000720462  1.000000000023874 38.100000000000001 -10.335000000000001 55  1 
0 -13.335000000000001 55  1 0.26470608200658952 -13.335000000807023 55.000000003067974  0.99999999994223288 0.79467651928299765 -13.334999999624632 54.999999998572967  1.0000000000268701 1.5888106519905136 -13.335000000101022 55.000000000384041  0.9999999999927689 2.3821690083085949 -13.33499999997283 54.999999999896701  1.0000000000019447 3.1750001083685757 -13.335000000007287 55.000000000027725  0.99999999999947864 3.9678305587033011 -13.334999999998056 54.999999999992596  1.0000000000001388 4.7611908577708464 -13.335000000000507 55.00000000000194  0.9999999999999637 5.5553178977671527 -13.334999999999871 54.999999999999517  1.0000000000000089 6.3500000005521153 -13.335000000000033 55.000000000000099  0.99999999999999845 7.1446821000218828 -13.334999999999996 55.000000000000007  0.99999999999999967 7.9388091499969189 -13.335000000000003 54.999999999999964  1.0000000000000004 8.7321694123176439 -13.335000000000003 55.000000000000043  0.99999999999999989 9.5250000000028798 -13.335000000000006 55  1 10.317830587670857 -13.335000000000001 55.000000000000007  1 11.111190850043188 -13.335000000000003 55.000000000000007  1.0000000000000004 11.905317899829774 -13.335000000000001 54.999999999999986  0.99999999999999978 12.700000000000019 -13.335000000000006 55.000000000000007  0.99999999999999989 13.494682100170175 -13.334999999999997 55.000000000000021  0.99999999999999989 14.288809149957 -13.335000000000001 54.999999999999979  1.0000000000000002 15.08216941232839 -13.334999999999999 55.000000000000021  0.99999999999999989 15.874999999999995 -13.335000000000003 54.999999999999964  1.0000000000000004 16.66783058767162 -13.334999999999997 55.00000000000005  0.99999999999999989 17.461190850043 -13.335000000000004 55  1.0000000000000002 18.255317899829816 -13.334999999999997 54.999999999999957  1 19.050000000000004 -13.335000000000004 55.000000000000028  1 19.844682100170175 -13.33500000000001 55.000000000000021  0.99999999999999967 20.638809149956995 -13.334999999999996 54.999999999999964  1.0000000000000007 21.432169412328406 -13.334999999999999 55.000000000000043  1 22.224999999999977 -13.335000000000006 54.999999999999957  0.99999999999999978 23.017830587671629 -13.33499999999999 55.00000000000005  1.0000000000000002 23.811190850042994 -13.335000000000013 54.999999999999993  0.99999999999999989 24.605317899829831 -13.334999999999994 55.000000000000028  1 25.399999999999977 -13.335000000000004 54.999999999999957  1 26.19468210017024 -13.334999999999999 55.000000000000036  0.99999999999999967 26.988809149956793 -13.335000000000004 55.000000000000007  1.0000000000000002 27.782169412329143 -13.334999999999997 54.999999999999972  1.0000000000000002 28.574999999997139 -13.335000000000008 55.000000000000043  0.99999999999999922 29.367830587682334 -13.334999999999996 54.999999999999943  1.0000000000000009 30.161190850003074 -13.334999999999994 54.999999999999986  1.0000000000000002 30.955317899978148 -13.335000000000006 55.000000000000028  0.99999999999999922 31.749999999447819 -13.335000000000004 55.000000000000014  1.0000000000000013 32.544682102233047 -13.334999999999976 54.999999999999851  0.99999999999999623 33.338809142228257 -13.335000000000036 55.000000000000512  1.0000000000000151 34.132169441300341 -13.334999999999916 54.999999999998217  0.99999999999994271 34.924999891617119 -13.335000000000285 55.000000000006551  1.0000000000002145 35.71783099174705 -13.334999999998946 54.999999999975707  0.99999999999919731 36.511189347794449 -13.335000000003925 55.000000000090189  1.0000000000029883 37.305323481546196 -13.334999999985426 54.999999999664901  0.99999999998889577 37.835293916167466 -13.335000000031348 55.000000000720462  1.000000000023874 38.100000000000001 -13.335000000000001 55  1 

26 2
27 2

0 4
0.020753200846302881 1
0.041553432551388186 1
0.062419994978511244 1
0.083333333333333329 1
0.10424667168815541 1
0.12511323411527847 1
0.14591346582036377 1
0.16666666666666666 1
0.18741986751296957 1
0.20822009921805484 1
0.22908666164517794 1
0.25 1
0.27091333835482206 1
0.2917799007819451 1
0.31258013248703043 1
0.33333333333333331 1
0.3540865341796362 1
0.37488676588472153 1
0.39575332831184451 1
0.41666666666666663 1
0.43758000502148875 1
0.45844656744861184 1
0.47924679915369717 1
0.5 1
0.52075320084630283 1
0.5415534325513881 1
0.56241999497851125 1
0.58333333333333326 1
0.60424667168815538 1
0.62511323411527842 1
0.6459134658203638 1
0.66666666666666663 1
0.68741986751296935 1
0.70822009921805484 1
0.72908666164517777 1
0.75 1
0.77091333835482201 1
0.79177990078194493 1
0.81258013248703043 1
0.83333333333333326 1
0.85408653417963631 1
0.87488676588472136 1
0.89575332831184451 1
0.91666666666666674 1
0.93758000502148875 1
0.9584465674486119 1
0.97924679915369706 1
1 4

9 1 0 0 0 1 3 2 51 2 49 0 -13.365902606310014 65.666666666666671  1 0.26470608200658952 -13.365932658573458 65.666666668365579  0.99999999994223288 0.79467651928299765 -13.385253297227074 65.666666665876463  1.0000000000268701 1.5888106519905136 -13.467868399494112 65.666666666879294  0.9999999999927689 2.3821690083085949 -13.591292078206719 65.666666666609501  1.0000000000019447 3.1750001083685757 -13.73673415345762 65.666666666681991  0.99999999999947864 3.9678305587033011 -13.882174601358315 65.666666666662636  1.0000000000001388 4.7611908577708464 -14.005603146045782 65.666666666667652  0.9999999999999637 5.5553178977671527 -14.088200483239666 65.666666666666472  1.0000000000000089 6.3500000005521153 -14.11723653517968 65.666666666666671  0.99999999999999845 7.1446821000218828 -14.088200488034508 65.666666666666771  0.99999999999999967 7.9388091499969189 -14.00560312679014 65.666666666666544  1.0000000000000004 8.7321694123176439 -13.882174673887246 65.666666666666785  0.99999999999999989 9.5250000000028798 -13.736733882037395 65.666666666666657  1 10.317830587670857 -13.591293090144298 65.666666666666714  1 11.111190850043188 -13.467864637370701 65.666666666666657  1.0000000000000004 11.905317899829774 -13.385267275654286 65.666666666666671  0.99999999999999978 12.700000000000019 -13.35623123026356 65.666666666666671  0.99999999999999989 13.494682100170175 -13.38526727565443 65.666666666666742  0.99999999999999989 14.288809149957 -13.46786463737017 65.666666666666586  1.0000000000000002 15.08216941232839 -13.591293090146232 65.666666666666757  0.99999999999999989 15.874999999999995 -13.736733882030174 65.6666666666666  1.0000000000000004 16.66783058767162 -13.882174673914134 65.666666666666757  0.99999999999999989 17.461190850043 -14.005603126690183 65.666666666666629  1.0000000000000002 18.255317899829816 -14.088200488405928 65.666666666666657  1 19.050000000000004 -14.11723653379682 65.666666666666686  1 19.844682100170175 -14.088200488405944 65.6666666666667  0.99999999999999967 20.638809149956995 -14.005603126690177 65.666666666666643  1.0000000000000007 21.432169412328406 -13.882174673914125 65.666666666666686  1 22.224999999999977 -13.736733882030189 65.666666666666671  0.99999999999999978 23.017830587671629 -13.591293090146216 65.6666666666667  1.0000000000000002 23.811190850042994 -13.467864637370193 65.666666666666657  0.99999999999999989 24.605317899829831 -13.385267275654414 65.6666666666667  1 25.399999999999977 -13.35623123026356 65.666666666666629  1 26.19468210017024 -13.385267275654295 65.666666666666757  0.99999999999999967 26.988809149956793 -13.467864637370688 65.6666666666666  1.0000000000000002 27.782169412329143 -13.591293090144299 65.666666666666714  1.0000000000000002 28.574999999997139 -13.736733882037402 65.666666666666686  0.99999999999999922 29.367830587682334 -13.882174673887233 65.666666666666629  1.0000000000000009 30.161190850003074 -14.005603126790147 65.666666666666671  1.0000000000000002 30.955317899978148 -14.088200488034509 65.666666666666771  0.99999999999999922 31.749999999447819 -14.117236535179645 65.666666666666487  1.0000000000000013 32.544682102233047 -14.088200483239824 65.66666666666724  0.99999999999999623 33.338809142228257 -14.005603146045145 65.666666666664383  1.0000000000000151 34.132169441300341 -13.882174601360719 65.666666666675397  0.99999999999994271 34.924999891617119 -13.736734153448735 65.666666666633986  1.0000000000002145 35.71783099174705 -13.591292078239455 65.666666666788572  0.99999999999919731 36.511189347794449 -13.467868399373643 65.666666666213501  1.0000000000029883 37.305323481546196 -13.385253297671577 65.666666668350445  0.99999999998889577 37.835293916167466 -13.3659326576194 65.666666663046797  1.000000000023874 38.100000000000001 -13.365902606310014 65.666666666666671  1 
0 -13.366714677640605 66.333333333333329  1 0.26470608200658952 -13.366745519341093 66.333333335780893  0.99999999994223288 0.79467651928299765 -13.38657387406402 66.333333332194897  1.0000000000268701 1.5888106519905136 -13.471359969615145 66.333333333639672  0.9999999999927689 2.3821690083085949 -13.598027026294318 66.333333333250948  1.0000000000019447 3.1750001083685757 -13.74729108788536 66.333333333355398  0.99999999999947864 3.9678305587033011 -13.896553479377658 66.33333333332746  1.0000000000001388 4.7611908577708464 -14.023225529855031 66.333333333334835  0.9999999999999637 5.5553178977671527 -14.107993393665762 66.333333333332973  1.0000000000000089 6.3500000005521153 -14.137792466856975 66.333333333333385  0.99999999999999845 7.1446821000218828 -14.107993398586549 66.333333333333371  0.99999999999999967 7.9388091499969189 -14.023225510093576 66.333333333333272  1.0000000000000004 8.7321694123176439 -13.896553553811842 66.333333333333385  0.99999999999999989 9.5250000000028798 -13.747290809335245 66.333333333333314  1 10.317830587670857 -13.598028064814287 66.333333333333371  1 11.111190850043188 -13.47135610866523 66.333333333333286  1.0000000000000004 11.905317899829774 -13.386588219687823 66.333333333333357  0.99999999999999978 12.700000000000019 -13.35678915321793 66.333333333333357  0.99999999999999989 13.494682100170175 -13.386588219687953 66.3333333333333  0.99999999999999989 14.288809149957 -13.471356108664706 66.333333333333329  1.0000000000000002 15.08216941232839 -13.598028064816265 66.333333333333357  0.99999999999999989 15.874999999999995 -13.747290809327842 66.333333333333272  1.0000000000000004 16.66783058767162 -13.896553553839437 66.333333333333357  0.99999999999999989 17.461190850043 -14.023225509990985 66.333333333333329  1.0000000000000002 18.255317899829816 -14.10799339896773 66.333333333333343  1 19.050000000000004 -14.137792465437801 66.333333333333329  1 19.844682100170175 -14.10799339896773 66.333333333333343  0.99999999999999967 20.638809149956995 -14.023225509990988 66.333333333333343  1.0000000000000007 21.432169412328406 -13.896553553839434 66.333333333333286  1 22.224999999999977 -13.747290809327854 66.333333333333385  0.99999999999999978 23.017830587671629 -13.598028064816258 66.3333333333333  1.0000000000000002 23.811190850042994 -13.471356108664709 66.333333333333371  0.99999999999999989 24.605317899829831 -13.386588219687955 66.333333333333314  1 25.399999999999977 -13.356789153217926 66.333333333333272  1 26.19468210017024 -13.386588219687832 66.333333333333428  0.99999999999999967 26.988809149956793 -13.471356108665226 66.333333333333272  1.0000000000000002 27.782169412329143 -13.598028064814281 66.333333333333329  1.0000000000000002 28.574999999997139 -13.747290809335265 66.3333333333334  0.99999999999999922 29.367830587682334 -13.896553553811811 66.333333333333258  1.0000000000000009 30.161190850003074 -14.023225510093592 66.333333333333371  1.0000000000000002 30.955317899978148 -14.107993398586549 66.333333333333286  0.99999999999999922 31.749999999447819 -14.137792466856954 66.333333333333428  1.0000000000000013 32.544682102233047 -14.107993393665868 66.33333333333313  0.99999999999999623 33.338809142228257 -14.02322552985456 66.333333333333798  1.0000000000000151 34.132169441300341 -13.896553479379481 66.333333333331936  0.99999999999994271 34.924999891617119 -13.747291087878637 66.333333333338274  1.0000000000002145 35.71783099174705 -13.598027026319018 66.333333333315139  0.99999999999919731 36.511189347794449 -13.471359969524542 66.333333333400745  1.0000000000029883 37.305323481546196 -13.386573874397483 66.333333333083033  0.99999999998889577 37.835293916167466 -13.366745518625795 66.33333333387138  1.000000000023874 38.100000000000001 -13.366714677640605 66.333333333333329  1 

16 2
17 2

0 4
0.020753200846302881 1
0.041553432551388186 1
0.062419994978511244 1
0.083333333333333329 1
0.10424667168815541 1
0.12511323411527847 1
0.14591346582036377 1
0.16666666666666666 1
0.18741986751296957 1
0.20822009921805484 1
0.22908666164517794 1
0.25 1
0.27091333835482206 1
0.2917799007819451 1
0.31258013248703043 1
0.33333333333333331 1
0.3540865341796362 1
0.37488676588472153 1
0.39575332831184451 1
0.41666666666666663 1
0.43758000502148875 1
0.45844656744861184 1
0.47924679915369717 1
0.5 1
0.52075320084630283 1
0.5415534325513881 1
0.56241999497851125 1
0.58333333333333326 1
0.60424667168815538 1
0.62511323411527842 1
0.6459134658203638 1
0.66666666666666663 1
0.68741986751296935 1
0.70822009921805484 1
0.72908666164517777 1
0.75 1
0.77091333835482201 1
0.79177990078194493 1
0.81258013248703043 1
0.83333333333333326 1
0.85408653417963631 1
0.87488676588472136 1
0.89575332831184451 1
0.91666666666666674 1
0.93758000502148875 1
0.9584465674486119 1
0.97924679915369706 1
1 4

9 1 0 0 0 1 3 2 51 2 49 0 -14.118333333333332 69.049999999999997  1 0.26668430083001088 -14.118333333661747 69.0512704190416  0.99999999999054523 0.81776882424525532 -14.118333333172226 68.974401502190844  1.0000000000046383 1.6158394956915938 -14.118333333380995 68.669215693011722  0.9999999999986271 2.3988225237556606 -14.118333333319535 68.226510056173112  1.000000000000397 3.1749922363155796 -14.118333333337105 67.712982460435029  0.99999999999989175 3.9512078628531975 -14.118333333332359 67.199368521072557  1.000000000000028 4.7340619603686438 -14.118333333333576 66.756905344838145  0.99999999999999301 5.5325626981254086 -14.118333333333284 66.450910773595666  1.0000000000000013 6.3499999691286853 -14.118333333333336 66.339494774554211  0.99999999999999978 7.1674374289064957 -14.118333333333329 66.4509109794556  1.0000000000000002 7.9659375529348884 -14.118333333333332 66.756904439353434  1 8.7487941237707805 -14.118333333333331 67.199372254191744  0.99999999999999989 9.5249999997942663 -14.118333333333339 67.712967860809314  0.99999999999999989 10.301205877034446 -14.118333333333325 68.226563465138753  1.0000000000000004 11.084062444453757 -14.118333333333339 68.669031286402188  1 11.882562579878659 -14.118333333333325 68.97502472486822  1.0000000000000004 12.699999999999186 -14.118333333333339 69.086441004347208  1 13.517437420124706 -14.118333333333339 68.975024724873748  1 14.315937555533337 -14.11833333333332 68.669031286378129  1 15.098794123018205 -14.118333333333341 68.226563465237703  0.99999999999999989 15.874999999999993 -14.118333333333325 67.712967860422424  1.0000000000000002 16.651205876981823 -14.118333333333334 67.199372255607116  0.99999999999999933 17.434062444466587 -14.118333333333336 66.756904434466719  1.0000000000000004 18.23256257987552 -14.118333333333322 66.450910995970645  1 19.050000000000015 -14.118333333333339 66.339494716499161  1 19.867437420124453 -14.11833333333332 66.450910995970617  1.0000000000000011 20.665937555533439 -14.118333333333347 66.756904434466747  0.99999999999999933 21.448794123018153 -14.118333333333325 67.199372255607074  1 22.225000000000016 -14.118333333333327 67.712967860422395  1 23.001205876981796 -14.118333333333343 68.226563465237746  1 23.784062444466667 -14.118333333333331 68.6690312863782  0.99999999999999989 24.582562579875301 -14.118333333333336 68.975024724873691  1 25.400000000000819 -14.118333333333329 69.086441004347236  0.99999999999999989 26.217437420121346 -14.118333333333339 68.975024724868234  1.0000000000000004 27.01593755554623 -14.118333333333325 68.669031286402173  0.99999999999999978 27.798794122965557 -14.118333333333336 68.226563465138781  1 28.575000000205733 -14.118333333333322 67.712967860809272  1 29.351205876229226 -14.118333333333343 67.1993722541918  1 30.134062447065112 -14.118333333333329 66.756904439353377  0.99999999999999956 30.932562571093495 -14.118333333333338 66.450910979455685  1.0000000000000007 31.750000030871369 -14.118333333333313 66.339494774554225  0.99999999999999833 32.567437301874406 -14.118333333333402 66.450910773595481  1.0000000000000044 33.36593803963207 -14.11833333333302 66.756905344838529  0.99999999999998535 34.148792137143886 -14.118333333334624 67.199368521070937  1.0000000000000604 34.925007763695923 -14.118333333328261 67.71298246044131  0.99999999999976419 35.701177476201927 -14.118333333351883 68.226510056150033  1.000000000000862 36.484160504456106 -14.118333333269288 68.669215693091928  0.99999999999702482 37.28223117525129 -14.118333333549778 68.974401501918152  1.0000000000100544 37.833315700202327 -14.118333332892107 69.05127041959831  0.99999999997950517 38.100000000000001 -14.118333333333332 69.049999999999997  1 
0 -13.8225 69.049999999999997  1 0.26668430083001088 -13.8225000000793 69.051314403042312  0.99999999999054523 0.81776882424525532 -13.822499999961099 68.971784162187902  1.0000000000046383 1.6158394956915938 -13.822500000011503 68.656032336030293  0.9999999999986271 2.3988225237556606 -13.82249999999668 68.197999527479269  1.000000000000397 3.1749922363155796 -13.822500000000897 67.666692791439502  0.99999999999989175 3.9512078628531975 -13.822499999999776 67.135296722416882  1.000000000000028 4.7340619603686438 -13.822500000000051 66.677514768855715  0.99999999999999301 5.5325626981254086 -13.822499999999991 66.360926179959279  1.0000000000000013 6.3499999691286853 -13.822499999999998 66.245652782219807  0.99999999999999978 7.1674374289064957 -13.822500000000002 66.360926392946496  1.0000000000000002 7.9659375529348884 -13.822499999999996 66.677513832021617  1 8.7487941237707805 -13.822500000000005 67.135300584782769  0.99999999999999989 9.5249999997942663 -13.822499999999993 67.666677686350695  0.99999999999999989 10.301205877034446 -13.822500000000007 68.198054785551307  1.0000000000000004 11.084062444453757 -13.822499999999994 68.655841544960111  1 11.882562579878659 -13.822500000000003 68.972428961861311  1.0000000000000004 12.699999999999186 -13.8225 69.087702649747712  1 13.517437420124706 -13.822500000000002 68.972428961866981  1 14.315937555533337 -13.822499999999998 68.655841544935242  1 15.098794123018205 -13.822500000000003 68.198054785653696  0.99999999999999989 15.874999999999993 -13.822499999999998 67.666677685950404  1.0000000000000002 16.651205876981823 -13.822499999999996 67.135300586247155  0.99999999999999933 17.434062444466587 -13.8225 66.677513826965679  1.0000000000000004 18.23256257987552 -13.822499999999998 66.360926410033358  1 19.050000000000015 -13.822500000000005 66.245652722154759  1 19.867437420124453 -13.822499999999989 66.360926410033315  1.0000000000000011 20.665937555533439 -13.822500000000009 66.67751382696575  0.99999999999999933 21.448794123018153 -13.822499999999998 67.135300586247098  1 22.225000000000016 -13.822499999999996 67.666677685950418  1 23.001205876981796 -13.822500000000005 68.198054785653682  1 23.784062444466667 -13.822500000000002 68.655841544935228  0.99999999999999989 24.582562579875301 -13.822500000000002 68.972428961867038  1 25.400000000000819 -13.8225 69.087702649747641  0.99999999999999989 26.217437420121346 -13.822499999999996 68.972428961861425  1.0000000000000004 27.01593755554623 -13.822500000000003 68.65584154496004  0.99999999999999978 27.798794122965557 -13.822499999999998 68.198054785551363  1 28.575000000205733 -13.822499999999998 67.666677686350624  1 29.351205876229226 -13.822499999999998 67.13530058478284  1 30.134062447065112 -13.822500000000003 66.677513832021532  0.99999999999999956 30.932562571093495 -13.822499999999993 66.360926392946581  1.0000000000000007 31.750000030871369 -13.822500000000018 66.245652782219793  0.99999999999999833 32.567437301874406 -13.822499999999936 66.360926179959364  1.0000000000000044 33.36593803963207 -13.822500000000241 66.677514768855374  0.99999999999998535 34.148792137143886 -13.822499999998989 67.135296722417806  1.0000000000000604 34.925007763695923 -13.822500000003947 67.666692791436105  0.99999999999976419 35.701177476201927 -13.822499999985579 68.197999527491504  1.000000000000862 36.484160504456106 -13.822500000049773 68.656032335988598  0.99999999999702482 37.28223117525129 -13.822499999831782 68.971784162327111  1.0000000000100544 37.833315700202327 -13.822500000342901 69.051314402759388  0.99999999997950517 38.100000000000001 -13.8225 69.049999999999997  1 

8 2
9 2

0 4
0.019043869865423484 1
0.039181669338101022 1
0.060772106400712955 1
0.08333333333333337 1
0.10589456026595376 1
0.12748499732856572 1
0.14762279680124321 1
0.16666666666666674 1
0.18571053653209021 1
0.20584833600476773 1
0.22743877306737972 1
0.25000000000000011 1
0.27256122693262047 1
0.2941516639952324 1
0.31428946346790998 1
0.33333333333333348 1
0.35237720319875693 1
0.37251500267143456 1
0.39410543973404633 1
0.4166666666666668 1
0.43922789359928716 1
0.4608183306618992 1
0.48095613013457678 1
0.50000000000000022 1
0.51904386986542372 1
0.5391816693381013 1
0.56077210640071329 1
0.58333333333333359 1
0.60589456026595412 1
0.62748499732856589 1
0.64762279680124346 1
0.66666666666666696 1
0.68571053653209035 1
0.70584833600476793 1
0.72743877306737981 1
0.75000000000000033 1
0.77256122693262064 1
0.79415166399523252 1
0.81428946346790998 1
0.83333333333333337 1
0.85237720319875698 1
0.87251500267143434 1
0.89410543973404633 1
0.91666666666666674 1
0.93922789359928704 1
0.96081833066189903 1
0.98095613013457639 1
1 4

9 1 0 0 0 1 3 2 51 2 49 0 -13.8225 69.049999999999997  1 0.26668430083001088 -13.8225000000793 69.051314403042312  0.99999999999054523 0.81776882424525532 -13.822499999961099 68.971784162187902  1.0000000000046383 1.6158394956915938 -13.822500000011503 68.656032336030293  0.9999999999986271 2.3988225237556606 -13.82249999999668 68.197999527479269  1.000000000000397 3.1749922363155796 -13.822500000000897 67.666692791439502  0.99999999999989175 3.9512078628531975 -13.822499999999776 67.135296722416882  1.000000000000028 4.7340619603686438 -13.822500000000051 66.677514768855715  0.99999999999999301 5.5325626981254086 -13.822499999999991 66.360926179959279  1.0000000000000013 6.3499999691286853 -13.822499999999998 66.245652782219807  0.99999999999999978 7.1674374289064957 -13.822500000000002 66.360926392946496  1.0000000000000002 7.9659375529348884 -13.822499999999996 66.677513832021617  1 8.7487941237707805 -13.822500000000005 67.135300584782769  0.99999999999999989 9.5249999997942663 -13.822499999999993 67.666677686350695  0.99999999999999989 10.301205877034446 -13.822500000000007 68.198054785551307  1.0000000000000004 11.084062444453757 -13.822499999999994 68.655841544960111  1 11.882562579878659 -13.822500000000003 68.972428961861311  1.0000000000000004 12.699999999999186 -13.8225 69.087702649747712  1 13.517437420124706 -13.822500000000002 68.972428961866981  1 14.315937555533337 -13.822499999999998 68.655841544935242  1 15.098794123018205 -13.822500000000003 68.198054785653696  0.99999999999999989 15.874999999999993 -13.822499999999998 67.666677685950404  1.0000000000000002 16.651205876981823 -13.822499999999996 67.135300586247155  0.99999999999999933 17.434062444466587 -13.8225 66.677513826965679  1.0000000000000004 18.23256257987552 -13.822499999999998 66.360926410033358  1 19.050000000000015 -13.822500000000005 66.245652722154759  1 19.867437420124453 -13.822499999999989 66.360926410033315  1.0000000000000011 20.665937555533439 -13.822500000000009 66.67751382696575  0.99999999999999933 21.448794123018153 -13.822499999999998 67.135300586247098  1 22.225000000000016 -13.822499999999996 67.666677685950418  1 23.001205876981796 -13.822500000000005 68.198054785653682  1 23.784062444466667 -13.822500000000002 68.655841544935228  0.99999999999999989 24.582562579875301 -13.822500000000002 68.972428961867038  1 25.400000000000819 -13.8225 69.087702649747641  0.99999999999999989 26.217437420121346 -13.822499999999996 68.972428961861425  1.0000000000000004 27.01593755554623 -13.822500000000003 68.65584154496004  0.99999999999999978 27.798794122965557 -13.822499999999998 68.198054785551363  1 28.575000000205733 -13.822499999999998 67.666677686350624  1 29.351205876229226 -13.822499999999998 67.13530058478284  1 30.134062447065112 -13.822500000000003 66.677513832021532  0.99999999999999956 30.932562571093495 -13.822499999999993 66.360926392946581  1.0000000000000007 31.750000030871369 -13.822500000000018 66.245652782219793  0.99999999999999833 32.567437301874406 -13.822499999999936 66.360926179959364  1.0000000000000044 33.36593803963207 -13.822500000000241 66.677514768855374  0.99999999999998535 34.148792137143886 -13.822499999998989 67.135296722417806  1.0000000000000604 34.925007763695923 -13.822500000003947 67.666692791436105  0.99999999999976419 35.701177476201927 -13.822499999985579 68.197999527491504  1.000000000000862 36.484160504456106 -13.822500000049773 68.656032335988598  0.99999999999702482 37.28223117525129 -13.822499999831782 68.971784162327111  1.0000000000100544 37.833315700202327 -13.822500000342901 69.051314402759388  0.99999999997950517 38.100000000000001 -13.8225 69.049999999999997  1 
0 -13.526666666666666 69.049999999999997  1 0.26668430083001088 -13.526666666591437 69.051375979363641  0.99999999999054523 0.81776882424525532 -13.526666666703573 68.968119886811451  1.0000000000046383 1.6158394956915938 -13.526666666655739 68.637575636070622  0.9999999999986271 2.3988225237556606 -13.526666666669831 68.158084787361588  1.000000000000397 3.1749922363155796 -13.5266666666658 67.601887254831141  0.99999999999989175 3.9512078628531975 -13.526666666666886 67.045596204302626  1.000000000000028 4.7340619603686438 -13.52666666666661 66.566367962479305  0.99999999999999301 5.5325626981254086 -13.526666666666685 66.234947748868734  1.0000000000000013 6.3499999691286853 -13.526666666666657 66.11427399295151  0.99999999999999978 7.1674374289064957 -13.526666666666667 66.234947971833847  1.0000000000000002 7.9659375529348884 -13.526666666666666 66.566366981756971  1 8.7487941237707805 -13.526666666666669 67.045600247610238  0.99999999999999989 9.5249999997942663 -13.526666666666666 67.601871442108674  0.99999999999999989 10.301205877034446 -13.526666666666658 68.158142634128865  1.0000000000000004 11.084062444453757 -13.526666666666671 68.637375906941145  1 11.882562579878659 -13.526666666666658 68.96879489365169  1.0000000000000004 12.699999999999186 -13.526666666666669 69.089468953308327  1 13.517437420124706 -13.52666666666666 68.968794893657616  1 14.315937555533337 -13.526666666666669 68.637375906915125  1 15.098794123018205 -13.526666666666662 68.158142634236057  0.99999999999999989 15.874999999999993 -13.526666666666669 67.601871441689639  1.0000000000000002 16.651205876981823 -13.526666666666666 67.045600249143192  0.99999999999999933 17.434062444466587 -13.526666666666658 66.566366976464252  1.0000000000000004 18.23256257987552 -13.526666666666664 66.234947989721093  1 19.050000000000015 -13.526666666666669 66.114273930072599  1 19.867437420124453 -13.526666666666655 66.234947989721107  1.0000000000000011 20.665937555533439 -13.526666666666674 66.56636697646428  0.99999999999999933 21.448794123018153 -13.526666666666664 67.045600249143163  1 22.225000000000016 -13.526666666666666 67.60187144168961  1 23.001205876981796 -13.526666666666669 68.158142634236043  1 23.784062444466667 -13.526666666666673 68.637375906915153  0.99999999999999989 24.582562579875301 -13.526666666666657 68.968794893657588  1 25.400000000000819 -13.526666666666671 69.089468953308369  0.99999999999999989 26.217437420121346 -13.526666666666666 68.968794893651705  1.0000000000000004 27.01593755554623 -13.526666666666662 68.637375906941102  0.99999999999999978 27.798794122965557 -13.526666666666671 68.158142634128922  1 28.575000000205733 -13.526666666666662 67.601871442108632  1 29.351205876229226 -13.52666666666666 67.045600247610281  1 30.134062447065112 -13.526666666666673 66.566366981756943  0.99999999999999956 30.932562571093495 -13.526666666666662 66.234947971833847  1.0000000000000007 31.750000030871369 -13.526666666666673 66.114273992951667  0.99999999999999833 32.567437301874406 -13.526666666666614 66.234947748867953  1.0000000000000044 33.36593803963207 -13.526666666666909 66.566367962482602  0.99999999999998535 34.148792137143886 -13.526666666665641 67.045596204288799  1.0000000000000604 34.925007763695923 -13.526666666670677 67.60188725488527  0.99999999999976419 35.701177476201927 -13.526666666652002 68.158084787163517  1.000000000000862 36.484160504456106 -13.526666666717274 68.637575636755031  0.99999999999702482 37.28223117525129 -13.526666666495638 68.96811988449673  1.0000000000100544 37.833315700202327 -13.526666667015292 69.051375984083023  0.99999999997950517 38.100000000000001 -13.526666666666666 69.049999999999997  1 

9 2
10 2

0 4
0.019043869865423484 1
0.039181669338101022 1
0.060772106400712955 1
0.08333333333333337 1
0.10589456026595376 1
0.12748499732856572 1
0.14762279680124321 1
0.16666666666666674 1
0.18571053653209021 1
0.20584833600476773 1
0.22743877306737972 1
0.25000000000000011 1
0.27256122693262047 1
0.2941516639952324 1
0.31428946346790998 1
0.33333333333333348 1
0.35237720319875693 1
0.37251500267143456 1
0.39410543973404633 1
0.4166666666666668 1
0.43922789359928716 1
0.4608183306618992 1
0.48095613013457678 1
0.50000000000000022 1
0.51904386986542372 1
0.5391816693381013 1
0.56077210640071329 1
0.58333333333333359 1
0.60589456026595412 1
0.62748499732856589 1
0.64762279680124346 1
0.66666666666666696 1
0.68571053653209035 1
0.70584833600476793 1
0.72743877306737981 1
0.75000000000000033 1
0.77256122693262064 1
0.79415166399523252 1
0.81428946346790998 1
0.83333333333333337 1
0.85237720319875698 1
0.87251500267143434 1
0.89410543973404633 1
0.91666666666666674 1
0.93922789359928704 1
0.96081833066189903 1
0.98095613013457639 1
1 4

9 1 0 0 0 1 3 2 51 2 49 0 -13.367000000000001 67  1 0.26470608200658952 -13.367031119026818 67.000000004467736  0.99999999994223288 0.79467651928299765 -13.387037860540454 66.999999997921904  1.0000000000268701 1.5888106519905136 -13.472586737490072 67.000000000559268  0.9999999999927689 2.3821690083085949 -13.600393359407629 66.999999999849578  1.0000000000019447 3.1750001083685757 -13.751000281062286 67.000000000040345  0.99999999999947864 3.9678305587033011 -13.901605517600775 66.999999999989228  1.0000000000001388 4.7611908577708464 -14.029417178220426 67.000000000002828  0.9999999999999637 5.5553178977671527 -14.114947659491149 66.999999999999289  1.0000000000000089 6.3500000005521153 -14.145014821230077 67.000000000000156  0.99999999999999845 7.1446821000218828 -14.114947664456194 66.999999999999972  0.99999999999999967 7.9388091499969189 -14.029417158281266 66.999999999999972  1.0000000000000004 8.7321694123176439 -13.901605592704263 67.000000000000028  0.99999999999999989 9.5250000000028798 -13.751000000007473 67  1 10.317830587670857 -13.600394407265906 66.999999999999986  1 11.111190850043188 -13.472582841822769 67.000000000000014  1.0000000000000004 11.905317899829774 -13.387052335159067 67  0.99999999999999978 12.700000000000019 -13.356985180201901 66.999999999999986  0.99999999999999989 13.494682100170175 -13.38705233515919 67.000000000000043  0.99999999999999989 14.288809149957 -13.472582841822241 66.999999999999957  1.0000000000000002 15.08216941232839 -13.600394407267904 67.000000000000057  0.99999999999999989 15.874999999999995 -13.750999999999996 67  1.0000000000000004 16.66783058767162 -13.901605592732109 67  0.99999999999999989 17.461190850043 -14.029417158177759 67.000000000000043  1.0000000000000002 18.255317899829816 -14.114947664840797 66.999999999999972  1 19.050000000000004 -14.145014819798138 66.999999999999972  1 19.844682100170175 -14.114947664840805 67.000000000000057  0.99999999999999967 20.638809149956995 -14.029417158177759 66.999999999999929  1.0000000000000007 21.432169412328406 -13.901605592732107 67.000000000000057  1 22.224999999999977 -13.750999999999996 66.999999999999972  0.99999999999999978 23.017830587671629 -13.600394407267899 67.000000000000014  1.0000000000000002 23.811190850042994 -13.472582841822248 67.000000000000043  0.99999999999999989 24.605317899829831 -13.387052335159186 66.999999999999986  1 25.399999999999977 -13.356985180201896 67  1 26.19468210017024 -13.387052335159074 67.000000000000014  0.99999999999999967 26.988809149956793 -13.472582841822767 67.000000000000043  1.0000000000000002 27.782169412329143 -13.600394407265902 66.999999999999929  1.0000000000000002 28.574999999997139 -13.75100000000748 67.000000000000114  0.99999999999999922 29.367830587682334 -13.901605592704248 66.999999999999943  1.0000000000000009 30.161190850003074 -14.029417158281277 67  1.0000000000000002 30.955317899978148 -14.11494766445619 67.000000000000028  0.99999999999999922 31.749999999447819 -14.145014821230058 67.000000000000028  1.0000000000000013 32.544682102233047 -14.11494765949125 66.999999999999915  0.99999999999999623 33.338809142228257 -14.029417178220003 67.000000000000213  1.0000000000000151 34.132169441300341 -13.901605517602388 66.999999999999503  0.99999999999994271 34.924999891617119 -13.751000281056378 67.00000000000172  1.0000000000002145 35.71783099174705 -13.600393359429274 66.999999999993634  0.99999999999919731 36.511189347794449 -13.472586737410882 67.000000000023547  1.0000000000029883 37.305323481546196 -13.38703786083145 66.999999999912546  0.99999999998889577 37.835293916167466 -13.367031118402835 67.00000000018801  1.000000000023874 38.100000000000001 -13.367000000000001 67  1 
0 -13.367000000000001 67.666666666666671  1 0.26470608200658952 -13.367031119026818 67.666666673790758  0.99999999994223288 0.79467651928299765 -13.387037860540454 67.666666663353013  1.0000000000268701 1.5888106519905136 -13.472586737490072 67.666666667558445  0.9999999999927689 2.3821690083085949 -13.600393359407629 67.666666666426835  1.0000000000019447 3.1750001083685757 -13.751000281062286 67.666666666730961  0.99999999999947864 3.9678305587033011 -13.901605517600775 67.666666666649533  1.0000000000001388 4.7611908577708464 -14.029417178220426 67.66666666667119  0.9999999999999637 5.5553178977671527 -14.114947659491149 67.66666666666552  1.0000000000000089 6.3500000005521153 -14.145014821230077 67.666666666666941  0.99999999999999845 7.1446821000218828 -14.114947664456194 67.666666666666643  0.99999999999999967 7.9388091499969189 -14.029417158281266 67.666666666666629  1.0000000000000004 8.7321694123176439 -13.901605592704263 67.666666666666757  0.99999999999999989 9.5250000000028798 -13.751000000007473 67.666666666666629  1 10.317830587670857 -13.600394407265906 67.666666666666728  1 11.111190850043188 -13.472582841822769 67.6666666666666  1.0000000000000004 11.905317899829774 -13.387052335159067 67.6666666666667  0.99999999999999978 12.700000000000019 -13.356985180201901 67.666666666666671  0.99999999999999989 13.494682100170175 -13.38705233515919 67.666666666666714  0.99999999999999989 14.288809149957 -13.472582841822241 67.666666666666615  1.0000000000000002 15.08216941232839 -13.600394407267904 67.666666666666714  0.99999999999999989 15.874999999999995 -13.750999999999996 67.666666666666629  1.0000000000000004 16.66783058767162 -13.901605592732109 67.6666666666667  0.99999999999999989 17.461190850043 -14.029417158177759 67.666666666666643  1.0000000000000002 18.255317899829816 -14.114947664840797 67.666666666666686  1 19.050000000000004 -14.145014819798138 67.666666666666657  1 19.844682100170175 -14.114947664840805 67.666666666666714  0.99999999999999967 20.638809149956995 -14.029417158177759 67.666666666666643  1.0000000000000007 21.432169412328406 -13.901605592732107 67.666666666666686  1 22.224999999999977 -13.750999999999996 67.666666666666671  0.99999999999999978 23.017830587671629 -13.600394407267899 67.666666666666671  1.0000000000000002 23.811190850042994 -13.472582841822248 67.666666666666671  0.99999999999999989 24.605317899829831 -13.387052335159186 67.666666666666686  1 25.399999999999977 -13.356985180201896 67.666666666666686  1 26.19468210017024 -13.387052335159074 67.666666666666686  0.99999999999999967 26.988809149956793 -13.472582841822767 67.666666666666671  1.0000000000000002 27.782169412329143 -13.600394407265902 67.666666666666671  1.0000000000000002 28.574999999997139 -13.75100000000748 67.666666666666714  0.99999999999999922 29.367830587682334 -13.901605592704248 67.6666666666666  1.0000000000000009 30.161190850003074 -14.029417158281277 67.6666666666667  1.0000000000000002 30.955317899978148 -14.11494766445619 67.666666666666657  0.99999999999999922 31.749999999447819 -14.145014821230058 67.666666666666785  1.0000000000000013 32.544682102233047 -14.11494765949125 67.666666666666217  0.99999999999999623 33.338809142228257 -14.029417178220003 67.666666666668277  1.0000000000000151 34.132169441300341 -13.901605517602388 67.666666666660731  0.99999999999994271 34.924999891617119 -13.751000281056378 67.666666666688869  1.0000000000002145 35.71783099174705 -13.600393359429274 67.666666666583978  0.99999999999919731 36.511189347794449 -13.472586737410882 67.666666666974109  1.0000000000029883 37.305323481546196 -13.38703786083145 67.666666665524502  0.99999999998889577 37.835293916167466 -13.367031118402835 67.666666669122179  1.000000000023874 38.100000000000001 -13.367000000000001 67.666666666666671  1 

18 2
19 2

0 4
0.020753200846302881 1
0.041553432551388186 1
0.062419994978511244 1
0.083333333333333329 1
0.10424667168815541 1
0.12511323411527847 1
0.14591346582036377 1
0.16666666666666666 1
0.18741986751296957 1
0.20822009921805484 1
0.22908666164517794 1
0.25 1
0.27091333835482206 1
0.2917799007819451 1
0.31258013248703043 1
0.33333333333333331 1
0.3540865341796362 1
0.37488676588472153 1
0.39575332831184451 1
0.41666666666666663 1
0.43758000502148875 1
0.45844656744861184 1
0.47924679915369717 1
0.5 1
0.52075320084630283 1
0.5415534325513881 1
0.56241999497851125 1
0.58333333333333326 1
0.60424667168815538 1
0.62511323411527842 1
0.6459134658203638 1
0.66666666666666663 1
0.68741986751296935 1
0.70822009921805484 1
0.72908666164517777 1
0.75 1
0.77091333835482201 1
0.79177990078194493 1
0.81258013248703043 1
0.83333333333333326 1
0.85408653417963631 1
0.87488676588472136 1
0.89575332831184451 1
0.91666666666666674 1
0.93758000502148875 1
0.9584465674486119 1
0.97924679915369706 1
1 4

9 1 0 0 0 1 3 2 51 2 49 0 -13.366714677640605 66.333333333333329  1 0.26470608200658952 -13.366745519341093 66.333333335780893  0.99999999994223288 0.79467651928299765 -13.38657387406402 66.333333332194897  1.0000000000268701 1.5888106519905136 -13.471359969615145 66.333333333639672  0.9999999999927689 2.3821690083085949 -13.598027026294318 66.333333333250948  1.0000000000019447 3.1750001083685757 -13.74729108788536 66.333333333355398  0.99999999999947864 3.9678305587033011 -13.896553479377658 66.33333333332746  1.0000000000001388 4.7611908577708464 -14.023225529855031 66.333333333334835  0.9999999999999637 5.5553178977671527 -14.107993393665762 66.333333333332973  1.0000000000000089 6.3500000005521153 -14.137792466856975 66.333333333333385  0.99999999999999845 7.1446821000218828 -14.107993398586549 66.333333333333371  0.99999999999999967 7.9388091499969189 -14.023225510093576 66.333333333333272  1.0000000000000004 8.7321694123176439 -13.896553553811842 66.333333333333385  0.99999999999999989 9.5250000000028798 -13.747290809335245 66.333333333333314  1 10.317830587670857 -13.598028064814287 66.333333333333371  1 11.111190850043188 -13.47135610866523 66.333333333333286  1.0000000000000004 11.905317899829774 -13.386588219687823 66.333333333333357  0.99999999999999978 12.700000000000019 -13.35678915321793 66.333333333333357  0.99999999999999989 13.494682100170175 -13.386588219687953 66.3333333333333  0.99999999999999989 14.288809149957 -13.471356108664706 66.333333333333329  1.0000000000000002 15.08216941232839 -13.598028064816265 66.333333333333357  0.99999999999999989 15.874999999999995 -13.747290809327842 66.333333333333272  1.0000000000000004 16.66783058767162 -13.896553553839437 66.333333333333357  0.99999999999999989 17.461190850043 -14.023225509990985 66.333333333333329  1.0000000000000002 18.255317899829816 -14.10799339896773 66.333333333333343  1 19.050000000000004 -14.137792465437801 66.333333333333329  1 19.844682100170175 -14.10799339896773 66.333333333333343  0.99999999999999967 20.638809149956995 -14.023225509990988 66.333333333333343  1.0000000000000007 21.432169412328406 -13.896553553839434 66.333333333333286  1 22.224999999999977 -13.747290809327854 66.333333333333385  0.99999999999999978 23.017830587671629 -13.598028064816258 66.3333333333333  1.0000000000000002 23.811190850042994 -13.471356108664709 66.333333333333371  0.99999999999999989 24.605317899829831 -13.386588219687955 66.333333333333314  1 25.399999999999977 -13.356789153217926 66.333333333333272  1 26.19468210017024 -13.386588219687832 66.333333333333428  0.99999999999999967 26.988809149956793 -13.471356108665226 66.333333333333272  1.0000000000000002 27.782169412329143 -13.598028064814281 66.333333333333329  1.0000000000000002 28.574999999997139 -13.747290809335265 66.3333333333334  0.99999999999999922 29.367830587682334 -13.896553553811811 66.333333333333258  1.0000000000000009 30.161190850003074 -14.023225510093592 66.333333333333371  1.0000000000000002 30.955317899978148 -14.107993398586549 66.333333333333286  0.99999999999999922 31.749999999447819 -14.137792466856954 66.333333333333428  1.0000000000000013 32.544682102233047 -14.107993393665868 66.33333333333313  0.99999999999999623 33.338809142228257 -14.02322552985456 66.333333333333798  1.0000000000000151 34.132169441300341 -13.896553479379481 66.333333333331936  0.99999999999994271 34.924999891617119 -13.747291087878637 66.333333333338274  1.0000000000002145 35.71783099174705 -13.598027026319018 66.333333333315139  0.99999999999919731 36.511189347794449 -13.471359969524542 66.333333333400745  1.0000000000029883 37.305323481546196 -13.386573874397483 66.333333333083033  0.99999999998889577 37.835293916167466 -13.366745518625795 66.33333333387138  1.000000000023874 38.100000000000001 -13.366714677640605 66.333333333333329  1 
0 -13.367000000000001 67  1 0.26470608200658952 -13.367031119026818 67.000000004467736  0.99999999994223288 0.79467651928299765 -13.387037860540454 66.999999997921904  1.0000000000268701 1.5888106519905136 -13.472586737490072 67.000000000559268  0.9999999999927689 2.3821690083085949 -13.600393359407629 66.999999999849578  1.0000000000019447 3.1750001083685757 -13.751000281062286 67.000000000040345  0.99999999999947864 3.9678305587033011 -13.901605517600775 66.999999999989228  1.0000000000001388 4.7611908577708464 -14.029417178220426 67.000000000002828  0.9999999999999637 5.5553178977671527 -14.114947659491149 66.999999999999289  1.0000000000000089 6.3500000005521153 -14.145014821230077 67.000000000000156  0.99999999999999845 7.1446821000218828 -14.114947664456194 66.999999999999972  0.99999999999999967 7.9388091499969189 -14.029417158281266 66.999999999999972  1.0000000000000004 8.7321694123176439 -13.901605592704263 67.000000000000028  0.99999999999999989 9.5250000000028798 -13.751000000007473 67  1 10.317830587670857 -13.600394407265906 66.999999999999986  1 11.111190850043188 -13.472582841822769 67.000000000000014  1.0000000000000004 11.905317899829774 -13.387052335159067 67  0.99999999999999978 12.700000000000019 -13.356985180201901 66.999999999999986  0.99999999999999989 13.494682100170175 -13.38705233515919 67.000000000000043  0.99999999999999989 14.288809149957 -13.472582841822241 66.999999999999957  1.0000000000000002 15.08216941232839 -13.600394407267904 67.000000000000057  0.99999999999999989 15.874999999999995 -13.750999999999996 67  1.0000000000000004 16.66783058767162 -13.901605592732109 67  0.99999999999999989 17.461190850043 -14.029417158177759 67.000000000000043  1.0000000000000002 18.255317899829816 -14.114947664840797 66.999999999999972  1 19.050000000000004 -14.145014819798138 66.999999999999972  1 19.844682100170175 -14.114947664840805 67.000000000000057  0.99999999999999967 20.638809149956995 -14.029417158177759 66.999999999999929  1.0000000000000007 21.432169412328406 -13.901605592732107 67.000000000000057  1 22.224999999999977 -13.750999999999996 66.999999999999972  0.99999999999999978 23.017830587671629 -13.600394407267899 67.000000000000014  1.0000000000000002 23.811190850042994 -13.472582841822248 67.000000000000043  0.99999999999999989 24.605317899829831 -13.387052335159186 66.999999999999986  1 25.399999999999977 -13.356985180201896 67  1 26.19468210017024 -13.387052335159074 67.000000000000014  0.99999999999999967 26.988809149956793 -13.472582841822767 67.000000000000043  1.0000000000000002 27.782169412329143 -13.600394407265902 66.999999999999929  1.0000000000000002 28.574999999997139 -13.75100000000748 67.000000000000114  0.99999999999999922 29.367830587682334 -13.901605592704248 66.999999999999943  1.0000000000000009 30.161190850003074 -14.029417158281277 67  1.0000000000000002 30.955317899978148 -14.11494766445619 67.000000000000028  0.99999999999999922 31.749999999447819 -14.145014821230058 67.000000000000028  1.0000000000000013 32.544682102233047 -14.11494765949125 66.999999999999915  0.99999999999999623 33.338809142228257 -14.029417178220003 67.000000000000213  1.0000000000000151 34.132169441300341 -13.901605517602388 66.999999999999503  0.99999999999994271 34.924999891617119 -13.751000281056378 67.00000000000172  1.0000000000002145 35.71783099174705 -13.600393359429274 66.999999999993634  0.99999999999919731 36.511189347794449 -13.472586737410882 67.000000000023547  1.0000000000029883 37.305323481546196 -13.38703786083145 66.999999999912546  0.99999999998889577 37.835293916167466 -13.367031118402835 67.00000000018801  1.000000000023874 38.100000000000001 -13.367000000000001 67  1 

17 2
18 2

0 4
0.020753200846302881 1
0.041553432551388186 1
0.062419994978511244 1
0.083333333333333329 1
0.10424667168815541 1
0.12511323411527847 1
0.14591346582036377 1
0.16666666666666666 1
0.18741986751296957 1
0.20822009921805484 1
0.22908666164517794 1
0.25 1
0.27091333835482206 1
0.2917799007819451 1
0.31258013248703043 1
0.33333333333333331 1
0.3540865341796362 1
0.37488676588472153 1
0.39575332831184451 1
0.41666666666666663 1
0.43758000502148875 1
0.45844656744861184 1
0.47924679915369717 1
0.5 1
0.52075320084630283 1
0.5415534325513881 1
0.56241999497851125 1
0.58333333333333326 1
0.60424667168815538 1
0.62511323411527842 1
0.6459134658203638 1
0.66666666666666663 1
0.68741986751296935 1
0.70822009921805484 1
0.72908666164517777 1
0.75 1
0.77091333835482201 1
0.79177990078194493 1
0.81258013248703043 1
0.83333333333333326 1
0.85408653417963631 1
0.87488676588472136 1
0.89575332831184451 1
0.91666666666666674 1
0.93758000502148875 1
0.9584465674486119 1
0.97924679915369706 1
1 4

9 1 0 0 0 1 3 2 51 2 49 0 -14.414166666666667 69.049999999999997  1 0.26668430083001088 -14.414166667257946 69.051244030818083  0.99999999999054523 0.81776882424525532 -14.414166666376602 68.975971905124723  1.0000000000046383 1.6158394956915938 -14.414166666752493 68.677125707516538  0.9999999999986271 2.3988225237556606 -14.414166666641821 68.243616373297854  1.000000000000397 3.1749922363155796 -14.414166666673449 67.740756261857342  0.99999999999989175 3.9512078628531975 -14.414166666664928 67.237811600259576  1.000000000000028 4.7340619603686438 -14.414166666667096 66.804539690429166  0.99999999999999301 5.5325626981254086 -14.414166666666569 66.504901529777086  1.0000000000000013 6.3499999691286853 -14.414166666666681 66.395799969954908  0.99999999999999978 7.1674374289064957 -14.414166666666667 66.50490173136113  1.0000000000000002 7.9659375529348884 -14.414166666666663 66.804538803752493  1 8.7487941237707805 -14.414166666666661 67.237815255837162  0.99999999999999989 9.5249999997942663 -14.414166666666668 67.740741965484446  0.99999999999999989 10.301205877034446 -14.414166666666661 68.24366867289126  1.0000000000000004 11.084062444453757 -14.414166666666674 68.676945131267445  1 11.882562579878659 -14.414166666666656 68.976582182672345  1.0000000000000004 12.699999999999186 -14.414166666666672 69.085684017106956  1 13.517437420124706 -14.414166666666663 68.976582182677703  1 14.315937555533337 -14.414166666666663 68.67694513124394  1 15.098794123018205 -14.414166666666668 68.243668672988136  0.99999999999999989 15.874999999999993 -14.414166666666659 67.740741965105585  1.0000000000000002 16.651205876981823 -14.414166666666675 67.237815257223062  0.99999999999999933 17.434062444466587 -14.414166666666663 66.804538798967371  1.0000000000000004 18.23256257987552 -14.414166666666659 66.50490174753304  1 19.050000000000015 -14.414166666666677 66.395799913105776  1 19.867437420124453 -14.414166666666651 66.504901747533054  1.0000000000000011 20.665937555533439 -14.414166666666675 66.804538798967357  0.99999999999999933 21.448794123018153 -14.414166666666663 67.237815257223048  1 22.225000000000016 -14.414166666666674 67.740741965105599  1 23.001205876981796 -14.414166666666663 68.243668672988122  1 23.784062444466667 -14.414166666666668 68.676945131243968  0.99999999999999989 24.582562579875301 -14.414166666666672 68.976582182677674  1 25.400000000000819 -14.414166666666661 69.085684017106971  0.99999999999999989 26.217437420121346 -14.41416666666667 68.97658218267236  1.0000000000000004 27.01593755554623 -14.414166666666656 68.676945131267431  0.99999999999999978 27.798794122965557 -14.414166666666677 68.24366867289126  1 28.575000000205733 -14.414166666666663 67.740741965484418  1 29.351205876229226 -14.41416666666667 67.237815255837162  1 30.134062447065112 -14.414166666666667 66.804538803752521  0.99999999999999956 30.932562571093495 -14.414166666666668 66.50490173136113  1.0000000000000007 31.750000030871369 -14.414166666666665 66.395799969954865  0.99999999999999833 32.567437301874406 -14.414166666666663 66.504901529777371  1.0000000000000044 33.36593803963207 -14.4141666666667 66.804539690427774  0.99999999999998535 34.148792137143886 -14.414166666666492 67.237811600265317  1.0000000000000604 34.925007763695923 -14.414166666667365 67.740756261835045  0.99999999999976419 35.701177476201927 -14.414166666664098 68.243616373379268  1.000000000000862 36.484160504456106 -14.414166666675509 68.677125707236087  0.99999999999702482 37.28223117525129 -14.414166666636797 68.975971906070853  1.0000000000100544 37.833315700202327 -14.414166666727539 69.051244028890224  0.99999999997950517 38.100000000000001 -14.414166666666667 69.049999999999997  1 
0 -14.118333333333332 69.049999999999997  1 0.26668430083001088 -14.118333333661747 69.0512704190416  0.99999999999054523 0.81776882424525532 -14.118333333172226 68.974401502190844  1.0000000000046383 1.6158394956915938 -14.118333333380995 68.669215693011722  0.9999999999986271 2.3988225237556606 -14.118333333319535 68.226510056173112  1.000000000000397 3.1749922363155796 -14.118333333337105 67.712982460435029  0.99999999999989175 3.9512078628531975 -14.118333333332359 67.199368521072557  1.000000000000028 4.7340619603686438 -14.118333333333576 66.756905344838145  0.99999999999999301 5.5325626981254086 -14.118333333333284 66.450910773595666  1.0000000000000013 6.3499999691286853 -14.118333333333336 66.339494774554211  0.99999999999999978 7.1674374289064957 -14.118333333333329 66.4509109794556  1.0000000000000002 7.9659375529348884 -14.118333333333332 66.756904439353434  1 8.7487941237707805 -14.118333333333331 67.199372254191744  0.99999999999999989 9.5249999997942663 -14.118333333333339 67.712967860809314  0.99999999999999989 10.301205877034446 -14.118333333333325 68.226563465138753  1.0000000000000004 11.084062444453757 -14.118333333333339 68.669031286402188  1 11.882562579878659 -14.118333333333325 68.97502472486822  1.0000000000000004 12.699999999999186 -14.118333333333339 69.086441004347208  1 13.517437420124706 -14.118333333333339 68.975024724873748  1 14.315937555533337 -14.11833333333332 68.669031286378129  1 15.098794123018205 -14.118333333333341 68.226563465237703  0.99999999999999989 15.874999999999993 -14.118333333333325 67.712967860422424  1.0000000000000002 16.651205876981823 -14.118333333333334 67.199372255607116  0.99999999999999933 17.434062444466587 -14.118333333333336 66.756904434466719  1.0000000000000004 18.23256257987552 -14.118333333333322 66.450910995970645  1 19.050000000000015 -14.118333333333339 66.339494716499161  1 19.867437420124453 -14.11833333333332 66.450910995970617  1.0000000000000011 20.665937555533439 -14.118333333333347 66.756904434466747  0.99999999999999933 21.448794123018153 -14.118333333333325 67.199372255607074  1 22.225000000000016 -14.118333333333327 67.712967860422395  1 23.001205876981796 -14.118333333333343 68.226563465237746  1 23.784062444466667 -14.118333333333331 68.6690312863782  0.99999999999999989 24.582562579875301 -14.118333333333336 68.975024724873691  1 25.400000000000819 -14.118333333333329 69.086441004347236  0.99999999999999989 26.217437420121346 -14.118333333333339 68.975024724868234  1.0000000000000004 27.01593755554623 -14.118333333333325 68.669031286402173  0.99999999999999978 27.798794122965557 -14.118333333333336 68.226563465138781  1 28.575000000205733 -14.118333333333322 67.712967860809272  1 29.351205876229226 -14.118333333333343 67.1993722541918  1 30.134062447065112 -14.118333333333329 66.756904439353377  0.99999999999999956 30.932562571093495 -14.118333333333338 66.450910979455685  1.0000000000000007 31.750000030871369 -14.118333333333313 66.339494774554225  0.99999999999999833 32.567437301874406 -14.118333333333402 66.450910773595481  1.0000000000000044 33.36593803963207 -14.11833333333302 66.756905344838529  0.99999999999998535 34.148792137143886 -14.118333333334624 67.199368521070937  1.0000000000000604 34.925007763695923 -14.118333333328261 67.71298246044131  0.99999999999976419 35.701177476201927 -14.118333333351883 68.226510056150033  1.000000000000862 36.484160504456106 -14.118333333269288 68.669215693091928  0.99999999999702482 37.28223117525129 -14.118333333549778 68.974401501918152  1.0000000000100544 37.833315700202327 -14.118333332892107 69.05127041959831  0.99999999997950517 38.100000000000001 -14.118333333333332 69.049999999999997  1 

7 2
8 2

0 4
0.019043869865423484 1
0.039181669338101022 1
0.060772106400712955 1
0.08333333333333337 1
0.10589456026595376 1
0.12748499732856572 1
0.14762279680124321 1
0.16666666666666674 1
0.18571053653209021 1
0.20584833600476773 1
0.22743877306737972 1
0.25000000000000011 1
0.27256122693262047 1
0.2941516639952324 1
0.31428946346790998 1
0.33333333333333348 1
0.35237720319875693 1
0.37251500267143456 1
0.39410543973404633 1
0.4166666666666668 1
0.43922789359928716 1
0.4608183306618992 1
0.48095613013457678 1
0.50000000000000022 1
0.51904386986542372 1
0.5391816693381013 1
0.56077210640071329 1
0.58333333333333359 1
0.60589456026595412 1
0.62748499732856589 1
0.64762279680124346 1
0.66666666666666696 1
0.68571053653209035 1
0.70584833600476793 1
0.72743877306737981 1
0.75000000000000033 1
0.77256122693262064 1
0.79415166399523252 1
0.81428946346790998 1
0.83333333333333337 1
0.85237720319875698 1
0.87251500267143434 1
0.89410543973404633 1
0.91666666666666674 1
0.93922789359928704 1
0.96081833066189903 1
0.98095613013457639 1
1 4

Triangulations 0

TShapes 567
Ve
1e-07
0 -16.085 68.35
0 0

0101101
*
Ve
5.000001e-06
2.03662612224915 -16.085 68.35
0 0

0101101
*
Ed
 1e-07 1 1 0
1  1 0 -0 2.03662612224915
2  1 2 0 -0 2.03662612224915
2  2 1 0 -0 2.03662612224915
4 G1 2 0 1 0
0

0101000
+567 0 -566 0 *
Ve
5.000001e-06
10.6634345703149 -16.085 68.35
0 0

0101101
*
Ed
 5e-06 1 1 0
1  2 0 0 1
2  3 1 0 0 1
2  4 3 0 0 1
0

0101000
+566 0 -564 0 *
Ve
5.000001e-06
14.7365654297495 -16.085 68.35
0 0

0101101
*
Ed
 1e-07 1 1 0
1  1 0 10.6634345703149 14.7365654297495
2  1 2 0 10.6634345703149 14.7365654297495
2  2 1 0 10.6634345703149 14.7365654297495
4 G1 2 0 1 0
0

0101000
+564 0 -562 0 *
Ve
5.000001e-06
23.3634345702505 -16.085 68.35
0 0

0101101
*
Ed
 5e-06 1 1 0
1  3 0 0 1
2  5 1 0 0 1
2  6 3 0 0 1
0

0101000
+562 0 -560 0 *
Ve
5.000001e-06
27.4365654296851 -16.085 68.35
0 0

0101101
*
Ed
 1e-07 1 1 0
1  1 0 23.3634345702505 27.4365654296851
2  1 2 0 23.3634345702505 27.4365654296851
2  2 1 0 23.3634345702505 27.4365654296851
4 G1 2 0 1 0
0

0101000
+560 0 -558 0 *
Ve
5.000001e-06
36.0633738776708 -16.085 68.35
0 0

0101101
*
Ed
 5e-06 1 1 0
1  4 0 0 1
2  7 1 0 0 1
2  8 3 0 0 1
0

0101000
+558 0 -556 0 *
Ve
1e-07
38.1 -16.085 68.35
0 0

0101101
*
Ed
 1e-07 1 1 0
1  1 0 36.0633738776708 38.1
2  1 2 0 36.0633738776708 38.1
2  2 1 0 36.0633738776708 38.1
4 G1 2 0 1 0
0

0101000
+556 0 -554 0 *
Ve
1e-07
38.1 -16.085 47
0 0

0101101
*
Ed
 1e-07 1 1 0
1  5 0 0 21.35
2  9 4 0 0 21.35
2  10 1 0 0 21.35
0

0101000
-554 0 +552 0 *
Ve
1e-07
0 -16.085 47
0 0

0101101
*
Ed
 1e-07 1 1 0
1  6 0 0 38.1
2  11 1 0 0 38.1
2  12 5 0 0 38.1
0

0101000
+550 0 -552 0 *
Ed
 1e-07 1 1 0
1  7 0 0 21.35
2  13 6 0 0 21.35
2  14 1 0 0 21.35
0

0101000
-567 0 +550 0 *
Wi

0101100
-565 0 -563 0 -561 0 -559 0 -557 0 -555 0 -553 0 +551 0 +549 0 -548 0 
*
Fa
0  1e-07 1 0

0101000
+547 0 *
Ve
5.000001e-06
1.17790892515181 -15.8933333333175 68.8109018936499
0 0

0101101
*
Ed
 5e-06 1 1 0
1  8 0 0 1
2  15 2 0 0 1
2  16 3 0 0 1
0

0101000
+545 0 -566 0 *
Ve
5.000001e-06
0.648976584544073 -15.5975000000263 68.9793597937519
0 0

0101101
*
Ed
 5e-06 1 1 0
1  9 0 0 1
2  17 2 0 0 1
2  18 7 0 0 1
0

0101000
+543 0 -545 0 *
Ve
5.000001e-06
0.550874406514635 -15.435 69
0 0

0101101
*
Ed
 5e-06 1 1 0
1  10 0 0 1
2  19 2 0 0 1
2  20 8 0 0 1
0

0101000
+541 0 -543 0 *
Ve
1e-07
0 -15.435 69
0 0

0101101
*
Ed
 1e-07 1 1 0
1  11 0 -0 0.550874406514635
2  21 2 0 -0 0.550874406514635
2  22 9 0 -0 0.550874406514635
4 G1 2 0 9 0
0

0101000
+539 0 -541 0 *
Ed
 1e-07 1 1 0
1  12 0 4.71238898038469 6.28318530717959
2  23 2 0 4.71238898038469 6.28318530717959
2  24 6 0 4.71238898038469 6.28318530717959
0

0101000
+567 0 -539 0 *
Wi

0101100
-565 0 +544 0 +542 0 +540 0 +538 0 +537 0 *
Fa
0  1e-07 2 0

0101000
+536 0 *
Ve
5.000001e-06
11.5216887344785 -15.8933333333333 68.8109018936342
0 0

0101101
*
Ed
 5e-06 1 1 0
1  13 0 0 1
2  25 2 0 0 1
2  26 3 0 0 1
0

0101000
+564 0 -534 0 *
Ed
 1e-07 1 1 0
1  14 0 0.028610574744591 0.304710120486196
2  27 3 0 0.028610574744591 0.304710120486196
2  28 7 0 0.028610574744591 0.304710120486196
4 C0 3 0 7 0
0

0101000
+545 0 -534 0 *
Wi

0101100
-544 0 -563 0 -533 0 +532 0 *
Fa
0  1e-07 3 0

0101000
+531 0 *
Ve
5.000001e-06
13.878311265501 -15.8933333333333 68.8109018936341
0 0

0101101
*
Ed
 5e-06 1 1 0
1  15 0 0 1
2  29 2 0 0 1
2  30 3 0 0 1
0

0101000
+529 0 -562 0 *
Ve
5.000001e-06
13.3479669718562 -15.5975 68.9793597937587
0 0

0101101
*
Ed
 5e-06 1 1 0
1  16 0 0 1
2  31 2 0 0 1
2  32 7 0 0 1
0

0101000
+527 0 -529 0 *
Ve
5.000001e-06
13.2487917505381 -15.435 69
0 0

0101101
*
Ed
 5e-06 1 1 0
1  17 0 0 1
2  33 2 0 0 1
2  34 8 0 0 1
0

0101000
+525 0 -527 0 *
Ve
5.000001e-06
12.1512082494736 -15.435 69
0 0

0101101
*
Ed
 1e-07 1 1 0
1  11 0 12.1512082494736 13.2487917505381
2  21 2 0 12.1512082494736 13.2487917505381
2  22 9 0 12.1512082494736 13.2487917505381
4 G1 2 0 9 0
0

0101000
+523 0 -525 0 *
Ve
5.000001e-06
12.0520330281514 -15.5975 68.9793597937587
0 0

0101101
*
Ed
 5e-06 1 1 0
1  18 0 0 1
2  35 2 0 0 1
2  36 8 0 0 1
0

0101000
+523 0 -521 0 *
Ed
 5e-06 1 1 0
1  19 0 0 1
2  37 2 0 0 1
2  38 7 0 0 1
0

0101000
+521 0 -534 0 *
Wi

0101100
-561 0 +528 0 +526 0 +524 0 +522 0 -520 0 -519 0 +533 0 *
Fa
0  1e-07 2 0

0101000
+518 0 *
Ve
5.000001e-06
24.221688734499 -15.8933333333333 68.8109018936341
0 0

0101101
*
Ed
 5e-06 1 1 0
1  20 0 0 1
2  39 2 0 0 1
2  40 3 0 0 1
0

0101000
+560 0 -516 0 *
Ed
 1e-07 1 1 0
1  14 0 0.361956546180033 0.638043453819967
2  27 3 0 0.361956546180033 0.638043453819967
2  28 7 0 0.361956546180033 0.638043453819967
4 C0 3 0 7 0
0

0101000
+529 0 -516 0 *
Wi

0101100
-528 0 -559 0 -515 0 +514 0 *
Fa
0  1e-07 3 0

0101000
+513 0 *
Ve
5.000001e-06
26.5783112655214 -15.8933333333333 68.8109018936342
0 0

0101101
*
Ed
 5e-06 1 1 0
1  21 0 0 1
2  41 2 0 0 1
2  42 3 0 0 1
0

0101000
+511 0 -558 0 *
Ve
5.000001e-06
26.0479669718488 -15.5975 68.9793597937587
0 0

0101101
*
Ed
 5e-06 1 1 0
1  22 0 0 1
2  43 2 0 0 1
2  44 7 0 0 1
0

0101000
+509 0 -511 0 *
Ve
5.000001e-06
25.9487917505265 -15.435 69
0 0

0101101
*
Ed
 5e-06 1 1 0
1  23 0 0 1
2  45 2 0 0 1
2  46 8 0 0 1
0

0101000
+507 0 -509 0 *
Ve
5.000001e-06
24.851208249462 -15.435 69
0 0

0101101
*
Ed
 1e-07 1 1 0
1  11 0 24.851208249462 25.9487917505265
2  21 2 0 24.851208249462 25.9487917505265
2  22 9 0 24.851208249462 25.9487917505265
4 G1 2 0 9 0
0

0101000
+505 0 -507 0 *
Ve
5.000001e-06
24.7520330281437 -15.5975 68.9793597937587
0 0

0101101
*
Ed
 5e-06 1 1 0
1  24 0 0 1
2  47 2 0 0 1
2  48 8 0 0 1
0

0101000
+505 0 -503 0 *
Ed
 5e-06 1 1 0
1  25 0 0 1
2  49 2 0 0 1
2  50 7 0 0 1
0

0101000
+503 0 -516 0 *
Wi

0101100
-557 0 +510 0 +508 0 +506 0 +504 0 -502 0 -501 0 +515 0 *
Fa
0  1e-07 2 0

0101000
+500 0 *
Ve
5.000001e-06
36.9220910768278 -15.8933333333344 68.8109018936331
0 0

0101101
*
Ed
 1e-07 1 1 0
1  14 0 0.695289879513804 0.971389425309254
2  27 3 0 0.695289879513804 0.971389425309254
2  28 7 0 0.695289879513804 0.971389425309254
4 C0 3 0 7 0
0

0101000
+511 0 -498 0 *
Ed
 5e-06 1 1 0
1  26 0 0 1
2  51 2 0 0 1
2  52 3 0 0 1
0

0101000
+556 0 -498 0 *
Wi

0101100
+497 0 -510 0 -555 0 -496 0 *
Fa
0  1e-07 3 0

0101000
+495 0 *
Ve
1e-07
38.1 -15.435 69
0 0

0101101
*
Ed
 1e-07 1 1 0
1  27 0 4.71238898038469 6.28318530717959
2  53 2 0 4.71238898038469 6.28318530717959
2  54 4 0 4.71238898038469 6.28318530717959
0

0101000
+554 0 -493 0 *
Ve
5.000001e-06
37.5491255929492 -15.435 69
0 0

0101101
*
Ed
 1e-07 1 1 0
1  11 0 37.5491255929492 38.1
2  21 2 0 37.5491255929492 38.1
2  22 9 0 37.5491255929492 38.1
4 G1 2 0 9 0
0

0101000
+491 0 -493 0 *
Ve
5.000001e-06
37.4510234158466 -15.5975000000622 68.9793597937426
0 0

0101101
*
Ed
 5e-06 1 1 0
1  28 0 0 1
2  55 2 0 0 1
2  56 8 0 0 1
0

0101000
+491 0 -489 0 *
Ed
 5e-06 1 1 0
1  29 0 0 1
2  57 2 0 0 1
2  58 7 0 0 1
0

0101000
+489 0 -498 0 *
Wi

0101100
-553 0 -492 0 +490 0 -488 0 -487 0 +496 0 *
Fa
0  1e-07 2 0

0101000
+486 0 *
Ve
1e-07
38.1 -13.335 47
0 0

0101101
*
Ed
 1e-07 1 1 0
1  30 0 0 2.75
2  59 4 0 0 2.75
2  60 5 0 0 2.75
0

0101000
+484 0 -552 0 *
Ve
1.00000003552714e-07
38.1 -13.335 55
0 0

0101101
*
Ed
 1e-07 1 1 0
1  31 0 10 18
2  61 4 0 10 18
2  62 10 0 10 18
0

0101000
+482 0 -484 0 *
Ve
1e-07
38.1 -13.3352853223594 55.6666666666667
0 0

0101101
*
Ed
 1e-07 1 1 0
1  32 0 0 1
2  63 11 0 0 1
4 C0 11 0 12 0
2  64 12 0 0 1
2  65 4 0 0 1
0

0101000
+482 0 -480 0 *
Ve
1e-07
38.1 -13.33609739369 56.3333333333333
0 0

0101101
*
Ed
 1e-07 1 1 0
1  33 0 1 2
2  66 13 0 1 2
4 C0 13 0 12 0
2  67 12 0 1 2
2  68 4 0 1 2
0

0101000
+480 0 -478 0 *
Ve
1e-07
38.1 -13.3373703703704 57
0 0

0101101
*
Ed
 1e-07 1 1 0
1  34 0 2 3
2  69 14 0 2 3
4 C0 14 0 12 0
2  70 12 0 2 3
2  71 4 0 2 3
0

0101000
+478 0 -476 0 *
Ve
1e-07
38.1 -13.3390384087791 57.6666666666667
0 0

0101101
*
Ed
 1e-07 1 1 0
1  35 0 3 4
2  72 15 0 3 4
4 C0 15 0 12 0
2  73 12 0 3 4
2  74 4 0 3 4
0

0101000
+476 0 -474 0 *
Ve
1e-07
38.1 -13.3410356652949 58.3333333333333
0 0

0101101
*
Ed
 1e-07 1 1 0
1  36 0 4 5
2  75 16 0 4 5
4 C0 16 0 12 0
2  76 12 0 4 5
2  77 4 0 4 5
0

0101000
+474 0 -472 0 *
Ve
1e-07
38.1 -13.3432962962963 59
0 0

0101101
*
Ed
 1e-07 1 1 0
1  37 0 5 6
2  78 17 0 5 6
4 C0 17 0 12 0
2  79 12 0 5 6
2  80 4 0 5 6
0

0101000
+472 0 -470 0 *
Ve
1e-07
38.1 -13.3457544581619 59.6666666666667
0 0

0101101
*
Ed
 1e-07 1 1 0
1  38 0 6 7
2  81 18 0 6 7
4 C0 18 0 12 0
2  82 12 0 6 7
2  83 4 0 6 7
0

0101000
+470 0 -468 0 *
Ve
1.00000007105427e-07
38.1 -13.3483443072702 60.3333333333333
0 0

0101101
*
Ed
 1e-07 1 1 0
1  39 0 7 8
2  84 19 0 7 8
4 C0 19 0 12 0
2  85 12 0 7 8
2  86 4 0 7 8
0

0101000
+468 0 -466 0 *
Ve
1.00000007105427e-07
38.1 -13.351 61
0 0

0101101
*
Ed
 1.00000007105427e-07 1 1 0
1  40 0 8 9
2  87 20 0 8 9
4 C0 20 0 12 0
2  88 12 0 8 9
2  89 4 0 8 9
0

0101000
+466 0 -464 0 *
Ve
1.00000007105427e-07
38.1 -13.3536556927298 61.6666666666667
0 0

0101101
*
Ed
 1.00000007105427e-07 1 1 0
1  41 0 9 10
2  90 21 0 9 10
4 C0 21 0 12 0
2  91 12 0 9 10
2  92 4 0 9 10
0

0101000
+464 0 -462 0 *
Ve
1.00000007105427e-07
38.1 -13.3562455418381 62.3333333333333
0 0

0101101
*
Ed
 1.00000007105427e-07 1 1 0
1  42 0 10 11
2  93 22 0 10 11
4 C0 22 0 12 0
2  94 12 0 10 11
2  95 4 0 10 11
0

0101000
+462 0 -460 0 *
Ve
1.00000007105427e-07
38.1 -13.3587037037037 63
0 0

0101101
*
Ed
 1.00000007105427e-07 1 1 0
1  43 0 11 12
2  96 23 0 11 12
4 C0 23 0 12 0
2  97 12 0 11 12
2  98 4 0 11 12
0

0101000
+460 0 -458 0 *
Ve
1.00000007105427e-07
38.1 -13.3609643347051 63.6666666666667
0 0

0101101
*
Ed
 1.00000007105427e-07 1 1 0
1  44 0 12 13
2  99 24 0 12 13
4 C0 24 0 12 0
2  100 12 0 12 13
2  101 4 0 12 13
0

0101000
+458 0 -456 0 *
Ve
1.00000007105427e-07
38.1 -13.3629615912209 64.3333333333333
0 0

0101101
*
Ed
 1.00000007105427e-07 1 1 0
1  45 0 13 14
2  102 25 0 13 14
4 C0 25 0 12 0
2  103 12 0 13 14
2  104 4 0 13 14
0

0101000
+456 0 -454 0 *
Ve
1.00000007105427e-07
38.1 -13.3646296296296 65
0 0

0101101
*
Ed
 1.00000007105427e-07 1 1 0
1  46 0 14 15
2  105 26 0 14 15
4 C0 26 0 12 0
2  106 12 0 14 15
2  107 4 0 14 15
0

0101000
+454 0 -452 0 *
Ve
5.000001e-06
38.1 -13.3649344767564 65.159650542701
0 0

0101101
*
Ed
 1.00000007105427e-07 1 1 0
1  47 0 15 15.2394758140515
2  108 27 0 15 15.2394758140515
4 C0 27 0 12 0
2  109 12 0 15 15.2394758140515
2  110 4 0 15 15.2394758140515
0

0101000
+452 0 -450 0 *
Ve
1.00000001776357e-07
38.1 -13.9855851652092 68.4697875477826
0 0

0101101
*
Ed
 1.00000001776357e-07 1 1 0
1  48 0 0.539452086716551 3.90727249010623
2  111 4 0 0.539452086716551 3.90727249010623
2  112 28 0 0.539452086716551 3.90727249010623
0

0101000
+448 0 -450 0 *
Ve
1e-07
38.1 -14.6244520867166 69
0 0

0101101
*
Ed
 1e-07 1 1 0
1  49 0 0 1.3854483767992
2  113 29 0 0 1.3854483767992
2  114 4 0 0 1.3854483767992
0

0101000
+446 0 -448 0 *
Ed
 1e-07 1 1 0
1  50 0 0.65 1.46054791328345
2  115 4 0 0.65 1.46054791328345
2  116 9 0 0.65 1.46054791328345
0

0101000
+493 0 -446 0 *
Wi

0101100
+551 0 +483 0 +481 0 -479 0 -477 0 -475 0 -473 0 -471 0 -469 0 -467 0 
-465 0 -463 0 -461 0 -459 0 -457 0 -455 0 -453 0 -451 0 -449 0 +447 0 
+445 0 +444 0 +492 0 *
Fa
0  1e-07 4 0

0101000
+443 0 *
Ve
1e-07
0 -13.335 47
0 0

0101101
*
Ed
 1e-07 1 1 0
1  51 0 0 38.1
2  117 10 0 0 38.1
2  118 5 0 0 38.1
0

0101000
+441 0 -484 0 *
Ed
 1e-07 1 1 0
1  52 0 0 2.75
2  119 6 0 0 2.75
2  120 5 0 0 2.75
0

0101000
+441 0 -550 0 *
Wi

0101100
+440 0 -549 0 -439 0 +483 0 *
Fa
0  1e-07 5 0

0101000
+438 0 *
Ve
1.00000003552714e-07
0 -13.335 55
0 0

0101101
*
Ed
 1e-07 1 1 0
1  53 0 10 18
2  121 6 0 10 18
2  122 10 0 10 18
0

0101000
+436 0 -441 0 *
Ve
1e-07
0 -13.3352853223594 55.6666666666667
0 0

0101101
*
Ed
 1e-07 1 1 0
1  54 0 0 1
2  123 11 0 0 1
4 C0 11 0 30 0
2  124 30 0 0 1
2  125 6 0 0 1
0

0101000
+436 0 -434 0 *
Ve
1e-07
0 -13.33609739369 56.3333333333333
0 0

0101101
*
Ed
 1e-07 1 1 0
1  55 0 1 2
2  126 13 0 1 2
4 C0 13 0 30 0
2  127 30 0 1 2
2  128 6 0 1 2
0

0101000
+434 0 -432 0 *
Ve
1e-07
0 -13.3373703703704 57
0 0

0101101
*
Ed
 1e-07 1 1 0
1  56 0 2 3
2  129 14 0 2 3
4 C0 14 0 30 0
2  130 30 0 2 3
2  131 6 0 2 3
0

0101000
+432 0 -430 0 *
Ve
1e-07
0 -13.3390384087791 57.6666666666667
0 0

0101101
*
Ed
 1e-07 1 1 0
1  57 0 3 4
2  132 15 0 3 4
4 C0 15 0 30 0
2  133 30 0 3 4
2  134 6 0 3 4
0

0101000
+430 0 -428 0 *
Ve
1e-07
0 -13.3410356652949 58.3333333333333
0 0

0101101
*
Ed
 1e-07 1 1 0
1  58 0 4 5
2  135 16 0 4 5
4 C0 16 0 30 0
2  136 30 0 4 5
2  137 6 0 4 5
0

0101000
+428 0 -426 0 *
Ve
1e-07
0 -13.3432962962963 59
0 0

0101101
*
Ed
 1e-07 1 1 0
1  59 0 5 6
2  138 17 0 5 6
4 C0 17 0 30 0
2  139 30 0 5 6
2  140 6 0 5 6
0

0101000
+426 0 -424 0 *
Ve
1e-07
0 -13.3457544581619 59.6666666666667
0 0

0101101
*
Ed
 1e-07 1 1 0
1  60 0 6 7
2  141 18 0 6 7
4 C0 18 0 30 0
2  142 30 0 6 7
2  143 6 0 6 7
0

0101000
+424 0 -422 0 *
Ve
1e-07
0 -13.3483443072702 60.3333333333333
0 0

0101101
*
Ed
 1e-07 1 1 0
1  61 0 7 8
2  144 19 0 7 8
4 C0 19 0 30 0
2  145 30 0 7 8
2  146 6 0 7 8
0

0101000
+422 0 -420 0 *
Ve
1e-07
0 -13.351 61
0 0

0101101
*
Ed
 1e-07 1 1 0
1  62 0 8 9
2  147 20 0 8 9
4 C0 20 0 30 0
2  148 30 0 8 9
2  149 6 0 8 9
0

0101000
+420 0 -418 0 *
Ve
1e-07
0 -13.3536556927298 61.6666666666667
0 0

0101101
*
Ed
 1e-07 1 1 0
1  63 0 9 10
2  150 21 0 9 10
4 C0 21 0 30 0
2  151 30 0 9 10
2  152 6 0 9 10
0

0101000
+418 0 -416 0 *
Ve
1e-07
0 -13.3562455418381 62.3333333333333
0 0

0101101
*
Ed
 1e-07 1 1 0
1  64 0 10 11
2  153 22 0 10 11
4 C0 22 0 30 0
2  154 30 0 10 11
2  155 6 0 10 11
0

0101000
+416 0 -414 0 *
Ve
1e-07
0 -13.3587037037037 63
0 0

0101101
*
Ed
 1e-07 1 1 0
1  65 0 11 12
2  156 23 0 11 12
4 C0 23 0 30 0
2  157 30 0 11 12
2  158 6 0 11 12
0

0101000
+414 0 -412 0 *
Ve
1e-07
0 -13.3609643347051 63.6666666666667
0 0

0101101
*
Ed
 1e-07 1 1 0
1  66 0 12 13
2  159 24 0 12 13
4 C0 24 0 30 0
2  160 30 0 12 13
2  161 6 0 12 13
0

0101000
+412 0 -410 0 *
Ve
1e-07
0 -13.3629615912209 64.3333333333333
0 0

0101101
*
Ed
 1e-07 1 1 0
1  67 0 13 14
2  162 25 0 13 14
4 C0 25 0 30 0
2  163 30 0 13 14
2  164 6 0 13 14
0

0101000
+410 0 -408 0 *
Ve
1e-07
0 -13.3646296296296 65
0 0

0101101
*
Ed
 1e-07 1 1 0
1  68 0 14 15
2  165 26 0 14 15
4 C0 26 0 30 0
2  166 30 0 14 15
2  167 6 0 14 15
0

0101000
+408 0 -406 0 *
Ve
5.000001e-06
0 -13.3649344767564 65.159650542701
0 0

0101101
*
Ed
 1e-07 1 1 0
1  69 0 15 15.2394758140515
2  168 27 0 15 15.2394758140515
4 C0 27 0 30 0
2  169 30 0 15 15.2394758140515
2  170 6 0 15 15.2394758140515
0

0101000
+406 0 -404 0 *
Ve
1.00000001776357e-07
0 -13.9855851652092 68.4697875477826
0 0

0101101
*
Ed
 1.00000001776357e-07 1 1 0
1  70 0 0.539452086716551 3.90727249010623
2  171 6 0 0.539452086716551 3.90727249010623
2  172 28 0 0.539452086716551 3.90727249010623
0

0101000
+402 0 -404 0 *
Ve
1e-07
0 -14.6244520867166 69
0 0

0101101
*
Ed
 1e-07 1 1 0
1  71 0 0 1.3854483767992
2  173 29 0 0 1.3854483767992
2  174 6 0 0 1.3854483767992
0

0101000
+400 0 -402 0 *
Ed
 1e-07 1 1 0
1  72 0 0.65 1.46054791328345
2  175 6 0 0.65 1.46054791328345
2  176 9 0 0.65 1.46054791328345
0

0101000
+539 0 -400 0 *
Wi

0101100
+548 0 +439 0 +435 0 -433 0 -431 0 -429 0 -427 0 -425 0 -423 0 -421 0 
-419 0 -417 0 -415 0 -413 0 -411 0 -409 0 -407 0 -405 0 -403 0 +401 0 
+399 0 +398 0 +537 0 *
Fa
0  1e-07 6 0

0101000
+397 0 *
Ed
 1e-07 1 1 0
1  73 0 0.0155187202682716 0.317842125889829
2  177 7 0 0.0155187202682716 0.317842125889829
2  178 8 0 0.0155187202682716 0.317842125889829
4 C0 7 0 8 0
0

0101000
+543 0 -521 0 *
Wi

0101100
-532 0 +519 0 +395 0 -542 0 *
Fa
0  1e-07 7 0

0101000
+394 0 *
Ve
5.000001e-06
12.1468769180693 -15.3016666666667 69
0 0

0101101
*
Ed
 5e-06 1 1 0
1  74 0 0 1
2  179 9 0 0 1
2  180 8 0 0 1
0

0101000
+392 0 -523 0 *
Ve
5.000001e-06
0.555152309782785 -15.3016666666771 69
0 0

0101101
*
Ed
 1e-07 1 1 0
1  75 0 0.0132527477844543 0.320134626904819
2  181 8 0 0.0132527477844543 0.320134626904819
2  182 31 0 0.0132527477844543 0.320134626904819
4 C0 8 0 31 0
0

0101000
+390 0 -392 0 *
Ed
 5e-06 1 1 0
1  76 0 0 1
2  183 9 0 0 1
2  184 8 0 0 1
0

0101000
+390 0 -541 0 *
Wi

0101100
-395 0 +520 0 +391 0 +389 0 -388 0 -540 0 *
Fa
0  1e-07 8 0

0101000
+387 0 *
Ve
5.000001e-06
0.562422389805253 -14.6244520867166 69
0 0

0101101
*
Ed
 1e-07 1 1 0
1  77 0 -0 0.562422389805253
2  185 29 0 -0 0.562422389805253
2  186 9 0 -0 0.562422389805253
4 G1 29 0 9 0
0

0101000
+400 0 -385 0 *
Ve
5.000001e-06
0.563001168008604 -14.7100000001046 69
0 0

0101101
*
Ed
 5e-06 1 1 0
1  78 0 0 1
2  187 9 0 0 1
2  188 32 0 0 1
0

0101000
+385 0 -383 0 *
Ve
5.000001e-06
0.561007349554796 -15.0058333334752 69
0 0

0101101
*
Ed
 5e-06 1 1 0
1  79 0 0 1
2  189 9 0 0 1
2  190 33 0 0 1
0

0101000
+383 0 -381 0 *
Ed
 5e-06 1 1 0
1  80 0 0 1
2  191 9 0 0 1
2  192 31 0 0 1
0

0101000
+381 0 -390 0 *
Wi

0101100
-398 0 -384 0 -382 0 -380 0 -379 0 -388 0 +538 0 *
Fa
0  1e-07 9 0

0101000
+378 0 *
Ed
 1e-07 1 1 0
1  73 0 0.348824540777009 0.651175459222989
2  177 7 0 0.348824540777009 0.651175459222989
2  178 8 0 0.348824540777009 0.651175459222989
4 C0 7 0 8 0
0

0101000
+527 0 -503 0 *
Wi

0101100
-514 0 +501 0 +376 0 -526 0 *
Fa
0  1e-07 7 0

0101000
+375 0 *
Ve
5.000001e-06
24.8468769180577 -15.3016666666667 69
0 0

0101101
*
Ed
 5e-06 1 1 0
1  81 0 0 1
2  193 9 0 0 1
2  194 8 0 0 1
0

0101000
+373 0 -505 0 *
Ve
5.000001e-06
13.2531230819423 -15.3016666666667 69
0 0

0101101
*
Ed
 1e-07 1 1 0
1  75 0 0.34653203976211 0.653467960237891
2  181 8 0 0.34653203976211 0.653467960237891
2  182 31 0 0.34653203976211 0.653467960237891
4 C0 8 0 31 0
0

0101000
+371 0 -373 0 *
Ed
 5e-06 1 1 0
1  82 0 0 1
2  195 9 0 0 1
2  196 8 0 0 1
0

0101000
+371 0 -525 0 *
Wi

0101100
-376 0 +502 0 +372 0 +370 0 -369 0 -524 0 *
Fa
0  1e-07 8 0

0101000
+368 0 *
Ve
5.000001e-06
12.1409497435226 -15.0058333333333 69
0 0

0101101
*
Ed
 5e-06 1 1 0
1  83 0 0 1
2  197 9 0 0 1
2  198 31 0 0 1
0

0101000
+366 0 -392 0 *
Ve
5.000001e-06
12.1389316157352 -14.71 69
0 0

0101101
*
Ed
 5e-06 1 1 0
1  84 0 0 1
2  199 9 0 0 1
2  200 33 0 0 1
0

0101000
+364 0 -366 0 *
Ve
5.000001e-06
12.139517436992 -14.6244520867166 69
0 0

0101101
*
Ed
 5e-06 1 1 0
1  85 0 0 1
2  201 9 0 0 1
2  202 32 0 0 1
0

0101000
+362 0 -364 0 *
Ve
5.000001e-06
13.2604825630194 -14.6244520867166 69
0 0

0101101
*
Ed
 1e-07 1 1 0
1  77 0 12.139517436992 13.2604825630194
2  185 29 0 12.139517436992 13.2604825630194
2  186 9 0 12.139517436992 13.2604825630194
4 G1 29 0 9 0
0

0101000
+362 0 -360 0 *
Ve
5.000001e-06
13.261068384276 -14.71 69
0 0

0101101
*
Ed
 5e-06 1 1 0
1  86 0 0 1
2  203 9 0 0 1
2  204 32 0 0 1
0

0101000
+360 0 -358 0 *
Ve
5.000001e-06
13.2590502564888 -15.0058333333333 69
0 0

0101101
*
Ed
 5e-06 1 1 0
1  87 0 0 1
2  205 9 0 0 1
2  206 33 0 0 1
0

0101000
+358 0 -356 0 *
Ed
 5e-06 1 1 0
1  88 0 0 1
2  207 9 0 0 1
2  208 31 0 0 1
0

0101000
+356 0 -371 0 *
Wi

0101100
+391 0 +365 0 +363 0 +361 0 -359 0 -357 0 -355 0 -354 0 -369 0 +522 0 
*
Fa
0  1e-07 9 0

0101000
+353 0 *
Ed
 1e-07 1 1 0
1  73 0 0.682157874110177 0.984481279736574
2  177 7 0 0.682157874110177 0.984481279736574
2  178 8 0 0.682157874110177 0.984481279736574
4 C0 7 0 8 0
0

0101000
+509 0 -489 0 *
Wi

0101100
-497 0 +487 0 +351 0 -508 0 *
Fa
0  1e-07 7 0

0101000
+350 0 *
Ve
5.000001e-06
37.5448476885736 -15.3016666666216 69
0 0

0101101
*
Ed
 5e-06 1 1 0
1  89 0 0 1
2  209 9 0 0 1
2  210 8 0 0 1
0

0101000
+348 0 -491 0 *
Ve
5.000001e-06
25.9531230819308 -15.3016666666667 69
0 0

0101101
*
Ed
 1e-07 1 1 0
1  75 0 0.679865373095182 0.986747252168157
2  181 8 0 0.679865373095182 0.986747252168157
2  182 31 0 0.679865373095182 0.986747252168157
4 C0 8 0 31 0
0

0101000
+346 0 -348 0 *
Ed
 5e-06 1 1 0
1  90 0 0 1
2  211 9 0 0 1
2  212 8 0 0 1
0

0101000
+346 0 -507 0 *
Wi

0101100
-351 0 +488 0 +347 0 +345 0 -344 0 -506 0 *
Fa
0  1e-07 8 0

0101000
+343 0 *
Ve
5.000001e-06
24.8409497435112 -15.0058333333333 69
0 0

0101101
*
Ed
 5e-06 1 1 0
1  91 0 0 1
2  213 9 0 0 1
2  214 31 0 0 1
0

0101000
+341 0 -373 0 *
Ve
5.000001e-06
24.8389316157238 -14.71 69
0 0

0101101
*
Ed
 5e-06 1 1 0
1  92 0 0 1
2  215 9 0 0 1
2  216 33 0 0 1
0

0101000
+339 0 -341 0 *
Ve
5.000001e-06
24.8395174369806 -14.6244520867166 69
0 0

0101101
*
Ed
 5e-06 1 1 0
1  93 0 0 1
2  217 9 0 0 1
2  218 32 0 0 1
0

0101000
+337 0 -339 0 *
Ve
5.000001e-06
25.9604825630082 -14.6244520867166 69
0 0

0101101
*
Ed
 1e-07 1 1 0
1  77 0 24.8395174369806 25.9604825630082
2  185 29 0 24.8395174369806 25.9604825630082
2  186 9 0 24.8395174369806 25.9604825630082
4 G1 29 0 9 0
0

0101000
+337 0 -335 0 *
Ve
5.000001e-06
25.9610683842649 -14.71 69
0 0

0101101
*
Ed
 5e-06 1 1 0
1  94 0 0 1
2  219 9 0 0 1
2  220 32 0 0 1
0

0101000
+335 0 -333 0 *
Ve
5.000001e-06
25.9590502564776 -15.0058333333333 69
0 0

0101101
*
Ed
 5e-06 1 1 0
1  95 0 0 1
2  221 9 0 0 1
2  222 33 0 0 1
0

0101000
+333 0 -331 0 *
Ed
 5e-06 1 1 0
1  96 0 0 1
2  223 9 0 0 1
2  224 31 0 0 1
0

0101000
+331 0 -346 0 *
Wi

0101100
+372 0 +340 0 +338 0 +336 0 -334 0 -332 0 -330 0 -329 0 -344 0 +504 0 
*
Fa
0  1e-07 9 0

0101000
+328 0 *
Ve
5.000001e-06
37.5389926540823 -15.0058333334171 69
0 0

0101101
*
Ed
 5e-06 1 1 0
1  97 0 0 1
2  225 9 0 0 1
2  226 31 0 0 1
0

0101000
+326 0 -348 0 *
Ve
5.000001e-06
37.5369988312347 -14.7099999999358 69
0 0

0101101
*
Ed
 5e-06 1 1 0
1  98 0 0 1
2  227 9 0 0 1
2  228 33 0 0 1
0

0101000
+324 0 -326 0 *
Ve
5.000001e-06
37.537577610703 -14.6244520867166 69
0 0

0101101
*
Ed
 5e-06 1 1 0
1  99 0 0 1
2  229 9 0 0 1
2  230 32 0 0 1
0

0101000
+322 0 -324 0 *
Ed
 1e-07 1 1 0
1  77 0 37.537577610703 38.1
2  185 29 0 37.537577610703 38.1
2  186 9 0 37.537577610703 38.1
4 G1 29 0 9 0
0

0101000
+322 0 -446 0 *
Wi

0101100
+347 0 +325 0 +323 0 +321 0 -320 0 +444 0 +490 0 *
Fa
0  1e-07 9 0

0101000
+319 0 *
Ed
 1.00000003552714e-07 1 1 0
1  100 0 0 1
2  231 11 0 0 1
2  232 34 0 0 1
4 C0 11 0 34 0
2  233 10 0 0 1
0

0101000
+436 0 -482 0 *
Wi

0101100
-435 0 -440 0 +481 0 +317 0 *
Fa
0  1e-07 10 0

0101000
+316 0 *
Ed
 1e-07 1 1 0
1  101 0 0 1
2  234 11 0 0 1
2  235 13 0 0 1
4 C0 11 0 13 0
0

0101000
+434 0 -480 0 *
Wi

0101000
+433 0 +314 0 -479 0 -317 0 *
Fa
0  1e-07 11 0

0101000
+313 0 *
Ed
 1e-07 1 1 0
1  102 0 0 1
2  236 13 0 0 1
2  237 14 0 0 1
4 C0 13 0 14 0
0

0101000
+432 0 -478 0 *
Wi

0101000
+431 0 +311 0 -477 0 -314 0 *
Fa
0  1e-07 13 0

0101000
+310 0 *
Ed
 1e-07 1 1 0
1  103 0 0 1
2  238 14 0 0 1
2  239 15 0 0 1
4 C0 14 0 15 0
0

0101000
+430 0 -476 0 *
Wi

0101000
+429 0 +308 0 -475 0 -311 0 *
Fa
0  1e-07 14 0

0101000
+307 0 *
Ed
 1e-07 1 1 0
1  104 0 0 1
2  240 15 0 0 1
2  241 16 0 0 1
4 C0 15 0 16 0
0

0101000
+428 0 -474 0 *
Wi

0101000
+427 0 +305 0 -473 0 -308 0 *
Fa
0  1e-07 15 0

0101000
+304 0 *
Ed
 1e-07 1 1 0
1  105 0 0 1
2  242 16 0 0 1
2  243 17 0 0 1
4 C0 16 0 17 0
0

0101000
+426 0 -472 0 *
Wi

0101000
+425 0 +302 0 -471 0 -305 0 *
Fa
0  1e-07 16 0

0101000
+301 0 *
Ed
 1e-07 1 1 0
1  106 0 0 1
2  244 17 0 0 1
2  245 18 0 0 1
4 C0 17 0 18 0
0

0101000
+424 0 -470 0 *
Wi

0101000
+423 0 +299 0 -469 0 -302 0 *
Fa
0  1e-07 17 0

0101000
+298 0 *
Ed
 1e-07 1 1 0
1  107 0 0 1
2  246 18 0 0 1
2  247 19 0 0 1
4 C0 18 0 19 0
0

0101000
+422 0 -468 0 *
Wi

0101000
+421 0 +296 0 -467 0 -299 0 *
Fa
0  1e-07 18 0

0101000
+295 0 *
Ed
 1e-07 1 1 0
1  108 0 0 1
2  248 19 0 0 1
2  249 20 0 0 1
4 C0 19 0 20 0
0

0101000
+420 0 -466 0 *
Wi

0101000
+419 0 +293 0 -465 0 -296 0 *
Fa
0  1e-07 19 0

0101000
+292 0 *
Ed
 1e-07 1 1 0
1  109 0 0 1
2  250 20 0 0 1
2  251 21 0 0 1
4 C0 20 0 21 0
0

0101000
+418 0 -464 0 *
Wi

0101000
+417 0 +290 0 -463 0 -293 0 *
Fa
0  1e-07 20 0

0101000
+289 0 *
Ed
 1e-07 1 1 0
1  110 0 0 1
2  252 21 0 0 1
2  253 22 0 0 1
4 C0 21 0 22 0
0

0101000
+416 0 -462 0 *
Wi

0101000
+415 0 +287 0 -461 0 -290 0 *
Fa
0  1e-07 21 0

0101000
+286 0 *
Ed
 1e-07 1 1 0
1  111 0 0 1
2  254 22 0 0 1
2  255 23 0 0 1
4 C0 22 0 23 0
0

0101000
+414 0 -460 0 *
Wi

0101000
+413 0 +284 0 -459 0 -287 0 *
Fa
0  1e-07 22 0

0101000
+283 0 *
Ed
 1e-07 1 1 0
1  112 0 0 1
2  256 23 0 0 1
2  257 24 0 0 1
4 C0 23 0 24 0
0

0101000
+412 0 -458 0 *
Wi

0101000
+411 0 +281 0 -457 0 -284 0 *
Fa
0  1e-07 23 0

0101000
+280 0 *
Ed
 1e-07 1 1 0
1  113 0 0 1
2  258 24 0 0 1
2  259 25 0 0 1
4 C0 24 0 25 0
0

0101000
+410 0 -456 0 *
Wi

0101000
+409 0 +278 0 -455 0 -281 0 *
Fa
0  1e-07 24 0

0101000
+277 0 *
Ed
 1e-07 1 1 0
1  114 0 0 1
2  260 25 0 0 1
2  261 26 0 0 1
4 C0 25 0 26 0
0

0101000
+408 0 -454 0 *
Wi

0101000
+407 0 +275 0 -453 0 -278 0 *
Fa
0  1e-07 25 0

0101000
+274 0 *
Ed
 1e-07 1 1 0
1  115 0 0 1
2  262 26 0 0 1
2  263 27 0 0 1
4 C0 26 0 27 0
0

0101000
+406 0 -452 0 *
Wi

0101000
+405 0 +272 0 -451 0 -275 0 *
Fa
0  1e-07 26 0

0101000
+271 0 *
Ve
5.000001e-06
36.6277882280857 -13.4600000000255 65.6666666668027
0 0

0101101
*
Ed
 5e-06 1 1 0
1  116 0 0 1
2  264 28 0 0 1
2  265 27 0 0 1
0

0101000
+269 0 -450 0 *
Ve
5.000001e-06
26.8722029716667 -13.46 65.6666666666667
0 0

0101101
*
Ed
 1e-07 1 1 0
1  117 0 0.705194683001296 0.961471740974995
2  266 27 0 0.705194683001296 0.961471740974995
2  267 35 0 0.705194683001296 0.961471740974995
4 C0 27 0 35 0
0

0101000
+267 0 -269 0 *
Ve
5.000001e-06
23.9277970283324 -13.46 65.6666666666667
0 0

0101101
*
Ed
 5e-06 1 1 0
1  118 0 0 1
2  268 28 0 0 1
2  269 27 0 0 1
0

0101000
+265 0 -267 0 *
Ve
5.000001e-06
14.1722029716676 -13.46 65.6666666666666
0 0

0101101
*
Ed
 1e-07 1 1 0
1  117 0 0.371861349667984 0.628138650332017
2  266 27 0 0.371861349667984 0.628138650332017
2  267 35 0 0.371861349667984 0.628138650332017
4 C0 27 0 35 0
0

0101000
+263 0 -265 0 *
Ve
5.000001e-06
11.2277970283332 -13.46 65.6666666666667
0 0

0101101
*
Ed
 5e-06 1 1 0
1  119 0 0 1
2  270 28 0 0 1
2  271 27 0 0 1
0

0101000
+261 0 -263 0 *
Ve
5.000001e-06
1.47221177196828 -13.459999999988 65.6666666666028
0 0

0101101
*
Ed
 1e-07 1 1 0
1  117 0 0.0385282590247174 0.294805316998704
2  266 27 0 0.0385282590247174 0.294805316998704
2  267 35 0 0.0385282590247174 0.294805316998704
4 C0 27 0 35 0
0

0101000
+259 0 -261 0 *
Ed
 5e-06 1 1 0
1  120 0 0 1
2  272 28 0 0 1
2  273 27 0 0 1
0

0101000
+404 0 -259 0 *
Wi

0101100
-272 0 -449 0 +268 0 +266 0 +264 0 +262 0 +260 0 +258 0 +257 0 +403 0 
*
Fa
0  1e-07 27 0

0101000
+256 0 *
Ve
5.000001e-06
36.1572694171468 -13.9855851652092 68.4697875477826
0 0

0101101
*
Ed
 1e-07 1 1 0
1  121 0 36.1572694171468 38.1
2  274 29 0 36.1572694171468 38.1
2  275 28 0 36.1572694171468 38.1
4 G1 29 0 28 0
0

0101000
+254 0 -448 0 *
Ve
5.000001e-06
34.8275597791568 -13.8225000000007 67.6000000000036
0 0

0101101
*
Ed
 5e-06 1 1 0
1  122 0 0 1
2  276 28 0 0 1
2  277 36 0 0 1
0

0101000
+252 0 -254 0 *
Ve
5.100001e-06
34.6635756683907 -13.8005230992814 67.4827898628342
0 0

0101101
*
Ed
 5e-06 1 1 0
1  123 0 0 0.0357221843605283
2  278 28 0 0 0.0357221843605283
2  279 37 0 0 0.0357221843605283
0

0101000
+252 0 -250 0 *
Ve
5.000001e-06
35.1412429366082 -13.7099999999998 66.999999999999
0 0

0101101
*
Ed
 5e-06 1 1 0
1  124 0 0.276429317739793 1
2  280 28 0 0.276429317739793 1
2  281 38 0 0.276429317739793 1
0

0101000
+250 0 -248 0 *
Ve
5.000001e-06
35.8154856581411 -13.5850000000008 66.3333333333378
0 0

0101101
*
Ed
 5e-06 1 1 0
1  125 0 0 1
2  282 28 0 0 1
2  283 39 0 0 1
0

0101000
+248 0 -246 0 *
Ed
 5e-06 1 1 0
1  126 0 0 1
2  284 28 0 0 1
2  285 35 0 0 1
0

0101000
+246 0 -269 0 *
Wi

0101100
+447 0 +253 0 +251 0 -249 0 -247 0 -245 0 -244 0 -268 0 *
Fa
0  1e-07 28 0

0101000
+243 0 *
Ve
5.000001e-06
36.7383588903001 -14.1183333333722 68.7578526786883
0 0

0101101
*
Ed
 5e-06 1 1 0
1  127 0 0 1
2  286 29 0 0 1
2  287 36 0 0 1
0

0101000
+241 0 -254 0 *
Ve
5.000001e-06
37.3677822640659 -14.4141666666711 68.9650447480601
0 0

0101101
*
Ed
 5e-06 1 1 0
1  128 0 0 1
2  288 29 0 0 1
2  289 40 0 0 1
0

0101000
+241 0 -239 0 *
Ed
 5e-06 1 1 0
1  129 0 0 1
2  290 29 0 0 1
2  291 32 0 0 1
0

0101000
+239 0 -322 0 *
Wi

0101100
-320 0 -445 0 +253 0 +240 0 -238 0 -237 0 *
Fa
0  1e-07 29 0

0101000
+236 0 *
Ve
5.000001e-06
2.28451434182674 -13.5850000000038 66.3333333333537
0 0

0101101
*
Ed
 5e-06 1 1 0
1  130 0 0 1
2  292 28 0 0 1
2  293 35 0 0 1
0

0101000
+234 0 -259 0 *
Ve
5.000001e-06
2.9587570633962 -13.7099999999955 66.9999999999758
0 0

0101101
*
Ed
 5e-06 1 1 0
1  131 0 0 1
2  294 28 0 0 1
2  295 39 0 0 1
0

0101000
+232 0 -234 0 *
Ve
5.100001e-06
3.43642433273233 -13.8005230994955 67.4827898639759
0 0

0101101
*
Ed
 5e-06 1 1 0
1  132 0 0.276429316041123 1
2  296 28 0 0.276429316041123 1
2  297 38 0 0.276429316041123 1
0

0101000
+230 0 -232 0 *
Ve
5.000001e-06
3.27244022085005 -13.8225000000001 67.6000000000008
0 0

0101101
*
Ed
 5e-06 1 1 0
1  133 0 0.97001650932911 1
2  298 28 0 0.97001650932911 1
2  299 37 0 0.97001650932911 1
0

0101000
+230 0 -228 0 *
Ve
5.000001e-06
1.94273058288211 -13.9855851652092 68.4697875477826
0 0

0101101
*
Ed
 5e-06 1 1 0
1  134 0 0 1
2  300 28 0 0 1
2  301 36 0 0 1
0

0101000
+226 0 -228 0 *
Ed
 1e-07 1 1 0
1  121 0 -0 1.94273058288211
2  274 29 0 -0 1.94273058288211
2  275 28 0 -0 1.94273058288211
4 G1 29 0 28 0
0

0101000
+402 0 -226 0 *
Wi

0101100
-401 0 -257 0 +233 0 +231 0 +229 0 -227 0 +225 0 +224 0 *
Fa
0  1e-07 28 0

0101000
+223 0 *
Ve
5.000001e-06
0.732217736560478 -14.4141666667096 68.9650447480732
0 0

0101101
*
Ed
 5e-06 1 1 0
1  135 0 0 1
2  302 29 0 0 1
2  303 32 0 0 1
0

0101000
+221 0 -385 0 *
Ve
5.000001e-06
1.36164110993243 -14.1183333333044 68.7578526786041
0 0

0101101
*
Ed
 5e-06 1 1 0
1  136 0 0 1
2  304 29 0 0 1
2  305 40 0 0 1
0

0101000
+219 0 -221 0 *
Ed
 5e-06 1 1 0
1  137 0 0 1
2  306 29 0 0 1
2  307 36 0 0 1
0

0101000
+226 0 -219 0 *
Wi

0101100
-384 0 +220 0 +218 0 +217 0 +224 0 +399 0 *
Fa
0  1e-07 29 0

0101000
+216 0 *
Ed
 1e-07 1 1 0
1  138 0 0.0133937910347694 0.319991735689302
2  308 31 0 0.0133937910347694 0.319991735689302
2  309 33 0 0.0133937910347694 0.319991735689302
4 C0 31 0 33 0
0

0101000
+381 0 -366 0 *
Wi

0101100
-389 0 +365 0 +214 0 -379 0 *
Fa
0  1e-07 31 0

0101000
+213 0 *
Ed
 1e-07 1 1 0
1  139 0 0.0134418308705412 0.319943072219803
2  310 33 0 0.0134418308705412 0.319943072219803
2  311 32 0 0.0134418308705412 0.319943072219803
4 C0 33 0 32 0
0

0101000
+383 0 -364 0 *
Ve
5.000001e-06
11.9681284601698 -14.4141666666667 68.9650447480586
0 0

0101101
*
Ed
 5e-06 1 1 0
1  140 0 0 1
2  312 29 0 0 1
2  313 32 0 0 1
0

0101000
+210 0 -362 0 *
Ed
 1e-07 1 1 0
1  141 0 0.01754083763608 0.315802133921347
2  314 32 0 0.01754083763608 0.315802133921347
2  315 40 0 0.01754083763608 0.315802133921347
4 C0 32 0 40 0
0

0101000
+221 0 -210 0 *
Wi

0101100
-211 0 +361 0 +209 0 +208 0 -220 0 -382 0 *
Fa
0  1e-07 32 0

0101000
+207 0 *
Wi

0101100
-214 0 +363 0 +211 0 -380 0 *
Fa
0  1e-07 33 0

0101000
+205 0 *
Ed
 1e-07 1 1 0
1  138 0 0.346674930977621 0.653325069022379
2  308 31 0 0.346674930977621 0.653325069022379
2  309 33 0 0.346674930977621 0.653325069022379
4 C0 31 0 33 0
0

0101000
+356 0 -341 0 *
Wi

0101100
-370 0 +340 0 +203 0 -354 0 *
Fa
0  1e-07 31 0

0101000
+202 0 *
Ve
5.000001e-06
13.4318715398337 -14.4141666666667 68.9650447480586
0 0

0101101
*
Ed
 5e-06 1 1 0
1  142 0 0 1
2  316 29 0 0 1
2  317 32 0 0 1
0

0101000
+200 0 -360 0 *
Ve
5.000001e-06
14.0618528106288 -14.1183333333333 68.75785267864
0 0

0101101
*
Ed
 5e-06 1 1 0
1  143 0 0 1
2  318 29 0 0 1
2  319 40 0 0 1
0

0101000
+198 0 -200 0 *
Ve
5.000001e-06
14.6426580295061 -13.9855851652092 68.4697875477826
0 0

0101101
*
Ed
 5e-06 1 1 0
1  144 0 0 1
2  320 29 0 0 1
2  321 36 0 0 1
0

0101000
+196 0 -198 0 *
Ve
5.000001e-06
10.7573419705512 -13.9855851652092 68.4697875477826
0 0

0101101
*
Ed
 1e-07 1 1 0
1  121 0 10.7573419705512 14.6426580295061
2  274 29 0 10.7573419705512 14.6426580295061
2  275 28 0 10.7573419705512 14.6426580295061
4 G1 29 0 28 0
0

0101000
+194 0 -196 0 *
Ve
5.000001e-06
11.3381471893517 -14.1183333333333 68.75785267864
0 0

0101101
*
Ed
 5e-06 1 1 0
1  145 0 0 1
2  322 29 0 0 1
2  323 36 0 0 1
0

0101000
+192 0 -194 0 *
Ed
 5e-06 1 1 0
1  146 0 0 1
2  324 29 0 0 1
2  325 40 0 0 1
0

0101000
+192 0 -210 0 *
Wi

0101100
-359 0 +199 0 +197 0 +195 0 +193 0 +191 0 -190 0 -209 0 *
Fa
0  1e-07 29 0

0101000
+189 0 *
Ed
 1e-07 1 1 0
1  139 0 0.346723594447117 0.653276405552878
2  310 33 0 0.346723594447117 0.653276405552878
2  311 32 0 0.346723594447117 0.653276405552878
4 C0 33 0 32 0
0

0101000
+358 0 -339 0 *
Ve
5.000001e-06
24.6681284601662 -14.4141666666667 68.9650447480586
0 0

0101101
*
Ed
 5e-06 1 1 0
1  147 0 0 1
2  326 29 0 0 1
2  327 32 0 0 1
0

0101000
+186 0 -337 0 *
Ed
 1e-07 1 1 0
1  141 0 0.350864532745398 0.649135467254601
2  314 32 0 0.350864532745398 0.649135467254601
2  315 40 0 0.350864532745398 0.649135467254601
4 C0 32 0 40 0
0

0101000
+200 0 -186 0 *
Wi

0101100
-187 0 +336 0 +185 0 +184 0 -199 0 -357 0 *
Fa
0  1e-07 32 0

0101000
+183 0 *
Wi

0101100
-203 0 +338 0 +187 0 -355 0 *
Fa
0  1e-07 33 0

0101000
+181 0 *
Ed
 1e-07 1 1 0
1  138 0 0.680008264310702 0.986606209045246
2  308 31 0 0.680008264310702 0.986606209045246
2  309 33 0 0.680008264310702 0.986606209045246
4 C0 31 0 33 0
0

0101000
+331 0 -326 0 *
Wi

0101100
-345 0 +325 0 +179 0 -329 0 *
Fa
0  1e-07 31 0

0101000
+178 0 *
Ve
5.000001e-06
26.1318715398303 -14.4141666666667 68.9650447480586
0 0

0101101
*
Ed
 5e-06 1 1 0
1  148 0 0 1
2  328 29 0 0 1
2  329 32 0 0 1
0

0101000
+176 0 -335 0 *
Ve
5.000001e-06
26.7618528106483 -14.1183333333333 68.75785267864
0 0

0101101
*
Ed
 5e-06 1 1 0
1  149 0 0 1
2  330 29 0 0 1
2  331 40 0 0 1
0

0101000
+174 0 -176 0 *
Ve
5.000001e-06
27.3426580294489 -13.9855851652092 68.4697875477826
0 0

0101101
*
Ed
 5e-06 1 1 0
1  150 0 0 1
2  332 29 0 0 1
2  333 36 0 0 1
0

0101000
+172 0 -174 0 *
Ve
5.000001e-06
23.4573419704938 -13.9855851652092 68.4697875477826
0 0

0101101
*
Ed
 1e-07 1 1 0
1  121 0 23.4573419704938 27.3426580294489
2  274 29 0 23.4573419704938 27.3426580294489
2  275 28 0 23.4573419704938 27.3426580294489
4 G1 29 0 28 0
0

0101000
+170 0 -172 0 *
Ve
5.000001e-06
24.0381471893711 -14.1183333333333 68.75785267864
0 0

0101101
*
Ed
 5e-06 1 1 0
1  151 0 0 1
2  334 29 0 0 1
2  335 36 0 0 1
0

0101000
+168 0 -170 0 *
Ed
 5e-06 1 1 0
1  152 0 0 1
2  336 29 0 0 1
2  337 40 0 0 1
0

0101000
+168 0 -186 0 *
Wi

0101100
-334 0 +175 0 +173 0 +171 0 +169 0 +167 0 -166 0 -185 0 *
Fa
0  1e-07 29 0

0101000
+165 0 *
Ed
 1e-07 1 1 0
1  139 0 0.6800569277802 0.986558169103678
2  310 33 0 0.6800569277802 0.986558169103678
2  311 32 0 0.6800569277802 0.986558169103678
4 C0 33 0 32 0
0

0101000
+333 0 -324 0 *
Ed
 1e-07 1 1 0
1  141 0 0.684197866078655 0.982459162377366
2  314 32 0 0.684197866078655 0.982459162377366
2  315 40 0 0.684197866078655 0.982459162377366
4 C0 32 0 40 0
0

0101000
+176 0 -239 0 *
Wi

0101100
-163 0 +321 0 +237 0 +162 0 -175 0 -332 0 *
Fa
0  1e-07 32 0

0101000
+161 0 *
Wi

0101100
-179 0 +323 0 +163 0 -330 0 *
Fa
0  1e-07 33 0

0101000
+159 0 *
Ve
5.000001e-06
27.6845157486937 -13.585 66.3333333333333
0 0

0101101
*
Ed
 1e-07 1 1 0
1  153 0 0.726540449194363 0.940126257123695
2  338 35 0 0.726540449194363 0.940126257123695
2  339 39 0 0.726540449194363 0.940126257123695
4 C0 35 0 39 0
0

0101000
+157 0 -246 0 *
Ed
 5e-06 1 1 0
1  154 0 0 1
2  340 28 0 0 1
2  341 35 0 0 1
0

0101000
+157 0 -267 0 *
Wi

0101100
-266 0 +244 0 +156 0 -155 0 *
Fa
0  1e-07 35 0

0101000
+154 0 *
Ve
5.100001e-06
28.8364228276138 -13.8005227402873 67.4827879481991
0 0

0101101
*
Ve
5.000001e-06
28.6724377845367 -13.8225 67.6
0 0

0101101
*
Ed
 5e-06 1 1 0
1  123 0 0.974732011050727 1
2  278 28 0 0.974732011050727 1
2  279 37 0 0.974732011050727 1
0

0101000
+152 0 -151 0 *
Ed
 5e-06 1 1 0
1  155 0 0 1
2  342 28 0 0 1
2  343 36 0 0 1
0

0101000
+172 0 -151 0 *
Ve
5.000001e-06
22.1275622152651 -13.8225 67.6
0 0

0101101
*
Ed
 5e-06 1 1 0
1  156 0 0 1
2  344 28 0 0 1
2  345 36 0 0 1
0

0101000
+148 0 -170 0 *
Ve
5.100001e-06
21.9635771721715 -13.8005227403336 67.4827879484458
0 0

0101101
*
Ed
 5e-06 1 1 0
1  157 0 0 0.0299815493123047
2  346 28 0 0 0.0299815493123047
2  347 37 0 0 0.0299815493123047
0

0101000
+148 0 -146 0 *
Ve
5.000001e-06
22.4412437629974 -13.71 67
0 0

0101101
*
Ed
 5e-06 1 1 0
1  158 0 0.276432060393081 1
2  348 28 0 0.276432060393081 1
2  349 38 0 0.276432060393081 1
0

0101000
+146 0 -144 0 *
Ve
5.000001e-06
23.1154842513084 -13.585 66.3333333333333
0 0

0101101
*
Ed
 5e-06 1 1 0
1  159 0 0 1
2  350 28 0 0 1
2  351 39 0 0 1
0

0101000
+144 0 -142 0 *
Ed
 5e-06 1 1 0
1  160 0 0 1
2  352 28 0 0 1
2  353 35 0 0 1
0

0101000
+142 0 -265 0 *
Ve
5.000001e-06
28.358756236991 -13.71 67
0 0

0101101
*
Ed
 5e-06 1 1 0
1  161 0 0 1
2  354 28 0 0 1
2  355 39 0 0 1
0

0101000
+139 0 -157 0 *
Ed
 5e-06 1 1 0
1  162 0 0.276432060763265 1
2  356 28 0 0.276432060763265 1
2  357 38 0 0.276432060763265 1
0

0101000
+152 0 -139 0 *
Wi

0101100
-150 0 +149 0 +169 0 +147 0 -145 0 -143 0 -141 0 -140 0 -264 0 +155 0 
+138 0 +137 0 *
Fa
0  1e-07 28 0

0101000
+136 0 *
Ve
5.000001e-06
14.9845157486916 -13.585 66.3333333333333
0 0

0101101
*
Ed
 1e-07 1 1 0
1  153 0 0.393207115860979 0.606792884139021
2  338 35 0 0.393207115860979 0.606792884139021
2  339 39 0 0.393207115860979 0.606792884139021
4 C0 35 0 39 0
0

0101000
+134 0 -142 0 *
Ed
 5e-06 1 1 0
1  163 0 0 1
2  358 28 0 0 1
2  359 35 0 0 1
0

0101000
+134 0 -263 0 *
Wi

0101100
-262 0 +140 0 +133 0 -132 0 *
Fa
0  1e-07 35 0

0101000
+131 0 *
Ve
5.100001e-06
9.26357717239474 -13.8005227402857 67.4827879481905
0 0

0101101
*
Ve
5.000001e-06
9.74124376300907 -13.71 67
0 0

0101101
*
Ed
 5e-06 1 1 0
1  164 0 0.276432060776176 1
2  360 28 0 0.276432060776176 1
2  361 38 0 0.276432060776176 1
0

0101000
+129 0 -128 0 *
Ve
5.000001e-06
10.4154842513063 -13.585 66.3333333333333
0 0

0101101
*
Ed
 5e-06 1 1 0
1  165 0 0 1
2  362 28 0 0 1
2  363 39 0 0 1
0

0101000
+128 0 -126 0 *
Ed
 5e-06 1 1 0
1  166 0 0 1
2  364 28 0 0 1
2  365 35 0 0 1
0

0101000
+126 0 -261 0 *
Ve
5.000001e-06
15.6587562370026 -13.71 67
0 0

0101101
*
Ed
 5e-06 1 1 0
1  167 0 0 1
2  366 28 0 0 1
2  367 39 0 0 1
0

0101000
+123 0 -134 0 *
Ve
5.100001e-06
16.1364228278371 -13.8005227403352 67.4827879484544
0 0

0101101
*
Ed
 5e-06 1 1 0
1  168 0 0.276432060380101 1
2  368 28 0 0.276432060380101 1
2  369 38 0 0.276432060380101 1
0

0101000
+121 0 -123 0 *
Ve
5.000001e-06
15.9724377847349 -13.8225 67.6
0 0

0101101
*
Ed
 5e-06 1 1 0
1  157 0 0.970016211094655 1
2  346 28 0 0.970016211094655 1
2  347 37 0 0.970016211094655 1
0

0101000
+121 0 -119 0 *
Ed
 5e-06 1 1 0
1  169 0 0 1
2  370 28 0 0 1
2  371 36 0 0 1
0

0101000
+196 0 -119 0 *
Ve
5.000001e-06
9.42756221546331 -13.8225 67.6
0 0

0101101
*
Ed
 5e-06 1 1 0
1  170 0 0 1
2  372 28 0 0 1
2  373 36 0 0 1
0

0101000
+116 0 -194 0 *
Ed
 5e-06 1 1 0
1  133 0 0 0.0299815571028603
2  298 28 0 0 0.0299815571028603
2  299 37 0 0 0.0299815571028603
0

0101000
+116 0 -129 0 *
Wi

0101100
-127 0 -125 0 -124 0 -260 0 +132 0 +122 0 +120 0 -118 0 +117 0 +193 0 
+115 0 -114 0 *
Fa
0  1e-07 28 0

0101000
+113 0 *
Ed
 1e-07 1 1 0
1  153 0 0.0598737428758228 0.273459550805636
2  338 35 0 0.0598737428758228 0.273459550805636
2  339 39 0 0.0598737428758228 0.273459550805636
4 C0 35 0 39 0
0

0101000
+234 0 -126 0 *
Wi

0101100
-258 0 +124 0 +111 0 -233 0 *
Fa
0  1e-07 35 0

0101000
+110 0 *
Ve
5.000001e-06
32.2223784549899 -14.1183333333334 66.4125726502637
0 0

0101101
*
Ed
 1e-07 1 1 0
1  171 0 0.844589914189494 0.966696846372271
2  374 40 0 0.844589914189494 0.966696846372271
2  375 36 0 0.844589914189494 0.966696846372271
4 C0 40 0 36 0
0

0101000
+108 0 -241 0 *
Ve
5.000001e-06
34.5464144518405 -13.8225000000011 67.409055752523
0 0

0101101
*
Ed
 1e-07 1 1 0
1  172 0 0.905840237447833 0.913875389418545
2  376 36 0 0.905840237447833 0.913875389418545
2  377 37 0 0.905840237447833 0.913875389418545
4 C0 36 0 37 0
0

0101000
+106 0 -252 0 *
Ve
5.000001e-06
33.860777593788 -13.9439574674819 66.9999999999999
0 0

0101101
*
Ed
 5e-06 1 1 0
1  173 0 0 1
2  378 36 0 0 1
2  379 38 0 0 1
0

0101000
+106 0 -104 0 *
Ed
 5e-06 1 1 0
1  174 0 0 1
2  380 36 0 0 1
2  381 39 0 0 1
0

0101000
+104 0 -108 0 *
Wi

0101100
-107 0 -240 0 +251 0 +105 0 -103 0 -102 0 *
Fa
0  1e-07 36 0

0101000
+101 0 *
Ed
 5e-06 1 1 0
1  175 0 0.585673267598732 1
2  382 37 0 0.585673267598732 1
2  383 38 0 0.585673267598732 1
0

0101000
+250 0 -106 0 *
Wi

0101100
-249 0 -99 0 -105 0 *
Fa
0  1e-07 37 0

0101000
+98 0 *
Ed
 1e-07 1 1 0
1  176 0 0.888636082576476 0.922366307999596
2  384 39 0 0.888636082576476 0.922366307999596
2  385 38 0 0.888636082576476 0.922366307999596
4 C0 39 0 38 0
0

0101000
+104 0 -248 0 *
Wi

0101100
+247 0 -99 0 -103 0 -96 0 *
Fa
0  1e-07 38 0

0101000
+95 0 *
Ve
5.000001e-06
31.2776214819327 -14.1183333333333 66.4125727335436
0 0

0101101
*
Ed
 5e-06 1 1 0
1  177 0 0 1
2  386 40 0 0 1
2  387 39 0 0 1
0

0101000
+108 0 -93 0 *
Ve
5.000001e-06
29.6392238016417 -13.9439577171908 67
0 0

0101101
*
Ed
 5e-06 1 1 0
1  178 0 0 1
2  388 36 0 0 1
2  389 39 0 0 1
0

0101000
+93 0 -91 0 *
Ed
 1e-07 1 1 0
1  176 0 0.744300335175408 0.778030620570673
2  384 39 0 0.744300335175408 0.778030620570673
2  385 38 0 0.744300335175408 0.778030620570673
4 C0 39 0 38 0
0

0101000
+139 0 -91 0 *
Wi

0101100
-156 0 +245 0 +96 0 -102 0 -92 0 -90 0 +89 0 -138 0 *
Fa
0  1e-07 39 0

0101000
+88 0 *
Ed
 1e-07 1 1 0
1  171 0 0.699976805026208 0.822076751598267
2  374 40 0 0.699976805026208 0.822076751598267
2  375 36 0 0.699976805026208 0.822076751598267
4 C0 40 0 36 0
0

0101000
+174 0 -93 0 *
Wi

0101100
-162 0 +238 0 +107 0 -92 0 +86 0 -173 0 *
Fa
0  1e-07 40 0

0101000
+85 0 *
Ve
5.000001e-06
8.4607761983584 -13.9439577171907 67
0 0

0101101
*
Ed
 1e-07 1 1 0
1  176 0 0.22196937942933 0.255699664824593
2  384 39 0 0.22196937942933 0.255699664824593
2  385 38 0 0.22196937942933 0.255699664824593
4 C0 39 0 38 0
0

0101000
+83 0 -128 0 *
Ve
5.000001e-06
6.82237851806741 -14.1183333333333 66.4125727335436
0 0

0101101
*
Ed
 5e-06 1 1 0
1  179 0 0 1
2  390 36 0 0 1
2  391 39 0 0 1
0

0101000
+83 0 -81 0 *
Ve
5.000001e-06
5.87762154501001 -14.1183333333333 66.4125726502638
0 0

0101101
*
Ed
 5e-06 1 1 0
1  180 0 0 1
2  392 40 0 0 1
2  393 39 0 0 1
0

0101000
+81 0 -79 0 *
Ve
5.000001e-06
4.23922240621655 -13.943957467482 66.9999999999968
0 0

0101101
*
Ed
 5e-06 1 1 0
1  181 0 0 1
2  394 36 0 0 1
2  395 39 0 0 1
0

0101000
+79 0 -77 0 *
Ed
 1e-07 1 1 0
1  176 0 0.0776336920002911 0.111363917423617
2  384 39 0 0.0776336920002911 0.111363917423617
2  385 38 0 0.0776336920002911 0.111363917423617
4 C0 39 0 38 0
0

0101000
+232 0 -77 0 *
Wi

0101100
-111 0 +125 0 +82 0 -80 0 -78 0 -76 0 +75 0 -231 0 *
Fa
0  1e-07 39 0

0101000
+74 0 *
Ve
5.000001e-06
3.55358554814208 -13.8225000000003 67.4090557525378
0 0

0101101
*
Ed
 5e-06 1 1 0
1  182 0 0 1
2  396 36 0 0 1
2  397 38 0 0 1
0

0101000
+77 0 -72 0 *
Ed
 5e-06 1 1 0
1  183 0 0 0.414326731157252
2  398 37 0 0 0.414326731157252
2  399 38 0 0 0.414326731157252
0

0101000
+72 0 -230 0 *
Wi

0101100
-75 0 -71 0 -70 0 -229 0 *
Fa
0  1e-07 38 0

0101000
+69 0 *
Ed
 1e-07 1 1 0
1  172 0 0.086124610581596 0.0941597625515785
2  376 36 0 0.086124610581596 0.0941597625515785
2  377 37 0 0.086124610581596 0.0941597625515785
4 C0 36 0 37 0
0

0101000
+228 0 -72 0 *
Wi

0101100
-67 0 -70 0 -227 0 *
Fa
0  1e-07 37 0

0101000
+66 0 *
Ed
 1e-07 1 1 0
1  171 0 0.0333031536360335 0.155410085810505
2  374 40 0 0.0333031536360335 0.155410085810505
2  375 36 0 0.0333031536360335 0.155410085810505
4 C0 40 0 36 0
0

0101000
+219 0 -79 0 *
Wi

0101100
-64 0 -76 0 -71 0 +67 0 +225 0 -217 0 *
Fa
0  1e-07 36 0

0101000
+63 0 *
Ed
 1e-07 1 1 0
1  171 0 0.177923248401734 0.300023194973792
2  374 40 0 0.177923248401734 0.300023194973792
2  375 36 0 0.177923248401734 0.300023194973792
4 C0 40 0 36 0
0

0101000
+81 0 -192 0 *
Wi

0101100
-208 0 +190 0 +61 0 -78 0 +64 0 -218 0 *
Fa
0  1e-07 40 0

0101000
+60 0 *
Ve
5.000001e-06
19.5223785061621 -14.1183333333333 66.4125727166302
0 0

0101101
*
Ed
 1e-07 1 1 0
1  171 0 0.511256581271125 0.633356528307538
2  374 40 0 0.511256581271125 0.633356528307538
2  375 36 0 0.511256581271125 0.633356528307538
4 C0 40 0 36 0
0

0101000
+58 0 -168 0 *
Ve
5.000001e-06
18.5776214938379 -14.1183333333333 66.4125727166303
0 0

0101101
*
Ed
 5e-06 1 1 0
1  184 0 0 1
2  400 40 0 0 1
2  401 39 0 0 1
0

0101000
+58 0 -56 0 *
Ed
 1e-07 1 1 0
1  171 0 0.366643471692462 0.488743418728875
2  374 40 0 0.366643471692462 0.488743418728875
2  375 36 0 0.366643471692462 0.488743418728875
4 C0 40 0 36 0
0

0101000
+198 0 -56 0 *
Wi

0101100
-184 0 +166 0 +57 0 -55 0 +54 0 -197 0 *
Fa
0  1e-07 40 0

0101000
+53 0 *
Ve
5.000001e-06
16.939223799088 -13.9439577167492 67
0 0

0101101
*
Ed
 5e-06 1 1 0
1  185 0 0 1
2  402 36 0 0 1
2  403 39 0 0 1
0

0101000
+56 0 -51 0 *
Ve
5.000001e-06
16.2535859408931 -13.8225 67.4090527384504
0 0

0101101
*
Ed
 5e-06 1 1 0
1  186 0 0 1
2  404 36 0 0 1
2  405 38 0 0 1
0

0101000
+51 0 -49 0 *
Ed
 1e-07 1 1 0
1  172 0 0.419457836343904 0.427493045537841
2  376 36 0 0.419457836343904 0.427493045537841
2  377 37 0 0.419457836343904 0.427493045537841
4 C0 36 0 37 0
0

0101000
+119 0 -49 0 *
Wi

0101100
-54 0 -50 0 -48 0 +47 0 +117 0 -195 0 *
Fa
0  1e-07 36 0

0101000
+46 0 *
Ve
5.000001e-06
9.14641405906418 -13.8225 67.4090527378848
0 0

0101101
*
Ed
 1e-07 1 1 0
1  172 0 0.239173621121766 0.247208830326964
2  376 36 0 0.239173621121766 0.247208830326964
2  377 37 0 0.239173621121766 0.247208830326964
4 C0 36 0 37 0
0

0101000
+44 0 -116 0 *
Ed
 5e-06 1 1 0
1  187 0 0 1
2  406 36 0 0 1
2  407 38 0 0 1
0

0101000
+44 0 -83 0 *
Wi

0101100
-61 0 -191 0 +115 0 +43 0 -42 0 -80 0 *
Fa
0  1e-07 36 0

0101000
+41 0 *
Ve
5.000001e-06
28.9535859409358 -13.8225 67.4090527378848
0 0

0101101
*
Ed
 5e-06 1 1 0
1  188 0 0 1
2  408 36 0 0 1
2  409 38 0 0 1
0

0101000
+91 0 -39 0 *
Ed
 1e-07 1 1 0
1  172 0 0.752791169673036 0.760826378878234
2  376 36 0 0.752791169673036 0.760826378878234
2  377 37 0 0.752791169673036 0.760826378878234
4 C0 36 0 37 0
0

0101000
+151 0 -39 0 *
Wi

0101100
-86 0 -90 0 -38 0 +37 0 +149 0 -171 0 *
Fa
0  1e-07 36 0

0101000
+36 0 *
Ve
5.000001e-06
21.8464140591069 -13.8225 67.4090527384504
0 0

0101101
*
Ed
 1e-07 1 1 0
1  172 0 0.572506954462159 0.580542163656096
2  376 36 0 0.572506954462159 0.580542163656096
2  377 37 0 0.572506954462159 0.580542163656096
4 C0 36 0 37 0
0

0101000
+34 0 -148 0 *
Ve
5.000001e-06
21.160776200912 -13.9439577167492 67
0 0

0101101
*
Ed
 5e-06 1 1 0
1  189 0 0 1
2  410 36 0 0 1
2  411 38 0 0 1
0

0101000
+34 0 -32 0 *
Ed
 5e-06 1 1 0
1  190 0 0 1
2  412 36 0 0 1
2  413 39 0 0 1
0

0101000
+32 0 -58 0 *
Wi

0101100
-57 0 -167 0 +147 0 +33 0 -31 0 -30 0 *
Fa
0  1e-07 36 0

0101000
+29 0 *
Ed
 5e-06 1 1 0
1  191 0 0 0.414327843580021
2  414 37 0 0 0.414327843580021
2  415 38 0 0 0.414327843580021
0

0101000
+39 0 -152 0 *
Wi

0101100
-150 0 -37 0 -27 0 *
Fa
0  1e-07 37 0

0101000
+26 0 *
Ed
 5e-06 1 1 0
1  192 0 0.58567215680663 1
2  416 37 0 0.58567215680663 1
2  417 38 0 0.58567215680663 1
0

0101000
+146 0 -34 0 *
Wi

0101100
-33 0 -145 0 -24 0 *
Fa
0  1e-07 37 0

0101000
+23 0 *
Ed
 1e-07 1 1 0
1  176 0 0.555302712830038 0.589032998157639
2  384 39 0 0.555302712830038 0.589032998157639
2  385 38 0 0.555302712830038 0.589032998157639
4 C0 39 0 38 0
0

0101000
+32 0 -144 0 *
Wi

0101100
-21 0 +143 0 -24 0 -31 0 *
Fa
0  1e-07 38 0

0101000
+20 0 *
Ed
 1e-07 1 1 0
1  176 0 0.410967001842361 0.44469728716996
2  384 39 0 0.410967001842361 0.44469728716996
2  385 38 0 0.410967001842361 0.44469728716996
4 C0 39 0 38 0
0

0101000
+123 0 -51 0 *
Wi

0101100
-133 0 +141 0 +21 0 -30 0 -55 0 -50 0 +18 0 -122 0 *
Fa
0  1e-07 39 0

0101000
+17 0 *
Wi

0101100
-38 0 -27 0 -137 0 -89 0 *
Fa
0  1e-07 38 0

0101000
+15 0 *
Ed
 5e-06 1 1 0
1  193 0 0.585672156286486 1
2  418 37 0 0.585672156286486 1
2  419 38 0 0.585672156286486 1
0

0101000
+129 0 -44 0 *
Wi

0101100
-82 0 +127 0 -13 0 -42 0 *
Fa
0  1e-07 38 0

0101000
+12 0 *
Ed
 5e-06 1 1 0
1  194 0 0 0.414327843059803
2  420 37 0 0 0.414327843059803
2  421 38 0 0 0.414327843059803
0

0101000
+49 0 -121 0 *
Wi

0101100
-18 0 -48 0 -10 0 -120 0 *
Fa
0  1e-07 38 0

0101000
+9 0 *
Wi

0101100
-47 0 -10 0 -118 0 *
Fa
0  1e-07 37 0

0101000
+7 0 *
Wi

0101100
-43 0 -114 0 -13 0 *
Fa
0  1e-07 37 0

0101000
+5 0 *
Sh

0101100
+546 0 -535 0 -530 0 -517 0 -512 0 -499 0 -494 0 -485 0 -442 0 +437 0 
+396 0 -393 0 -386 0 +377 0 -374 0 -367 0 +352 0 -349 0 -342 0 +327 0 
+318 0 +315 0 +312 0 +309 0 +306 0 +303 0 +300 0 +297 0 +294 0 +291 0 
+288 0 +285 0 +282 0 +279 0 +276 0 +273 0 +270 0 +255 0 +242 0 -235 0 
+222 0 -215 0 -212 0 -206 0 -204 0 -201 0 -188 0 -182 0 -180 0 -177 0 
-164 0 -160 0 -158 0 +153 0 +135 0 +130 0 +112 0 +109 0 -100 0 -97 0 
+94 0 +87 0 -84 0 +73 0 +68 0 -65 0 -62 0 -59 0 -52 0 -45 0 
-40 0 -35 0 -28 0 -25 0 -22 0 +19 0 +16 0 +14 0 +11 0 +8 0 
-6 0 -4 0 *
So

0100000
+3 0 *
Co

1100000
+2 0 *

+1 0 