ISO-10303-21;
HEADER;
FILE_DESCRIPTION(('FreeCAD Model'),'2;1');
FILE_NAME('Open CASCADE Shape Model','2026-09-08T08:09:37',('FreeCAD'),(
    'FreeCAD'),'Open CASCADE STEP processor 7.8','FreeCAD','Unknown');
FILE_SCHEMA(('AUTOMOTIVE_DESIGN { 1 0 10303 214 1 1 1 1 }'));
ENDSEC;
DATA;
#1 = APPLICATION_PROTOCOL_DEFINITION('international standard',
  'automotive_design',2000,#2);
#2 = APPLICATION_CONTEXT(
  'core data for automotive mechanical design processes');
#3 = SHAPE_DEFINITION_REPRESENTATION(#4,#10);
#4 = PRODUCT_DEFINITION_SHAPE('','',#5);
#5 = PRODUCT_DEFINITION('design','',#6,#9);
#6 = PRODUCT_DEFINITION_FORMATION('','',#7);
#7 = PRODUCT('Open CASCADE STEP translator 7.8 67',
  'Open CASCADE STEP translator 7.8 67','',(#8));
#8 = PRODUCT_CONTEXT('',#2,'mechanical');
#9 = PRODUCT_DEFINITION_CONTEXT('part definition',#2,'design');
#10 = ADVANCED_BREP_SHAPE_REPRESENTATION('',(#11,#15),#4716);
#11 = AXIS2_PLACEMENT_3D('',#12,#13,#14);
#12 = CARTESIAN_POINT('',(0.,0.,0.));
#13 = DIRECTION('',(0.,0.,1.));
#14 = DIRECTION('',(1.,0.,-0.));
#15 = MANIFOLD_SOLID_BREP('',#16);
#16 = CLOSED_SHELL('',(#17,#57,#88,#269,#1294,#2265,#2282,#2306,#2323,
    #2347,#2371,#2395,#2412,#2436,#2460,#2484,#2508,#2525,#2556,#2580,
    #2598,#2629,#2653,#2671,#2690,#2707,#2724,#2741,#2758,#2777,#2794,
    #2811,#2828,#2861,#2885,#2909,#2935,#2957,#2974,#2991,#3003,#3025,
    #3042,#3059,#3071,#3093,#3110,#3127,#3139,#3161,#3178,#3195,#3212,
    #3229,#3246,#3263,#3275,#3297,#3314,#3331,#3348,#3365,#3382,#3399,
    #3411,#3433,#3450,#3467,#3479,#3501,#3518,#3535,#3547,#3569,#3586,
    #3598,#3620,#3637,#3654,#3666,#3688,#3705,#3722,#3739,#3756,#3773,
    #3790,#3802,#3824,#3841,#3858,#3870,#3892,#3909,#3926,#3938,#3960,
    #3977,#3994,#4006,#4028,#4045,#4062,#4074,#4096,#4113,#4130,#4142,
    #4164,#4181,#4198,#4215,#4232,#4249,#4266,#4278,#4300,#4317,#4334,
    #4351,#4368,#4385,#4402,#4414,#4436,#4453,#4470,#4482,#4504,#4521,
    #4538,#4550,#4572,#4589,#4606,#4618,#4640,#4657,#4674,#4686,#4703));
#17 = ADVANCED_FACE('',(#18),#52,.F.);
#18 = FACE_BOUND('',#19,.T.);
#19 = EDGE_LOOP('',(#20,#30,#38,#46));
#20 = ORIENTED_EDGE('',*,*,#21,.T.);
#21 = EDGE_CURVE('',#22,#24,#26,.T.);
#22 = VERTEX_POINT('',#23);
#23 = CARTESIAN_POINT('',(40.110606331155,27.382684269797,12.));
#24 = VERTEX_POINT('',#25);
#25 = CARTESIAN_POINT('',(40.110606331155,27.382684269797,0.));
#26 = LINE('',#27,#28);
#27 = CARTESIAN_POINT('',(40.110606331155,27.382684269797,12.));
#28 = VECTOR('',#29,1.);
#29 = DIRECTION('',(-7.850462293419E-17,-7.850462293419E-17,-1.));
#30 = ORIENTED_EDGE('',*,*,#31,.T.);
#31 = EDGE_CURVE('',#24,#32,#34,.T.);
#32 = VERTEX_POINT('',#33);
#33 = CARTESIAN_POINT('',(42.939033455901,27.382684269797,0.));
#34 = LINE('',#35,#36);
#35 = CARTESIAN_POINT('',(40.110606331155,27.382684269797,0.));
#36 = VECTOR('',#37,1.);
#37 = DIRECTION('',(1.,-2.43364331096E-32,-3.885046229342E-16));
#38 = ORIENTED_EDGE('',*,*,#39,.F.);
#39 = EDGE_CURVE('',#40,#32,#42,.T.);
#40 = VERTEX_POINT('',#41);
#41 = CARTESIAN_POINT('',(42.939033455901,27.382684269797,12.));
#42 = LINE('',#43,#44);
#43 = CARTESIAN_POINT('',(42.939033455901,27.382684269797,12.));
#44 = VECTOR('',#45,1.);
#45 = DIRECTION('',(-7.850462293419E-17,-7.850462293419E-17,-1.));
#46 = ORIENTED_EDGE('',*,*,#47,.F.);
#47 = EDGE_CURVE('',#22,#40,#48,.T.);
#48 = LINE('',#49,#50);
#49 = CARTESIAN_POINT('',(40.110606331155,27.382684269797,12.));
#50 = VECTOR('',#51,1.);
#51 = DIRECTION('',(1.,-2.43364331096E-32,-3.885046229342E-16));
#52 = PLANE('',#53);
#53 = AXIS2_PLACEMENT_3D('',#54,#55,#56);
#54 = CARTESIAN_POINT('',(40.110606331155,27.382684269797,12.));
#55 = DIRECTION('',(-1.110223024625E-16,1.,-7.850462293419E-17));
#56 = DIRECTION('',(-1.,-1.110223024625E-16,2.385046229342E-16));
#57 = ADVANCED_FACE('',(#58),#83,.F.);
#58 = FACE_BOUND('',#59,.T.);
#59 = EDGE_LOOP('',(#60,#70,#76,#77));
#60 = ORIENTED_EDGE('',*,*,#61,.T.);
#61 = EDGE_CURVE('',#62,#64,#66,.T.);
#62 = VERTEX_POINT('',#63);
#63 = CARTESIAN_POINT('',(16.068975770812,51.42431483014,12.));
#64 = VERTEX_POINT('',#65);
#65 = CARTESIAN_POINT('',(16.068975770812,51.42431483014,
    2.84217094304E-14));
#66 = LINE('',#67,#68);
#67 = CARTESIAN_POINT('',(16.068975770812,51.42431483014,12.));
#68 = VECTOR('',#69,1.);
#69 = DIRECTION('',(-7.850462293419E-17,-7.850462293419E-17,-1.));
#70 = ORIENTED_EDGE('',*,*,#71,.T.);
#71 = EDGE_CURVE('',#64,#24,#72,.T.);
#72 = LINE('',#73,#74);
#73 = CARTESIAN_POINT('',(16.068975770812,51.42431483014,
    2.84217094304E-14));
#74 = VECTOR('',#75,1.);
#75 = DIRECTION('',(0.707106781187,-0.707106781187,-8.9E-16));
#76 = ORIENTED_EDGE('',*,*,#21,.F.);
#77 = ORIENTED_EDGE('',*,*,#78,.F.);
#78 = EDGE_CURVE('',#62,#22,#79,.T.);
#79 = LINE('',#80,#81);
#80 = CARTESIAN_POINT('',(16.068975770812,51.42431483014,12.));
#81 = VECTOR('',#82,1.);
#82 = DIRECTION('',(0.707106781187,-0.707106781187,-8.9E-16));
#83 = PLANE('',#84);
#84 = AXIS2_PLACEMENT_3D('',#85,#86,#87);
#85 = CARTESIAN_POINT('',(16.068975770812,51.42431483014,12.));
#86 = DIRECTION('',(0.707106781187,0.707106781187,-1.110223024625E-16));
#87 = DIRECTION('',(-0.707106781187,0.707106781187,4.4E-16));
#88 = ADVANCED_FACE('',(#89,#210,#237),#264,.T.);
#89 = FACE_BOUND('',#90,.F.);
#90 = EDGE_LOOP('',(#91,#101,#109,#115,#116,#124,#132,#140,#148,#156,
    #164,#172,#180,#188,#196,#204));
#91 = ORIENTED_EDGE('',*,*,#92,.T.);
#92 = EDGE_CURVE('',#93,#95,#97,.T.);
#93 = VERTEX_POINT('',#94);
#94 = CARTESIAN_POINT('',(192.84567106744,177.28932188134,12.));
#95 = VERTEX_POINT('',#96);
#96 = CARTESIAN_POINT('',(248.,232.44365081389,12.));
#97 = LINE('',#98,#99);
#98 = CARTESIAN_POINT('',(42.939033455901,27.382684269797,12.));
#99 = VECTOR('',#100,1.);
#100 = DIRECTION('',(0.707106781187,0.707106781187,3.289776975375E-16));
#101 = ORIENTED_EDGE('',*,*,#102,.T.);
#102 = EDGE_CURVE('',#95,#103,#105,.T.);
#103 = VERTEX_POINT('',#104);
#104 = CARTESIAN_POINT('',(248.,232.44365081389,5.684341886081E-14));
#105 = LINE('',#106,#107);
#106 = CARTESIAN_POINT('',(248.,232.44365081389,12.));
#107 = VECTOR('',#108,1.);
#108 = DIRECTION('',(-7.850462293419E-17,-7.850462293419E-17,-1.));
#109 = ORIENTED_EDGE('',*,*,#110,.F.);
#110 = EDGE_CURVE('',#32,#103,#111,.T.);
#111 = LINE('',#112,#113);
#112 = CARTESIAN_POINT('',(42.939033455901,27.382684269797,0.));
#113 = VECTOR('',#114,1.);
#114 = DIRECTION('',(0.707106781187,0.707106781187,1.089776975375E-16));
#115 = ORIENTED_EDGE('',*,*,#39,.F.);
#116 = ORIENTED_EDGE('',*,*,#117,.T.);
#117 = EDGE_CURVE('',#40,#118,#120,.T.);
#118 = VERTEX_POINT('',#119);
#119 = CARTESIAN_POINT('',(44.353247018274,28.79689783217,12.));
#120 = LINE('',#121,#122);
#121 = CARTESIAN_POINT('',(42.939033455901,27.382684269797,12.));
#122 = VECTOR('',#123,1.);
#123 = DIRECTION('',(0.707106781187,0.707106781187,3.289776975375E-16));
#124 = ORIENTED_EDGE('',*,*,#125,.T.);
#125 = EDGE_CURVE('',#118,#126,#128,.T.);
#126 = VERTEX_POINT('',#127);
#127 = CARTESIAN_POINT('',(44.353247018274,28.79689783217,27.));
#128 = LINE('',#129,#130);
#129 = CARTESIAN_POINT('',(44.353247018274,28.79689783217,3.));
#130 = VECTOR('',#131,1.);
#131 = DIRECTION('',(7.850462293419E-17,7.850462293419E-17,1.));
#132 = ORIENTED_EDGE('',*,*,#133,.T.);
#133 = EDGE_CURVE('',#126,#134,#136,.T.);
#134 = VERTEX_POINT('',#135);
#135 = CARTESIAN_POINT('',(46.474567361834,30.91821817573,30.));
#136 = LINE('',#137,#138);
#137 = CARTESIAN_POINT('',(44.353247018274,28.79689783217,27.));
#138 = VECTOR('',#139,1.);
#139 = DIRECTION('',(0.5,0.5,0.707106781187));
#140 = ORIENTED_EDGE('',*,*,#141,.T.);
#141 = EDGE_CURVE('',#134,#142,#144,.T.);
#142 = VERTEX_POINT('',#143);
#143 = CARTESIAN_POINT('',(59.202489423192,43.646140237088,30.));
#144 = LINE('',#145,#146);
#145 = CARTESIAN_POINT('',(46.474567361834,30.91821817573,30.));
#146 = VECTOR('',#147,1.);
#147 = DIRECTION('',(0.707106781187,0.707106781187,-1.110223024625E-16)
  );
#148 = ORIENTED_EDGE('',*,*,#149,.T.);
#149 = EDGE_CURVE('',#142,#150,#152,.T.);
#150 = VERTEX_POINT('',#151);
#151 = CARTESIAN_POINT('',(61.323809766751,45.767460580647,27.));
#152 = LINE('',#153,#154);
#153 = CARTESIAN_POINT('',(59.202489423192,43.646140237088,30.));
#154 = VECTOR('',#155,1.);
#155 = DIRECTION('',(0.5,0.5,-0.707106781187));
#156 = ORIENTED_EDGE('',*,*,#157,.T.);
#157 = EDGE_CURVE('',#150,#158,#160,.T.);
#158 = VERTEX_POINT('',#159);
#159 = CARTESIAN_POINT('',(61.323809766751,45.767460580647,12.));
#160 = LINE('',#161,#162);
#161 = CARTESIAN_POINT('',(61.323809766751,45.767460580647,27.));
#162 = VECTOR('',#163,1.);
#163 = DIRECTION('',(-7.850462293419E-17,-7.850462293419E-17,-1.));
#164 = ORIENTED_EDGE('',*,*,#165,.T.);
#165 = EDGE_CURVE('',#158,#166,#168,.T.);
#166 = VERTEX_POINT('',#167);
#167 = CARTESIAN_POINT('',(175.87510831897,160.31875913286,12.));
#168 = LINE('',#169,#170);
#169 = CARTESIAN_POINT('',(42.939033455901,27.382684269797,12.));
#170 = VECTOR('',#171,1.);
#171 = DIRECTION('',(0.707106781187,0.707106781187,3.289776975375E-16));
#172 = ORIENTED_EDGE('',*,*,#173,.T.);
#173 = EDGE_CURVE('',#166,#174,#176,.T.);
#174 = VERTEX_POINT('',#175);
#175 = CARTESIAN_POINT('',(175.87510831897,160.31875913286,27.));
#176 = LINE('',#177,#178);
#177 = CARTESIAN_POINT('',(175.87510831897,160.31875913286,3.));
#178 = VECTOR('',#179,1.);
#179 = DIRECTION('',(7.850462293419E-17,7.850462293419E-17,1.));
#180 = ORIENTED_EDGE('',*,*,#181,.T.);
#181 = EDGE_CURVE('',#174,#182,#184,.T.);
#182 = VERTEX_POINT('',#183);
#183 = CARTESIAN_POINT('',(177.99642866253,162.44007947642,30.));
#184 = LINE('',#185,#186);
#185 = CARTESIAN_POINT('',(175.87510831897,160.31875913286,27.));
#186 = VECTOR('',#187,1.);
#187 = DIRECTION('',(0.5,0.5,0.707106781187));
#188 = ORIENTED_EDGE('',*,*,#189,.T.);
#189 = EDGE_CURVE('',#182,#190,#192,.T.);
#190 = VERTEX_POINT('',#191);
#191 = CARTESIAN_POINT('',(190.72435072389,175.16800153778,30.));
#192 = LINE('',#193,#194);
#193 = CARTESIAN_POINT('',(177.99642866253,162.44007947642,30.));
#194 = VECTOR('',#195,1.);
#195 = DIRECTION('',(0.707106781187,0.707106781187,-1.110223024625E-16)
  );
#196 = ORIENTED_EDGE('',*,*,#197,.T.);
#197 = EDGE_CURVE('',#190,#198,#200,.T.);
#198 = VERTEX_POINT('',#199);
#199 = CARTESIAN_POINT('',(192.84567106744,177.28932188134,27.));
#200 = LINE('',#201,#202);
#201 = CARTESIAN_POINT('',(190.72435072389,175.16800153778,30.));
#202 = VECTOR('',#203,1.);
#203 = DIRECTION('',(0.5,0.5,-0.707106781187));
#204 = ORIENTED_EDGE('',*,*,#205,.T.);
#205 = EDGE_CURVE('',#198,#93,#206,.T.);
#206 = LINE('',#207,#208);
#207 = CARTESIAN_POINT('',(192.84567106744,177.28932188134,27.));
#208 = VECTOR('',#209,1.);
#209 = DIRECTION('',(-7.850462293419E-17,-7.850462293419E-17,-1.));
#210 = FACE_BOUND('',#211,.F.);
#211 = EDGE_LOOP('',(#212,#222,#231));
#212 = ORIENTED_EDGE('',*,*,#213,.F.);
#213 = EDGE_CURVE('',#214,#216,#218,.T.);
#214 = VERTEX_POINT('',#215);
#215 = CARTESIAN_POINT('',(51.038528392513,35.482179206409,
    20.545584412272));
#216 = VERTEX_POINT('',#217);
#217 = CARTESIAN_POINT('',(52.838528392513,37.282179206409,
    23.091168824543));
#218 = LINE('',#219,#220);
#219 = CARTESIAN_POINT('',(72.789703046337,57.233353860233,
    51.306390605256));
#220 = VECTOR('',#221,1.);
#221 = DIRECTION('',(0.5,0.5,0.707106781187));
#222 = ORIENTED_EDGE('',*,*,#223,.T.);
#223 = EDGE_CURVE('',#214,#224,#226,.T.);
#224 = VERTEX_POINT('',#225);
#225 = CARTESIAN_POINT('',(54.638528392513,39.082179206409,
    20.545584412272));
#226 = CIRCLE('',#227,3.6);
#227 = AXIS2_PLACEMENT_3D('',#228,#229,#230);
#228 = CARTESIAN_POINT('',(52.838528392513,37.282179206409,18.));
#229 = DIRECTION('',(0.707106781187,-0.707106781187,-1.232595164408E-32)
  );
#230 = DIRECTION('',(-7.850462293419E-17,-7.850462293419E-17,-1.));
#231 = ORIENTED_EDGE('',*,*,#232,.F.);
#232 = EDGE_CURVE('',#216,#224,#233,.T.);
#233 = LINE('',#234,#235);
#234 = CARTESIAN_POINT('',(78.798035059552,63.241685873448,
    -13.62111757649));
#235 = VECTOR('',#236,1.);
#236 = DIRECTION('',(0.5,0.5,-0.707106781187));
#237 = FACE_BOUND('',#238,.F.);
#238 = EDGE_LOOP('',(#239,#249,#258));
#239 = ORIENTED_EDGE('',*,*,#240,.F.);
#240 = EDGE_CURVE('',#241,#243,#245,.T.);
#241 = VERTEX_POINT('',#242);
#242 = CARTESIAN_POINT('',(182.56038969321,167.0040405071,
    20.545584412272));
#243 = VERTEX_POINT('',#244);
#244 = CARTESIAN_POINT('',(184.36038969321,168.8040405071,
    23.091168824543));
#245 = LINE('',#246,#247);
#246 = CARTESIAN_POINT('',(171.43109902186,155.87474983575,
    4.806390605256));
#247 = VECTOR('',#248,1.);
#248 = DIRECTION('',(0.5,0.5,0.707106781187));
#249 = ORIENTED_EDGE('',*,*,#250,.T.);
#250 = EDGE_CURVE('',#241,#251,#253,.T.);
#251 = VERTEX_POINT('',#252);
#252 = CARTESIAN_POINT('',(186.16038969321,170.6040405071,
    20.545584412272));
#253 = CIRCLE('',#254,3.6);
#254 = AXIS2_PLACEMENT_3D('',#255,#256,#257);
#255 = CARTESIAN_POINT('',(184.36038969321,168.8040405071,18.));
#256 = DIRECTION('',(0.707106781187,-0.707106781187,-1.232595164408E-32)
  );
#257 = DIRECTION('',(-7.850462293419E-17,-7.850462293419E-17,-1.));
#258 = ORIENTED_EDGE('',*,*,#259,.F.);
#259 = EDGE_CURVE('',#243,#251,#260,.T.);
#260 = LINE('',#261,#262);
#261 = CARTESIAN_POINT('',(177.43943103507,161.88308184897,
    32.878882423501));
#262 = VECTOR('',#263,1.);
#263 = DIRECTION('',(0.5,0.5,-0.707106781187));
#264 = PLANE('',#265);
#265 = AXIS2_PLACEMENT_3D('',#266,#267,#268);
#266 = CARTESIAN_POINT('',(142.85989103424,127.30354184813,
    8.642623996155));
#267 = DIRECTION('',(0.707106781187,-0.707106781187,0.));
#268 = DIRECTION('',(-0.707106781187,-0.707106781187,1.110223024625E-16)
  );
#269 = ADVANCED_FACE('',(#270,#423,#457,#491,#525,#591,#657,#691,#725,
    #751,#785,#851,#885,#919,#953,#987,#1021,#1087,#1153,#1187,#1221,
    #1255),#1289,.F.);
#270 = FACE_BOUND('',#271,.T.);
#271 = EDGE_LOOP('',(#272,#273,#281,#289,#297,#305,#313,#321,#329,#337,
    #345,#353,#361,#369,#375,#376,#377,#378,#386,#394,#400,#401,#409,
    #417));
#272 = ORIENTED_EDGE('',*,*,#92,.T.);
#273 = ORIENTED_EDGE('',*,*,#274,.T.);
#274 = EDGE_CURVE('',#95,#275,#277,.T.);
#275 = VERTEX_POINT('',#276);
#276 = CARTESIAN_POINT('',(248.,235.27207793864,12.));
#277 = LINE('',#278,#279);
#278 = CARTESIAN_POINT('',(248.,232.44365081389,12.));
#279 = VECTOR('',#280,1.);
#280 = DIRECTION('',(7.379434555814E-32,1.,8.614953770658E-16));
#281 = ORIENTED_EDGE('',*,*,#282,.T.);
#282 = EDGE_CURVE('',#275,#283,#285,.T.);
#283 = VERTEX_POINT('',#284);
#284 = CARTESIAN_POINT('',(243.75735931288,239.51471862576,12.));
#285 = LINE('',#286,#287);
#286 = CARTESIAN_POINT('',(248.,235.27207793864,12.));
#287 = VECTOR('',#288,1.);
#288 = DIRECTION('',(-0.707106781187,0.707106781187,8.9E-16));
#289 = ORIENTED_EDGE('',*,*,#290,.T.);
#290 = EDGE_CURVE('',#283,#291,#293,.T.);
#291 = VERTEX_POINT('',#292);
#292 = CARTESIAN_POINT('',(221.12994231491,248.,12.));
#293 = LINE('',#294,#295);
#294 = CARTESIAN_POINT('',(243.75735931288,239.51471862576,12.));
#295 = VECTOR('',#296,1.);
#296 = DIRECTION('',(-0.936329177569,0.351123441588,6.659413556421E-16)
  );
#297 = ORIENTED_EDGE('',*,*,#298,.T.);
#298 = EDGE_CURVE('',#291,#299,#301,.T.);
#299 = VERTEX_POINT('',#300);
#300 = CARTESIAN_POINT('',(154.66190488337,240.92893218813,12.));
#301 = LINE('',#302,#303);
#302 = CARTESIAN_POINT('',(221.12994231491,248.,12.));
#303 = VECTOR('',#304,1.);
#304 = DIRECTION('',(-0.994388913179,-0.105786054594,2.963688210066E-16)
  );
#305 = ORIENTED_EDGE('',*,*,#306,.T.);
#306 = EDGE_CURVE('',#299,#307,#309,.T.);
#307 = VERTEX_POINT('',#308);
#308 = CARTESIAN_POINT('',(119.30656582404,205.5735931288,12.));
#309 = LINE('',#310,#311);
#310 = CARTESIAN_POINT('',(154.66190488337,240.92893218813,12.));
#311 = VECTOR('',#312,1.);
#312 = DIRECTION('',(-0.707106781187,-0.707106781187,-3.289776975375E-16
    ));
#313 = ORIENTED_EDGE('',*,*,#314,.T.);
#314 = EDGE_CURVE('',#307,#315,#317,.T.);
#315 = VERTEX_POINT('',#316);
#316 = CARTESIAN_POINT('',(119.30656582404,202.74516600406,12.));
#317 = LINE('',#318,#319);
#318 = CARTESIAN_POINT('',(119.30656582404,205.5735931288,12.));
#319 = VECTOR('',#320,1.);
#320 = DIRECTION('',(-7.379434555814E-32,-1.,-8.614953770658E-16));
#321 = ORIENTED_EDGE('',*,*,#322,.T.);
#322 = EDGE_CURVE('',#315,#323,#325,.T.);
#323 = VERTEX_POINT('',#324);
#324 = CARTESIAN_POINT('',(120.72077938642,201.33095244168,12.));
#325 = LINE('',#326,#327);
#326 = CARTESIAN_POINT('',(119.30656582404,202.74516600406,12.));
#327 = VECTOR('',#328,1.);
#328 = DIRECTION('',(0.707106781187,-0.707106781187,-8.9E-16));
#329 = ORIENTED_EDGE('',*,*,#330,.T.);
#330 = EDGE_CURVE('',#323,#331,#333,.T.);
#331 = VERTEX_POINT('',#332);
#332 = CARTESIAN_POINT('',(123.54920651116,201.33095244168,12.));
#333 = LINE('',#334,#335);
#334 = CARTESIAN_POINT('',(120.72077938642,201.33095244168,12.));
#335 = VECTOR('',#336,1.);
#336 = DIRECTION('',(1.,-2.43364331096E-32,-3.885046229342E-16));
#337 = ORIENTED_EDGE('',*,*,#338,.T.);
#338 = EDGE_CURVE('',#331,#339,#341,.T.);
#339 = VERTEX_POINT('',#340);
#340 = CARTESIAN_POINT('',(149.00505063388,226.7867965644,12.));
#341 = LINE('',#342,#343);
#342 = CARTESIAN_POINT('',(123.54920651116,201.33095244168,12.));
#343 = VECTOR('',#344,1.);
#344 = DIRECTION('',(0.707106781187,0.707106781187,3.289776975375E-16));
#345 = ORIENTED_EDGE('',*,*,#346,.T.);
#346 = EDGE_CURVE('',#339,#347,#349,.T.);
#347 = VERTEX_POINT('',#348);
#348 = CARTESIAN_POINT('',(151.83347775862,226.7867965644,12.));
#349 = LINE('',#350,#351);
#350 = CARTESIAN_POINT('',(149.00505063388,226.7867965644,12.));
#351 = VECTOR('',#352,1.);
#352 = DIRECTION('',(1.,-2.43364331096E-32,-3.885046229342E-16));
#353 = ORIENTED_EDGE('',*,*,#354,.T.);
#354 = EDGE_CURVE('',#347,#355,#357,.T.);
#355 = VERTEX_POINT('',#356);
#356 = CARTESIAN_POINT('',(170.21825406948,208.40202025355,12.));
#357 = LINE('',#358,#359);
#358 = CARTESIAN_POINT('',(151.83347775862,226.7867965644,12.));
#359 = VECTOR('',#360,1.);
#360 = DIRECTION('',(0.707106781187,-0.707106781187,-8.9E-16));
#361 = ORIENTED_EDGE('',*,*,#362,.T.);
#362 = EDGE_CURVE('',#355,#363,#365,.T.);
#363 = VERTEX_POINT('',#364);
#364 = CARTESIAN_POINT('',(16.068975770812,54.252741954886,12.));
#365 = LINE('',#366,#367);
#366 = CARTESIAN_POINT('',(170.21825406948,208.40202025355,12.));
#367 = VECTOR('',#368,1.);
#368 = DIRECTION('',(-0.707106781187,-0.707106781187,-3.289776975375E-16
    ));
#369 = ORIENTED_EDGE('',*,*,#370,.T.);
#370 = EDGE_CURVE('',#363,#62,#371,.T.);
#371 = LINE('',#372,#373);
#372 = CARTESIAN_POINT('',(16.068975770812,54.252741954886,12.));
#373 = VECTOR('',#374,1.);
#374 = DIRECTION('',(-7.379434555814E-32,-1.,-8.614953770658E-16));
#375 = ORIENTED_EDGE('',*,*,#78,.T.);
#376 = ORIENTED_EDGE('',*,*,#47,.T.);
#377 = ORIENTED_EDGE('',*,*,#117,.T.);
#378 = ORIENTED_EDGE('',*,*,#379,.T.);
#379 = EDGE_CURVE('',#118,#380,#382,.T.);
#380 = VERTEX_POINT('',#381);
#381 = CARTESIAN_POINT('',(38.696392768782,34.453752081662,12.));
#382 = LINE('',#383,#384);
#383 = CARTESIAN_POINT('',(31.90395068575,41.246194164694,12.));
#384 = VECTOR('',#385,1.);
#385 = DIRECTION('',(-0.707106781187,0.707106781187,4.5E-16));
#386 = ORIENTED_EDGE('',*,*,#387,.F.);
#387 = EDGE_CURVE('',#388,#380,#390,.T.);
#388 = VERTEX_POINT('',#389);
#389 = CARTESIAN_POINT('',(55.666955517259,51.42431483014,12.));
#390 = LINE('',#391,#392);
#391 = CARTESIAN_POINT('',(96.133826956734,91.891186269614,12.));
#392 = VECTOR('',#393,1.);
#393 = DIRECTION('',(-0.707106781187,-0.707106781187,1.110223024625E-16)
  );
#394 = ORIENTED_EDGE('',*,*,#395,.T.);
#395 = EDGE_CURVE('',#388,#158,#396,.T.);
#396 = LINE('',#397,#398);
#397 = CARTESIAN_POINT('',(48.874513434227,58.216756913171,12.));
#398 = VECTOR('',#399,1.);
#399 = DIRECTION('',(0.707106781187,-0.707106781187,-4.5E-16));
#400 = ORIENTED_EDGE('',*,*,#165,.T.);
#401 = ORIENTED_EDGE('',*,*,#402,.T.);
#402 = EDGE_CURVE('',#166,#403,#405,.T.);
#403 = VERTEX_POINT('',#404);
#404 = CARTESIAN_POINT('',(170.21825406948,165.97561338236,12.));
#405 = LINE('',#406,#407);
#406 = CARTESIAN_POINT('',(163.42581198644,172.76805546539,12.));
#407 = VECTOR('',#408,1.);
#408 = DIRECTION('',(-0.707106781187,0.707106781187,4.5E-16));
#409 = ORIENTED_EDGE('',*,*,#410,.F.);
#410 = EDGE_CURVE('',#411,#403,#413,.T.);
#411 = VERTEX_POINT('',#412);
#412 = CARTESIAN_POINT('',(187.18881681795,182.94617613083,12.));
#413 = LINE('',#414,#415);
#414 = CARTESIAN_POINT('',(161.89475760708,157.65211691996,12.));
#415 = VECTOR('',#416,1.);
#416 = DIRECTION('',(-0.707106781187,-0.707106781187,1.110223024625E-16)
  );
#417 = ORIENTED_EDGE('',*,*,#418,.T.);
#418 = EDGE_CURVE('',#411,#93,#419,.T.);
#419 = LINE('',#420,#421);
#420 = CARTESIAN_POINT('',(180.39637473492,189.73861821386,12.));
#421 = VECTOR('',#422,1.);
#422 = DIRECTION('',(0.707106781187,-0.707106781187,-4.5E-16));
#423 = FACE_BOUND('',#424,.T.);
#424 = EDGE_LOOP('',(#425,#435,#443,#451));
#425 = ORIENTED_EDGE('',*,*,#426,.T.);
#426 = EDGE_CURVE('',#427,#429,#431,.T.);
#427 = VERTEX_POINT('',#428);
#428 = CARTESIAN_POINT('',(192.13856428626,209.10912703474,12.));
#429 = VERTEX_POINT('',#430);
#430 = CARTESIAN_POINT('',(218.30151519016,235.27207793864,12.));
#431 = LINE('',#432,#433);
#432 = CARTESIAN_POINT('',(176.3904466214,193.36100936988,12.));
#433 = VECTOR('',#434,1.);
#434 = DIRECTION('',(0.707106781187,0.707106781187,-1.110223024625E-16)
  );
#435 = ORIENTED_EDGE('',*,*,#436,.T.);
#436 = EDGE_CURVE('',#429,#437,#439,.T.);
#437 = VERTEX_POINT('',#438);
#438 = CARTESIAN_POINT('',(228.90811690796,230.32233047033,12.));
#439 = LINE('',#440,#441);
#440 = CARTESIAN_POINT('',(203.45611228185,242.19993262918,12.));
#441 = VECTOR('',#442,1.);
#442 = DIRECTION('',(0.906183139995,-0.422885465331,-4.579411017145E-16)
  );
#443 = ORIENTED_EDGE('',*,*,#444,.T.);
#444 = EDGE_CURVE('',#437,#445,#447,.T.);
#445 = VERTEX_POINT('',#446);
#446 = CARTESIAN_POINT('',(199.91673887931,201.33095244168,12.));
#447 = LINE('',#448,#449);
#448 = CARTESIAN_POINT('',(171.0871457625,172.50135932488,12.));
#449 = VECTOR('',#450,1.);
#450 = DIRECTION('',(-0.707106781187,-0.707106781187,1.110223024625E-16)
  );
#451 = ORIENTED_EDGE('',*,*,#452,.T.);
#452 = EDGE_CURVE('',#445,#427,#453,.T.);
#453 = LINE('',#454,#455);
#454 = CARTESIAN_POINT('',(190.64942306213,210.59826825887,12.));
#455 = VECTOR('',#456,1.);
#456 = DIRECTION('',(-0.707106781187,0.707106781187,4.5E-16));
#457 = FACE_BOUND('',#458,.T.);
#458 = EDGE_LOOP('',(#459,#469,#477,#485));
#459 = ORIENTED_EDGE('',*,*,#460,.T.);
#460 = EDGE_CURVE('',#461,#463,#465,.T.);
#461 = VERTEX_POINT('',#462);
#462 = CARTESIAN_POINT('',(208.33130957543,242.6966991411,12.));
#463 = VERTEX_POINT('',#464);
#464 = CARTESIAN_POINT('',(212.29110755007,246.65649711574,12.));
#465 = LINE('',#466,#467);
#466 = CARTESIAN_POINT('',(169.03653609706,203.40192566273,12.));
#467 = VECTOR('',#468,1.);
#468 = DIRECTION('',(0.707106781187,0.707106781187,-1.110223024625E-16)
  );
#469 = ORIENTED_EDGE('',*,*,#470,.T.);
#470 = EDGE_CURVE('',#463,#471,#473,.T.);
#471 = VERTEX_POINT('',#472);
#472 = CARTESIAN_POINT('',(218.37222586828,240.57537879754,12.));
#473 = LINE('',#474,#475);
#474 = CARTESIAN_POINT('',(218.19123218934,240.75637247647,12.));
#475 = VECTOR('',#476,1.);
#476 = DIRECTION('',(0.707106781187,-0.707106781187,-4.5E-16));
#477 = ORIENTED_EDGE('',*,*,#478,.T.);
#478 = EDGE_CURVE('',#471,#479,#481,.T.);
#479 = VERTEX_POINT('',#480);
#480 = CARTESIAN_POINT('',(214.41242789363,236.61558082289,12.));
#481 = LINE('',#482,#483);
#482 = CARTESIAN_POINT('',(173.13775542794,195.3409083572,12.));
#483 = VECTOR('',#484,1.);
#484 = DIRECTION('',(-0.707106781187,-0.707106781187,1.110223024625E-16)
  );
#485 = ORIENTED_EDGE('',*,*,#486,.T.);
#486 = EDGE_CURVE('',#479,#461,#487,.T.);
#487 = LINE('',#488,#489);
#488 = CARTESIAN_POINT('',(211.19087505559,239.83713366093,12.));
#489 = VECTOR('',#490,1.);
#490 = DIRECTION('',(-0.707106781187,0.707106781187,4.5E-16));
#491 = FACE_BOUND('',#492,.T.);
#492 = EDGE_LOOP('',(#493,#503,#511,#519));
#493 = ORIENTED_EDGE('',*,*,#494,.T.);
#494 = EDGE_CURVE('',#495,#497,#499,.T.);
#495 = VERTEX_POINT('',#496);
#496 = CARTESIAN_POINT('',(191.36074682695,225.72613639262,12.));
#497 = VERTEX_POINT('',#498);
#498 = CARTESIAN_POINT('',(195.3205448016,229.68593436726,12.));
#499 = LINE('',#500,#501);
#500 = CARTESIAN_POINT('',(160.55125472282,194.91664428849,12.));
#501 = VECTOR('',#502,1.);
#502 = DIRECTION('',(0.707106781187,0.707106781187,-1.110223024625E-16)
  );
#503 = ORIENTED_EDGE('',*,*,#504,.T.);
#504 = EDGE_CURVE('',#497,#505,#507,.T.);
#505 = VERTEX_POINT('',#506);
#506 = CARTESIAN_POINT('',(201.4016631198,223.60481604906,12.));
#507 = LINE('',#508,#509);
#508 = CARTESIAN_POINT('',(201.22066944086,223.785809728,12.));
#509 = VECTOR('',#510,1.);
#510 = DIRECTION('',(0.707106781187,-0.707106781187,-4.5E-16));
#511 = ORIENTED_EDGE('',*,*,#512,.T.);
#512 = EDGE_CURVE('',#505,#513,#515,.T.);
#513 = VERTEX_POINT('',#514);
#514 = CARTESIAN_POINT('',(197.44186514516,219.64501807441,12.));
#515 = LINE('',#516,#517);
#516 = CARTESIAN_POINT('',(164.65247405371,186.85562698296,12.));
#517 = VECTOR('',#518,1.);
#518 = DIRECTION('',(-0.707106781187,-0.707106781187,1.110223024625E-16)
  );
#519 = ORIENTED_EDGE('',*,*,#520,.T.);
#520 = EDGE_CURVE('',#513,#495,#521,.T.);
#521 = LINE('',#522,#523);
#522 = CARTESIAN_POINT('',(194.22031230712,222.86657091245,12.));
#523 = VECTOR('',#524,1.);
#524 = DIRECTION('',(-0.707106781187,0.707106781187,4.5E-16));
#525 = FACE_BOUND('',#526,.T.);
#526 = EDGE_LOOP('',(#527,#537,#545,#553,#561,#569,#577,#585));
#527 = ORIENTED_EDGE('',*,*,#528,.T.);
#528 = EDGE_CURVE('',#529,#531,#533,.T.);
#529 = VERTEX_POINT('',#530);
#530 = CARTESIAN_POINT('',(173.04668119422,185.77460325558,12.));
#531 = VERTEX_POINT('',#532);
#532 = CARTESIAN_POINT('',(178.70353544371,180.11774900609,12.));
#533 = LINE('',#534,#535);
#534 = CARTESIAN_POINT('',(173.32530692306,185.49597752675,12.));
#535 = VECTOR('',#536,1.);
#536 = DIRECTION('',(0.707106781187,-0.707106781187,-4.5E-16));
#537 = ORIENTED_EDGE('',*,*,#538,.T.);
#538 = EDGE_CURVE('',#531,#539,#541,.T.);
#539 = VERTEX_POINT('',#540);
#540 = CARTESIAN_POINT('',(178.70353544371,177.28932188134,12.));
#541 = LINE('',#542,#543);
#542 = CARTESIAN_POINT('',(178.70353544371,165.85877256536,12.));
#543 = VECTOR('',#544,1.);
#544 = DIRECTION('',(1.110223024625E-16,-1.,-2.414953770658E-16));
#545 = ORIENTED_EDGE('',*,*,#546,.T.);
#546 = EDGE_CURVE('',#539,#547,#549,.T.);
#547 = VERTEX_POINT('',#548);
#548 = CARTESIAN_POINT('',(160.31875913286,158.90454557049,12.));
#549 = LINE('',#550,#551);
#550 = CARTESIAN_POINT('',(151.99526267047,150.58104910809,12.));
#551 = VECTOR('',#552,1.);
#552 = DIRECTION('',(-0.707106781187,-0.707106781187,1.110223024625E-16)
  );
#553 = ORIENTED_EDGE('',*,*,#554,.T.);
#554 = EDGE_CURVE('',#547,#555,#557,.T.);
#555 = VERTEX_POINT('',#556);
#556 = CARTESIAN_POINT('',(157.49033200812,158.90454557049,12.));
#557 = LINE('',#558,#559);
#558 = CARTESIAN_POINT('',(144.49571380625,158.90454557049,12.));
#559 = VECTOR('',#560,1.);
#560 = DIRECTION('',(-1.,-1.110223024625E-16,3.985046229342E-16));
#561 = ORIENTED_EDGE('',*,*,#562,.T.);
#562 = EDGE_CURVE('',#555,#563,#565,.T.);
#563 = VERTEX_POINT('',#564);
#564 = CARTESIAN_POINT('',(151.83347775862,164.56139981998,12.));
#565 = LINE('',#566,#567);
#566 = CARTESIAN_POINT('',(149.28367636271,167.1112012159,12.));
#567 = VECTOR('',#568,1.);
#568 = DIRECTION('',(-0.707106781187,0.707106781187,4.5E-16));
#569 = ORIENTED_EDGE('',*,*,#570,.T.);
#570 = EDGE_CURVE('',#563,#571,#573,.T.);
#571 = VERTEX_POINT('',#572);
#572 = CARTESIAN_POINT('',(151.83347775862,167.38982694473,12.));
#573 = LINE('',#574,#575);
#574 = CARTESIAN_POINT('',(151.83347775862,160.90902509706,12.));
#575 = VECTOR('',#576,1.);
#576 = DIRECTION('',(-1.110223024625E-16,1.,2.414953770658E-16));
#577 = ORIENTED_EDGE('',*,*,#578,.T.);
#578 = EDGE_CURVE('',#571,#579,#581,.T.);
#579 = VERTEX_POINT('',#580);
#580 = CARTESIAN_POINT('',(170.21825406948,185.77460325558,12.));
#581 = LINE('',#582,#583);
#582 = CARTESIAN_POINT('',(152.70236945165,168.25871863776,12.));
#583 = VECTOR('',#584,1.);
#584 = DIRECTION('',(0.707106781187,0.707106781187,-1.110223024625E-16)
  );
#585 = ORIENTED_EDGE('',*,*,#586,.T.);
#586 = EDGE_CURVE('',#579,#529,#587,.T.);
#587 = LINE('',#588,#589);
#588 = CARTESIAN_POINT('',(152.2738883993,185.77460325558,12.));
#589 = VECTOR('',#590,1.);
#590 = DIRECTION('',(1.,1.110223024625E-16,-3.985046229342E-16));
#591 = FACE_BOUND('',#592,.T.);
#592 = EDGE_LOOP('',(#593,#603,#611,#619,#627,#635,#643,#651));
#593 = ORIENTED_EDGE('',*,*,#594,.T.);
#594 = EDGE_CURVE('',#595,#597,#599,.T.);
#595 = VERTEX_POINT('',#596);
#596 = CARTESIAN_POINT('',(146.17662350913,158.90454557049,12.));
#597 = VERTEX_POINT('',#598);
#598 = CARTESIAN_POINT('',(151.83347775862,153.247691321,12.));
#599 = LINE('',#600,#601);
#600 = CARTESIAN_POINT('',(146.45524923797,158.62591984166,12.));
#601 = VECTOR('',#602,1.);
#602 = DIRECTION('',(0.707106781187,-0.707106781187,-4.5E-16));
#603 = ORIENTED_EDGE('',*,*,#604,.T.);
#604 = EDGE_CURVE('',#597,#605,#607,.T.);
#605 = VERTEX_POINT('',#606);
#606 = CARTESIAN_POINT('',(151.83347775862,150.41926419625,12.));
#607 = LINE('',#608,#609);
#608 = CARTESIAN_POINT('',(151.83347775862,152.42374372282,12.));
#609 = VECTOR('',#610,1.);
#610 = DIRECTION('',(1.110223024625E-16,-1.,-2.414953770658E-16));
#611 = ORIENTED_EDGE('',*,*,#612,.T.);
#612 = EDGE_CURVE('',#605,#613,#615,.T.);
#613 = VERTEX_POINT('',#614);
#614 = CARTESIAN_POINT('',(133.44870144777,132.0344878854,12.));
#615 = LINE('',#616,#617);
#616 = CARTESIAN_POINT('',(138.56023382792,137.14602026555,12.));
#617 = VECTOR('',#618,1.);
#618 = DIRECTION('',(-0.707106781187,-0.707106781187,1.110223024625E-16)
  );
#619 = ORIENTED_EDGE('',*,*,#620,.T.);
#620 = EDGE_CURVE('',#613,#621,#623,.T.);
#621 = VERTEX_POINT('',#622);
#622 = CARTESIAN_POINT('',(130.62027432303,132.0344878854,12.));
#623 = LINE('',#624,#625);
#624 = CARTESIAN_POINT('',(131.0606849637,132.0344878854,12.));
#625 = VECTOR('',#626,1.);
#626 = DIRECTION('',(-1.,-1.110223024625E-16,3.985046229342E-16));
#627 = ORIENTED_EDGE('',*,*,#628,.T.);
#628 = EDGE_CURVE('',#621,#629,#631,.T.);
#629 = VERTEX_POINT('',#630);
#630 = CARTESIAN_POINT('',(124.96342007354,137.69134213489,12.));
#631 = LINE('',#632,#633);
#632 = CARTESIAN_POINT('',(122.41361867762,140.24114353081,12.));
#633 = VECTOR('',#634,1.);
#634 = DIRECTION('',(-0.707106781187,0.707106781187,4.5E-16));
#635 = ORIENTED_EDGE('',*,*,#636,.T.);
#636 = EDGE_CURVE('',#629,#637,#639,.T.);
#637 = VERTEX_POINT('',#638);
#638 = CARTESIAN_POINT('',(124.96342007354,140.51976925964,12.));
#639 = LINE('',#640,#641);
#640 = CARTESIAN_POINT('',(124.96342007354,147.47399625451,12.));
#641 = VECTOR('',#642,1.);
#642 = DIRECTION('',(-1.110223024625E-16,1.,2.414953770658E-16));
#643 = ORIENTED_EDGE('',*,*,#644,.T.);
#644 = EDGE_CURVE('',#637,#645,#647,.T.);
#645 = VERTEX_POINT('',#646);
#646 = CARTESIAN_POINT('',(143.34819638439,158.90454557049,12.));
#647 = LINE('',#648,#649);
#648 = CARTESIAN_POINT('',(139.26734060911,154.82368979521,12.));
#649 = VECTOR('',#650,1.);
#650 = DIRECTION('',(0.707106781187,0.707106781187,-1.110223024625E-16)
  );
#651 = ORIENTED_EDGE('',*,*,#652,.T.);
#652 = EDGE_CURVE('',#645,#595,#653,.T.);
#653 = LINE('',#654,#655);
#654 = CARTESIAN_POINT('',(138.83885955676,158.90454557049,12.));
#655 = VECTOR('',#656,1.);
#656 = DIRECTION('',(1.,1.110223024625E-16,-3.985046229342E-16));
#657 = FACE_BOUND('',#658,.T.);
#658 = EDGE_LOOP('',(#659,#669,#677,#685));
#659 = ORIENTED_EDGE('',*,*,#660,.T.);
#660 = EDGE_CURVE('',#661,#663,#665,.T.);
#661 = VERTEX_POINT('',#662);
#662 = CARTESIAN_POINT('',(134.79220433203,169.1575938977,12.));
#663 = VERTEX_POINT('',#664);
#664 = CARTESIAN_POINT('',(138.75200230667,173.11739187234,12.));
#665 = LINE('',#666,#667);
#666 = CARTESIAN_POINT('',(132.26698347536,166.63237304103,12.));
#667 = VECTOR('',#668,1.);
#668 = DIRECTION('',(0.707106781187,0.707106781187,-1.110223024625E-16)
  );
#669 = ORIENTED_EDGE('',*,*,#670,.T.);
#670 = EDGE_CURVE('',#663,#671,#673,.T.);
#671 = VERTEX_POINT('',#672);
#672 = CARTESIAN_POINT('',(144.83312062488,167.03627355414,12.));
#673 = LINE('',#674,#675);
#674 = CARTESIAN_POINT('',(144.65212694594,167.21726723307,12.));
#675 = VECTOR('',#676,1.);
#676 = DIRECTION('',(0.707106781187,-0.707106781187,-4.5E-16));
#677 = ORIENTED_EDGE('',*,*,#678,.T.);
#678 = EDGE_CURVE('',#671,#679,#681,.T.);
#679 = VERTEX_POINT('',#680);
#680 = CARTESIAN_POINT('',(140.87332265023,163.07647557949,12.));
#681 = LINE('',#682,#683);
#682 = CARTESIAN_POINT('',(136.36820280624,158.5713557355,12.));
#683 = VECTOR('',#684,1.);
#684 = DIRECTION('',(-0.707106781187,-0.707106781187,1.110223024625E-16)
  );
#685 = ORIENTED_EDGE('',*,*,#686,.T.);
#686 = EDGE_CURVE('',#679,#661,#687,.T.);
#687 = LINE('',#688,#689);
#688 = CARTESIAN_POINT('',(137.65176981219,166.29802841753,12.));
#689 = VECTOR('',#690,1.);
#690 = DIRECTION('',(-0.707106781187,0.707106781187,4.5E-16));
#691 = FACE_BOUND('',#692,.T.);
#692 = EDGE_LOOP('',(#693,#703,#711,#719));
#693 = ORIENTED_EDGE('',*,*,#694,.T.);
#694 = EDGE_CURVE('',#695,#697,#699,.T.);
#695 = VERTEX_POINT('',#696);
#696 = CARTESIAN_POINT('',(126.30692295779,160.67231252346,12.));
#697 = VERTEX_POINT('',#698);
#698 = CARTESIAN_POINT('',(130.26672093244,164.6321104981,12.));
#699 = LINE('',#700,#701);
#700 = CARTESIAN_POINT('',(128.02434278824,162.38973235391,12.));
#701 = VECTOR('',#702,1.);
#702 = DIRECTION('',(0.707106781187,0.707106781187,-1.110223024625E-16)
  );
#703 = ORIENTED_EDGE('',*,*,#704,.T.);
#704 = EDGE_CURVE('',#697,#705,#707,.T.);
#705 = VERTEX_POINT('',#706);
#706 = CARTESIAN_POINT('',(136.34783925064,158.5509921799,12.));
#707 = LINE('',#708,#709);
#708 = CARTESIAN_POINT('',(136.1668455717,158.73198585883,12.));
#709 = VECTOR('',#710,1.);
#710 = DIRECTION('',(0.707106781187,-0.707106781187,-4.5E-16));
#711 = ORIENTED_EDGE('',*,*,#712,.T.);
#712 = EDGE_CURVE('',#705,#713,#715,.T.);
#713 = VERTEX_POINT('',#714);
#714 = CARTESIAN_POINT('',(132.38804127599,154.59119420525,12.));
#715 = LINE('',#716,#717);
#716 = CARTESIAN_POINT('',(132.12556211912,154.32871504838,12.));
#717 = VECTOR('',#718,1.);
#718 = DIRECTION('',(-0.707106781187,-0.707106781187,1.110223024625E-16)
  );
#719 = ORIENTED_EDGE('',*,*,#720,.T.);
#720 = EDGE_CURVE('',#713,#695,#721,.T.);
#721 = LINE('',#722,#723);
#722 = CARTESIAN_POINT('',(129.16648843796,157.81274704329,12.));
#723 = VECTOR('',#724,1.);
#724 = DIRECTION('',(-0.707106781187,0.707106781187,4.5E-16));
#725 = FACE_BOUND('',#726,.T.);
#726 = EDGE_LOOP('',(#727,#737,#745));
#727 = ORIENTED_EDGE('',*,*,#728,.T.);
#728 = EDGE_CURVE('',#729,#731,#733,.T.);
#729 = VERTEX_POINT('',#730);
#730 = CARTESIAN_POINT('',(182.94617613083,218.30151519016,12.));
#731 = VERTEX_POINT('',#732);
#732 = CARTESIAN_POINT('',(163.8542930388,237.3933982822,12.));
#733 = LINE('',#734,#735);
#734 = CARTESIAN_POINT('',(176.50728743839,224.7404038826,12.));
#735 = VECTOR('',#736,1.);
#736 = DIRECTION('',(-0.707106781187,0.707106781187,4.5E-16));
#737 = ORIENTED_EDGE('',*,*,#738,.T.);
#738 = EDGE_CURVE('',#731,#739,#741,.T.);
#739 = VERTEX_POINT('',#740);
#740 = CARTESIAN_POINT('',(199.91673887931,235.27207793864,12.));
#741 = LINE('',#742,#743);
#742 = CARTESIAN_POINT('',(168.19643650562,237.13797807827,12.));
#743 = VECTOR('',#744,1.);
#744 = DIRECTION('',(0.998274373175,-5.872202195147E-02,
    -4.037592030597E-16));
#745 = ORIENTED_EDGE('',*,*,#746,.T.);
#746 = EDGE_CURVE('',#739,#729,#747,.T.);
#747 = LINE('',#748,#749);
#748 = CARTESIAN_POINT('',(154.11658301403,189.47192207335,12.));
#749 = VECTOR('',#750,1.);
#750 = DIRECTION('',(-0.707106781187,-0.707106781187,1.110223024625E-16)
  );
#751 = FACE_BOUND('',#752,.T.);
#752 = EDGE_LOOP('',(#753,#763,#771,#779));
#753 = ORIENTED_EDGE('',*,*,#754,.T.);
#754 = EDGE_CURVE('',#755,#757,#759,.T.);
#755 = VERTEX_POINT('',#756);
#756 = CARTESIAN_POINT('',(125.52910549849,209.25054839097,12.));
#757 = VERTEX_POINT('',#758);
#758 = CARTESIAN_POINT('',(138.96413434103,222.68557723352,12.));
#759 = LINE('',#760,#761);
#760 = CARTESIAN_POINT('',(120.03403616083,203.75547905332,12.));
#761 = VECTOR('',#762,1.);
#762 = DIRECTION('',(0.707106781187,0.707106781187,-1.110223024625E-16)
  );
#763 = ORIENTED_EDGE('',*,*,#764,.T.);
#764 = EDGE_CURVE('',#757,#765,#767,.T.);
#765 = VERTEX_POINT('',#766);
#766 = CARTESIAN_POINT('',(140.66119061588,220.98852095867,12.));
#767 = LINE('',#768,#769);
#768 = CARTESIAN_POINT('',(155.01124129032,206.63847028422,12.));
#769 = VECTOR('',#770,1.);
#770 = DIRECTION('',(0.707106781187,-0.707106781187,-4.5E-16));
#771 = ORIENTED_EDGE('',*,*,#772,.T.);
#772 = EDGE_CURVE('',#765,#773,#775,.T.);
#773 = VERTEX_POINT('',#774);
#774 = CARTESIAN_POINT('',(127.22616177333,207.55349211612,12.));
#775 = LINE('',#776,#777);
#776 = CARTESIAN_POINT('',(115.01357801441,195.3409083572,12.));
#777 = VECTOR('',#778,1.);
#778 = DIRECTION('',(-0.707106781187,-0.707106781187,1.110223024625E-16)
  );
#779 = ORIENTED_EDGE('',*,*,#780,.T.);
#780 = EDGE_CURVE('',#773,#755,#781,.T.);
#781 = LINE('',#782,#783);
#782 = CARTESIAN_POINT('',(140.72768431036,194.0519695791,12.));
#783 = VECTOR('',#784,1.);
#784 = DIRECTION('',(-0.707106781187,0.707106781187,4.5E-16));
#785 = FACE_BOUND('',#786,.T.);
#786 = EDGE_LOOP('',(#787,#797,#805,#813,#821,#829,#837,#845));
#787 = ORIENTED_EDGE('',*,*,#788,.T.);
#788 = EDGE_CURVE('',#789,#791,#793,.T.);
#789 = VERTEX_POINT('',#790);
#790 = CARTESIAN_POINT('',(119.30656582404,132.0344878854,12.));
#791 = VERTEX_POINT('',#792);
#792 = CARTESIAN_POINT('',(124.96342007354,126.37763363591,12.));
#793 = LINE('',#794,#795);
#794 = CARTESIAN_POINT('',(119.58519155288,131.75586215657,12.));
#795 = VECTOR('',#796,1.);
#796 = DIRECTION('',(0.707106781187,-0.707106781187,-4.5E-16));
#797 = ORIENTED_EDGE('',*,*,#798,.T.);
#798 = EDGE_CURVE('',#791,#799,#801,.T.);
#799 = VERTEX_POINT('',#800);
#800 = CARTESIAN_POINT('',(124.96342007354,123.54920651116,12.));
#801 = LINE('',#802,#803);
#802 = CARTESIAN_POINT('',(124.96342007354,138.98871488027,12.));
#803 = VECTOR('',#804,1.);
#804 = DIRECTION('',(1.110223024625E-16,-1.,-2.414953770658E-16));
#805 = ORIENTED_EDGE('',*,*,#806,.T.);
#806 = EDGE_CURVE('',#799,#807,#809,.T.);
#807 = VERTEX_POINT('',#808);
#808 = CARTESIAN_POINT('',(106.57864376269,105.16443020031,12.));
#809 = LINE('',#810,#811);
#810 = CARTESIAN_POINT('',(125.12520498538,123.710991423,12.));
#811 = VECTOR('',#812,1.);
#812 = DIRECTION('',(-0.707106781187,-0.707106781187,1.110223024625E-16)
  );
#813 = ORIENTED_EDGE('',*,*,#814,.T.);
#814 = EDGE_CURVE('',#807,#815,#817,.T.);
#815 = VERTEX_POINT('',#816);
#816 = CARTESIAN_POINT('',(103.75021663794,105.16443020031,12.));
#817 = LINE('',#818,#819);
#818 = CARTESIAN_POINT('',(117.62565612116,105.16443020031,12.));
#819 = VECTOR('',#820,1.);
#820 = DIRECTION('',(-1.,-1.110223024625E-16,3.985046229342E-16));
#821 = ORIENTED_EDGE('',*,*,#822,.T.);
#822 = EDGE_CURVE('',#815,#823,#825,.T.);
#823 = VERTEX_POINT('',#824);
#824 = CARTESIAN_POINT('',(98.093362388452,110.82128444981,12.));
#825 = LINE('',#826,#827);
#826 = CARTESIAN_POINT('',(95.543560992539,113.37108584572,12.));
#827 = VECTOR('',#828,1.);
#828 = DIRECTION('',(-0.707106781187,0.707106781187,4.5E-16));
#829 = ORIENTED_EDGE('',*,*,#830,.T.);
#830 = EDGE_CURVE('',#823,#831,#833,.T.);
#831 = VERTEX_POINT('',#832);
#832 = CARTESIAN_POINT('',(98.093362388452,113.64971157455,12.));
#833 = LINE('',#834,#835);
#834 = CARTESIAN_POINT('',(98.093362388452,134.03896741197,12.));
#835 = VECTOR('',#836,1.);
#836 = DIRECTION('',(-1.110223024625E-16,1.,2.414953770658E-16));
#837 = ORIENTED_EDGE('',*,*,#838,.T.);
#838 = EDGE_CURVE('',#831,#839,#841,.T.);
#839 = VERTEX_POINT('',#840);
#840 = CARTESIAN_POINT('',(116.4781386993,132.0344878854,12.));
#841 = LINE('',#842,#843);
#842 = CARTESIAN_POINT('',(125.83231176656,141.38866095267,12.));
#843 = VECTOR('',#844,1.);
#844 = DIRECTION('',(0.707106781187,0.707106781187,-1.110223024625E-16)
  );
#845 = ORIENTED_EDGE('',*,*,#846,.T.);
#846 = EDGE_CURVE('',#839,#789,#847,.T.);
#847 = LINE('',#848,#849);
#848 = CARTESIAN_POINT('',(125.40383071421,132.0344878854,12.));
#849 = VECTOR('',#850,1.);
#850 = DIRECTION('',(1.,1.110223024625E-16,-3.985046229342E-16));
#851 = FACE_BOUND('',#852,.T.);
#852 = EDGE_LOOP('',(#853,#863,#871,#879));
#853 = ORIENTED_EDGE('',*,*,#854,.T.);
#854 = EDGE_CURVE('',#855,#857,#859,.T.);
#855 = VERTEX_POINT('',#856);
#856 = CARTESIAN_POINT('',(117.82164158355,152.18703114922,12.));
#857 = VERTEX_POINT('',#858);
#858 = CARTESIAN_POINT('',(121.7814395582,156.14682912386,12.));
#859 = LINE('',#860,#861);
#860 = CARTESIAN_POINT('',(123.78170210112,158.14709166679,12.));
#861 = VECTOR('',#862,1.);
#862 = DIRECTION('',(0.707106781187,0.707106781187,-1.110223024625E-16)
  );
#863 = ORIENTED_EDGE('',*,*,#864,.T.);
#864 = EDGE_CURVE('',#857,#865,#867,.T.);
#865 = VERTEX_POINT('',#866);
#866 = CARTESIAN_POINT('',(127.8625578764,150.06571080566,12.));
#867 = LINE('',#868,#869);
#868 = CARTESIAN_POINT('',(127.68156419746,150.2467044846,12.));
#869 = VECTOR('',#870,1.);
#870 = DIRECTION('',(0.707106781187,-0.707106781187,-4.5E-16));
#871 = ORIENTED_EDGE('',*,*,#872,.T.);
#872 = EDGE_CURVE('',#865,#873,#875,.T.);
#873 = VERTEX_POINT('',#874);
#874 = CARTESIAN_POINT('',(123.90275990176,146.10591283101,12.));
#875 = LINE('',#876,#877);
#876 = CARTESIAN_POINT('',(127.88292143201,150.08607436126,12.));
#877 = VECTOR('',#878,1.);
#878 = DIRECTION('',(-0.707106781187,-0.707106781187,1.110223024625E-16)
  );
#879 = ORIENTED_EDGE('',*,*,#880,.T.);
#880 = EDGE_CURVE('',#873,#855,#881,.T.);
#881 = LINE('',#882,#883);
#882 = CARTESIAN_POINT('',(120.68120706372,149.32746566905,12.));
#883 = VECTOR('',#884,1.);
#884 = DIRECTION('',(-0.707106781187,0.707106781187,4.5E-16));
#885 = FACE_BOUND('',#886,.T.);
#886 = EDGE_LOOP('',(#887,#897,#905,#913));
#887 = ORIENTED_EDGE('',*,*,#888,.T.);
#888 = EDGE_CURVE('',#889,#891,#893,.T.);
#889 = VERTEX_POINT('',#890);
#890 = CARTESIAN_POINT('',(109.33636020931,143.70174977498,12.));
#891 = VERTEX_POINT('',#892);
#892 = CARTESIAN_POINT('',(113.29615818396,147.66154774962,12.));
#893 = LINE('',#894,#895);
#894 = CARTESIAN_POINT('',(119.539061414,153.90445097967,12.));
#895 = VECTOR('',#896,1.);
#896 = DIRECTION('',(0.707106781187,0.707106781187,-1.110223024625E-16)
  );
#897 = ORIENTED_EDGE('',*,*,#898,.T.);
#898 = EDGE_CURVE('',#891,#899,#901,.T.);
#899 = VERTEX_POINT('',#900);
#900 = CARTESIAN_POINT('',(119.37727650216,141.58042943142,12.));
#901 = LINE('',#902,#903);
#902 = CARTESIAN_POINT('',(119.19628282323,141.76142311036,12.));
#903 = VECTOR('',#904,1.);
#904 = DIRECTION('',(0.707106781187,-0.707106781187,-4.5E-16));
#905 = ORIENTED_EDGE('',*,*,#906,.T.);
#906 = EDGE_CURVE('',#899,#907,#909,.T.);
#907 = VERTEX_POINT('',#908);
#908 = CARTESIAN_POINT('',(115.41747852752,137.62063145678,12.));
#909 = LINE('',#910,#911);
#910 = CARTESIAN_POINT('',(123.64028074489,145.84343367414,12.));
#911 = VECTOR('',#912,1.);
#912 = DIRECTION('',(-0.707106781187,-0.707106781187,1.110223024625E-16)
  );
#913 = ORIENTED_EDGE('',*,*,#914,.T.);
#914 = EDGE_CURVE('',#907,#889,#915,.T.);
#915 = LINE('',#916,#917);
#916 = CARTESIAN_POINT('',(112.19592568948,140.84218429481,12.));
#917 = VECTOR('',#918,1.);
#918 = DIRECTION('',(-0.707106781187,0.707106781187,4.5E-16));
#919 = FACE_BOUND('',#920,.T.);
#920 = EDGE_LOOP('',(#921,#931,#939,#947));
#921 = ORIENTED_EDGE('',*,*,#922,.T.);
#922 = EDGE_CURVE('',#923,#925,#927,.T.);
#923 = VERTEX_POINT('',#924);
#924 = CARTESIAN_POINT('',(100.85107883507,135.21646840074,12.));
#925 = VERTEX_POINT('',#926);
#926 = CARTESIAN_POINT('',(104.81087680972,139.17626637539,12.));
#927 = LINE('',#928,#929);
#928 = CARTESIAN_POINT('',(115.29642072688,149.66181029255,12.));
#929 = VECTOR('',#930,1.);
#930 = DIRECTION('',(0.707106781187,0.707106781187,-1.110223024625E-16)
  );
#931 = ORIENTED_EDGE('',*,*,#932,.T.);
#932 = EDGE_CURVE('',#925,#933,#935,.T.);
#933 = VERTEX_POINT('',#934);
#934 = CARTESIAN_POINT('',(110.89199512792,133.09514805718,12.));
#935 = LINE('',#936,#937);
#936 = CARTESIAN_POINT('',(110.71100144899,133.27614173612,12.));
#937 = VECTOR('',#938,1.);
#938 = DIRECTION('',(0.707106781187,-0.707106781187,-4.5E-16));
#939 = ORIENTED_EDGE('',*,*,#940,.T.);
#940 = EDGE_CURVE('',#933,#941,#943,.T.);
#941 = VERTEX_POINT('',#942);
#942 = CARTESIAN_POINT('',(106.93219715328,129.13535008254,12.));
#943 = LINE('',#944,#945);
#944 = CARTESIAN_POINT('',(119.39764005777,141.60079298702,12.));
#945 = VECTOR('',#946,1.);
#946 = DIRECTION('',(-0.707106781187,-0.707106781187,1.110223024625E-16)
  );
#947 = ORIENTED_EDGE('',*,*,#948,.T.);
#948 = EDGE_CURVE('',#941,#923,#949,.T.);
#949 = LINE('',#950,#951);
#950 = CARTESIAN_POINT('',(103.71064431524,132.35690292058,12.));
#951 = VECTOR('',#952,1.);
#952 = DIRECTION('',(-0.707106781187,0.707106781187,4.5E-16));
#953 = FACE_BOUND('',#954,.T.);
#954 = EDGE_LOOP('',(#955,#965,#973,#981));
#955 = ORIENTED_EDGE('',*,*,#956,.T.);
#956 = EDGE_CURVE('',#957,#959,#961,.T.);
#957 = VERTEX_POINT('',#958);
#958 = CARTESIAN_POINT('',(92.365797460841,126.7311870265,12.));
#959 = VERTEX_POINT('',#960);
#960 = CARTESIAN_POINT('',(96.325595435485,130.69098500115,12.));
#961 = LINE('',#962,#963);
#962 = CARTESIAN_POINT('',(111.05378003977,145.41916960543,12.));
#963 = VECTOR('',#964,1.);
#964 = DIRECTION('',(0.707106781187,0.707106781187,-1.110223024625E-16)
  );
#965 = ORIENTED_EDGE('',*,*,#966,.T.);
#966 = EDGE_CURVE('',#959,#967,#969,.T.);
#967 = VERTEX_POINT('',#968);
#968 = CARTESIAN_POINT('',(102.40671375369,124.60986668294,12.));
#969 = LINE('',#970,#971);
#970 = CARTESIAN_POINT('',(102.22572007475,124.79086036188,12.));
#971 = VECTOR('',#972,1.);
#972 = DIRECTION('',(0.707106781187,-0.707106781187,-4.5E-16));
#973 = ORIENTED_EDGE('',*,*,#974,.T.);
#974 = EDGE_CURVE('',#967,#975,#977,.T.);
#975 = VERTEX_POINT('',#976);
#976 = CARTESIAN_POINT('',(98.446915779045,120.6500687083,12.));
#977 = LINE('',#978,#979);
#978 = CARTESIAN_POINT('',(115.15499937065,137.3581522999,12.));
#979 = VECTOR('',#980,1.);
#980 = DIRECTION('',(-0.707106781187,-0.707106781187,1.110223024625E-16)
  );
#981 = ORIENTED_EDGE('',*,*,#982,.T.);
#982 = EDGE_CURVE('',#975,#957,#983,.T.);
#983 = LINE('',#984,#985);
#984 = CARTESIAN_POINT('',(95.225362941006,123.87162154634,12.));
#985 = VECTOR('',#986,1.);
#986 = DIRECTION('',(-0.707106781187,0.707106781187,4.5E-16));
#987 = FACE_BOUND('',#988,.T.);
#988 = EDGE_LOOP('',(#989,#999,#1007,#1015));
#989 = ORIENTED_EDGE('',*,*,#990,.T.);
#990 = EDGE_CURVE('',#991,#993,#995,.T.);
#991 = VERTEX_POINT('',#992);
#992 = CARTESIAN_POINT('',(83.880516086602,118.24590565226,12.));
#993 = VERTEX_POINT('',#994);
#994 = CARTESIAN_POINT('',(87.840314061247,122.20570362691,12.));
#995 = LINE('',#996,#997);
#996 = CARTESIAN_POINT('',(106.81113935265,141.17652891831,12.));
#997 = VECTOR('',#998,1.);
#998 = DIRECTION('',(0.707106781187,0.707106781187,-1.110223024625E-16)
  );
#999 = ORIENTED_EDGE('',*,*,#1000,.T.);
#1000 = EDGE_CURVE('',#993,#1001,#1003,.T.);
#1001 = VERTEX_POINT('',#1002);
#1002 = CARTESIAN_POINT('',(93.921432379451,116.1245853087,12.));
#1003 = LINE('',#1004,#1005);
#1004 = CARTESIAN_POINT('',(93.740438700514,116.30557898764,12.));
#1005 = VECTOR('',#1006,1.);
#1006 = DIRECTION('',(0.707106781187,-0.707106781187,-4.5E-16));
#1007 = ORIENTED_EDGE('',*,*,#1008,.T.);
#1008 = EDGE_CURVE('',#1001,#1009,#1011,.T.);
#1009 = VERTEX_POINT('',#1010);
#1010 = CARTESIAN_POINT('',(89.961634404807,112.16478733406,12.));
#1011 = LINE('',#1012,#1013);
#1012 = CARTESIAN_POINT('',(110.91235868353,133.11551161279,12.));
#1013 = VECTOR('',#1014,1.);
#1014 = DIRECTION('',(-0.707106781187,-0.707106781187,1.110223024625E-16
    ));
#1015 = ORIENTED_EDGE('',*,*,#1016,.T.);
#1016 = EDGE_CURVE('',#1009,#991,#1017,.T.);
#1017 = LINE('',#1018,#1019);
#1018 = CARTESIAN_POINT('',(86.740081566767,115.3863401721,12.));
#1019 = VECTOR('',#1020,1.);
#1020 = DIRECTION('',(-0.707106781187,0.707106781187,4.5E-16));
#1021 = FACE_BOUND('',#1022,.T.);
#1022 = EDGE_LOOP('',(#1023,#1033,#1041,#1049,#1057,#1065,#1073,#1081));
#1023 = ORIENTED_EDGE('',*,*,#1024,.T.);
#1024 = EDGE_CURVE('',#1025,#1027,#1029,.T.);
#1025 = VERTEX_POINT('',#1026);
#1026 = CARTESIAN_POINT('',(92.43650813896,105.16443020031,12.));
#1027 = VERTEX_POINT('',#1028);
#1028 = CARTESIAN_POINT('',(98.093362388452,99.507575950825,12.));
#1029 = LINE('',#1030,#1031);
#1030 = CARTESIAN_POINT('',(92.715133867793,104.88580447148,12.));
#1031 = VECTOR('',#1032,1.);
#1032 = DIRECTION('',(0.707106781187,-0.707106781187,-4.5E-16));
#1033 = ORIENTED_EDGE('',*,*,#1034,.T.);
#1034 = EDGE_CURVE('',#1027,#1035,#1037,.T.);
#1035 = VERTEX_POINT('',#1036);
#1036 = CARTESIAN_POINT('',(98.093362388452,96.679148826079,12.));
#1037 = LINE('',#1038,#1039);
#1038 = CARTESIAN_POINT('',(98.093362388452,125.55368603773,12.));
#1039 = VECTOR('',#1040,1.);
#1040 = DIRECTION('',(1.110223024625E-16,-1.,-2.414953770658E-16));
#1041 = ORIENTED_EDGE('',*,*,#1042,.T.);
#1042 = EDGE_CURVE('',#1035,#1043,#1045,.T.);
#1043 = VERTEX_POINT('',#1044);
#1044 = CARTESIAN_POINT('',(79.708586077602,78.294372515228,12.));
#1045 = LINE('',#1046,#1047);
#1046 = CARTESIAN_POINT('',(111.69017614283,110.27596258046,12.));
#1047 = VECTOR('',#1048,1.);
#1048 = DIRECTION('',(-0.707106781187,-0.707106781187,1.110223024625E-16
    ));
#1049 = ORIENTED_EDGE('',*,*,#1050,.T.);
#1050 = EDGE_CURVE('',#1043,#1051,#1053,.T.);
#1051 = VERTEX_POINT('',#1052);
#1052 = CARTESIAN_POINT('',(76.880158952855,78.294372515228,12.));
#1053 = LINE('',#1054,#1055);
#1054 = CARTESIAN_POINT('',(104.19062727861,78.294372515228,12.));
#1055 = VECTOR('',#1056,1.);
#1056 = DIRECTION('',(-1.,-1.110223024625E-16,3.985046229342E-16));
#1057 = ORIENTED_EDGE('',*,*,#1058,.T.);
#1058 = EDGE_CURVE('',#1051,#1059,#1061,.T.);
#1059 = VERTEX_POINT('',#1060);
#1060 = CARTESIAN_POINT('',(71.223304703363,83.951226764721,12.));
#1061 = LINE('',#1062,#1063);
#1062 = CARTESIAN_POINT('',(68.673503307451,86.501028160633,12.));
#1063 = VECTOR('',#1064,1.);
#1064 = DIRECTION('',(-0.707106781187,0.707106781187,4.5E-16));
#1065 = ORIENTED_EDGE('',*,*,#1066,.T.);
#1066 = EDGE_CURVE('',#1059,#1067,#1069,.T.);
#1067 = VERTEX_POINT('',#1068);
#1068 = CARTESIAN_POINT('',(71.223304703363,86.779653889467,12.));
#1069 = LINE('',#1070,#1071);
#1070 = CARTESIAN_POINT('',(71.223304703363,120.60393856942,12.));
#1071 = VECTOR('',#1072,1.);
#1072 = DIRECTION('',(-1.110223024625E-16,1.,2.414953770658E-16));
#1073 = ORIENTED_EDGE('',*,*,#1074,.T.);
#1074 = EDGE_CURVE('',#1067,#1075,#1077,.T.);
#1075 = VERTEX_POINT('',#1076);
#1076 = CARTESIAN_POINT('',(89.608081014213,105.16443020031,12.));
#1077 = LINE('',#1078,#1079);
#1078 = CARTESIAN_POINT('',(112.39728292402,127.95363211012,12.));
#1079 = VECTOR('',#1080,1.);
#1080 = DIRECTION('',(0.707106781187,0.707106781187,-1.110223024625E-16)
  );
#1081 = ORIENTED_EDGE('',*,*,#1082,.T.);
#1082 = EDGE_CURVE('',#1075,#1025,#1083,.T.);
#1083 = LINE('',#1084,#1085);
#1084 = CARTESIAN_POINT('',(111.96880187167,105.16443020031,12.));
#1085 = VECTOR('',#1086,1.);
#1086 = DIRECTION('',(1.,1.110223024625E-16,-3.985046229342E-16));
#1087 = FACE_BOUND('',#1088,.T.);
#1088 = EDGE_LOOP('',(#1089,#1099,#1107,#1115,#1123,#1131,#1139,#1147));
#1089 = ORIENTED_EDGE('',*,*,#1090,.T.);
#1090 = EDGE_CURVE('',#1091,#1093,#1095,.T.);
#1091 = VERTEX_POINT('',#1092);
#1092 = CARTESIAN_POINT('',(65.566450453871,78.294372515228,12.));
#1093 = VERTEX_POINT('',#1094);
#1094 = CARTESIAN_POINT('',(71.223304703363,72.637518265736,12.));
#1095 = LINE('',#1096,#1097);
#1096 = CARTESIAN_POINT('',(65.845076182705,78.015746786395,12.));
#1097 = VECTOR('',#1098,1.);
#1098 = DIRECTION('',(0.707106781187,-0.707106781187,-4.5E-16));
#1099 = ORIENTED_EDGE('',*,*,#1100,.T.);
#1100 = EDGE_CURVE('',#1093,#1101,#1103,.T.);
#1101 = VERTEX_POINT('',#1102);
#1102 = CARTESIAN_POINT('',(71.223304703363,69.80909114099,12.));
#1103 = LINE('',#1104,#1105);
#1104 = CARTESIAN_POINT('',(71.223304703363,112.11865719519,12.));
#1105 = VECTOR('',#1106,1.);
#1106 = DIRECTION('',(1.110223024625E-16,-1.,-2.414953770658E-16));
#1107 = ORIENTED_EDGE('',*,*,#1108,.T.);
#1108 = EDGE_CURVE('',#1101,#1109,#1111,.T.);
#1109 = VERTEX_POINT('',#1110);
#1110 = CARTESIAN_POINT('',(52.838528392513,51.42431483014,12.));
#1111 = LINE('',#1112,#1113);
#1112 = CARTESIAN_POINT('',(98.255147300293,96.84093373792,12.));
#1113 = VECTOR('',#1114,1.);
#1114 = DIRECTION('',(-0.707106781187,-0.707106781187,1.110223024625E-16
    ));
#1115 = ORIENTED_EDGE('',*,*,#1116,.T.);
#1116 = EDGE_CURVE('',#1109,#1117,#1119,.T.);
#1117 = VERTEX_POINT('',#1118);
#1118 = CARTESIAN_POINT('',(50.010101267767,51.42431483014,12.));
#1119 = LINE('',#1120,#1121);
#1120 = CARTESIAN_POINT('',(90.755598436075,51.42431483014,12.));
#1121 = VECTOR('',#1122,1.);
#1122 = DIRECTION('',(-1.,-1.110223024625E-16,3.985046229342E-16));
#1123 = ORIENTED_EDGE('',*,*,#1124,.T.);
#1124 = EDGE_CURVE('',#1117,#1125,#1127,.T.);
#1125 = VERTEX_POINT('',#1126);
#1126 = CARTESIAN_POINT('',(44.353247018274,57.081169079632,12.));
#1127 = LINE('',#1128,#1129);
#1128 = CARTESIAN_POINT('',(41.803445622362,59.630970475544,12.));
#1129 = VECTOR('',#1130,1.);
#1130 = DIRECTION('',(-0.707106781187,0.707106781187,4.5E-16));
#1131 = ORIENTED_EDGE('',*,*,#1132,.T.);
#1132 = EDGE_CURVE('',#1125,#1133,#1135,.T.);
#1133 = VERTEX_POINT('',#1134);
#1134 = CARTESIAN_POINT('',(44.353247018274,59.909596204378,12.));
#1135 = LINE('',#1136,#1137);
#1136 = CARTESIAN_POINT('',(44.353247018274,107.16890972688,12.));
#1137 = VECTOR('',#1138,1.);
#1138 = DIRECTION('',(-1.110223024625E-16,1.,2.414953770658E-16));
#1139 = ORIENTED_EDGE('',*,*,#1140,.T.);
#1140 = EDGE_CURVE('',#1133,#1141,#1143,.T.);
#1141 = VERTEX_POINT('',#1142);
#1142 = CARTESIAN_POINT('',(62.738023329125,78.294372515228,12.));
#1143 = LINE('',#1144,#1145);
#1144 = CARTESIAN_POINT('',(98.96225408148,114.51860326758,12.));
#1145 = VECTOR('',#1146,1.);
#1146 = DIRECTION('',(0.707106781187,0.707106781187,-1.110223024625E-16)
  );
#1147 = ORIENTED_EDGE('',*,*,#1148,.T.);
#1148 = EDGE_CURVE('',#1141,#1091,#1149,.T.);
#1149 = LINE('',#1150,#1151);
#1150 = CARTESIAN_POINT('',(98.533773029127,78.294372515228,12.));
#1151 = VECTOR('',#1152,1.);
#1152 = DIRECTION('',(1.,1.110223024625E-16,-3.985046229342E-16));
#1153 = FACE_BOUND('',#1154,.T.);
#1154 = EDGE_LOOP('',(#1155,#1165,#1173,#1181));
#1155 = ORIENTED_EDGE('',*,*,#1156,.T.);
#1156 = EDGE_CURVE('',#1157,#1159,#1161,.T.);
#1157 = VERTEX_POINT('',#1158);
#1158 = CARTESIAN_POINT('',(75.395234712364,109.76062427803,12.));
#1159 = VERTEX_POINT('',#1160);
#1160 = CARTESIAN_POINT('',(79.355032687008,113.72042225267,12.));
#1161 = LINE('',#1162,#1163);
#1162 = CARTESIAN_POINT('',(102.56849866553,136.93388823119,12.));
#1163 = VECTOR('',#1164,1.);
#1164 = DIRECTION('',(0.707106781187,0.707106781187,-1.110223024625E-16)
  );
#1165 = ORIENTED_EDGE('',*,*,#1166,.T.);
#1166 = EDGE_CURVE('',#1159,#1167,#1169,.T.);
#1167 = VERTEX_POINT('',#1168);
#1168 = CARTESIAN_POINT('',(85.436151005213,107.63930393447,12.));
#1169 = LINE('',#1170,#1171);
#1170 = CARTESIAN_POINT('',(85.255157326275,107.8202976134,12.));
#1171 = VECTOR('',#1172,1.);
#1172 = DIRECTION('',(0.707106781187,-0.707106781187,-4.5E-16));
#1173 = ORIENTED_EDGE('',*,*,#1174,.T.);
#1174 = EDGE_CURVE('',#1167,#1175,#1177,.T.);
#1175 = VERTEX_POINT('',#1176);
#1176 = CARTESIAN_POINT('',(81.476353030568,103.67950595982,12.));
#1177 = LINE('',#1178,#1179);
#1178 = CARTESIAN_POINT('',(106.66971799641,128.87287092567,12.));
#1179 = VECTOR('',#1180,1.);
#1180 = DIRECTION('',(-0.707106781187,-0.707106781187,1.110223024625E-16
    ));
#1181 = ORIENTED_EDGE('',*,*,#1182,.T.);
#1182 = EDGE_CURVE('',#1175,#1157,#1183,.T.);
#1183 = LINE('',#1184,#1185);
#1184 = CARTESIAN_POINT('',(78.254800192528,106.90105879786,12.));
#1185 = VECTOR('',#1186,1.);
#1186 = DIRECTION('',(-0.707106781187,0.707106781187,4.5E-16));
#1187 = FACE_BOUND('',#1188,.T.);
#1188 = EDGE_LOOP('',(#1189,#1199,#1207,#1215));
#1189 = ORIENTED_EDGE('',*,*,#1190,.T.);
#1190 = EDGE_CURVE('',#1191,#1193,#1195,.T.);
#1191 = VERTEX_POINT('',#1192);
#1192 = CARTESIAN_POINT('',(66.909953338125,101.27534290379,12.));
#1193 = VERTEX_POINT('',#1194);
#1194 = CARTESIAN_POINT('',(70.86975131277,105.23514087843,12.));
#1195 = LINE('',#1196,#1197);
#1196 = CARTESIAN_POINT('',(98.325857978412,132.69124754407,12.));
#1197 = VECTOR('',#1198,1.);
#1198 = DIRECTION('',(0.707106781187,0.707106781187,-1.110223024625E-16)
  );
#1199 = ORIENTED_EDGE('',*,*,#1200,.T.);
#1200 = EDGE_CURVE('',#1193,#1201,#1203,.T.);
#1201 = VERTEX_POINT('',#1202);
#1202 = CARTESIAN_POINT('',(76.950869630974,99.154022560232,12.));
#1203 = LINE('',#1204,#1205);
#1204 = CARTESIAN_POINT('',(76.769875952037,99.335016239169,12.));
#1205 = VECTOR('',#1206,1.);
#1206 = DIRECTION('',(0.707106781187,-0.707106781187,-4.5E-16));
#1207 = ORIENTED_EDGE('',*,*,#1208,.T.);
#1208 = EDGE_CURVE('',#1201,#1209,#1211,.T.);
#1209 = VERTEX_POINT('',#1210);
#1210 = CARTESIAN_POINT('',(72.991071656329,95.194224585587,12.));
#1211 = LINE('',#1212,#1213);
#1212 = CARTESIAN_POINT('',(102.42707730929,124.63023023855,12.));
#1213 = VECTOR('',#1214,1.);
#1214 = DIRECTION('',(-0.707106781187,-0.707106781187,1.110223024625E-16
    ));
#1215 = ORIENTED_EDGE('',*,*,#1216,.T.);
#1216 = EDGE_CURVE('',#1209,#1191,#1217,.T.);
#1217 = LINE('',#1218,#1219);
#1218 = CARTESIAN_POINT('',(69.76951881829,98.415777423627,12.));
#1219 = VECTOR('',#1220,1.);
#1220 = DIRECTION('',(-0.707106781187,0.707106781187,4.5E-16));
#1221 = FACE_BOUND('',#1222,.T.);
#1222 = EDGE_LOOP('',(#1223,#1233,#1241,#1249));
#1223 = ORIENTED_EDGE('',*,*,#1224,.T.);
#1224 = EDGE_CURVE('',#1225,#1227,#1229,.T.);
#1225 = VERTEX_POINT('',#1226);
#1226 = CARTESIAN_POINT('',(58.424671963887,92.790061529553,12.));
#1227 = VERTEX_POINT('',#1228);
#1228 = CARTESIAN_POINT('',(62.384469938531,96.749859504197,12.));
#1229 = LINE('',#1230,#1231);
#1230 = CARTESIAN_POINT('',(94.083217291293,128.44860685695,12.));
#1231 = VECTOR('',#1232,1.);
#1232 = DIRECTION('',(0.707106781187,0.707106781187,-1.110223024625E-16)
  );
#1233 = ORIENTED_EDGE('',*,*,#1234,.T.);
#1234 = EDGE_CURVE('',#1227,#1235,#1237,.T.);
#1235 = VERTEX_POINT('',#1236);
#1236 = CARTESIAN_POINT('',(68.465588256736,90.668741185993,12.));
#1237 = LINE('',#1238,#1239);
#1238 = CARTESIAN_POINT('',(68.284594577798,90.84973486493,12.));
#1239 = VECTOR('',#1240,1.);
#1240 = DIRECTION('',(0.707106781187,-0.707106781187,-4.5E-16));
#1241 = ORIENTED_EDGE('',*,*,#1242,.T.);
#1242 = EDGE_CURVE('',#1235,#1243,#1245,.T.);
#1243 = VERTEX_POINT('',#1244);
#1244 = CARTESIAN_POINT('',(64.505790282091,86.708943211348,12.));
#1245 = LINE('',#1246,#1247);
#1246 = CARTESIAN_POINT('',(98.184436622175,120.38758955143,12.));
#1247 = VECTOR('',#1248,1.);
#1248 = DIRECTION('',(-0.707106781187,-0.707106781187,1.110223024625E-16
    ));
#1249 = ORIENTED_EDGE('',*,*,#1250,.T.);
#1250 = EDGE_CURVE('',#1243,#1225,#1251,.T.);
#1251 = LINE('',#1252,#1253);
#1252 = CARTESIAN_POINT('',(61.284237444051,89.930496049388,12.));
#1253 = VECTOR('',#1254,1.);
#1254 = DIRECTION('',(-0.707106781187,0.707106781187,4.5E-16));
#1255 = FACE_BOUND('',#1256,.T.);
#1256 = EDGE_LOOP('',(#1257,#1267,#1275,#1283));
#1257 = ORIENTED_EDGE('',*,*,#1258,.T.);
#1258 = EDGE_CURVE('',#1259,#1261,#1263,.T.);
#1259 = VERTEX_POINT('',#1260);
#1260 = CARTESIAN_POINT('',(49.939390589648,84.304780155314,12.));
#1261 = VERTEX_POINT('',#1262);
#1262 = CARTESIAN_POINT('',(53.899188564293,88.264578129959,12.));
#1263 = LINE('',#1264,#1265);
#1264 = CARTESIAN_POINT('',(89.840576604173,124.20596616983,12.));
#1265 = VECTOR('',#1266,1.);
#1266 = DIRECTION('',(0.707106781187,0.707106781187,-1.110223024625E-16)
  );
#1267 = ORIENTED_EDGE('',*,*,#1268,.T.);
#1268 = EDGE_CURVE('',#1261,#1269,#1271,.T.);
#1269 = VERTEX_POINT('',#1270);
#1270 = CARTESIAN_POINT('',(59.980306882497,82.183459811754,12.));
#1271 = LINE('',#1272,#1273);
#1272 = CARTESIAN_POINT('',(59.79931320356,82.364453490692,12.));
#1273 = VECTOR('',#1274,1.);
#1274 = DIRECTION('',(0.707106781187,-0.707106781187,-4.5E-16));
#1275 = ORIENTED_EDGE('',*,*,#1276,.T.);
#1276 = EDGE_CURVE('',#1269,#1277,#1279,.T.);
#1277 = VERTEX_POINT('',#1278);
#1278 = CARTESIAN_POINT('',(56.020508907852,78.22366183711,12.));
#1279 = LINE('',#1280,#1281);
#1280 = CARTESIAN_POINT('',(93.941795935055,116.14494886431,12.));
#1281 = VECTOR('',#1282,1.);
#1282 = DIRECTION('',(-0.707106781187,-0.707106781187,1.110223024625E-16
    ));
#1283 = ORIENTED_EDGE('',*,*,#1284,.T.);
#1284 = EDGE_CURVE('',#1277,#1259,#1285,.T.);
#1285 = LINE('',#1286,#1287);
#1286 = CARTESIAN_POINT('',(52.798956069813,81.445214675149,12.));
#1287 = VECTOR('',#1288,1.);
#1288 = DIRECTION('',(-0.707106781187,0.707106781187,4.5E-16));
#1289 = PLANE('',#1290);
#1290 = AXIS2_PLACEMENT_3D('',#1291,#1292,#1293);
#1291 = CARTESIAN_POINT('',(131.50109560438,154.42822324939,12.));
#1292 = DIRECTION('',(-3.967026744681E-16,2.396934285998E-16,-1.));
#1293 = DIRECTION('',(0.707106781187,-0.707106781187,-4.5E-16));
#1294 = ADVANCED_FACE('',(#1295,#1394,#1428,#1462,#1496,#1562,#1628,
    #1662,#1696,#1722,#1756,#1822,#1856,#1890,#1924,#1958,#1992,#2058,
    #2124,#2158,#2192,#2226),#2260,.T.);
#1295 = FACE_BOUND('',#1296,.F.);
#1296 = EDGE_LOOP('',(#1297,#1305,#1313,#1321,#1329,#1337,#1345,#1353,
    #1361,#1369,#1377,#1385,#1391,#1392,#1393));
#1297 = ORIENTED_EDGE('',*,*,#1298,.T.);
#1298 = EDGE_CURVE('',#103,#1299,#1301,.T.);
#1299 = VERTEX_POINT('',#1300);
#1300 = CARTESIAN_POINT('',(248.,235.27207793864,5.684341886081E-14));
#1301 = LINE('',#1302,#1303);
#1302 = CARTESIAN_POINT('',(248.,232.44365081389,8.526512829121E-14));
#1303 = VECTOR('',#1304,1.);
#1304 = DIRECTION('',(7.379434555814E-32,1.,8.614953770658E-16));
#1305 = ORIENTED_EDGE('',*,*,#1306,.T.);
#1306 = EDGE_CURVE('',#1299,#1307,#1309,.T.);
#1307 = VERTEX_POINT('',#1308);
#1308 = CARTESIAN_POINT('',(243.75735931288,239.51471862576,
    5.684341886081E-14));
#1309 = LINE('',#1310,#1311);
#1310 = CARTESIAN_POINT('',(248.,235.27207793864,8.526512829121E-14));
#1311 = VECTOR('',#1312,1.);
#1312 = DIRECTION('',(-0.707106781187,0.707106781187,8.9E-16));
#1313 = ORIENTED_EDGE('',*,*,#1314,.T.);
#1314 = EDGE_CURVE('',#1307,#1315,#1317,.T.);
#1315 = VERTEX_POINT('',#1316);
#1316 = CARTESIAN_POINT('',(221.12994231491,248.,5.684341886081E-14));
#1317 = LINE('',#1318,#1319);
#1318 = CARTESIAN_POINT('',(243.75735931288,239.51471862576,
    8.526512829121E-14));
#1319 = VECTOR('',#1320,1.);
#1320 = DIRECTION('',(-0.936329177569,0.351123441588,6.659413556421E-16)
  );
#1321 = ORIENTED_EDGE('',*,*,#1322,.T.);
#1322 = EDGE_CURVE('',#1315,#1323,#1325,.T.);
#1323 = VERTEX_POINT('',#1324);
#1324 = CARTESIAN_POINT('',(154.66190488337,240.92893218813,
    5.684341886081E-14));
#1325 = LINE('',#1326,#1327);
#1326 = CARTESIAN_POINT('',(221.12994231491,248.,1.136868377216E-13));
#1327 = VECTOR('',#1328,1.);
#1328 = DIRECTION('',(-0.994388913179,-0.105786054594,2.963688210066E-16
    ));
#1329 = ORIENTED_EDGE('',*,*,#1330,.T.);
#1330 = EDGE_CURVE('',#1323,#1331,#1333,.T.);
#1331 = VERTEX_POINT('',#1332);
#1332 = CARTESIAN_POINT('',(119.30656582404,205.5735931288,
    5.684341886081E-14));
#1333 = LINE('',#1334,#1335);
#1334 = CARTESIAN_POINT('',(154.66190488337,240.92893218813,
    1.136868377216E-13));
#1335 = VECTOR('',#1336,1.);
#1336 = DIRECTION('',(-0.707106781187,-0.707106781187,
    -3.289776975375E-16));
#1337 = ORIENTED_EDGE('',*,*,#1338,.T.);
#1338 = EDGE_CURVE('',#1331,#1339,#1341,.T.);
#1339 = VERTEX_POINT('',#1340);
#1340 = CARTESIAN_POINT('',(119.30656582404,202.74516600406,
    5.684341886081E-14));
#1341 = LINE('',#1342,#1343);
#1342 = CARTESIAN_POINT('',(119.30656582404,205.5735931288,
    1.136868377216E-13));
#1343 = VECTOR('',#1344,1.);
#1344 = DIRECTION('',(-7.379434555814E-32,-1.,-8.614953770658E-16));
#1345 = ORIENTED_EDGE('',*,*,#1346,.T.);
#1346 = EDGE_CURVE('',#1339,#1347,#1349,.T.);
#1347 = VERTEX_POINT('',#1348);
#1348 = CARTESIAN_POINT('',(120.72077938642,201.33095244168,
    5.684341886081E-14));
#1349 = LINE('',#1350,#1351);
#1350 = CARTESIAN_POINT('',(119.30656582404,202.74516600406,
    1.136868377216E-13));
#1351 = VECTOR('',#1352,1.);
#1352 = DIRECTION('',(0.707106781187,-0.707106781187,-8.9E-16));
#1353 = ORIENTED_EDGE('',*,*,#1354,.T.);
#1354 = EDGE_CURVE('',#1347,#1355,#1357,.T.);
#1355 = VERTEX_POINT('',#1356);
#1356 = CARTESIAN_POINT('',(123.54920651116,201.33095244168,
    5.684341886081E-14));
#1357 = LINE('',#1358,#1359);
#1358 = CARTESIAN_POINT('',(120.72077938642,201.33095244168,
    8.526512829121E-14));
#1359 = VECTOR('',#1360,1.);
#1360 = DIRECTION('',(1.,-2.43364331096E-32,-3.885046229342E-16));
#1361 = ORIENTED_EDGE('',*,*,#1362,.T.);
#1362 = EDGE_CURVE('',#1355,#1363,#1365,.T.);
#1363 = VERTEX_POINT('',#1364);
#1364 = CARTESIAN_POINT('',(140.51976925964,218.30151519016,
    2.84217094304E-14));
#1365 = LINE('',#1366,#1367);
#1366 = CARTESIAN_POINT('',(123.54920651116,201.33095244168,
    8.526512829121E-14));
#1367 = VECTOR('',#1368,1.);
#1368 = DIRECTION('',(0.707106781187,0.707106781187,3.289776975375E-16)
  );
#1369 = ORIENTED_EDGE('',*,*,#1370,.F.);
#1370 = EDGE_CURVE('',#1371,#1363,#1373,.T.);
#1371 = VERTEX_POINT('',#1372);
#1372 = CARTESIAN_POINT('',(160.31875913286,198.50252531694,
    2.84217094304E-14));
#1373 = LINE('',#1374,#1375);
#1374 = CARTESIAN_POINT('',(160.31875913286,198.50252531694,
    2.84217094304E-14));
#1375 = VECTOR('',#1376,1.);
#1376 = DIRECTION('',(-0.707106781187,0.707106781187,0.));
#1377 = ORIENTED_EDGE('',*,*,#1378,.T.);
#1378 = EDGE_CURVE('',#1371,#1379,#1381,.T.);
#1379 = VERTEX_POINT('',#1380);
#1380 = CARTESIAN_POINT('',(16.068975770812,54.252741954886,
    2.84217094304E-14));
#1381 = LINE('',#1382,#1383);
#1382 = CARTESIAN_POINT('',(170.21825406948,208.40202025355,
    8.526512829121E-14));
#1383 = VECTOR('',#1384,1.);
#1384 = DIRECTION('',(-0.707106781187,-0.707106781187,
    -3.289776975375E-16));
#1385 = ORIENTED_EDGE('',*,*,#1386,.T.);
#1386 = EDGE_CURVE('',#1379,#64,#1387,.T.);
#1387 = LINE('',#1388,#1389);
#1388 = CARTESIAN_POINT('',(16.068975770812,54.252741954886,
    2.84217094304E-14));
#1389 = VECTOR('',#1390,1.);
#1390 = DIRECTION('',(-7.379434555814E-32,-1.,-8.614953770658E-16));
#1391 = ORIENTED_EDGE('',*,*,#71,.T.);
#1392 = ORIENTED_EDGE('',*,*,#31,.T.);
#1393 = ORIENTED_EDGE('',*,*,#110,.T.);
#1394 = FACE_BOUND('',#1395,.F.);
#1395 = EDGE_LOOP('',(#1396,#1406,#1414,#1422));
#1396 = ORIENTED_EDGE('',*,*,#1397,.T.);
#1397 = EDGE_CURVE('',#1398,#1400,#1402,.T.);
#1398 = VERTEX_POINT('',#1399);
#1399 = CARTESIAN_POINT('',(192.13856428626,209.10912703474,
    2.84217094304E-14));
#1400 = VERTEX_POINT('',#1401);
#1401 = CARTESIAN_POINT('',(218.30151519016,235.27207793864,
    2.84217094304E-14));
#1402 = LINE('',#1403,#1404);
#1403 = CARTESIAN_POINT('',(176.3904466214,193.36100936988,
    2.84217094304E-14));
#1404 = VECTOR('',#1405,1.);
#1405 = DIRECTION('',(0.707106781187,0.707106781187,-1.110223024625E-16)
  );
#1406 = ORIENTED_EDGE('',*,*,#1407,.T.);
#1407 = EDGE_CURVE('',#1400,#1408,#1410,.T.);
#1408 = VERTEX_POINT('',#1409);
#1409 = CARTESIAN_POINT('',(228.90811690796,230.32233047033,
    2.84217094304E-14));
#1410 = LINE('',#1411,#1412);
#1411 = CARTESIAN_POINT('',(203.45611228185,242.19993262918,
    2.84217094304E-14));
#1412 = VECTOR('',#1413,1.);
#1413 = DIRECTION('',(0.906183139995,-0.422885465331,-4.579411017145E-16
    ));
#1414 = ORIENTED_EDGE('',*,*,#1415,.T.);
#1415 = EDGE_CURVE('',#1408,#1416,#1418,.T.);
#1416 = VERTEX_POINT('',#1417);
#1417 = CARTESIAN_POINT('',(199.91673887931,201.33095244168,
    2.84217094304E-14));
#1418 = LINE('',#1419,#1420);
#1419 = CARTESIAN_POINT('',(171.0871457625,172.50135932488,
    2.84217094304E-14));
#1420 = VECTOR('',#1421,1.);
#1421 = DIRECTION('',(-0.707106781187,-0.707106781187,1.110223024625E-16
    ));
#1422 = ORIENTED_EDGE('',*,*,#1423,.T.);
#1423 = EDGE_CURVE('',#1416,#1398,#1424,.T.);
#1424 = LINE('',#1425,#1426);
#1425 = CARTESIAN_POINT('',(190.64942306213,210.59826825887,
    2.84217094304E-14));
#1426 = VECTOR('',#1427,1.);
#1427 = DIRECTION('',(-0.707106781187,0.707106781187,4.5E-16));
#1428 = FACE_BOUND('',#1429,.F.);
#1429 = EDGE_LOOP('',(#1430,#1440,#1448,#1456));
#1430 = ORIENTED_EDGE('',*,*,#1431,.T.);
#1431 = EDGE_CURVE('',#1432,#1434,#1436,.T.);
#1432 = VERTEX_POINT('',#1433);
#1433 = CARTESIAN_POINT('',(208.33130957543,242.6966991411,
    2.84217094304E-14));
#1434 = VERTEX_POINT('',#1435);
#1435 = CARTESIAN_POINT('',(212.29110755007,246.65649711574,
    2.84217094304E-14));
#1436 = LINE('',#1437,#1438);
#1437 = CARTESIAN_POINT('',(168.10712686126,202.47251642693,
    2.84217094304E-14));
#1438 = VECTOR('',#1439,1.);
#1439 = DIRECTION('',(0.707106781187,0.707106781187,-1.110223024625E-16)
  );
#1440 = ORIENTED_EDGE('',*,*,#1441,.T.);
#1441 = EDGE_CURVE('',#1434,#1442,#1444,.T.);
#1442 = VERTEX_POINT('',#1443);
#1443 = CARTESIAN_POINT('',(218.37222586828,240.57537879754,
    2.84217094304E-14));
#1444 = LINE('',#1445,#1446);
#1445 = CARTESIAN_POINT('',(218.4994197031,240.44818496271,
    2.84217094304E-14));
#1446 = VECTOR('',#1447,1.);
#1447 = DIRECTION('',(0.707106781187,-0.707106781187,-4.1E-16));
#1448 = ORIENTED_EDGE('',*,*,#1449,.T.);
#1449 = EDGE_CURVE('',#1442,#1450,#1452,.T.);
#1450 = VERTEX_POINT('',#1451);
#1451 = CARTESIAN_POINT('',(214.41242789363,236.61558082289,
    2.84217094304E-14));
#1452 = LINE('',#1453,#1454);
#1453 = CARTESIAN_POINT('',(172.20834619214,194.4114991214,
    2.84217094304E-14));
#1454 = VECTOR('',#1455,1.);
#1455 = DIRECTION('',(-0.707106781187,-0.707106781187,1.110223024625E-16
    ));
#1456 = ORIENTED_EDGE('',*,*,#1457,.T.);
#1457 = EDGE_CURVE('',#1450,#1432,#1458,.T.);
#1458 = LINE('',#1459,#1460);
#1459 = CARTESIAN_POINT('',(211.49906256935,239.52894614717,
    2.84217094304E-14));
#1460 = VECTOR('',#1461,1.);
#1461 = DIRECTION('',(-0.707106781187,0.707106781187,4.1E-16));
#1462 = FACE_BOUND('',#1463,.F.);
#1463 = EDGE_LOOP('',(#1464,#1474,#1482,#1490));
#1464 = ORIENTED_EDGE('',*,*,#1465,.T.);
#1465 = EDGE_CURVE('',#1466,#1468,#1470,.T.);
#1466 = VERTEX_POINT('',#1467);
#1467 = CARTESIAN_POINT('',(191.36074682695,225.72613639262,
    2.84217094304E-14));
#1468 = VERTEX_POINT('',#1469);
#1469 = CARTESIAN_POINT('',(195.3205448016,229.68593436726,
    2.84217094304E-14));
#1470 = LINE('',#1471,#1472);
#1471 = CARTESIAN_POINT('',(159.62184548702,193.98723505269,
    2.84217094304E-14));
#1472 = VECTOR('',#1473,1.);
#1473 = DIRECTION('',(0.707106781187,0.707106781187,-1.110223024625E-16)
  );
#1474 = ORIENTED_EDGE('',*,*,#1475,.T.);
#1475 = EDGE_CURVE('',#1468,#1476,#1478,.T.);
#1476 = VERTEX_POINT('',#1477);
#1477 = CARTESIAN_POINT('',(201.4016631198,223.60481604906,
    2.84217094304E-14));
#1478 = LINE('',#1479,#1480);
#1479 = CARTESIAN_POINT('',(201.52885695462,223.47762221424,
    2.84217094304E-14));
#1480 = VECTOR('',#1481,1.);
#1481 = DIRECTION('',(0.707106781187,-0.707106781187,-4.1E-16));
#1482 = ORIENTED_EDGE('',*,*,#1483,.T.);
#1483 = EDGE_CURVE('',#1476,#1484,#1486,.T.);
#1484 = VERTEX_POINT('',#1485);
#1485 = CARTESIAN_POINT('',(197.44186514516,219.64501807441,
    2.84217094304E-14));
#1486 = LINE('',#1487,#1488);
#1487 = CARTESIAN_POINT('',(163.7230648179,185.92621774716,
    2.84217094304E-14));
#1488 = VECTOR('',#1489,1.);
#1489 = DIRECTION('',(-0.707106781187,-0.707106781187,1.110223024625E-16
    ));
#1490 = ORIENTED_EDGE('',*,*,#1491,.T.);
#1491 = EDGE_CURVE('',#1484,#1466,#1492,.T.);
#1492 = LINE('',#1493,#1494);
#1493 = CARTESIAN_POINT('',(194.52849982088,222.55838339869,
    2.84217094304E-14));
#1494 = VECTOR('',#1495,1.);
#1495 = DIRECTION('',(-0.707106781187,0.707106781187,4.1E-16));
#1496 = FACE_BOUND('',#1497,.F.);
#1497 = EDGE_LOOP('',(#1498,#1508,#1516,#1524,#1532,#1540,#1548,#1556));
#1498 = ORIENTED_EDGE('',*,*,#1499,.T.);
#1499 = EDGE_CURVE('',#1500,#1502,#1504,.T.);
#1500 = VERTEX_POINT('',#1501);
#1501 = CARTESIAN_POINT('',(173.04668119422,185.77460325558,
    2.84217094304E-14));
#1502 = VERTEX_POINT('',#1503);
#1503 = CARTESIAN_POINT('',(178.70353544371,180.11774900609,
    2.84217094304E-14));
#1504 = LINE('',#1505,#1506);
#1505 = CARTESIAN_POINT('',(173.32530692306,185.49597752675,
    2.84217094304E-14));
#1506 = VECTOR('',#1507,1.);
#1507 = DIRECTION('',(0.707106781187,-0.707106781187,-4.5E-16));
#1508 = ORIENTED_EDGE('',*,*,#1509,.T.);
#1509 = EDGE_CURVE('',#1502,#1510,#1512,.T.);
#1510 = VERTEX_POINT('',#1511);
#1511 = CARTESIAN_POINT('',(178.70353544371,177.28932188134,
    2.84217094304E-14));
#1512 = LINE('',#1513,#1514);
#1513 = CARTESIAN_POINT('',(178.70353544371,165.85877256536,
    2.84217094304E-14));
#1514 = VECTOR('',#1515,1.);
#1515 = DIRECTION('',(1.110223024625E-16,-1.,-2.414953770658E-16));
#1516 = ORIENTED_EDGE('',*,*,#1517,.T.);
#1517 = EDGE_CURVE('',#1510,#1518,#1520,.T.);
#1518 = VERTEX_POINT('',#1519);
#1519 = CARTESIAN_POINT('',(160.31875913286,158.90454557049,
    2.84217094304E-14));
#1520 = LINE('',#1521,#1522);
#1521 = CARTESIAN_POINT('',(151.99526267047,150.58104910809,
    2.84217094304E-14));
#1522 = VECTOR('',#1523,1.);
#1523 = DIRECTION('',(-0.707106781187,-0.707106781187,1.110223024625E-16
    ));
#1524 = ORIENTED_EDGE('',*,*,#1525,.T.);
#1525 = EDGE_CURVE('',#1518,#1526,#1528,.T.);
#1526 = VERTEX_POINT('',#1527);
#1527 = CARTESIAN_POINT('',(157.49033200812,158.90454557049,
    2.84217094304E-14));
#1528 = LINE('',#1529,#1530);
#1529 = CARTESIAN_POINT('',(144.49571380625,158.90454557049,
    2.84217094304E-14));
#1530 = VECTOR('',#1531,1.);
#1531 = DIRECTION('',(-1.,-1.110223024625E-16,3.985046229342E-16));
#1532 = ORIENTED_EDGE('',*,*,#1533,.T.);
#1533 = EDGE_CURVE('',#1526,#1534,#1536,.T.);
#1534 = VERTEX_POINT('',#1535);
#1535 = CARTESIAN_POINT('',(151.83347775862,164.56139981998,
    2.84217094304E-14));
#1536 = LINE('',#1537,#1538);
#1537 = CARTESIAN_POINT('',(149.28367636271,167.1112012159,
    2.84217094304E-14));
#1538 = VECTOR('',#1539,1.);
#1539 = DIRECTION('',(-0.707106781187,0.707106781187,4.5E-16));
#1540 = ORIENTED_EDGE('',*,*,#1541,.T.);
#1541 = EDGE_CURVE('',#1534,#1542,#1544,.T.);
#1542 = VERTEX_POINT('',#1543);
#1543 = CARTESIAN_POINT('',(151.83347775862,167.38982694473,
    2.84217094304E-14));
#1544 = LINE('',#1545,#1546);
#1545 = CARTESIAN_POINT('',(151.83347775862,160.90902509706,
    2.84217094304E-14));
#1546 = VECTOR('',#1547,1.);
#1547 = DIRECTION('',(-1.110223024625E-16,1.,2.414953770658E-16));
#1548 = ORIENTED_EDGE('',*,*,#1549,.T.);
#1549 = EDGE_CURVE('',#1542,#1550,#1552,.T.);
#1550 = VERTEX_POINT('',#1551);
#1551 = CARTESIAN_POINT('',(170.21825406948,185.77460325558,
    2.84217094304E-14));
#1552 = LINE('',#1553,#1554);
#1553 = CARTESIAN_POINT('',(152.70236945165,168.25871863776,
    2.84217094304E-14));
#1554 = VECTOR('',#1555,1.);
#1555 = DIRECTION('',(0.707106781187,0.707106781187,-1.110223024625E-16)
  );
#1556 = ORIENTED_EDGE('',*,*,#1557,.T.);
#1557 = EDGE_CURVE('',#1550,#1500,#1558,.T.);
#1558 = LINE('',#1559,#1560);
#1559 = CARTESIAN_POINT('',(152.2738883993,185.77460325558,
    2.84217094304E-14));
#1560 = VECTOR('',#1561,1.);
#1561 = DIRECTION('',(1.,1.110223024625E-16,-3.985046229342E-16));
#1562 = FACE_BOUND('',#1563,.F.);
#1563 = EDGE_LOOP('',(#1564,#1574,#1582,#1590,#1598,#1606,#1614,#1622));
#1564 = ORIENTED_EDGE('',*,*,#1565,.T.);
#1565 = EDGE_CURVE('',#1566,#1568,#1570,.T.);
#1566 = VERTEX_POINT('',#1567);
#1567 = CARTESIAN_POINT('',(146.17662350913,158.90454557049,
    2.84217094304E-14));
#1568 = VERTEX_POINT('',#1569);
#1569 = CARTESIAN_POINT('',(151.83347775862,153.247691321,
    2.84217094304E-14));
#1570 = LINE('',#1571,#1572);
#1571 = CARTESIAN_POINT('',(146.45524923797,158.62591984166,
    2.84217094304E-14));
#1572 = VECTOR('',#1573,1.);
#1573 = DIRECTION('',(0.707106781187,-0.707106781187,-4.5E-16));
#1574 = ORIENTED_EDGE('',*,*,#1575,.T.);
#1575 = EDGE_CURVE('',#1568,#1576,#1578,.T.);
#1576 = VERTEX_POINT('',#1577);
#1577 = CARTESIAN_POINT('',(151.83347775862,150.41926419625,
    2.84217094304E-14));
#1578 = LINE('',#1579,#1580);
#1579 = CARTESIAN_POINT('',(151.83347775862,152.42374372282,
    2.84217094304E-14));
#1580 = VECTOR('',#1581,1.);
#1581 = DIRECTION('',(1.110223024625E-16,-1.,-2.414953770658E-16));
#1582 = ORIENTED_EDGE('',*,*,#1583,.T.);
#1583 = EDGE_CURVE('',#1576,#1584,#1586,.T.);
#1584 = VERTEX_POINT('',#1585);
#1585 = CARTESIAN_POINT('',(133.44870144777,132.0344878854,
    2.84217094304E-14));
#1586 = LINE('',#1587,#1588);
#1587 = CARTESIAN_POINT('',(138.56023382792,137.14602026555,
    2.84217094304E-14));
#1588 = VECTOR('',#1589,1.);
#1589 = DIRECTION('',(-0.707106781187,-0.707106781187,1.110223024625E-16
    ));
#1590 = ORIENTED_EDGE('',*,*,#1591,.T.);
#1591 = EDGE_CURVE('',#1584,#1592,#1594,.T.);
#1592 = VERTEX_POINT('',#1593);
#1593 = CARTESIAN_POINT('',(130.62027432303,132.0344878854,
    2.84217094304E-14));
#1594 = LINE('',#1595,#1596);
#1595 = CARTESIAN_POINT('',(131.0606849637,132.0344878854,
    2.84217094304E-14));
#1596 = VECTOR('',#1597,1.);
#1597 = DIRECTION('',(-1.,-1.110223024625E-16,3.985046229342E-16));
#1598 = ORIENTED_EDGE('',*,*,#1599,.T.);
#1599 = EDGE_CURVE('',#1592,#1600,#1602,.T.);
#1600 = VERTEX_POINT('',#1601);
#1601 = CARTESIAN_POINT('',(124.96342007354,137.69134213489,
    2.84217094304E-14));
#1602 = LINE('',#1603,#1604);
#1603 = CARTESIAN_POINT('',(122.41361867762,140.24114353081,
    2.84217094304E-14));
#1604 = VECTOR('',#1605,1.);
#1605 = DIRECTION('',(-0.707106781187,0.707106781187,4.5E-16));
#1606 = ORIENTED_EDGE('',*,*,#1607,.T.);
#1607 = EDGE_CURVE('',#1600,#1608,#1610,.T.);
#1608 = VERTEX_POINT('',#1609);
#1609 = CARTESIAN_POINT('',(124.96342007354,140.51976925964,
    2.84217094304E-14));
#1610 = LINE('',#1611,#1612);
#1611 = CARTESIAN_POINT('',(124.96342007354,147.47399625451,
    2.84217094304E-14));
#1612 = VECTOR('',#1613,1.);
#1613 = DIRECTION('',(-1.110223024625E-16,1.,2.414953770658E-16));
#1614 = ORIENTED_EDGE('',*,*,#1615,.T.);
#1615 = EDGE_CURVE('',#1608,#1616,#1618,.T.);
#1616 = VERTEX_POINT('',#1617);
#1617 = CARTESIAN_POINT('',(143.34819638439,158.90454557049,
    2.84217094304E-14));
#1618 = LINE('',#1619,#1620);
#1619 = CARTESIAN_POINT('',(139.26734060911,154.82368979521,
    2.84217094304E-14));
#1620 = VECTOR('',#1621,1.);
#1621 = DIRECTION('',(0.707106781187,0.707106781187,-1.110223024625E-16)
  );
#1622 = ORIENTED_EDGE('',*,*,#1623,.T.);
#1623 = EDGE_CURVE('',#1616,#1566,#1624,.T.);
#1624 = LINE('',#1625,#1626);
#1625 = CARTESIAN_POINT('',(138.83885955676,158.90454557049,
    2.84217094304E-14));
#1626 = VECTOR('',#1627,1.);
#1627 = DIRECTION('',(1.,1.110223024625E-16,-3.985046229342E-16));
#1628 = FACE_BOUND('',#1629,.F.);
#1629 = EDGE_LOOP('',(#1630,#1640,#1648,#1656));
#1630 = ORIENTED_EDGE('',*,*,#1631,.T.);
#1631 = EDGE_CURVE('',#1632,#1634,#1636,.T.);
#1632 = VERTEX_POINT('',#1633);
#1633 = CARTESIAN_POINT('',(134.79220433203,169.1575938977,
    2.84217094304E-14));
#1634 = VERTEX_POINT('',#1635);
#1635 = CARTESIAN_POINT('',(138.75200230667,173.11739187234,
    2.84217094304E-14));
#1636 = LINE('',#1637,#1638);
#1637 = CARTESIAN_POINT('',(131.33757423956,165.70296380523,
    2.84217094304E-14));
#1638 = VECTOR('',#1639,1.);
#1639 = DIRECTION('',(0.707106781187,0.707106781187,-1.110223024625E-16)
  );
#1640 = ORIENTED_EDGE('',*,*,#1641,.T.);
#1641 = EDGE_CURVE('',#1634,#1642,#1644,.T.);
#1642 = VERTEX_POINT('',#1643);
#1643 = CARTESIAN_POINT('',(144.83312062488,167.03627355414,
    2.84217094304E-14));
#1644 = LINE('',#1645,#1646);
#1645 = CARTESIAN_POINT('',(144.9603144597,166.90907971931,
    2.84217094304E-14));
#1646 = VECTOR('',#1647,1.);
#1647 = DIRECTION('',(0.707106781187,-0.707106781187,-4.1E-16));
#1648 = ORIENTED_EDGE('',*,*,#1649,.T.);
#1649 = EDGE_CURVE('',#1642,#1650,#1652,.T.);
#1650 = VERTEX_POINT('',#1651);
#1651 = CARTESIAN_POINT('',(140.87332265023,163.07647557949,
    2.84217094304E-14));
#1652 = LINE('',#1653,#1654);
#1653 = CARTESIAN_POINT('',(135.43879357044,157.6419464997,
    2.84217094304E-14));
#1654 = VECTOR('',#1655,1.);
#1655 = DIRECTION('',(-0.707106781187,-0.707106781187,1.110223024625E-16
    ));
#1656 = ORIENTED_EDGE('',*,*,#1657,.T.);
#1657 = EDGE_CURVE('',#1650,#1632,#1658,.T.);
#1658 = LINE('',#1659,#1660);
#1659 = CARTESIAN_POINT('',(137.95995732595,165.98984090377,
    2.84217094304E-14));
#1660 = VECTOR('',#1661,1.);
#1661 = DIRECTION('',(-0.707106781187,0.707106781187,4.1E-16));
#1662 = FACE_BOUND('',#1663,.F.);
#1663 = EDGE_LOOP('',(#1664,#1674,#1682,#1690));
#1664 = ORIENTED_EDGE('',*,*,#1665,.T.);
#1665 = EDGE_CURVE('',#1666,#1668,#1670,.T.);
#1666 = VERTEX_POINT('',#1667);
#1667 = CARTESIAN_POINT('',(126.30692295779,160.67231252346,
    2.84217094304E-14));
#1668 = VERTEX_POINT('',#1669);
#1669 = CARTESIAN_POINT('',(130.26672093244,164.6321104981,
    2.84217094304E-14));
#1670 = LINE('',#1671,#1672);
#1671 = CARTESIAN_POINT('',(127.09493355244,161.46032311811,
    2.84217094304E-14));
#1672 = VECTOR('',#1673,1.);
#1673 = DIRECTION('',(0.707106781187,0.707106781187,-1.110223024625E-16)
  );
#1674 = ORIENTED_EDGE('',*,*,#1675,.T.);
#1675 = EDGE_CURVE('',#1668,#1676,#1678,.T.);
#1676 = VERTEX_POINT('',#1677);
#1677 = CARTESIAN_POINT('',(136.34783925064,158.5509921799,
    2.84217094304E-14));
#1678 = LINE('',#1679,#1680);
#1679 = CARTESIAN_POINT('',(136.47503308546,158.42379834507,
    2.84217094304E-14));
#1680 = VECTOR('',#1681,1.);
#1681 = DIRECTION('',(0.707106781187,-0.707106781187,-4.1E-16));
#1682 = ORIENTED_EDGE('',*,*,#1683,.T.);
#1683 = EDGE_CURVE('',#1676,#1684,#1686,.T.);
#1684 = VERTEX_POINT('',#1685);
#1685 = CARTESIAN_POINT('',(132.38804127599,154.59119420525,
    2.84217094304E-14));
#1686 = LINE('',#1687,#1688);
#1687 = CARTESIAN_POINT('',(131.19615288332,153.39930581258,
    2.84217094304E-14));
#1688 = VECTOR('',#1689,1.);
#1689 = DIRECTION('',(-0.707106781187,-0.707106781187,1.110223024625E-16
    ));
#1690 = ORIENTED_EDGE('',*,*,#1691,.T.);
#1691 = EDGE_CURVE('',#1684,#1666,#1692,.T.);
#1692 = LINE('',#1693,#1694);
#1693 = CARTESIAN_POINT('',(129.47467595172,157.50455952953,
    2.84217094304E-14));
#1694 = VECTOR('',#1695,1.);
#1695 = DIRECTION('',(-0.707106781187,0.707106781187,4.1E-16));
#1696 = FACE_BOUND('',#1697,.F.);
#1697 = EDGE_LOOP('',(#1698,#1708,#1716));
#1698 = ORIENTED_EDGE('',*,*,#1699,.T.);
#1699 = EDGE_CURVE('',#1700,#1702,#1704,.T.);
#1700 = VERTEX_POINT('',#1701);
#1701 = CARTESIAN_POINT('',(182.94617613083,218.30151519016,
    2.84217094304E-14));
#1702 = VERTEX_POINT('',#1703);
#1703 = CARTESIAN_POINT('',(163.8542930388,237.3933982822,
    2.84217094304E-14));
#1704 = LINE('',#1705,#1706);
#1705 = CARTESIAN_POINT('',(176.50728743839,224.7404038826,
    2.84217094304E-14));
#1706 = VECTOR('',#1707,1.);
#1707 = DIRECTION('',(-0.707106781187,0.707106781187,4.5E-16));
#1708 = ORIENTED_EDGE('',*,*,#1709,.T.);
#1709 = EDGE_CURVE('',#1702,#1710,#1712,.T.);
#1710 = VERTEX_POINT('',#1711);
#1711 = CARTESIAN_POINT('',(199.91673887931,235.27207793864,
    2.84217094304E-14));
#1712 = LINE('',#1713,#1714);
#1713 = CARTESIAN_POINT('',(168.19643650562,237.13797807827,
    2.84217094304E-14));
#1714 = VECTOR('',#1715,1.);
#1715 = DIRECTION('',(0.998274373175,-5.872202195147E-02,
    -4.037592030597E-16));
#1716 = ORIENTED_EDGE('',*,*,#1717,.T.);
#1717 = EDGE_CURVE('',#1710,#1700,#1718,.T.);
#1718 = LINE('',#1719,#1720);
#1719 = CARTESIAN_POINT('',(154.11658301403,189.47192207335,
    2.84217094304E-14));
#1720 = VECTOR('',#1721,1.);
#1721 = DIRECTION('',(-0.707106781187,-0.707106781187,1.110223024625E-16
    ));
#1722 = FACE_BOUND('',#1723,.F.);
#1723 = EDGE_LOOP('',(#1724,#1734,#1742,#1750));
#1724 = ORIENTED_EDGE('',*,*,#1725,.T.);
#1725 = EDGE_CURVE('',#1726,#1728,#1730,.T.);
#1726 = VERTEX_POINT('',#1727);
#1727 = CARTESIAN_POINT('',(125.52910549849,209.25054839097,
    5.684341886081E-14));
#1728 = VERTEX_POINT('',#1729);
#1729 = CARTESIAN_POINT('',(138.96413434103,222.68557723352,
    5.684341886081E-14));
#1730 = LINE('',#1731,#1732);
#1731 = CARTESIAN_POINT('',(120.03403616083,203.75547905332,
    5.684341886081E-14));
#1732 = VECTOR('',#1733,1.);
#1733 = DIRECTION('',(0.707106781187,0.707106781187,-1.110223024625E-16)
  );
#1734 = ORIENTED_EDGE('',*,*,#1735,.T.);
#1735 = EDGE_CURVE('',#1728,#1736,#1738,.T.);
#1736 = VERTEX_POINT('',#1737);
#1737 = CARTESIAN_POINT('',(140.66119061588,220.98852095867,
    5.684341886081E-14));
#1738 = LINE('',#1739,#1740);
#1739 = CARTESIAN_POINT('',(155.01124129032,206.63847028422,
    2.84217094304E-14));
#1740 = VECTOR('',#1741,1.);
#1741 = DIRECTION('',(0.707106781187,-0.707106781187,-4.5E-16));
#1742 = ORIENTED_EDGE('',*,*,#1743,.T.);
#1743 = EDGE_CURVE('',#1736,#1744,#1746,.T.);
#1744 = VERTEX_POINT('',#1745);
#1745 = CARTESIAN_POINT('',(127.22616177333,207.55349211612,
    5.684341886081E-14));
#1746 = LINE('',#1747,#1748);
#1747 = CARTESIAN_POINT('',(115.01357801441,195.3409083572,
    5.684341886081E-14));
#1748 = VECTOR('',#1749,1.);
#1749 = DIRECTION('',(-0.707106781187,-0.707106781187,1.110223024625E-16
    ));
#1750 = ORIENTED_EDGE('',*,*,#1751,.T.);
#1751 = EDGE_CURVE('',#1744,#1726,#1752,.T.);
#1752 = LINE('',#1753,#1754);
#1753 = CARTESIAN_POINT('',(140.72768431036,194.0519695791,
    2.84217094304E-14));
#1754 = VECTOR('',#1755,1.);
#1755 = DIRECTION('',(-0.707106781187,0.707106781187,4.5E-16));
#1756 = FACE_BOUND('',#1757,.F.);
#1757 = EDGE_LOOP('',(#1758,#1768,#1776,#1784,#1792,#1800,#1808,#1816));
#1758 = ORIENTED_EDGE('',*,*,#1759,.T.);
#1759 = EDGE_CURVE('',#1760,#1762,#1764,.T.);
#1760 = VERTEX_POINT('',#1761);
#1761 = CARTESIAN_POINT('',(119.30656582404,132.0344878854,
    2.84217094304E-14));
#1762 = VERTEX_POINT('',#1763);
#1763 = CARTESIAN_POINT('',(124.96342007354,126.37763363591,
    2.84217094304E-14));
#1764 = LINE('',#1765,#1766);
#1765 = CARTESIAN_POINT('',(119.58519155288,131.75586215657,
    2.84217094304E-14));
#1766 = VECTOR('',#1767,1.);
#1767 = DIRECTION('',(0.707106781187,-0.707106781187,-4.5E-16));
#1768 = ORIENTED_EDGE('',*,*,#1769,.T.);
#1769 = EDGE_CURVE('',#1762,#1770,#1772,.T.);
#1770 = VERTEX_POINT('',#1771);
#1771 = CARTESIAN_POINT('',(124.96342007354,123.54920651116,
    2.84217094304E-14));
#1772 = LINE('',#1773,#1774);
#1773 = CARTESIAN_POINT('',(124.96342007354,138.98871488027,
    2.84217094304E-14));
#1774 = VECTOR('',#1775,1.);
#1775 = DIRECTION('',(1.110223024625E-16,-1.,-2.414953770658E-16));
#1776 = ORIENTED_EDGE('',*,*,#1777,.T.);
#1777 = EDGE_CURVE('',#1770,#1778,#1780,.T.);
#1778 = VERTEX_POINT('',#1779);
#1779 = CARTESIAN_POINT('',(106.57864376269,105.16443020031,
    2.84217094304E-14));
#1780 = LINE('',#1781,#1782);
#1781 = CARTESIAN_POINT('',(125.12520498538,123.710991423,
    2.84217094304E-14));
#1782 = VECTOR('',#1783,1.);
#1783 = DIRECTION('',(-0.707106781187,-0.707106781187,1.110223024625E-16
    ));
#1784 = ORIENTED_EDGE('',*,*,#1785,.T.);
#1785 = EDGE_CURVE('',#1778,#1786,#1788,.T.);
#1786 = VERTEX_POINT('',#1787);
#1787 = CARTESIAN_POINT('',(103.75021663794,105.16443020031,
    2.84217094304E-14));
#1788 = LINE('',#1789,#1790);
#1789 = CARTESIAN_POINT('',(117.62565612116,105.16443020031,
    2.84217094304E-14));
#1790 = VECTOR('',#1791,1.);
#1791 = DIRECTION('',(-1.,-1.110223024625E-16,3.985046229342E-16));
#1792 = ORIENTED_EDGE('',*,*,#1793,.T.);
#1793 = EDGE_CURVE('',#1786,#1794,#1796,.T.);
#1794 = VERTEX_POINT('',#1795);
#1795 = CARTESIAN_POINT('',(98.093362388452,110.82128444981,
    2.84217094304E-14));
#1796 = LINE('',#1797,#1798);
#1797 = CARTESIAN_POINT('',(95.543560992539,113.37108584572,
    2.84217094304E-14));
#1798 = VECTOR('',#1799,1.);
#1799 = DIRECTION('',(-0.707106781187,0.707106781187,4.5E-16));
#1800 = ORIENTED_EDGE('',*,*,#1801,.T.);
#1801 = EDGE_CURVE('',#1794,#1802,#1804,.T.);
#1802 = VERTEX_POINT('',#1803);
#1803 = CARTESIAN_POINT('',(98.093362388452,113.64971157455,
    2.84217094304E-14));
#1804 = LINE('',#1805,#1806);
#1805 = CARTESIAN_POINT('',(98.093362388452,134.03896741197,
    2.84217094304E-14));
#1806 = VECTOR('',#1807,1.);
#1807 = DIRECTION('',(-1.110223024625E-16,1.,2.414953770658E-16));
#1808 = ORIENTED_EDGE('',*,*,#1809,.T.);
#1809 = EDGE_CURVE('',#1802,#1810,#1812,.T.);
#1810 = VERTEX_POINT('',#1811);
#1811 = CARTESIAN_POINT('',(116.4781386993,132.0344878854,
    2.84217094304E-14));
#1812 = LINE('',#1813,#1814);
#1813 = CARTESIAN_POINT('',(125.83231176656,141.38866095267,
    2.84217094304E-14));
#1814 = VECTOR('',#1815,1.);
#1815 = DIRECTION('',(0.707106781187,0.707106781187,-1.110223024625E-16)
  );
#1816 = ORIENTED_EDGE('',*,*,#1817,.T.);
#1817 = EDGE_CURVE('',#1810,#1760,#1818,.T.);
#1818 = LINE('',#1819,#1820);
#1819 = CARTESIAN_POINT('',(125.40383071421,132.0344878854,
    2.84217094304E-14));
#1820 = VECTOR('',#1821,1.);
#1821 = DIRECTION('',(1.,1.110223024625E-16,-3.985046229342E-16));
#1822 = FACE_BOUND('',#1823,.F.);
#1823 = EDGE_LOOP('',(#1824,#1834,#1842,#1850));
#1824 = ORIENTED_EDGE('',*,*,#1825,.T.);
#1825 = EDGE_CURVE('',#1826,#1828,#1830,.T.);
#1826 = VERTEX_POINT('',#1827);
#1827 = CARTESIAN_POINT('',(117.82164158355,152.18703114922,
    2.84217094304E-14));
#1828 = VERTEX_POINT('',#1829);
#1829 = CARTESIAN_POINT('',(121.7814395582,156.14682912386,
    2.84217094304E-14));
#1830 = LINE('',#1831,#1832);
#1831 = CARTESIAN_POINT('',(122.85229286532,157.21768243099,
    2.84217094304E-14));
#1832 = VECTOR('',#1833,1.);
#1833 = DIRECTION('',(0.707106781187,0.707106781187,-1.110223024625E-16)
  );
#1834 = ORIENTED_EDGE('',*,*,#1835,.T.);
#1835 = EDGE_CURVE('',#1828,#1836,#1838,.T.);
#1836 = VERTEX_POINT('',#1837);
#1837 = CARTESIAN_POINT('',(127.8625578764,150.06571080566,
    2.84217094304E-14));
#1838 = LINE('',#1839,#1840);
#1839 = CARTESIAN_POINT('',(127.98975171122,149.93851697084,
    2.84217094304E-14));
#1840 = VECTOR('',#1841,1.);
#1841 = DIRECTION('',(0.707106781187,-0.707106781187,-4.1E-16));
#1842 = ORIENTED_EDGE('',*,*,#1843,.T.);
#1843 = EDGE_CURVE('',#1836,#1844,#1846,.T.);
#1844 = VERTEX_POINT('',#1845);
#1845 = CARTESIAN_POINT('',(123.90275990176,146.10591283101,
    2.84217094304E-14));
#1846 = LINE('',#1847,#1848);
#1847 = CARTESIAN_POINT('',(126.9535121962,149.15666512546,
    2.84217094304E-14));
#1848 = VECTOR('',#1849,1.);
#1849 = DIRECTION('',(-0.707106781187,-0.707106781187,1.110223024625E-16
    ));
#1850 = ORIENTED_EDGE('',*,*,#1851,.T.);
#1851 = EDGE_CURVE('',#1844,#1826,#1852,.T.);
#1852 = LINE('',#1853,#1854);
#1853 = CARTESIAN_POINT('',(120.98939457748,149.01927815529,
    2.84217094304E-14));
#1854 = VECTOR('',#1855,1.);
#1855 = DIRECTION('',(-0.707106781187,0.707106781187,4.1E-16));
#1856 = FACE_BOUND('',#1857,.F.);
#1857 = EDGE_LOOP('',(#1858,#1868,#1876,#1884));
#1858 = ORIENTED_EDGE('',*,*,#1859,.T.);
#1859 = EDGE_CURVE('',#1860,#1862,#1864,.T.);
#1860 = VERTEX_POINT('',#1861);
#1861 = CARTESIAN_POINT('',(109.33636020931,143.70174977498,
    2.84217094304E-14));
#1862 = VERTEX_POINT('',#1863);
#1863 = CARTESIAN_POINT('',(113.29615818396,147.66154774962,
    2.84217094304E-14));
#1864 = LINE('',#1865,#1866);
#1865 = CARTESIAN_POINT('',(118.6096521782,152.97504174387,
    2.84217094304E-14));
#1866 = VECTOR('',#1867,1.);
#1867 = DIRECTION('',(0.707106781187,0.707106781187,-1.110223024625E-16)
  );
#1868 = ORIENTED_EDGE('',*,*,#1869,.T.);
#1869 = EDGE_CURVE('',#1862,#1870,#1872,.T.);
#1870 = VERTEX_POINT('',#1871);
#1871 = CARTESIAN_POINT('',(119.37727650216,141.58042943142,
    2.84217094304E-14));
#1872 = LINE('',#1873,#1874);
#1873 = CARTESIAN_POINT('',(119.50447033698,141.4532355966,
    2.84217094304E-14));
#1874 = VECTOR('',#1875,1.);
#1875 = DIRECTION('',(0.707106781187,-0.707106781187,-4.1E-16));
#1876 = ORIENTED_EDGE('',*,*,#1877,.T.);
#1877 = EDGE_CURVE('',#1870,#1878,#1880,.T.);
#1878 = VERTEX_POINT('',#1879);
#1879 = CARTESIAN_POINT('',(115.41747852752,137.62063145678,
    2.84217094304E-14));
#1880 = LINE('',#1881,#1882);
#1881 = CARTESIAN_POINT('',(122.71087150908,144.91402443834,
    2.84217094304E-14));
#1882 = VECTOR('',#1883,1.);
#1883 = DIRECTION('',(-0.707106781187,-0.707106781187,1.110223024625E-16
    ));
#1884 = ORIENTED_EDGE('',*,*,#1885,.T.);
#1885 = EDGE_CURVE('',#1878,#1860,#1886,.T.);
#1886 = LINE('',#1887,#1888);
#1887 = CARTESIAN_POINT('',(112.50411320324,140.53399678106,
    2.84217094304E-14));
#1888 = VECTOR('',#1889,1.);
#1889 = DIRECTION('',(-0.707106781187,0.707106781187,4.1E-16));
#1890 = FACE_BOUND('',#1891,.F.);
#1891 = EDGE_LOOP('',(#1892,#1902,#1910,#1918));
#1892 = ORIENTED_EDGE('',*,*,#1893,.T.);
#1893 = EDGE_CURVE('',#1894,#1896,#1898,.T.);
#1894 = VERTEX_POINT('',#1895);
#1895 = CARTESIAN_POINT('',(100.85107883507,135.21646840074,
    2.84217094304E-14));
#1896 = VERTEX_POINT('',#1897);
#1897 = CARTESIAN_POINT('',(104.81087680972,139.17626637539,
    2.84217094304E-14));
#1898 = LINE('',#1899,#1900);
#1899 = CARTESIAN_POINT('',(114.36701149108,148.73240105675,
    2.84217094304E-14));
#1900 = VECTOR('',#1901,1.);
#1901 = DIRECTION('',(0.707106781187,0.707106781187,-1.110223024625E-16)
  );
#1902 = ORIENTED_EDGE('',*,*,#1903,.T.);
#1903 = EDGE_CURVE('',#1896,#1904,#1906,.T.);
#1904 = VERTEX_POINT('',#1905);
#1905 = CARTESIAN_POINT('',(110.89199512792,133.09514805718,
    2.84217094304E-14));
#1906 = LINE('',#1907,#1908);
#1907 = CARTESIAN_POINT('',(111.01918896275,132.96795422236,
    2.84217094304E-14));
#1908 = VECTOR('',#1909,1.);
#1909 = DIRECTION('',(0.707106781187,-0.707106781187,-4.1E-16));
#1910 = ORIENTED_EDGE('',*,*,#1911,.T.);
#1911 = EDGE_CURVE('',#1904,#1912,#1914,.T.);
#1912 = VERTEX_POINT('',#1913);
#1913 = CARTESIAN_POINT('',(106.93219715328,129.13535008254,
    2.84217094304E-14));
#1914 = LINE('',#1915,#1916);
#1915 = CARTESIAN_POINT('',(118.46823082197,140.67138375122,
    2.84217094304E-14));
#1916 = VECTOR('',#1917,1.);
#1917 = DIRECTION('',(-0.707106781187,-0.707106781187,1.110223024625E-16
    ));
#1918 = ORIENTED_EDGE('',*,*,#1919,.T.);
#1919 = EDGE_CURVE('',#1912,#1894,#1920,.T.);
#1920 = LINE('',#1921,#1922);
#1921 = CARTESIAN_POINT('',(104.018831829,132.04871540682,
    2.84217094304E-14));
#1922 = VECTOR('',#1923,1.);
#1923 = DIRECTION('',(-0.707106781187,0.707106781187,4.1E-16));
#1924 = FACE_BOUND('',#1925,.F.);
#1925 = EDGE_LOOP('',(#1926,#1936,#1944,#1952));
#1926 = ORIENTED_EDGE('',*,*,#1927,.T.);
#1927 = EDGE_CURVE('',#1928,#1930,#1932,.T.);
#1928 = VERTEX_POINT('',#1929);
#1929 = CARTESIAN_POINT('',(92.365797460841,126.7311870265,
    2.84217094304E-14));
#1930 = VERTEX_POINT('',#1931);
#1931 = CARTESIAN_POINT('',(96.325595435485,130.69098500115,
    2.84217094304E-14));
#1932 = LINE('',#1933,#1934);
#1933 = CARTESIAN_POINT('',(110.12437080396,144.48976036963,
    2.84217094304E-14));
#1934 = VECTOR('',#1935,1.);
#1935 = DIRECTION('',(0.707106781187,0.707106781187,-1.110223024625E-16)
  );
#1936 = ORIENTED_EDGE('',*,*,#1937,.T.);
#1937 = EDGE_CURVE('',#1930,#1938,#1940,.T.);
#1938 = VERTEX_POINT('',#1939);
#1939 = CARTESIAN_POINT('',(102.40671375369,124.60986668294,
    2.84217094304E-14));
#1940 = LINE('',#1941,#1942);
#1941 = CARTESIAN_POINT('',(102.53390758851,124.48267284812,
    2.84217094304E-14));
#1942 = VECTOR('',#1943,1.);
#1943 = DIRECTION('',(0.707106781187,-0.707106781187,-4.1E-16));
#1944 = ORIENTED_EDGE('',*,*,#1945,.T.);
#1945 = EDGE_CURVE('',#1938,#1946,#1948,.T.);
#1946 = VERTEX_POINT('',#1947);
#1947 = CARTESIAN_POINT('',(98.446915779045,120.6500687083,
    2.84217094304E-14));
#1948 = LINE('',#1949,#1950);
#1949 = CARTESIAN_POINT('',(114.22559013485,136.4287430641,
    2.84217094304E-14));
#1950 = VECTOR('',#1951,1.);
#1951 = DIRECTION('',(-0.707106781187,-0.707106781187,1.110223024625E-16
    ));
#1952 = ORIENTED_EDGE('',*,*,#1953,.T.);
#1953 = EDGE_CURVE('',#1946,#1928,#1954,.T.);
#1954 = LINE('',#1955,#1956);
#1955 = CARTESIAN_POINT('',(95.533550454765,123.56343403258,
    2.84217094304E-14));
#1956 = VECTOR('',#1957,1.);
#1957 = DIRECTION('',(-0.707106781187,0.707106781187,4.1E-16));
#1958 = FACE_BOUND('',#1959,.F.);
#1959 = EDGE_LOOP('',(#1960,#1970,#1978,#1986));
#1960 = ORIENTED_EDGE('',*,*,#1961,.T.);
#1961 = EDGE_CURVE('',#1962,#1964,#1966,.T.);
#1962 = VERTEX_POINT('',#1963);
#1963 = CARTESIAN_POINT('',(83.880516086602,118.24590565226,
    2.84217094304E-14));
#1964 = VERTEX_POINT('',#1965);
#1965 = CARTESIAN_POINT('',(87.840314061247,122.20570362691,
    2.84217094304E-14));
#1966 = LINE('',#1967,#1968);
#1967 = CARTESIAN_POINT('',(105.88173011684,140.24711968251,
    2.84217094304E-14));
#1968 = VECTOR('',#1969,1.);
#1969 = DIRECTION('',(0.707106781187,0.707106781187,-1.110223024625E-16)
  );
#1970 = ORIENTED_EDGE('',*,*,#1971,.T.);
#1971 = EDGE_CURVE('',#1964,#1972,#1974,.T.);
#1972 = VERTEX_POINT('',#1973);
#1973 = CARTESIAN_POINT('',(93.921432379451,116.1245853087,
    2.84217094304E-14));
#1974 = LINE('',#1975,#1976);
#1975 = CARTESIAN_POINT('',(94.048626214274,115.99739147388,
    2.84217094304E-14));
#1976 = VECTOR('',#1977,1.);
#1977 = DIRECTION('',(0.707106781187,-0.707106781187,-4.1E-16));
#1978 = ORIENTED_EDGE('',*,*,#1979,.T.);
#1979 = EDGE_CURVE('',#1972,#1980,#1982,.T.);
#1980 = VERTEX_POINT('',#1981);
#1981 = CARTESIAN_POINT('',(89.961634404807,112.16478733406,
    2.84217094304E-14));
#1982 = LINE('',#1983,#1984);
#1983 = CARTESIAN_POINT('',(109.98294944773,132.18610237698,
    2.84217094304E-14));
#1984 = VECTOR('',#1985,1.);
#1985 = DIRECTION('',(-0.707106781187,-0.707106781187,1.110223024625E-16
    ));
#1986 = ORIENTED_EDGE('',*,*,#1987,.T.);
#1987 = EDGE_CURVE('',#1980,#1962,#1988,.T.);
#1988 = LINE('',#1989,#1990);
#1989 = CARTESIAN_POINT('',(87.048269080527,115.07815265834,
    2.84217094304E-14));
#1990 = VECTOR('',#1991,1.);
#1991 = DIRECTION('',(-0.707106781187,0.707106781187,4.1E-16));
#1992 = FACE_BOUND('',#1993,.F.);
#1993 = EDGE_LOOP('',(#1994,#2004,#2012,#2020,#2028,#2036,#2044,#2052));
#1994 = ORIENTED_EDGE('',*,*,#1995,.T.);
#1995 = EDGE_CURVE('',#1996,#1998,#2000,.T.);
#1996 = VERTEX_POINT('',#1997);
#1997 = CARTESIAN_POINT('',(92.43650813896,105.16443020031,
    5.684341886081E-14));
#1998 = VERTEX_POINT('',#1999);
#1999 = CARTESIAN_POINT('',(98.093362388452,99.507575950825,
    5.684341886081E-14));
#2000 = LINE('',#2001,#2002);
#2001 = CARTESIAN_POINT('',(92.715133867793,104.88580447148,
    5.684341886081E-14));
#2002 = VECTOR('',#2003,1.);
#2003 = DIRECTION('',(0.707106781187,-0.707106781187,-4.5E-16));
#2004 = ORIENTED_EDGE('',*,*,#2005,.T.);
#2005 = EDGE_CURVE('',#1998,#2006,#2008,.T.);
#2006 = VERTEX_POINT('',#2007);
#2007 = CARTESIAN_POINT('',(98.093362388452,96.679148826079,
    5.684341886081E-14));
#2008 = LINE('',#2009,#2010);
#2009 = CARTESIAN_POINT('',(98.093362388452,125.55368603773,
    2.84217094304E-14));
#2010 = VECTOR('',#2011,1.);
#2011 = DIRECTION('',(1.110223024625E-16,-1.,-2.414953770658E-16));
#2012 = ORIENTED_EDGE('',*,*,#2013,.T.);
#2013 = EDGE_CURVE('',#2006,#2014,#2016,.T.);
#2014 = VERTEX_POINT('',#2015);
#2015 = CARTESIAN_POINT('',(79.708586077602,78.294372515228,
    5.684341886081E-14));
#2016 = LINE('',#2017,#2018);
#2017 = CARTESIAN_POINT('',(111.69017614283,110.27596258046,
    2.84217094304E-14));
#2018 = VECTOR('',#2019,1.);
#2019 = DIRECTION('',(-0.707106781187,-0.707106781187,1.110223024625E-16
    ));
#2020 = ORIENTED_EDGE('',*,*,#2021,.T.);
#2021 = EDGE_CURVE('',#2014,#2022,#2024,.T.);
#2022 = VERTEX_POINT('',#2023);
#2023 = CARTESIAN_POINT('',(76.880158952855,78.294372515228,
    5.684341886081E-14));
#2024 = LINE('',#2025,#2026);
#2025 = CARTESIAN_POINT('',(104.19062727861,78.294372515228,
    2.84217094304E-14));
#2026 = VECTOR('',#2027,1.);
#2027 = DIRECTION('',(-1.,-1.110223024625E-16,3.985046229342E-16));
#2028 = ORIENTED_EDGE('',*,*,#2029,.T.);
#2029 = EDGE_CURVE('',#2022,#2030,#2032,.T.);
#2030 = VERTEX_POINT('',#2031);
#2031 = CARTESIAN_POINT('',(71.223304703363,83.951226764721,
    5.684341886081E-14));
#2032 = LINE('',#2033,#2034);
#2033 = CARTESIAN_POINT('',(68.673503307451,86.501028160633,
    5.684341886081E-14));
#2034 = VECTOR('',#2035,1.);
#2035 = DIRECTION('',(-0.707106781187,0.707106781187,4.5E-16));
#2036 = ORIENTED_EDGE('',*,*,#2037,.T.);
#2037 = EDGE_CURVE('',#2030,#2038,#2040,.T.);
#2038 = VERTEX_POINT('',#2039);
#2039 = CARTESIAN_POINT('',(71.223304703363,86.779653889467,
    5.684341886081E-14));
#2040 = LINE('',#2041,#2042);
#2041 = CARTESIAN_POINT('',(71.223304703363,120.60393856942,
    5.684341886081E-14));
#2042 = VECTOR('',#2043,1.);
#2043 = DIRECTION('',(-1.110223024625E-16,1.,2.414953770658E-16));
#2044 = ORIENTED_EDGE('',*,*,#2045,.T.);
#2045 = EDGE_CURVE('',#2038,#2046,#2048,.T.);
#2046 = VERTEX_POINT('',#2047);
#2047 = CARTESIAN_POINT('',(89.608081014213,105.16443020031,
    5.684341886081E-14));
#2048 = LINE('',#2049,#2050);
#2049 = CARTESIAN_POINT('',(112.39728292402,127.95363211012,
    2.84217094304E-14));
#2050 = VECTOR('',#2051,1.);
#2051 = DIRECTION('',(0.707106781187,0.707106781187,-1.110223024625E-16)
  );
#2052 = ORIENTED_EDGE('',*,*,#2053,.T.);
#2053 = EDGE_CURVE('',#2046,#1996,#2054,.T.);
#2054 = LINE('',#2055,#2056);
#2055 = CARTESIAN_POINT('',(111.96880187167,105.16443020031,
    2.84217094304E-14));
#2056 = VECTOR('',#2057,1.);
#2057 = DIRECTION('',(1.,1.110223024625E-16,-3.985046229342E-16));
#2058 = FACE_BOUND('',#2059,.F.);
#2059 = EDGE_LOOP('',(#2060,#2070,#2078,#2086,#2094,#2102,#2110,#2118));
#2060 = ORIENTED_EDGE('',*,*,#2061,.T.);
#2061 = EDGE_CURVE('',#2062,#2064,#2066,.T.);
#2062 = VERTEX_POINT('',#2063);
#2063 = CARTESIAN_POINT('',(65.566450453871,78.294372515228,
    5.684341886081E-14));
#2064 = VERTEX_POINT('',#2065);
#2065 = CARTESIAN_POINT('',(71.223304703363,72.637518265736,
    5.684341886081E-14));
#2066 = LINE('',#2067,#2068);
#2067 = CARTESIAN_POINT('',(65.845076182705,78.015746786395,
    5.684341886081E-14));
#2068 = VECTOR('',#2069,1.);
#2069 = DIRECTION('',(0.707106781187,-0.707106781187,-4.5E-16));
#2070 = ORIENTED_EDGE('',*,*,#2071,.T.);
#2071 = EDGE_CURVE('',#2064,#2072,#2074,.T.);
#2072 = VERTEX_POINT('',#2073);
#2073 = CARTESIAN_POINT('',(71.223304703363,69.80909114099,
    5.684341886081E-14));
#2074 = LINE('',#2075,#2076);
#2075 = CARTESIAN_POINT('',(71.223304703363,112.11865719519,
    5.684341886081E-14));
#2076 = VECTOR('',#2077,1.);
#2077 = DIRECTION('',(1.110223024625E-16,-1.,-2.414953770658E-16));
#2078 = ORIENTED_EDGE('',*,*,#2079,.T.);
#2079 = EDGE_CURVE('',#2072,#2080,#2082,.T.);
#2080 = VERTEX_POINT('',#2081);
#2081 = CARTESIAN_POINT('',(52.838528392513,51.42431483014,
    5.684341886081E-14));
#2082 = LINE('',#2083,#2084);
#2083 = CARTESIAN_POINT('',(98.255147300293,96.84093373792,
    5.684341886081E-14));
#2084 = VECTOR('',#2085,1.);
#2085 = DIRECTION('',(-0.707106781187,-0.707106781187,1.110223024625E-16
    ));
#2086 = ORIENTED_EDGE('',*,*,#2087,.T.);
#2087 = EDGE_CURVE('',#2080,#2088,#2090,.T.);
#2088 = VERTEX_POINT('',#2089);
#2089 = CARTESIAN_POINT('',(50.010101267767,51.42431483014,
    5.684341886081E-14));
#2090 = LINE('',#2091,#2092);
#2091 = CARTESIAN_POINT('',(90.755598436075,51.42431483014,
    2.84217094304E-14));
#2092 = VECTOR('',#2093,1.);
#2093 = DIRECTION('',(-1.,-1.110223024625E-16,3.985046229342E-16));
#2094 = ORIENTED_EDGE('',*,*,#2095,.T.);
#2095 = EDGE_CURVE('',#2088,#2096,#2098,.T.);
#2096 = VERTEX_POINT('',#2097);
#2097 = CARTESIAN_POINT('',(44.353247018274,57.081169079632,
    5.684341886081E-14));
#2098 = LINE('',#2099,#2100);
#2099 = CARTESIAN_POINT('',(41.803445622362,59.630970475544,
    5.684341886081E-14));
#2100 = VECTOR('',#2101,1.);
#2101 = DIRECTION('',(-0.707106781187,0.707106781187,4.5E-16));
#2102 = ORIENTED_EDGE('',*,*,#2103,.T.);
#2103 = EDGE_CURVE('',#2096,#2104,#2106,.T.);
#2104 = VERTEX_POINT('',#2105);
#2105 = CARTESIAN_POINT('',(44.353247018274,59.909596204378,
    5.684341886081E-14));
#2106 = LINE('',#2107,#2108);
#2107 = CARTESIAN_POINT('',(44.353247018274,107.16890972688,
    5.684341886081E-14));
#2108 = VECTOR('',#2109,1.);
#2109 = DIRECTION('',(-1.110223024625E-16,1.,2.414953770658E-16));
#2110 = ORIENTED_EDGE('',*,*,#2111,.T.);
#2111 = EDGE_CURVE('',#2104,#2112,#2114,.T.);
#2112 = VERTEX_POINT('',#2113);
#2113 = CARTESIAN_POINT('',(62.738023329125,78.294372515228,
    5.684341886081E-14));
#2114 = LINE('',#2115,#2116);
#2115 = CARTESIAN_POINT('',(98.96225408148,114.51860326758,
    2.84217094304E-14));
#2116 = VECTOR('',#2117,1.);
#2117 = DIRECTION('',(0.707106781187,0.707106781187,-1.110223024625E-16)
  );
#2118 = ORIENTED_EDGE('',*,*,#2119,.T.);
#2119 = EDGE_CURVE('',#2112,#2062,#2120,.T.);
#2120 = LINE('',#2121,#2122);
#2121 = CARTESIAN_POINT('',(98.533773029127,78.294372515228,
    2.84217094304E-14));
#2122 = VECTOR('',#2123,1.);
#2123 = DIRECTION('',(1.,1.110223024625E-16,-3.985046229342E-16));
#2124 = FACE_BOUND('',#2125,.F.);
#2125 = EDGE_LOOP('',(#2126,#2136,#2144,#2152));
#2126 = ORIENTED_EDGE('',*,*,#2127,.T.);
#2127 = EDGE_CURVE('',#2128,#2130,#2132,.T.);
#2128 = VERTEX_POINT('',#2129);
#2129 = CARTESIAN_POINT('',(75.395234712364,109.76062427803,
    5.684341886081E-14));
#2130 = VERTEX_POINT('',#2131);
#2131 = CARTESIAN_POINT('',(79.355032687008,113.72042225267,
    5.684341886081E-14));
#2132 = LINE('',#2133,#2134);
#2133 = CARTESIAN_POINT('',(101.63908942973,136.00447899539,
    2.84217094304E-14));
#2134 = VECTOR('',#2135,1.);
#2135 = DIRECTION('',(0.707106781187,0.707106781187,-1.110223024625E-16)
  );
#2136 = ORIENTED_EDGE('',*,*,#2137,.T.);
#2137 = EDGE_CURVE('',#2130,#2138,#2140,.T.);
#2138 = VERTEX_POINT('',#2139);
#2139 = CARTESIAN_POINT('',(85.436151005213,107.63930393447,
    5.684341886081E-14));
#2140 = LINE('',#2141,#2142);
#2141 = CARTESIAN_POINT('',(85.563344840035,107.51211009964,
    5.684341886081E-14));
#2142 = VECTOR('',#2143,1.);
#2143 = DIRECTION('',(0.707106781187,-0.707106781187,-4.1E-16));
#2144 = ORIENTED_EDGE('',*,*,#2145,.T.);
#2145 = EDGE_CURVE('',#2138,#2146,#2148,.T.);
#2146 = VERTEX_POINT('',#2147);
#2147 = CARTESIAN_POINT('',(81.476353030568,103.67950595982,
    5.684341886081E-14));
#2148 = LINE('',#2149,#2150);
#2149 = CARTESIAN_POINT('',(105.74030876061,127.94346168986,
    2.84217094304E-14));
#2150 = VECTOR('',#2151,1.);
#2151 = DIRECTION('',(-0.707106781187,-0.707106781187,1.110223024625E-16
    ));
#2152 = ORIENTED_EDGE('',*,*,#2153,.T.);
#2153 = EDGE_CURVE('',#2146,#2128,#2154,.T.);
#2154 = LINE('',#2155,#2156);
#2155 = CARTESIAN_POINT('',(78.562987706288,106.5928712841,
    5.684341886081E-14));
#2156 = VECTOR('',#2157,1.);
#2157 = DIRECTION('',(-0.707106781187,0.707106781187,4.1E-16));
#2158 = FACE_BOUND('',#2159,.F.);
#2159 = EDGE_LOOP('',(#2160,#2170,#2178,#2186));
#2160 = ORIENTED_EDGE('',*,*,#2161,.T.);
#2161 = EDGE_CURVE('',#2162,#2164,#2166,.T.);
#2162 = VERTEX_POINT('',#2163);
#2163 = CARTESIAN_POINT('',(66.909953338125,101.27534290379,
    5.684341886081E-14));
#2164 = VERTEX_POINT('',#2165);
#2165 = CARTESIAN_POINT('',(70.86975131277,105.23514087843,
    5.684341886081E-14));
#2166 = LINE('',#2167,#2168);
#2167 = CARTESIAN_POINT('',(97.396448742611,131.76183830827,
    2.84217094304E-14));
#2168 = VECTOR('',#2169,1.);
#2169 = DIRECTION('',(0.707106781187,0.707106781187,-1.110223024625E-16)
  );
#2170 = ORIENTED_EDGE('',*,*,#2171,.T.);
#2171 = EDGE_CURVE('',#2164,#2172,#2174,.T.);
#2172 = VERTEX_POINT('',#2173);
#2173 = CARTESIAN_POINT('',(76.950869630974,99.154022560232,
    5.684341886081E-14));
#2174 = LINE('',#2175,#2176);
#2175 = CARTESIAN_POINT('',(77.078063465796,99.026828725409,
    5.684341886081E-14));
#2176 = VECTOR('',#2177,1.);
#2177 = DIRECTION('',(0.707106781187,-0.707106781187,-4.1E-16));
#2178 = ORIENTED_EDGE('',*,*,#2179,.T.);
#2179 = EDGE_CURVE('',#2172,#2180,#2182,.T.);
#2180 = VERTEX_POINT('',#2181);
#2181 = CARTESIAN_POINT('',(72.991071656329,95.194224585587,
    5.684341886081E-14));
#2182 = LINE('',#2183,#2184);
#2183 = CARTESIAN_POINT('',(101.49766807349,123.70082100275,
    2.84217094304E-14));
#2184 = VECTOR('',#2185,1.);
#2185 = DIRECTION('',(-0.707106781187,-0.707106781187,1.110223024625E-16
    ));
#2186 = ORIENTED_EDGE('',*,*,#2187,.T.);
#2187 = EDGE_CURVE('',#2180,#2162,#2188,.T.);
#2188 = LINE('',#2189,#2190);
#2189 = CARTESIAN_POINT('',(70.07770633205,98.107589909867,
    5.684341886081E-14));
#2190 = VECTOR('',#2191,1.);
#2191 = DIRECTION('',(-0.707106781187,0.707106781187,4.1E-16));
#2192 = FACE_BOUND('',#2193,.F.);
#2193 = EDGE_LOOP('',(#2194,#2204,#2212,#2220));
#2194 = ORIENTED_EDGE('',*,*,#2195,.T.);
#2195 = EDGE_CURVE('',#2196,#2198,#2200,.T.);
#2196 = VERTEX_POINT('',#2197);
#2197 = CARTESIAN_POINT('',(58.424671963887,92.790061529553,
    5.684341886081E-14));
#2198 = VERTEX_POINT('',#2199);
#2199 = CARTESIAN_POINT('',(62.384469938531,96.749859504197,
    5.684341886081E-14));
#2200 = LINE('',#2201,#2202);
#2201 = CARTESIAN_POINT('',(93.153808055491,127.51919762115,
    2.84217094304E-14));
#2202 = VECTOR('',#2203,1.);
#2203 = DIRECTION('',(0.707106781187,0.707106781187,-1.110223024625E-16)
  );
#2204 = ORIENTED_EDGE('',*,*,#2205,.T.);
#2205 = EDGE_CURVE('',#2198,#2206,#2208,.T.);
#2206 = VERTEX_POINT('',#2207);
#2207 = CARTESIAN_POINT('',(68.465588256736,90.668741185993,
    5.684341886081E-14));
#2208 = LINE('',#2209,#2210);
#2209 = CARTESIAN_POINT('',(68.592782091558,90.541547351171,
    5.684341886081E-14));
#2210 = VECTOR('',#2211,1.);
#2211 = DIRECTION('',(0.707106781187,-0.707106781187,-4.1E-16));
#2212 = ORIENTED_EDGE('',*,*,#2213,.T.);
#2213 = EDGE_CURVE('',#2206,#2214,#2216,.T.);
#2214 = VERTEX_POINT('',#2215);
#2215 = CARTESIAN_POINT('',(64.505790282091,86.708943211348,
    5.684341886081E-14));
#2216 = LINE('',#2217,#2218);
#2217 = CARTESIAN_POINT('',(97.255027386373,119.45818031563,
    2.84217094304E-14));
#2218 = VECTOR('',#2219,1.);
#2219 = DIRECTION('',(-0.707106781187,-0.707106781187,1.110223024625E-16
    ));
#2220 = ORIENTED_EDGE('',*,*,#2221,.T.);
#2221 = EDGE_CURVE('',#2214,#2196,#2222,.T.);
#2222 = LINE('',#2223,#2224);
#2223 = CARTESIAN_POINT('',(61.592424957811,89.622308535628,
    5.684341886081E-14));
#2224 = VECTOR('',#2225,1.);
#2225 = DIRECTION('',(-0.707106781187,0.707106781187,4.1E-16));
#2226 = FACE_BOUND('',#2227,.F.);
#2227 = EDGE_LOOP('',(#2228,#2238,#2246,#2254));
#2228 = ORIENTED_EDGE('',*,*,#2229,.T.);
#2229 = EDGE_CURVE('',#2230,#2232,#2234,.T.);
#2230 = VERTEX_POINT('',#2231);
#2231 = CARTESIAN_POINT('',(49.939390589648,84.304780155314,
    5.684341886081E-14));
#2232 = VERTEX_POINT('',#2233);
#2233 = CARTESIAN_POINT('',(53.899188564293,88.264578129959,
    5.684341886081E-14));
#2234 = LINE('',#2235,#2236);
#2235 = CARTESIAN_POINT('',(88.911167368372,123.27655693403,
    2.84217094304E-14));
#2236 = VECTOR('',#2237,1.);
#2237 = DIRECTION('',(0.707106781187,0.707106781187,-1.110223024625E-16)
  );
#2238 = ORIENTED_EDGE('',*,*,#2239,.T.);
#2239 = EDGE_CURVE('',#2232,#2240,#2242,.T.);
#2240 = VERTEX_POINT('',#2241);
#2241 = CARTESIAN_POINT('',(59.980306882497,82.183459811754,
    5.684341886081E-14));
#2242 = LINE('',#2243,#2244);
#2243 = CARTESIAN_POINT('',(60.107500717319,82.056265976932,
    5.684341886081E-14));
#2244 = VECTOR('',#2245,1.);
#2245 = DIRECTION('',(0.707106781187,-0.707106781187,-4.1E-16));
#2246 = ORIENTED_EDGE('',*,*,#2247,.T.);
#2247 = EDGE_CURVE('',#2240,#2248,#2250,.T.);
#2248 = VERTEX_POINT('',#2249);
#2249 = CARTESIAN_POINT('',(56.020508907852,78.22366183711,
    5.684341886081E-14));
#2250 = LINE('',#2251,#2252);
#2251 = CARTESIAN_POINT('',(93.012386699254,115.21553962851,
    2.84217094304E-14));
#2252 = VECTOR('',#2253,1.);
#2253 = DIRECTION('',(-0.707106781187,-0.707106781187,1.110223024625E-16
    ));
#2254 = ORIENTED_EDGE('',*,*,#2255,.T.);
#2255 = EDGE_CURVE('',#2248,#2230,#2256,.T.);
#2256 = LINE('',#2257,#2258);
#2257 = CARTESIAN_POINT('',(53.107143583573,81.13702716139,
    5.684341886081E-14));
#2258 = VECTOR('',#2259,1.);
#2259 = DIRECTION('',(-0.707106781187,0.707106781187,4.1E-16));
#2260 = PLANE('',#2261);
#2261 = AXIS2_PLACEMENT_3D('',#2262,#2263,#2264);
#2262 = CARTESIAN_POINT('',(130.2586521603,151.95302975026,
    2.84217094304E-14));
#2263 = DIRECTION('',(-3.684184032207E-16,2.114091573523E-16,-1.));
#2264 = DIRECTION('',(0.707106781187,-0.707106781187,-4.1E-16));
#2265 = ADVANCED_FACE('',(#2266),#2277,.F.);
#2266 = FACE_BOUND('',#2267,.T.);
#2267 = EDGE_LOOP('',(#2268,#2274,#2275,#2276));
#2268 = ORIENTED_EDGE('',*,*,#2269,.T.);
#2269 = EDGE_CURVE('',#363,#1379,#2270,.T.);
#2270 = LINE('',#2271,#2272);
#2271 = CARTESIAN_POINT('',(16.068975770812,54.252741954886,12.));
#2272 = VECTOR('',#2273,1.);
#2273 = DIRECTION('',(-7.850462293419E-17,-7.850462293419E-17,-1.));
#2274 = ORIENTED_EDGE('',*,*,#1386,.T.);
#2275 = ORIENTED_EDGE('',*,*,#61,.F.);
#2276 = ORIENTED_EDGE('',*,*,#370,.F.);
#2277 = PLANE('',#2278);
#2278 = AXIS2_PLACEMENT_3D('',#2279,#2280,#2281);
#2279 = CARTESIAN_POINT('',(16.068975770812,54.252741954886,12.));
#2280 = DIRECTION('',(1.,1.110223024625E-16,-7.850462293419E-17));
#2281 = DIRECTION('',(-1.110223024625E-16,1.,3.914953770658E-16));
#2282 = ADVANCED_FACE('',(#2283),#2301,.F.);
#2283 = FACE_BOUND('',#2284,.T.);
#2284 = EDGE_LOOP('',(#2285,#2293,#2299,#2300));
#2285 = ORIENTED_EDGE('',*,*,#2286,.F.);
#2286 = EDGE_CURVE('',#2287,#411,#2289,.T.);
#2287 = VERTEX_POINT('',#2288);
#2288 = CARTESIAN_POINT('',(187.18881681795,182.94617613083,27.));
#2289 = LINE('',#2290,#2291);
#2290 = CARTESIAN_POINT('',(187.18881681795,182.94617613083,27.));
#2291 = VECTOR('',#2292,1.);
#2292 = DIRECTION('',(-7.850462293419E-17,-7.850462293419E-17,-1.));
#2293 = ORIENTED_EDGE('',*,*,#2294,.T.);
#2294 = EDGE_CURVE('',#2287,#198,#2295,.T.);
#2295 = LINE('',#2296,#2297);
#2296 = CARTESIAN_POINT('',(187.18881681795,182.94617613083,27.));
#2297 = VECTOR('',#2298,1.);
#2298 = DIRECTION('',(0.707106781187,-0.707106781187,2.442490654175E-32)
  );
#2299 = ORIENTED_EDGE('',*,*,#205,.T.);
#2300 = ORIENTED_EDGE('',*,*,#418,.F.);
#2301 = PLANE('',#2302);
#2302 = AXIS2_PLACEMENT_3D('',#2303,#2304,#2305);
#2303 = CARTESIAN_POINT('',(187.18881681795,182.94617613083,27.));
#2304 = DIRECTION('',(-0.707106781187,-0.707106781187,1.110223024625E-16
    ));
#2305 = DIRECTION('',(7.850462293419E-17,7.850462293419E-17,1.));
#2306 = ADVANCED_FACE('',(#2307),#2318,.F.);
#2307 = FACE_BOUND('',#2308,.T.);
#2308 = EDGE_LOOP('',(#2309,#2310,#2311,#2317));
#2309 = ORIENTED_EDGE('',*,*,#102,.T.);
#2310 = ORIENTED_EDGE('',*,*,#1298,.T.);
#2311 = ORIENTED_EDGE('',*,*,#2312,.F.);
#2312 = EDGE_CURVE('',#275,#1299,#2313,.T.);
#2313 = LINE('',#2314,#2315);
#2314 = CARTESIAN_POINT('',(248.,235.27207793864,12.));
#2315 = VECTOR('',#2316,1.);
#2316 = DIRECTION('',(-7.850462293419E-17,-7.850462293419E-17,-1.));
#2317 = ORIENTED_EDGE('',*,*,#274,.F.);
#2318 = PLANE('',#2319);
#2319 = AXIS2_PLACEMENT_3D('',#2320,#2321,#2322);
#2320 = CARTESIAN_POINT('',(248.,232.44365081389,12.));
#2321 = DIRECTION('',(-1.,-1.110223024625E-16,7.850462293419E-17));
#2322 = DIRECTION('',(1.110223024625E-16,-1.,-3.914953770658E-16));
#2323 = ADVANCED_FACE('',(#2324),#2342,.F.);
#2324 = FACE_BOUND('',#2325,.T.);
#2325 = EDGE_LOOP('',(#2326,#2334,#2335,#2336));
#2326 = ORIENTED_EDGE('',*,*,#2327,.T.);
#2327 = EDGE_CURVE('',#2328,#190,#2330,.T.);
#2328 = VERTEX_POINT('',#2329);
#2329 = CARTESIAN_POINT('',(185.06749647439,180.82485578727,30.));
#2330 = LINE('',#2331,#2332);
#2331 = CARTESIAN_POINT('',(185.06749647439,180.82485578727,30.));
#2332 = VECTOR('',#2333,1.);
#2333 = DIRECTION('',(0.707106781187,-0.707106781187,2.442490654175E-32)
  );
#2334 = ORIENTED_EDGE('',*,*,#197,.T.);
#2335 = ORIENTED_EDGE('',*,*,#2294,.F.);
#2336 = ORIENTED_EDGE('',*,*,#2337,.F.);
#2337 = EDGE_CURVE('',#2328,#2287,#2338,.T.);
#2338 = LINE('',#2339,#2340);
#2339 = CARTESIAN_POINT('',(185.06749647439,180.82485578727,30.));
#2340 = VECTOR('',#2341,1.);
#2341 = DIRECTION('',(0.5,0.5,-0.707106781187));
#2342 = PLANE('',#2343);
#2343 = AXIS2_PLACEMENT_3D('',#2344,#2345,#2346);
#2344 = CARTESIAN_POINT('',(185.06749647439,180.82485578727,30.));
#2345 = DIRECTION('',(-0.5,-0.5,-0.707106781187));
#2346 = DIRECTION('',(-0.5,-0.5,0.707106781187));
#2347 = ADVANCED_FACE('',(#2348),#2366,.F.);
#2348 = FACE_BOUND('',#2349,.T.);
#2349 = EDGE_LOOP('',(#2350,#2358,#2359,#2360));
#2350 = ORIENTED_EDGE('',*,*,#2351,.T.);
#2351 = EDGE_CURVE('',#2352,#182,#2354,.T.);
#2352 = VERTEX_POINT('',#2353);
#2353 = CARTESIAN_POINT('',(172.33957441303,168.09693372592,30.));
#2354 = LINE('',#2355,#2356);
#2355 = CARTESIAN_POINT('',(172.33957441303,168.09693372592,30.));
#2356 = VECTOR('',#2357,1.);
#2357 = DIRECTION('',(0.707106781187,-0.707106781187,2.442490654175E-32)
  );
#2358 = ORIENTED_EDGE('',*,*,#189,.T.);
#2359 = ORIENTED_EDGE('',*,*,#2327,.F.);
#2360 = ORIENTED_EDGE('',*,*,#2361,.F.);
#2361 = EDGE_CURVE('',#2352,#2328,#2362,.T.);
#2362 = LINE('',#2363,#2364);
#2363 = CARTESIAN_POINT('',(172.33957441303,168.09693372592,30.));
#2364 = VECTOR('',#2365,1.);
#2365 = DIRECTION('',(0.707106781187,0.707106781187,-1.110223024625E-16)
  );
#2366 = PLANE('',#2367);
#2367 = AXIS2_PLACEMENT_3D('',#2368,#2369,#2370);
#2368 = CARTESIAN_POINT('',(172.33957441303,168.09693372592,30.));
#2369 = DIRECTION('',(-7.850462293419E-17,-7.850462293419E-17,-1.));
#2370 = DIRECTION('',(-0.707106781187,-0.707106781187,1.110223024625E-16
    ));
#2371 = ADVANCED_FACE('',(#2372),#2390,.F.);
#2372 = FACE_BOUND('',#2373,.T.);
#2373 = EDGE_LOOP('',(#2374,#2382,#2383,#2384));
#2374 = ORIENTED_EDGE('',*,*,#2375,.T.);
#2375 = EDGE_CURVE('',#2376,#174,#2378,.T.);
#2376 = VERTEX_POINT('',#2377);
#2377 = CARTESIAN_POINT('',(170.21825406948,165.97561338236,27.));
#2378 = LINE('',#2379,#2380);
#2379 = CARTESIAN_POINT('',(170.21825406948,165.97561338236,27.));
#2380 = VECTOR('',#2381,1.);
#2381 = DIRECTION('',(0.707106781187,-0.707106781187,2.442490654175E-32)
  );
#2382 = ORIENTED_EDGE('',*,*,#181,.T.);
#2383 = ORIENTED_EDGE('',*,*,#2351,.F.);
#2384 = ORIENTED_EDGE('',*,*,#2385,.F.);
#2385 = EDGE_CURVE('',#2376,#2352,#2386,.T.);
#2386 = LINE('',#2387,#2388);
#2387 = CARTESIAN_POINT('',(170.21825406948,165.97561338236,27.));
#2388 = VECTOR('',#2389,1.);
#2389 = DIRECTION('',(0.5,0.5,0.707106781187));
#2390 = PLANE('',#2391);
#2391 = AXIS2_PLACEMENT_3D('',#2392,#2393,#2394);
#2392 = CARTESIAN_POINT('',(170.21825406948,165.97561338236,27.));
#2393 = DIRECTION('',(0.5,0.5,-0.707106781187));
#2394 = DIRECTION('',(-0.5,-0.5,-0.707106781187));
#2395 = ADVANCED_FACE('',(#2396),#2407,.F.);
#2396 = FACE_BOUND('',#2397,.T.);
#2397 = EDGE_LOOP('',(#2398,#2404,#2405,#2406));
#2398 = ORIENTED_EDGE('',*,*,#2399,.F.);
#2399 = EDGE_CURVE('',#403,#2376,#2400,.T.);
#2400 = LINE('',#2401,#2402);
#2401 = CARTESIAN_POINT('',(170.21825406948,165.97561338236,3.));
#2402 = VECTOR('',#2403,1.);
#2403 = DIRECTION('',(7.850462293419E-17,7.850462293419E-17,1.));
#2404 = ORIENTED_EDGE('',*,*,#402,.F.);
#2405 = ORIENTED_EDGE('',*,*,#173,.T.);
#2406 = ORIENTED_EDGE('',*,*,#2375,.F.);
#2407 = PLANE('',#2408);
#2408 = AXIS2_PLACEMENT_3D('',#2409,#2410,#2411);
#2409 = CARTESIAN_POINT('',(170.21825406948,165.97561338236,3.));
#2410 = DIRECTION('',(0.707106781187,0.707106781187,-1.110223024625E-16)
  );
#2411 = DIRECTION('',(-7.850462293419E-17,-7.850462293419E-17,-1.));
#2412 = ADVANCED_FACE('',(#2413),#2431,.F.);
#2413 = FACE_BOUND('',#2414,.T.);
#2414 = EDGE_LOOP('',(#2415,#2423,#2424,#2425));
#2415 = ORIENTED_EDGE('',*,*,#2416,.F.);
#2416 = EDGE_CURVE('',#380,#2417,#2419,.T.);
#2417 = VERTEX_POINT('',#2418);
#2418 = CARTESIAN_POINT('',(38.696392768782,34.453752081662,27.));
#2419 = LINE('',#2420,#2421);
#2420 = CARTESIAN_POINT('',(38.696392768782,34.453752081663,3.));
#2421 = VECTOR('',#2422,1.);
#2422 = DIRECTION('',(7.850462293419E-17,7.850462293419E-17,1.));
#2423 = ORIENTED_EDGE('',*,*,#379,.F.);
#2424 = ORIENTED_EDGE('',*,*,#125,.T.);
#2425 = ORIENTED_EDGE('',*,*,#2426,.F.);
#2426 = EDGE_CURVE('',#2417,#126,#2427,.T.);
#2427 = LINE('',#2428,#2429);
#2428 = CARTESIAN_POINT('',(38.696392768782,34.453752081662,27.));
#2429 = VECTOR('',#2430,1.);
#2430 = DIRECTION('',(0.707106781187,-0.707106781187,2.442490654175E-32)
  );
#2431 = PLANE('',#2432);
#2432 = AXIS2_PLACEMENT_3D('',#2433,#2434,#2435);
#2433 = CARTESIAN_POINT('',(38.696392768782,34.453752081662,3.));
#2434 = DIRECTION('',(0.707106781187,0.707106781187,-1.110223024625E-16)
  );
#2435 = DIRECTION('',(-7.850462293419E-17,-7.850462293419E-17,-1.));
#2436 = ADVANCED_FACE('',(#2437),#2455,.F.);
#2437 = FACE_BOUND('',#2438,.T.);
#2438 = EDGE_LOOP('',(#2439,#2440,#2441,#2449));
#2439 = ORIENTED_EDGE('',*,*,#2426,.T.);
#2440 = ORIENTED_EDGE('',*,*,#133,.T.);
#2441 = ORIENTED_EDGE('',*,*,#2442,.F.);
#2442 = EDGE_CURVE('',#2443,#134,#2445,.T.);
#2443 = VERTEX_POINT('',#2444);
#2444 = CARTESIAN_POINT('',(40.817713112342,36.575072425222,30.));
#2445 = LINE('',#2446,#2447);
#2446 = CARTESIAN_POINT('',(40.817713112342,36.575072425222,30.));
#2447 = VECTOR('',#2448,1.);
#2448 = DIRECTION('',(0.707106781187,-0.707106781187,2.442490654175E-32)
  );
#2449 = ORIENTED_EDGE('',*,*,#2450,.F.);
#2450 = EDGE_CURVE('',#2417,#2443,#2451,.T.);
#2451 = LINE('',#2452,#2453);
#2452 = CARTESIAN_POINT('',(38.696392768782,34.453752081663,27.));
#2453 = VECTOR('',#2454,1.);
#2454 = DIRECTION('',(0.5,0.5,0.707106781187));
#2455 = PLANE('',#2456);
#2456 = AXIS2_PLACEMENT_3D('',#2457,#2458,#2459);
#2457 = CARTESIAN_POINT('',(38.696392768782,34.453752081662,27.));
#2458 = DIRECTION('',(0.5,0.5,-0.707106781187));
#2459 = DIRECTION('',(-0.5,-0.5,-0.707106781187));
#2460 = ADVANCED_FACE('',(#2461),#2479,.F.);
#2461 = FACE_BOUND('',#2462,.T.);
#2462 = EDGE_LOOP('',(#2463,#2471,#2477,#2478));
#2463 = ORIENTED_EDGE('',*,*,#2464,.F.);
#2464 = EDGE_CURVE('',#2465,#388,#2467,.T.);
#2465 = VERTEX_POINT('',#2466);
#2466 = CARTESIAN_POINT('',(55.666955517259,51.42431483014,27.));
#2467 = LINE('',#2468,#2469);
#2468 = CARTESIAN_POINT('',(55.666955517259,51.42431483014,27.));
#2469 = VECTOR('',#2470,1.);
#2470 = DIRECTION('',(-7.850462293419E-17,-7.850462293419E-17,-1.));
#2471 = ORIENTED_EDGE('',*,*,#2472,.T.);
#2472 = EDGE_CURVE('',#2465,#150,#2473,.T.);
#2473 = LINE('',#2474,#2475);
#2474 = CARTESIAN_POINT('',(55.666955517259,51.42431483014,27.));
#2475 = VECTOR('',#2476,1.);
#2476 = DIRECTION('',(0.707106781187,-0.707106781187,2.442490654175E-32)
  );
#2477 = ORIENTED_EDGE('',*,*,#157,.T.);
#2478 = ORIENTED_EDGE('',*,*,#395,.F.);
#2479 = PLANE('',#2480);
#2480 = AXIS2_PLACEMENT_3D('',#2481,#2482,#2483);
#2481 = CARTESIAN_POINT('',(55.666955517259,51.42431483014,27.));
#2482 = DIRECTION('',(-0.707106781187,-0.707106781187,1.110223024625E-16
    ));
#2483 = DIRECTION('',(7.850462293419E-17,7.850462293419E-17,1.));
#2484 = ADVANCED_FACE('',(#2485),#2503,.F.);
#2485 = FACE_BOUND('',#2486,.T.);
#2486 = EDGE_LOOP('',(#2487,#2488,#2489,#2497));
#2487 = ORIENTED_EDGE('',*,*,#2442,.T.);
#2488 = ORIENTED_EDGE('',*,*,#141,.T.);
#2489 = ORIENTED_EDGE('',*,*,#2490,.F.);
#2490 = EDGE_CURVE('',#2491,#142,#2493,.T.);
#2491 = VERTEX_POINT('',#2492);
#2492 = CARTESIAN_POINT('',(53.545635173699,49.30299448658,30.));
#2493 = LINE('',#2494,#2495);
#2494 = CARTESIAN_POINT('',(53.545635173699,49.30299448658,30.));
#2495 = VECTOR('',#2496,1.);
#2496 = DIRECTION('',(0.707106781187,-0.707106781187,2.442490654175E-32)
  );
#2497 = ORIENTED_EDGE('',*,*,#2498,.F.);
#2498 = EDGE_CURVE('',#2443,#2491,#2499,.T.);
#2499 = LINE('',#2500,#2501);
#2500 = CARTESIAN_POINT('',(40.817713112342,36.575072425222,30.));
#2501 = VECTOR('',#2502,1.);
#2502 = DIRECTION('',(0.707106781187,0.707106781187,-1.110223024625E-16)
  );
#2503 = PLANE('',#2504);
#2504 = AXIS2_PLACEMENT_3D('',#2505,#2506,#2507);
#2505 = CARTESIAN_POINT('',(40.817713112342,36.575072425222,30.));
#2506 = DIRECTION('',(-7.850462293419E-17,-7.850462293419E-17,-1.));
#2507 = DIRECTION('',(-0.707106781187,-0.707106781187,1.110223024625E-16
    ));
#2508 = ADVANCED_FACE('',(#2509),#2520,.F.);
#2509 = FACE_BOUND('',#2510,.T.);
#2510 = EDGE_LOOP('',(#2511,#2512,#2513,#2514));
#2511 = ORIENTED_EDGE('',*,*,#2490,.T.);
#2512 = ORIENTED_EDGE('',*,*,#149,.T.);
#2513 = ORIENTED_EDGE('',*,*,#2472,.F.);
#2514 = ORIENTED_EDGE('',*,*,#2515,.F.);
#2515 = EDGE_CURVE('',#2491,#2465,#2516,.T.);
#2516 = LINE('',#2517,#2518);
#2517 = CARTESIAN_POINT('',(53.545635173699,49.30299448658,30.));
#2518 = VECTOR('',#2519,1.);
#2519 = DIRECTION('',(0.5,0.5,-0.707106781187));
#2520 = PLANE('',#2521);
#2521 = AXIS2_PLACEMENT_3D('',#2522,#2523,#2524);
#2522 = CARTESIAN_POINT('',(53.545635173699,49.30299448658,30.));
#2523 = DIRECTION('',(-0.5,-0.5,-0.707106781187));
#2524 = DIRECTION('',(-0.5,-0.5,0.707106781187));
#2525 = ADVANCED_FACE('',(#2526),#2551,.F.);
#2526 = FACE_BOUND('',#2527,.T.);
#2527 = EDGE_LOOP('',(#2528,#2538,#2544,#2545));
#2528 = ORIENTED_EDGE('',*,*,#2529,.F.);
#2529 = EDGE_CURVE('',#2530,#2532,#2534,.T.);
#2530 = VERTEX_POINT('',#2531);
#2531 = CARTESIAN_POINT('',(47.18167414302,42.939033455901,
    23.091168824543));
#2532 = VERTEX_POINT('',#2533);
#2533 = CARTESIAN_POINT('',(45.38167414302,41.139033455901,
    20.545584412272));
#2534 = LINE('',#2535,#2536);
#2535 = CARTESIAN_POINT('',(45.751344057131,41.508703370011,
    21.068376618407));
#2536 = VECTOR('',#2537,1.);
#2537 = DIRECTION('',(-0.5,-0.5,-0.707106781187));
#2538 = ORIENTED_EDGE('',*,*,#2539,.T.);
#2539 = EDGE_CURVE('',#2530,#216,#2540,.T.);
#2540 = LINE('',#2541,#2542);
#2541 = CARTESIAN_POINT('',(46.474567361834,43.646140237088,
    23.091168824543));
#2542 = VECTOR('',#2543,1.);
#2543 = DIRECTION('',(0.707106781187,-0.707106781187,2.442490654175E-32)
  );
#2544 = ORIENTED_EDGE('',*,*,#213,.F.);
#2545 = ORIENTED_EDGE('',*,*,#2546,.F.);
#2546 = EDGE_CURVE('',#2532,#214,#2547,.T.);
#2547 = LINE('',#2548,#2549);
#2548 = CARTESIAN_POINT('',(44.674567361834,41.846140237088,
    20.545584412272));
#2549 = VECTOR('',#2550,1.);
#2550 = DIRECTION('',(0.707106781187,-0.707106781187,2.442490654175E-32)
  );
#2551 = PLANE('',#2552);
#2552 = AXIS2_PLACEMENT_3D('',#2553,#2554,#2555);
#2553 = CARTESIAN_POINT('',(46.474567361834,43.646140237088,
    23.091168824543));
#2554 = DIRECTION('',(-0.5,-0.5,0.707106781187));
#2555 = DIRECTION('',(0.5,0.5,0.707106781187));
#2556 = ADVANCED_FACE('',(#2557),#2575,.F.);
#2557 = FACE_BOUND('',#2558,.T.);
#2558 = EDGE_LOOP('',(#2559,#2567,#2573,#2574));
#2559 = ORIENTED_EDGE('',*,*,#2560,.F.);
#2560 = EDGE_CURVE('',#2561,#2530,#2563,.T.);
#2561 = VERTEX_POINT('',#2562);
#2562 = CARTESIAN_POINT('',(48.98167414302,44.739033455901,
    20.545584412272));
#2563 = LINE('',#2564,#2565);
#2564 = CARTESIAN_POINT('',(49.51200422891,45.269363541791,
    19.795584412272));
#2565 = VECTOR('',#2566,1.);
#2566 = DIRECTION('',(-0.5,-0.5,0.707106781187));
#2567 = ORIENTED_EDGE('',*,*,#2568,.T.);
#2568 = EDGE_CURVE('',#2561,#224,#2569,.T.);
#2569 = LINE('',#2570,#2571);
#2570 = CARTESIAN_POINT('',(48.274567361834,45.446140237088,
    20.545584412272));
#2571 = VECTOR('',#2572,1.);
#2572 = DIRECTION('',(0.707106781187,-0.707106781187,2.442490654175E-32)
  );
#2573 = ORIENTED_EDGE('',*,*,#232,.F.);
#2574 = ORIENTED_EDGE('',*,*,#2539,.F.);
#2575 = PLANE('',#2576);
#2576 = AXIS2_PLACEMENT_3D('',#2577,#2578,#2579);
#2577 = CARTESIAN_POINT('',(48.274567361834,45.446140237088,
    20.545584412272));
#2578 = DIRECTION('',(0.5,0.5,0.707106781187));
#2579 = DIRECTION('',(0.5,0.5,-0.707106781187));
#2580 = ADVANCED_FACE('',(#2581),#2593,.F.);
#2581 = FACE_BOUND('',#2582,.F.);
#2582 = EDGE_LOOP('',(#2583,#2590,#2591,#2592));
#2583 = ORIENTED_EDGE('',*,*,#2584,.T.);
#2584 = EDGE_CURVE('',#2532,#2561,#2585,.T.);
#2585 = CIRCLE('',#2586,3.6);
#2586 = AXIS2_PLACEMENT_3D('',#2587,#2588,#2589);
#2587 = CARTESIAN_POINT('',(47.18167414302,42.939033455901,18.));
#2588 = DIRECTION('',(0.707106781187,-0.707106781187,-1.232595164408E-32
    ));
#2589 = DIRECTION('',(-7.850462293419E-17,-7.850462293419E-17,-1.));
#2590 = ORIENTED_EDGE('',*,*,#2568,.T.);
#2591 = ORIENTED_EDGE('',*,*,#223,.F.);
#2592 = ORIENTED_EDGE('',*,*,#2546,.F.);
#2593 = CYLINDRICAL_SURFACE('',#2594,3.6);
#2594 = AXIS2_PLACEMENT_3D('',#2595,#2596,#2597);
#2595 = CARTESIAN_POINT('',(46.474567361834,43.646140237088,18.));
#2596 = DIRECTION('',(-0.707106781187,0.707106781187,2.442490654175E-32)
  );
#2597 = DIRECTION('',(-7.850462293419E-17,-7.850462293419E-17,-1.));
#2598 = ADVANCED_FACE('',(#2599),#2624,.F.);
#2599 = FACE_BOUND('',#2600,.T.);
#2600 = EDGE_LOOP('',(#2601,#2611,#2617,#2618));
#2601 = ORIENTED_EDGE('',*,*,#2602,.F.);
#2602 = EDGE_CURVE('',#2603,#2605,#2607,.T.);
#2603 = VERTEX_POINT('',#2604);
#2604 = CARTESIAN_POINT('',(178.70353544371,174.46089475659,
    23.091168824543));
#2605 = VERTEX_POINT('',#2606);
#2606 = CARTESIAN_POINT('',(176.90353544371,172.66089475659,
    20.545584412272));
#2607 = LINE('',#2608,#2609);
#2608 = CARTESIAN_POINT('',(177.27320535782,173.0305646707,
    21.068376618407));
#2609 = VECTOR('',#2610,1.);
#2610 = DIRECTION('',(-0.5,-0.5,-0.707106781187));
#2611 = ORIENTED_EDGE('',*,*,#2612,.T.);
#2612 = EDGE_CURVE('',#2603,#243,#2613,.T.);
#2613 = LINE('',#2614,#2615);
#2614 = CARTESIAN_POINT('',(177.99642866253,175.16800153778,
    23.091168824543));
#2615 = VECTOR('',#2616,1.);
#2616 = DIRECTION('',(0.707106781187,-0.707106781187,2.442490654175E-32)
  );
#2617 = ORIENTED_EDGE('',*,*,#240,.F.);
#2618 = ORIENTED_EDGE('',*,*,#2619,.F.);
#2619 = EDGE_CURVE('',#2605,#241,#2620,.T.);
#2620 = LINE('',#2621,#2622);
#2621 = CARTESIAN_POINT('',(176.19642866253,173.36800153778,
    20.545584412272));
#2622 = VECTOR('',#2623,1.);
#2623 = DIRECTION('',(0.707106781187,-0.707106781187,2.442490654175E-32)
  );
#2624 = PLANE('',#2625);
#2625 = AXIS2_PLACEMENT_3D('',#2626,#2627,#2628);
#2626 = CARTESIAN_POINT('',(177.99642866253,175.16800153778,
    23.091168824543));
#2627 = DIRECTION('',(-0.5,-0.5,0.707106781187));
#2628 = DIRECTION('',(0.5,0.5,0.707106781187));
#2629 = ADVANCED_FACE('',(#2630),#2648,.F.);
#2630 = FACE_BOUND('',#2631,.T.);
#2631 = EDGE_LOOP('',(#2632,#2640,#2646,#2647));
#2632 = ORIENTED_EDGE('',*,*,#2633,.F.);
#2633 = EDGE_CURVE('',#2634,#2603,#2636,.T.);
#2634 = VERTEX_POINT('',#2635);
#2635 = CARTESIAN_POINT('',(180.50353544371,176.26089475659,
    20.545584412272));
#2636 = LINE('',#2637,#2638);
#2637 = CARTESIAN_POINT('',(181.0338655296,176.79122484248,
    19.795584412272));
#2638 = VECTOR('',#2639,1.);
#2639 = DIRECTION('',(-0.5,-0.5,0.707106781187));
#2640 = ORIENTED_EDGE('',*,*,#2641,.T.);
#2641 = EDGE_CURVE('',#2634,#251,#2642,.T.);
#2642 = LINE('',#2643,#2644);
#2643 = CARTESIAN_POINT('',(179.79642866253,176.96800153778,
    20.545584412272));
#2644 = VECTOR('',#2645,1.);
#2645 = DIRECTION('',(0.707106781187,-0.707106781187,2.442490654175E-32)
  );
#2646 = ORIENTED_EDGE('',*,*,#259,.F.);
#2647 = ORIENTED_EDGE('',*,*,#2612,.F.);
#2648 = PLANE('',#2649);
#2649 = AXIS2_PLACEMENT_3D('',#2650,#2651,#2652);
#2650 = CARTESIAN_POINT('',(179.79642866253,176.96800153778,
    20.545584412272));
#2651 = DIRECTION('',(0.5,0.5,0.707106781187));
#2652 = DIRECTION('',(0.5,0.5,-0.707106781187));
#2653 = ADVANCED_FACE('',(#2654),#2666,.F.);
#2654 = FACE_BOUND('',#2655,.F.);
#2655 = EDGE_LOOP('',(#2656,#2663,#2664,#2665));
#2656 = ORIENTED_EDGE('',*,*,#2657,.T.);
#2657 = EDGE_CURVE('',#2605,#2634,#2658,.T.);
#2658 = CIRCLE('',#2659,3.6);
#2659 = AXIS2_PLACEMENT_3D('',#2660,#2661,#2662);
#2660 = CARTESIAN_POINT('',(178.70353544371,174.46089475659,18.));
#2661 = DIRECTION('',(0.707106781187,-0.707106781187,-1.232595164408E-32
    ));
#2662 = DIRECTION('',(-7.850462293419E-17,-7.850462293419E-17,-1.));
#2663 = ORIENTED_EDGE('',*,*,#2641,.T.);
#2664 = ORIENTED_EDGE('',*,*,#250,.F.);
#2665 = ORIENTED_EDGE('',*,*,#2619,.F.);
#2666 = CYLINDRICAL_SURFACE('',#2667,3.6);
#2667 = AXIS2_PLACEMENT_3D('',#2668,#2669,#2670);
#2668 = CARTESIAN_POINT('',(177.99642866253,175.16800153778,18.));
#2669 = DIRECTION('',(-0.707106781187,0.707106781187,2.442490654175E-32)
  );
#2670 = DIRECTION('',(-7.850462293419E-17,-7.850462293419E-17,-1.));
#2671 = ADVANCED_FACE('',(#2672,#2680),#2685,.T.);
#2672 = FACE_BOUND('',#2673,.F.);
#2673 = EDGE_LOOP('',(#2674,#2675,#2676,#2677,#2678,#2679));
#2674 = ORIENTED_EDGE('',*,*,#2337,.F.);
#2675 = ORIENTED_EDGE('',*,*,#2361,.F.);
#2676 = ORIENTED_EDGE('',*,*,#2385,.F.);
#2677 = ORIENTED_EDGE('',*,*,#2399,.F.);
#2678 = ORIENTED_EDGE('',*,*,#410,.F.);
#2679 = ORIENTED_EDGE('',*,*,#2286,.F.);
#2680 = FACE_BOUND('',#2681,.F.);
#2681 = EDGE_LOOP('',(#2682,#2683,#2684));
#2682 = ORIENTED_EDGE('',*,*,#2602,.F.);
#2683 = ORIENTED_EDGE('',*,*,#2633,.F.);
#2684 = ORIENTED_EDGE('',*,*,#2657,.F.);
#2685 = PLANE('',#2686);
#2686 = AXIS2_PLACEMENT_3D('',#2687,#2688,#2689);
#2687 = CARTESIAN_POINT('',(178.70353544371,174.46089475659,15.));
#2688 = DIRECTION('',(-0.707106781187,0.707106781187,2.886579864025E-32)
  );
#2689 = DIRECTION('',(0.707106781187,0.707106781187,-1.110223024625E-16)
  );
#2690 = ADVANCED_FACE('',(#2691),#2702,.F.);
#2691 = FACE_BOUND('',#2692,.T.);
#2692 = EDGE_LOOP('',(#2693,#2694,#2695,#2701));
#2693 = ORIENTED_EDGE('',*,*,#2312,.T.);
#2694 = ORIENTED_EDGE('',*,*,#1306,.T.);
#2695 = ORIENTED_EDGE('',*,*,#2696,.F.);
#2696 = EDGE_CURVE('',#283,#1307,#2697,.T.);
#2697 = LINE('',#2698,#2699);
#2698 = CARTESIAN_POINT('',(243.75735931288,239.51471862576,12.));
#2699 = VECTOR('',#2700,1.);
#2700 = DIRECTION('',(-7.850462293419E-17,-7.850462293419E-17,-1.));
#2701 = ORIENTED_EDGE('',*,*,#282,.F.);
#2702 = PLANE('',#2703);
#2703 = AXIS2_PLACEMENT_3D('',#2704,#2705,#2706);
#2704 = CARTESIAN_POINT('',(248.,235.27207793864,12.));
#2705 = DIRECTION('',(-0.707106781187,-0.707106781187,1.110223024625E-16
    ));
#2706 = DIRECTION('',(0.707106781187,-0.707106781187,-4.4E-16));
#2707 = ADVANCED_FACE('',(#2708),#2719,.F.);
#2708 = FACE_BOUND('',#2709,.T.);
#2709 = EDGE_LOOP('',(#2710,#2711,#2712,#2718));
#2710 = ORIENTED_EDGE('',*,*,#2696,.T.);
#2711 = ORIENTED_EDGE('',*,*,#1314,.T.);
#2712 = ORIENTED_EDGE('',*,*,#2713,.F.);
#2713 = EDGE_CURVE('',#291,#1315,#2714,.T.);
#2714 = LINE('',#2715,#2716);
#2715 = CARTESIAN_POINT('',(221.12994231491,248.,12.));
#2716 = VECTOR('',#2717,1.);
#2717 = DIRECTION('',(-7.850462293419E-17,-7.850462293419E-17,-1.));
#2718 = ORIENTED_EDGE('',*,*,#290,.F.);
#2719 = PLANE('',#2720);
#2720 = AXIS2_PLACEMENT_3D('',#2721,#2722,#2723);
#2721 = CARTESIAN_POINT('',(243.75735931288,239.51471862576,12.));
#2722 = DIRECTION('',(-0.351123441588,-0.936329177569,1.010709824126E-16
    ));
#2723 = DIRECTION('',(0.936329177569,-0.351123441588,-3.559413556421E-16
    ));
#2724 = ADVANCED_FACE('',(#2725),#2736,.F.);
#2725 = FACE_BOUND('',#2726,.T.);
#2726 = EDGE_LOOP('',(#2727,#2728,#2729,#2735));
#2727 = ORIENTED_EDGE('',*,*,#2713,.T.);
#2728 = ORIENTED_EDGE('',*,*,#1322,.T.);
#2729 = ORIENTED_EDGE('',*,*,#2730,.F.);
#2730 = EDGE_CURVE('',#299,#1323,#2731,.T.);
#2731 = LINE('',#2732,#2733);
#2732 = CARTESIAN_POINT('',(154.66190488337,240.92893218813,12.));
#2733 = VECTOR('',#2734,1.);
#2734 = DIRECTION('',(-7.850462293419E-17,-7.850462293419E-17,-1.));
#2735 = ORIENTED_EDGE('',*,*,#298,.F.);
#2736 = PLANE('',#2737);
#2737 = AXIS2_PLACEMENT_3D('',#2738,#2739,#2740);
#2738 = CARTESIAN_POINT('',(221.12994231491,248.,12.));
#2739 = DIRECTION('',(0.105786054594,-0.994388913179,6.97594323515E-17)
  );
#2740 = DIRECTION('',(0.994388913179,0.105786054594,-1.963688210066E-16)
  );
#2741 = ADVANCED_FACE('',(#2742),#2753,.F.);
#2742 = FACE_BOUND('',#2743,.T.);
#2743 = EDGE_LOOP('',(#2744,#2745,#2746,#2752));
#2744 = ORIENTED_EDGE('',*,*,#2730,.T.);
#2745 = ORIENTED_EDGE('',*,*,#1330,.T.);
#2746 = ORIENTED_EDGE('',*,*,#2747,.F.);
#2747 = EDGE_CURVE('',#307,#1331,#2748,.T.);
#2748 = LINE('',#2749,#2750);
#2749 = CARTESIAN_POINT('',(119.30656582404,205.5735931288,12.));
#2750 = VECTOR('',#2751,1.);
#2751 = DIRECTION('',(-7.850462293419E-17,-7.850462293419E-17,-1.));
#2752 = ORIENTED_EDGE('',*,*,#306,.F.);
#2753 = PLANE('',#2754);
#2754 = AXIS2_PLACEMENT_3D('',#2755,#2756,#2757);
#2755 = CARTESIAN_POINT('',(154.66190488337,240.92893218813,12.));
#2756 = DIRECTION('',(0.707106781187,-0.707106781187,-2.442490654175E-32
    ));
#2757 = DIRECTION('',(0.707106781187,0.707106781187,1.089776975375E-16)
  );
#2758 = ADVANCED_FACE('',(#2759,#2767),#2772,.T.);
#2759 = FACE_BOUND('',#2760,.F.);
#2760 = EDGE_LOOP('',(#2761,#2762,#2763,#2764,#2765,#2766));
#2761 = ORIENTED_EDGE('',*,*,#2515,.F.);
#2762 = ORIENTED_EDGE('',*,*,#2498,.F.);
#2763 = ORIENTED_EDGE('',*,*,#2450,.F.);
#2764 = ORIENTED_EDGE('',*,*,#2416,.F.);
#2765 = ORIENTED_EDGE('',*,*,#387,.F.);
#2766 = ORIENTED_EDGE('',*,*,#2464,.F.);
#2767 = FACE_BOUND('',#2768,.F.);
#2768 = EDGE_LOOP('',(#2769,#2770,#2771));
#2769 = ORIENTED_EDGE('',*,*,#2529,.F.);
#2770 = ORIENTED_EDGE('',*,*,#2560,.F.);
#2771 = ORIENTED_EDGE('',*,*,#2584,.F.);
#2772 = PLANE('',#2773);
#2773 = AXIS2_PLACEMENT_3D('',#2774,#2775,#2776);
#2774 = CARTESIAN_POINT('',(47.18167414302,42.939033455901,15.));
#2775 = DIRECTION('',(-0.707106781187,0.707106781187,0.));
#2776 = DIRECTION('',(0.707106781187,0.707106781187,-1.110223024625E-16)
  );
#2777 = ADVANCED_FACE('',(#2778),#2789,.F.);
#2778 = FACE_BOUND('',#2779,.T.);
#2779 = EDGE_LOOP('',(#2780,#2781,#2782,#2788));
#2780 = ORIENTED_EDGE('',*,*,#2747,.T.);
#2781 = ORIENTED_EDGE('',*,*,#1338,.T.);
#2782 = ORIENTED_EDGE('',*,*,#2783,.F.);
#2783 = EDGE_CURVE('',#315,#1339,#2784,.T.);
#2784 = LINE('',#2785,#2786);
#2785 = CARTESIAN_POINT('',(119.30656582404,202.74516600406,12.));
#2786 = VECTOR('',#2787,1.);
#2787 = DIRECTION('',(-7.850462293419E-17,-7.850462293419E-17,-1.));
#2788 = ORIENTED_EDGE('',*,*,#314,.F.);
#2789 = PLANE('',#2790);
#2790 = AXIS2_PLACEMENT_3D('',#2791,#2792,#2793);
#2791 = CARTESIAN_POINT('',(119.30656582404,205.5735931288,12.));
#2792 = DIRECTION('',(1.,1.110223024625E-16,-7.850462293419E-17));
#2793 = DIRECTION('',(-1.110223024625E-16,1.,3.914953770658E-16));
#2794 = ADVANCED_FACE('',(#2795),#2806,.F.);
#2795 = FACE_BOUND('',#2796,.T.);
#2796 = EDGE_LOOP('',(#2797,#2798,#2799,#2805));
#2797 = ORIENTED_EDGE('',*,*,#2783,.T.);
#2798 = ORIENTED_EDGE('',*,*,#1346,.T.);
#2799 = ORIENTED_EDGE('',*,*,#2800,.F.);
#2800 = EDGE_CURVE('',#323,#1347,#2801,.T.);
#2801 = LINE('',#2802,#2803);
#2802 = CARTESIAN_POINT('',(120.72077938642,201.33095244168,12.));
#2803 = VECTOR('',#2804,1.);
#2804 = DIRECTION('',(-7.850462293419E-17,-7.850462293419E-17,-1.));
#2805 = ORIENTED_EDGE('',*,*,#322,.F.);
#2806 = PLANE('',#2807);
#2807 = AXIS2_PLACEMENT_3D('',#2808,#2809,#2810);
#2808 = CARTESIAN_POINT('',(119.30656582404,202.74516600406,12.));
#2809 = DIRECTION('',(0.707106781187,0.707106781187,-1.110223024625E-16)
  );
#2810 = DIRECTION('',(-0.707106781187,0.707106781187,4.4E-16));
#2811 = ADVANCED_FACE('',(#2812),#2823,.F.);
#2812 = FACE_BOUND('',#2813,.T.);
#2813 = EDGE_LOOP('',(#2814,#2815,#2816,#2822));
#2814 = ORIENTED_EDGE('',*,*,#2800,.T.);
#2815 = ORIENTED_EDGE('',*,*,#1354,.T.);
#2816 = ORIENTED_EDGE('',*,*,#2817,.F.);
#2817 = EDGE_CURVE('',#331,#1355,#2818,.T.);
#2818 = LINE('',#2819,#2820);
#2819 = CARTESIAN_POINT('',(123.54920651116,201.33095244168,12.));
#2820 = VECTOR('',#2821,1.);
#2821 = DIRECTION('',(-7.850462293419E-17,-7.850462293419E-17,-1.));
#2822 = ORIENTED_EDGE('',*,*,#330,.F.);
#2823 = PLANE('',#2824);
#2824 = AXIS2_PLACEMENT_3D('',#2825,#2826,#2827);
#2825 = CARTESIAN_POINT('',(120.72077938642,201.33095244168,12.));
#2826 = DIRECTION('',(-1.110223024625E-16,1.,-7.850462293419E-17));
#2827 = DIRECTION('',(-1.,-1.110223024625E-16,2.385046229342E-16));
#2828 = ADVANCED_FACE('',(#2829),#2856,.F.);
#2829 = FACE_BOUND('',#2830,.T.);
#2830 = EDGE_LOOP('',(#2831,#2832,#2833,#2834,#2842,#2850));
#2831 = ORIENTED_EDGE('',*,*,#338,.F.);
#2832 = ORIENTED_EDGE('',*,*,#2817,.T.);
#2833 = ORIENTED_EDGE('',*,*,#1362,.T.);
#2834 = ORIENTED_EDGE('',*,*,#2835,.T.);
#2835 = EDGE_CURVE('',#1363,#2836,#2838,.T.);
#2836 = VERTEX_POINT('',#2837);
#2837 = CARTESIAN_POINT('',(140.51976925964,218.30151519016,3.));
#2838 = LINE('',#2839,#2840);
#2839 = CARTESIAN_POINT('',(140.51976925964,218.30151519016,
    2.84217094304E-14));
#2840 = VECTOR('',#2841,1.);
#2841 = DIRECTION('',(7.850462293419E-17,7.850462293419E-17,1.));
#2842 = ORIENTED_EDGE('',*,*,#2843,.F.);
#2843 = EDGE_CURVE('',#2844,#2836,#2846,.T.);
#2844 = VERTEX_POINT('',#2845);
#2845 = CARTESIAN_POINT('',(149.00505063388,226.7867965644,3.));
#2846 = LINE('',#2847,#2848);
#2847 = CARTESIAN_POINT('',(151.83347775862,229.61522368915,3.));
#2848 = VECTOR('',#2849,1.);
#2849 = DIRECTION('',(-0.707106781187,-0.707106781187,1.110223024625E-16
    ));
#2850 = ORIENTED_EDGE('',*,*,#2851,.F.);
#2851 = EDGE_CURVE('',#339,#2844,#2852,.T.);
#2852 = LINE('',#2853,#2854);
#2853 = CARTESIAN_POINT('',(149.00505063388,226.7867965644,12.));
#2854 = VECTOR('',#2855,1.);
#2855 = DIRECTION('',(-7.850462293419E-17,-7.850462293419E-17,-1.));
#2856 = PLANE('',#2857);
#2857 = AXIS2_PLACEMENT_3D('',#2858,#2859,#2860);
#2858 = CARTESIAN_POINT('',(123.54920651116,201.33095244168,12.));
#2859 = DIRECTION('',(-0.707106781187,0.707106781187,2.442490654175E-32)
  );
#2860 = DIRECTION('',(-0.707106781187,-0.707106781187,
    -1.089776975375E-16));
#2861 = ADVANCED_FACE('',(#2862),#2880,.F.);
#2862 = FACE_BOUND('',#2863,.T.);
#2863 = EDGE_LOOP('',(#2864,#2865,#2866,#2874));
#2864 = ORIENTED_EDGE('',*,*,#346,.F.);
#2865 = ORIENTED_EDGE('',*,*,#2851,.T.);
#2866 = ORIENTED_EDGE('',*,*,#2867,.T.);
#2867 = EDGE_CURVE('',#2844,#2868,#2870,.T.);
#2868 = VERTEX_POINT('',#2869);
#2869 = CARTESIAN_POINT('',(151.83347775862,226.7867965644,3.));
#2870 = LINE('',#2871,#2872);
#2871 = CARTESIAN_POINT('',(150.41926419625,226.7867965644,3.));
#2872 = VECTOR('',#2873,1.);
#2873 = DIRECTION('',(1.,1.110223024625E-16,-7.850462293419E-17));
#2874 = ORIENTED_EDGE('',*,*,#2875,.F.);
#2875 = EDGE_CURVE('',#347,#2868,#2876,.T.);
#2876 = LINE('',#2877,#2878);
#2877 = CARTESIAN_POINT('',(151.83347775862,226.7867965644,12.));
#2878 = VECTOR('',#2879,1.);
#2879 = DIRECTION('',(-7.850462293419E-17,-7.850462293419E-17,-1.));
#2880 = PLANE('',#2881);
#2881 = AXIS2_PLACEMENT_3D('',#2882,#2883,#2884);
#2882 = CARTESIAN_POINT('',(149.00505063388,226.7867965644,12.));
#2883 = DIRECTION('',(-1.110223024625E-16,1.,-7.850462293419E-17));
#2884 = DIRECTION('',(-1.,-1.110223024625E-16,2.385046229342E-16));
#2885 = ADVANCED_FACE('',(#2886),#2904,.F.);
#2886 = FACE_BOUND('',#2887,.T.);
#2887 = EDGE_LOOP('',(#2888,#2889,#2890,#2898));
#2888 = ORIENTED_EDGE('',*,*,#354,.F.);
#2889 = ORIENTED_EDGE('',*,*,#2875,.T.);
#2890 = ORIENTED_EDGE('',*,*,#2891,.T.);
#2891 = EDGE_CURVE('',#2868,#2892,#2894,.T.);
#2892 = VERTEX_POINT('',#2893);
#2893 = CARTESIAN_POINT('',(170.21825406948,208.40202025355,3.));
#2894 = LINE('',#2895,#2896);
#2895 = CARTESIAN_POINT('',(151.12637097744,227.49390334559,3.));
#2896 = VECTOR('',#2897,1.);
#2897 = DIRECTION('',(0.707106781187,-0.707106781187,-2.442490654175E-32
    ));
#2898 = ORIENTED_EDGE('',*,*,#2899,.F.);
#2899 = EDGE_CURVE('',#355,#2892,#2900,.T.);
#2900 = LINE('',#2901,#2902);
#2901 = CARTESIAN_POINT('',(170.21825406948,208.40202025355,12.));
#2902 = VECTOR('',#2903,1.);
#2903 = DIRECTION('',(-7.850462293419E-17,-7.850462293419E-17,-1.));
#2904 = PLANE('',#2905);
#2905 = AXIS2_PLACEMENT_3D('',#2906,#2907,#2908);
#2906 = CARTESIAN_POINT('',(151.83347775862,226.7867965644,12.));
#2907 = DIRECTION('',(0.707106781187,0.707106781187,-1.110223024625E-16)
  );
#2908 = DIRECTION('',(-0.707106781187,0.707106781187,4.4E-16));
#2909 = ADVANCED_FACE('',(#2910),#2930,.F.);
#2910 = FACE_BOUND('',#2911,.T.);
#2911 = EDGE_LOOP('',(#2912,#2913,#2914,#2922,#2928,#2929));
#2912 = ORIENTED_EDGE('',*,*,#362,.F.);
#2913 = ORIENTED_EDGE('',*,*,#2899,.T.);
#2914 = ORIENTED_EDGE('',*,*,#2915,.T.);
#2915 = EDGE_CURVE('',#2892,#2916,#2918,.T.);
#2916 = VERTEX_POINT('',#2917);
#2917 = CARTESIAN_POINT('',(160.31875913286,198.50252531694,3.));
#2918 = LINE('',#2919,#2920);
#2919 = CARTESIAN_POINT('',(171.63246763185,209.81623381592,3.));
#2920 = VECTOR('',#2921,1.);
#2921 = DIRECTION('',(-0.707106781187,-0.707106781187,1.110223024625E-16
    ));
#2922 = ORIENTED_EDGE('',*,*,#2923,.T.);
#2923 = EDGE_CURVE('',#2916,#1371,#2924,.T.);
#2924 = LINE('',#2925,#2926);
#2925 = CARTESIAN_POINT('',(160.31875913286,198.50252531694,3.));
#2926 = VECTOR('',#2927,1.);
#2927 = DIRECTION('',(-7.850462293419E-17,-7.850462293419E-17,-1.));
#2928 = ORIENTED_EDGE('',*,*,#1378,.T.);
#2929 = ORIENTED_EDGE('',*,*,#2269,.F.);
#2930 = PLANE('',#2931);
#2931 = AXIS2_PLACEMENT_3D('',#2932,#2933,#2934);
#2932 = CARTESIAN_POINT('',(170.21825406948,208.40202025355,12.));
#2933 = DIRECTION('',(0.707106781187,-0.707106781187,-2.442490654175E-32
    ));
#2934 = DIRECTION('',(0.707106781187,0.707106781187,1.089776975375E-16)
  );
#2935 = ADVANCED_FACE('',(#2936),#2952,.T.);
#2936 = FACE_BOUND('',#2937,.F.);
#2937 = EDGE_LOOP('',(#2938,#2939,#2945,#2946));
#2938 = ORIENTED_EDGE('',*,*,#426,.T.);
#2939 = ORIENTED_EDGE('',*,*,#2940,.T.);
#2940 = EDGE_CURVE('',#429,#1400,#2941,.T.);
#2941 = LINE('',#2942,#2943);
#2942 = CARTESIAN_POINT('',(218.30151519016,235.27207793864,13.));
#2943 = VECTOR('',#2944,1.);
#2944 = DIRECTION('',(-7.850462293419E-17,-7.850462293419E-17,-1.));
#2945 = ORIENTED_EDGE('',*,*,#1397,.F.);
#2946 = ORIENTED_EDGE('',*,*,#2947,.F.);
#2947 = EDGE_CURVE('',#427,#1398,#2948,.T.);
#2948 = LINE('',#2949,#2950);
#2949 = CARTESIAN_POINT('',(192.13856428626,209.10912703474,13.));
#2950 = VECTOR('',#2951,1.);
#2951 = DIRECTION('',(-7.850462293419E-17,-7.850462293419E-17,-1.));
#2952 = PLANE('',#2953);
#2953 = AXIS2_PLACEMENT_3D('',#2954,#2955,#2956);
#2954 = CARTESIAN_POINT('',(218.30151519016,235.27207793864,13.));
#2955 = DIRECTION('',(0.707106781187,-0.707106781187,-2.442490654175E-32
    ));
#2956 = DIRECTION('',(0.707106781187,0.707106781187,1.089776975375E-16)
  );
#2957 = ADVANCED_FACE('',(#2958),#2969,.T.);
#2958 = FACE_BOUND('',#2959,.F.);
#2959 = EDGE_LOOP('',(#2960,#2961,#2962,#2963));
#2960 = ORIENTED_EDGE('',*,*,#452,.T.);
#2961 = ORIENTED_EDGE('',*,*,#2947,.T.);
#2962 = ORIENTED_EDGE('',*,*,#1423,.F.);
#2963 = ORIENTED_EDGE('',*,*,#2964,.F.);
#2964 = EDGE_CURVE('',#445,#1416,#2965,.T.);
#2965 = LINE('',#2966,#2967);
#2966 = CARTESIAN_POINT('',(199.91673887931,201.33095244168,13.));
#2967 = VECTOR('',#2968,1.);
#2968 = DIRECTION('',(-7.850462293419E-17,-7.850462293419E-17,-1.));
#2969 = PLANE('',#2970);
#2970 = AXIS2_PLACEMENT_3D('',#2971,#2972,#2973);
#2971 = CARTESIAN_POINT('',(192.13856428626,209.10912703474,13.));
#2972 = DIRECTION('',(0.707106781187,0.707106781187,-1.110223024625E-16)
  );
#2973 = DIRECTION('',(-0.707106781187,0.707106781187,4.4E-16));
#2974 = ADVANCED_FACE('',(#2975),#2986,.T.);
#2975 = FACE_BOUND('',#2976,.F.);
#2976 = EDGE_LOOP('',(#2977,#2978,#2984,#2985));
#2977 = ORIENTED_EDGE('',*,*,#436,.T.);
#2978 = ORIENTED_EDGE('',*,*,#2979,.T.);
#2979 = EDGE_CURVE('',#437,#1408,#2980,.T.);
#2980 = LINE('',#2981,#2982);
#2981 = CARTESIAN_POINT('',(228.90811690796,230.32233047033,13.));
#2982 = VECTOR('',#2983,1.);
#2983 = DIRECTION('',(-7.850462293419E-17,-7.850462293419E-17,-1.));
#2984 = ORIENTED_EDGE('',*,*,#1407,.F.);
#2985 = ORIENTED_EDGE('',*,*,#2940,.F.);
#2986 = PLANE('',#2987);
#2987 = AXIS2_PLACEMENT_3D('',#2988,#2989,#2990);
#2988 = CARTESIAN_POINT('',(228.90811690796,230.32233047033,13.));
#2989 = DIRECTION('',(-0.422885465331,-0.906183139995,1.043380297148E-16
    ));
#2990 = DIRECTION('',(0.906183139995,-0.422885465331,-3.779411017145E-16
    ));
#2991 = ADVANCED_FACE('',(#2992),#2998,.T.);
#2992 = FACE_BOUND('',#2993,.F.);
#2993 = EDGE_LOOP('',(#2994,#2995,#2996,#2997));
#2994 = ORIENTED_EDGE('',*,*,#444,.T.);
#2995 = ORIENTED_EDGE('',*,*,#2964,.T.);
#2996 = ORIENTED_EDGE('',*,*,#1415,.F.);
#2997 = ORIENTED_EDGE('',*,*,#2979,.F.);
#2998 = PLANE('',#2999);
#2999 = AXIS2_PLACEMENT_3D('',#3000,#3001,#3002);
#3000 = CARTESIAN_POINT('',(199.91673887931,201.33095244168,13.));
#3001 = DIRECTION('',(-0.707106781187,0.707106781187,2.442490654175E-32)
  );
#3002 = DIRECTION('',(-0.707106781187,-0.707106781187,
    -1.089776975375E-16));
#3003 = ADVANCED_FACE('',(#3004),#3020,.T.);
#3004 = FACE_BOUND('',#3005,.F.);
#3005 = EDGE_LOOP('',(#3006,#3007,#3013,#3014));
#3006 = ORIENTED_EDGE('',*,*,#460,.T.);
#3007 = ORIENTED_EDGE('',*,*,#3008,.T.);
#3008 = EDGE_CURVE('',#463,#1434,#3009,.T.);
#3009 = LINE('',#3010,#3011);
#3010 = CARTESIAN_POINT('',(212.29110755007,246.65649711574,13.));
#3011 = VECTOR('',#3012,1.);
#3012 = DIRECTION('',(-7.850462293419E-17,-7.850462293419E-17,-1.));
#3013 = ORIENTED_EDGE('',*,*,#1431,.F.);
#3014 = ORIENTED_EDGE('',*,*,#3015,.F.);
#3015 = EDGE_CURVE('',#461,#1432,#3016,.T.);
#3016 = LINE('',#3017,#3018);
#3017 = CARTESIAN_POINT('',(208.33130957543,242.6966991411,13.));
#3018 = VECTOR('',#3019,1.);
#3019 = DIRECTION('',(-7.850462293419E-17,-7.850462293419E-17,-1.));
#3020 = PLANE('',#3021);
#3021 = AXIS2_PLACEMENT_3D('',#3022,#3023,#3024);
#3022 = CARTESIAN_POINT('',(212.29110755007,246.65649711574,13.));
#3023 = DIRECTION('',(0.707106781187,-0.707106781187,-2.442490654175E-32
    ));
#3024 = DIRECTION('',(0.707106781187,0.707106781187,1.089776975375E-16)
  );
#3025 = ADVANCED_FACE('',(#3026),#3037,.T.);
#3026 = FACE_BOUND('',#3027,.F.);
#3027 = EDGE_LOOP('',(#3028,#3029,#3030,#3031));
#3028 = ORIENTED_EDGE('',*,*,#486,.T.);
#3029 = ORIENTED_EDGE('',*,*,#3015,.T.);
#3030 = ORIENTED_EDGE('',*,*,#1457,.F.);
#3031 = ORIENTED_EDGE('',*,*,#3032,.F.);
#3032 = EDGE_CURVE('',#479,#1450,#3033,.T.);
#3033 = LINE('',#3034,#3035);
#3034 = CARTESIAN_POINT('',(214.41242789363,236.61558082289,13.));
#3035 = VECTOR('',#3036,1.);
#3036 = DIRECTION('',(-7.850462293419E-17,-7.850462293419E-17,-1.));
#3037 = PLANE('',#3038);
#3038 = AXIS2_PLACEMENT_3D('',#3039,#3040,#3041);
#3039 = CARTESIAN_POINT('',(208.33130957543,242.6966991411,13.));
#3040 = DIRECTION('',(0.707106781187,0.707106781187,-1.110223024625E-16)
  );
#3041 = DIRECTION('',(-0.707106781187,0.707106781187,4.4E-16));
#3042 = ADVANCED_FACE('',(#3043),#3054,.T.);
#3043 = FACE_BOUND('',#3044,.F.);
#3044 = EDGE_LOOP('',(#3045,#3046,#3047,#3048));
#3045 = ORIENTED_EDGE('',*,*,#478,.T.);
#3046 = ORIENTED_EDGE('',*,*,#3032,.T.);
#3047 = ORIENTED_EDGE('',*,*,#1449,.F.);
#3048 = ORIENTED_EDGE('',*,*,#3049,.F.);
#3049 = EDGE_CURVE('',#471,#1442,#3050,.T.);
#3050 = LINE('',#3051,#3052);
#3051 = CARTESIAN_POINT('',(218.37222586828,240.57537879754,13.));
#3052 = VECTOR('',#3053,1.);
#3053 = DIRECTION('',(-7.850462293419E-17,-7.850462293419E-17,-1.));
#3054 = PLANE('',#3055);
#3055 = AXIS2_PLACEMENT_3D('',#3056,#3057,#3058);
#3056 = CARTESIAN_POINT('',(214.41242789363,236.61558082289,13.));
#3057 = DIRECTION('',(-0.707106781187,0.707106781187,2.442490654175E-32)
  );
#3058 = DIRECTION('',(-0.707106781187,-0.707106781187,
    -1.089776975375E-16));
#3059 = ADVANCED_FACE('',(#3060),#3066,.T.);
#3060 = FACE_BOUND('',#3061,.F.);
#3061 = EDGE_LOOP('',(#3062,#3063,#3064,#3065));
#3062 = ORIENTED_EDGE('',*,*,#470,.T.);
#3063 = ORIENTED_EDGE('',*,*,#3049,.T.);
#3064 = ORIENTED_EDGE('',*,*,#1441,.F.);
#3065 = ORIENTED_EDGE('',*,*,#3008,.F.);
#3066 = PLANE('',#3067);
#3067 = AXIS2_PLACEMENT_3D('',#3068,#3069,#3070);
#3068 = CARTESIAN_POINT('',(218.37222586828,240.57537879754,13.));
#3069 = DIRECTION('',(-0.707106781187,-0.707106781187,1.110223024625E-16
    ));
#3070 = DIRECTION('',(0.707106781187,-0.707106781187,-4.4E-16));
#3071 = ADVANCED_FACE('',(#3072),#3088,.T.);
#3072 = FACE_BOUND('',#3073,.F.);
#3073 = EDGE_LOOP('',(#3074,#3075,#3081,#3082));
#3074 = ORIENTED_EDGE('',*,*,#494,.T.);
#3075 = ORIENTED_EDGE('',*,*,#3076,.T.);
#3076 = EDGE_CURVE('',#497,#1468,#3077,.T.);
#3077 = LINE('',#3078,#3079);
#3078 = CARTESIAN_POINT('',(195.3205448016,229.68593436726,13.));
#3079 = VECTOR('',#3080,1.);
#3080 = DIRECTION('',(-7.850462293419E-17,-7.850462293419E-17,-1.));
#3081 = ORIENTED_EDGE('',*,*,#1465,.F.);
#3082 = ORIENTED_EDGE('',*,*,#3083,.F.);
#3083 = EDGE_CURVE('',#495,#1466,#3084,.T.);
#3084 = LINE('',#3085,#3086);
#3085 = CARTESIAN_POINT('',(191.36074682695,225.72613639262,13.));
#3086 = VECTOR('',#3087,1.);
#3087 = DIRECTION('',(-7.850462293419E-17,-7.850462293419E-17,-1.));
#3088 = PLANE('',#3089);
#3089 = AXIS2_PLACEMENT_3D('',#3090,#3091,#3092);
#3090 = CARTESIAN_POINT('',(195.3205448016,229.68593436726,13.));
#3091 = DIRECTION('',(0.707106781187,-0.707106781187,-2.442490654175E-32
    ));
#3092 = DIRECTION('',(0.707106781187,0.707106781187,1.089776975375E-16)
  );
#3093 = ADVANCED_FACE('',(#3094),#3105,.T.);
#3094 = FACE_BOUND('',#3095,.F.);
#3095 = EDGE_LOOP('',(#3096,#3097,#3098,#3099));
#3096 = ORIENTED_EDGE('',*,*,#520,.T.);
#3097 = ORIENTED_EDGE('',*,*,#3083,.T.);
#3098 = ORIENTED_EDGE('',*,*,#1491,.F.);
#3099 = ORIENTED_EDGE('',*,*,#3100,.F.);
#3100 = EDGE_CURVE('',#513,#1484,#3101,.T.);
#3101 = LINE('',#3102,#3103);
#3102 = CARTESIAN_POINT('',(197.44186514516,219.64501807441,13.));
#3103 = VECTOR('',#3104,1.);
#3104 = DIRECTION('',(-7.850462293419E-17,-7.850462293419E-17,-1.));
#3105 = PLANE('',#3106);
#3106 = AXIS2_PLACEMENT_3D('',#3107,#3108,#3109);
#3107 = CARTESIAN_POINT('',(191.36074682695,225.72613639262,13.));
#3108 = DIRECTION('',(0.707106781187,0.707106781187,-1.110223024625E-16)
  );
#3109 = DIRECTION('',(-0.707106781187,0.707106781187,4.4E-16));
#3110 = ADVANCED_FACE('',(#3111),#3122,.T.);
#3111 = FACE_BOUND('',#3112,.F.);
#3112 = EDGE_LOOP('',(#3113,#3114,#3115,#3116));
#3113 = ORIENTED_EDGE('',*,*,#512,.T.);
#3114 = ORIENTED_EDGE('',*,*,#3100,.T.);
#3115 = ORIENTED_EDGE('',*,*,#1483,.F.);
#3116 = ORIENTED_EDGE('',*,*,#3117,.F.);
#3117 = EDGE_CURVE('',#505,#1476,#3118,.T.);
#3118 = LINE('',#3119,#3120);
#3119 = CARTESIAN_POINT('',(201.4016631198,223.60481604906,13.));
#3120 = VECTOR('',#3121,1.);
#3121 = DIRECTION('',(-7.850462293419E-17,-7.850462293419E-17,-1.));
#3122 = PLANE('',#3123);
#3123 = AXIS2_PLACEMENT_3D('',#3124,#3125,#3126);
#3124 = CARTESIAN_POINT('',(197.44186514516,219.64501807441,13.));
#3125 = DIRECTION('',(-0.707106781187,0.707106781187,2.442490654175E-32)
  );
#3126 = DIRECTION('',(-0.707106781187,-0.707106781187,
    -1.089776975375E-16));
#3127 = ADVANCED_FACE('',(#3128),#3134,.T.);
#3128 = FACE_BOUND('',#3129,.F.);
#3129 = EDGE_LOOP('',(#3130,#3131,#3132,#3133));
#3130 = ORIENTED_EDGE('',*,*,#504,.T.);
#3131 = ORIENTED_EDGE('',*,*,#3117,.T.);
#3132 = ORIENTED_EDGE('',*,*,#1475,.F.);
#3133 = ORIENTED_EDGE('',*,*,#3076,.F.);
#3134 = PLANE('',#3135);
#3135 = AXIS2_PLACEMENT_3D('',#3136,#3137,#3138);
#3136 = CARTESIAN_POINT('',(201.4016631198,223.60481604906,13.));
#3137 = DIRECTION('',(-0.707106781187,-0.707106781187,1.110223024625E-16
    ));
#3138 = DIRECTION('',(0.707106781187,-0.707106781187,-4.4E-16));
#3139 = ADVANCED_FACE('',(#3140),#3156,.T.);
#3140 = FACE_BOUND('',#3141,.F.);
#3141 = EDGE_LOOP('',(#3142,#3143,#3149,#3150));
#3142 = ORIENTED_EDGE('',*,*,#528,.T.);
#3143 = ORIENTED_EDGE('',*,*,#3144,.T.);
#3144 = EDGE_CURVE('',#531,#1502,#3145,.T.);
#3145 = LINE('',#3146,#3147);
#3146 = CARTESIAN_POINT('',(178.70353544371,180.11774900609,13.));
#3147 = VECTOR('',#3148,1.);
#3148 = DIRECTION('',(-7.850462293419E-17,-7.850462293419E-17,-1.));
#3149 = ORIENTED_EDGE('',*,*,#1499,.F.);
#3150 = ORIENTED_EDGE('',*,*,#3151,.F.);
#3151 = EDGE_CURVE('',#529,#1500,#3152,.T.);
#3152 = LINE('',#3153,#3154);
#3153 = CARTESIAN_POINT('',(173.04668119422,185.77460325558,13.));
#3154 = VECTOR('',#3155,1.);
#3155 = DIRECTION('',(-7.850462293419E-17,-7.850462293419E-17,-1.));
#3156 = PLANE('',#3157);
#3157 = AXIS2_PLACEMENT_3D('',#3158,#3159,#3160);
#3158 = CARTESIAN_POINT('',(178.70353544371,180.11774900609,13.));
#3159 = DIRECTION('',(-0.707106781187,-0.707106781187,1.110223024625E-16
    ));
#3160 = DIRECTION('',(0.707106781187,-0.707106781187,-4.4E-16));
#3161 = ADVANCED_FACE('',(#3162),#3173,.T.);
#3162 = FACE_BOUND('',#3163,.F.);
#3163 = EDGE_LOOP('',(#3164,#3165,#3166,#3167));
#3164 = ORIENTED_EDGE('',*,*,#586,.T.);
#3165 = ORIENTED_EDGE('',*,*,#3151,.T.);
#3166 = ORIENTED_EDGE('',*,*,#1557,.F.);
#3167 = ORIENTED_EDGE('',*,*,#3168,.F.);
#3168 = EDGE_CURVE('',#579,#1550,#3169,.T.);
#3169 = LINE('',#3170,#3171);
#3170 = CARTESIAN_POINT('',(170.21825406948,185.77460325558,13.));
#3171 = VECTOR('',#3172,1.);
#3172 = DIRECTION('',(-7.850462293419E-17,-7.850462293419E-17,-1.));
#3173 = PLANE('',#3174);
#3174 = AXIS2_PLACEMENT_3D('',#3175,#3176,#3177);
#3175 = CARTESIAN_POINT('',(173.04668119422,185.77460325558,13.));
#3176 = DIRECTION('',(1.110223024625E-16,-1.,7.850462293419E-17));
#3177 = DIRECTION('',(1.,1.110223024625E-16,-2.385046229342E-16));
#3178 = ADVANCED_FACE('',(#3179),#3190,.T.);
#3179 = FACE_BOUND('',#3180,.F.);
#3180 = EDGE_LOOP('',(#3181,#3182,#3188,#3189));
#3181 = ORIENTED_EDGE('',*,*,#538,.T.);
#3182 = ORIENTED_EDGE('',*,*,#3183,.T.);
#3183 = EDGE_CURVE('',#539,#1510,#3184,.T.);
#3184 = LINE('',#3185,#3186);
#3185 = CARTESIAN_POINT('',(178.70353544371,177.28932188134,13.));
#3186 = VECTOR('',#3187,1.);
#3187 = DIRECTION('',(-7.850462293419E-17,-7.850462293419E-17,-1.));
#3188 = ORIENTED_EDGE('',*,*,#1509,.F.);
#3189 = ORIENTED_EDGE('',*,*,#3144,.F.);
#3190 = PLANE('',#3191);
#3191 = AXIS2_PLACEMENT_3D('',#3192,#3193,#3194);
#3192 = CARTESIAN_POINT('',(178.70353544371,177.28932188134,13.));
#3193 = DIRECTION('',(-1.,-1.110223024625E-16,7.850462293419E-17));
#3194 = DIRECTION('',(1.110223024625E-16,-1.,-3.914953770658E-16));
#3195 = ADVANCED_FACE('',(#3196),#3207,.T.);
#3196 = FACE_BOUND('',#3197,.F.);
#3197 = EDGE_LOOP('',(#3198,#3199,#3200,#3201));
#3198 = ORIENTED_EDGE('',*,*,#578,.T.);
#3199 = ORIENTED_EDGE('',*,*,#3168,.T.);
#3200 = ORIENTED_EDGE('',*,*,#1549,.F.);
#3201 = ORIENTED_EDGE('',*,*,#3202,.F.);
#3202 = EDGE_CURVE('',#571,#1542,#3203,.T.);
#3203 = LINE('',#3204,#3205);
#3204 = CARTESIAN_POINT('',(151.83347775862,167.38982694473,13.));
#3205 = VECTOR('',#3206,1.);
#3206 = DIRECTION('',(-7.850462293419E-17,-7.850462293419E-17,-1.));
#3207 = PLANE('',#3208);
#3208 = AXIS2_PLACEMENT_3D('',#3209,#3210,#3211);
#3209 = CARTESIAN_POINT('',(170.21825406948,185.77460325558,13.));
#3210 = DIRECTION('',(0.707106781187,-0.707106781187,-2.442490654175E-32
    ));
#3211 = DIRECTION('',(0.707106781187,0.707106781187,1.089776975375E-16)
  );
#3212 = ADVANCED_FACE('',(#3213),#3224,.T.);
#3213 = FACE_BOUND('',#3214,.F.);
#3214 = EDGE_LOOP('',(#3215,#3216,#3222,#3223));
#3215 = ORIENTED_EDGE('',*,*,#546,.T.);
#3216 = ORIENTED_EDGE('',*,*,#3217,.T.);
#3217 = EDGE_CURVE('',#547,#1518,#3218,.T.);
#3218 = LINE('',#3219,#3220);
#3219 = CARTESIAN_POINT('',(160.31875913286,158.90454557049,13.));
#3220 = VECTOR('',#3221,1.);
#3221 = DIRECTION('',(-7.850462293419E-17,-7.850462293419E-17,-1.));
#3222 = ORIENTED_EDGE('',*,*,#1517,.F.);
#3223 = ORIENTED_EDGE('',*,*,#3183,.F.);
#3224 = PLANE('',#3225);
#3225 = AXIS2_PLACEMENT_3D('',#3226,#3227,#3228);
#3226 = CARTESIAN_POINT('',(160.31875913286,158.90454557049,13.));
#3227 = DIRECTION('',(-0.707106781187,0.707106781187,2.442490654175E-32)
  );
#3228 = DIRECTION('',(-0.707106781187,-0.707106781187,
    -1.089776975375E-16));
#3229 = ADVANCED_FACE('',(#3230),#3241,.T.);
#3230 = FACE_BOUND('',#3231,.F.);
#3231 = EDGE_LOOP('',(#3232,#3233,#3234,#3235));
#3232 = ORIENTED_EDGE('',*,*,#570,.T.);
#3233 = ORIENTED_EDGE('',*,*,#3202,.T.);
#3234 = ORIENTED_EDGE('',*,*,#1541,.F.);
#3235 = ORIENTED_EDGE('',*,*,#3236,.F.);
#3236 = EDGE_CURVE('',#563,#1534,#3237,.T.);
#3237 = LINE('',#3238,#3239);
#3238 = CARTESIAN_POINT('',(151.83347775862,164.56139981998,13.));
#3239 = VECTOR('',#3240,1.);
#3240 = DIRECTION('',(-7.850462293419E-17,-7.850462293419E-17,-1.));
#3241 = PLANE('',#3242);
#3242 = AXIS2_PLACEMENT_3D('',#3243,#3244,#3245);
#3243 = CARTESIAN_POINT('',(151.83347775862,167.38982694473,13.));
#3244 = DIRECTION('',(1.,1.110223024625E-16,-7.850462293419E-17));
#3245 = DIRECTION('',(-1.110223024625E-16,1.,3.914953770658E-16));
#3246 = ADVANCED_FACE('',(#3247),#3258,.T.);
#3247 = FACE_BOUND('',#3248,.F.);
#3248 = EDGE_LOOP('',(#3249,#3250,#3256,#3257));
#3249 = ORIENTED_EDGE('',*,*,#554,.T.);
#3250 = ORIENTED_EDGE('',*,*,#3251,.T.);
#3251 = EDGE_CURVE('',#555,#1526,#3252,.T.);
#3252 = LINE('',#3253,#3254);
#3253 = CARTESIAN_POINT('',(157.49033200812,158.90454557049,13.));
#3254 = VECTOR('',#3255,1.);
#3255 = DIRECTION('',(-7.850462293419E-17,-7.850462293419E-17,-1.));
#3256 = ORIENTED_EDGE('',*,*,#1525,.F.);
#3257 = ORIENTED_EDGE('',*,*,#3217,.F.);
#3258 = PLANE('',#3259);
#3259 = AXIS2_PLACEMENT_3D('',#3260,#3261,#3262);
#3260 = CARTESIAN_POINT('',(157.49033200812,158.90454557049,13.));
#3261 = DIRECTION('',(-1.110223024625E-16,1.,-7.850462293419E-17));
#3262 = DIRECTION('',(-1.,-1.110223024625E-16,2.385046229342E-16));
#3263 = ADVANCED_FACE('',(#3264),#3270,.T.);
#3264 = FACE_BOUND('',#3265,.F.);
#3265 = EDGE_LOOP('',(#3266,#3267,#3268,#3269));
#3266 = ORIENTED_EDGE('',*,*,#562,.T.);
#3267 = ORIENTED_EDGE('',*,*,#3236,.T.);
#3268 = ORIENTED_EDGE('',*,*,#1533,.F.);
#3269 = ORIENTED_EDGE('',*,*,#3251,.F.);
#3270 = PLANE('',#3271);
#3271 = AXIS2_PLACEMENT_3D('',#3272,#3273,#3274);
#3272 = CARTESIAN_POINT('',(151.83347775862,164.56139981998,13.));
#3273 = DIRECTION('',(0.707106781187,0.707106781187,-1.110223024625E-16)
  );
#3274 = DIRECTION('',(-0.707106781187,0.707106781187,4.4E-16));
#3275 = ADVANCED_FACE('',(#3276),#3292,.T.);
#3276 = FACE_BOUND('',#3277,.F.);
#3277 = EDGE_LOOP('',(#3278,#3279,#3285,#3286));
#3278 = ORIENTED_EDGE('',*,*,#594,.T.);
#3279 = ORIENTED_EDGE('',*,*,#3280,.T.);
#3280 = EDGE_CURVE('',#597,#1568,#3281,.T.);
#3281 = LINE('',#3282,#3283);
#3282 = CARTESIAN_POINT('',(151.83347775862,153.247691321,13.));
#3283 = VECTOR('',#3284,1.);
#3284 = DIRECTION('',(-7.850462293419E-17,-7.850462293419E-17,-1.));
#3285 = ORIENTED_EDGE('',*,*,#1565,.F.);
#3286 = ORIENTED_EDGE('',*,*,#3287,.F.);
#3287 = EDGE_CURVE('',#595,#1566,#3288,.T.);
#3288 = LINE('',#3289,#3290);
#3289 = CARTESIAN_POINT('',(146.17662350913,158.90454557049,13.));
#3290 = VECTOR('',#3291,1.);
#3291 = DIRECTION('',(-7.850462293419E-17,-7.850462293419E-17,-1.));
#3292 = PLANE('',#3293);
#3293 = AXIS2_PLACEMENT_3D('',#3294,#3295,#3296);
#3294 = CARTESIAN_POINT('',(151.83347775862,153.247691321,13.));
#3295 = DIRECTION('',(-0.707106781187,-0.707106781187,1.110223024625E-16
    ));
#3296 = DIRECTION('',(0.707106781187,-0.707106781187,-4.4E-16));
#3297 = ADVANCED_FACE('',(#3298),#3309,.T.);
#3298 = FACE_BOUND('',#3299,.F.);
#3299 = EDGE_LOOP('',(#3300,#3301,#3302,#3303));
#3300 = ORIENTED_EDGE('',*,*,#652,.T.);
#3301 = ORIENTED_EDGE('',*,*,#3287,.T.);
#3302 = ORIENTED_EDGE('',*,*,#1623,.F.);
#3303 = ORIENTED_EDGE('',*,*,#3304,.F.);
#3304 = EDGE_CURVE('',#645,#1616,#3305,.T.);
#3305 = LINE('',#3306,#3307);
#3306 = CARTESIAN_POINT('',(143.34819638439,158.90454557049,13.));
#3307 = VECTOR('',#3308,1.);
#3308 = DIRECTION('',(-7.850462293419E-17,-7.850462293419E-17,-1.));
#3309 = PLANE('',#3310);
#3310 = AXIS2_PLACEMENT_3D('',#3311,#3312,#3313);
#3311 = CARTESIAN_POINT('',(146.17662350913,158.90454557049,13.));
#3312 = DIRECTION('',(1.110223024625E-16,-1.,7.850462293419E-17));
#3313 = DIRECTION('',(1.,1.110223024625E-16,-2.385046229342E-16));
#3314 = ADVANCED_FACE('',(#3315),#3326,.T.);
#3315 = FACE_BOUND('',#3316,.F.);
#3316 = EDGE_LOOP('',(#3317,#3318,#3324,#3325));
#3317 = ORIENTED_EDGE('',*,*,#604,.T.);
#3318 = ORIENTED_EDGE('',*,*,#3319,.T.);
#3319 = EDGE_CURVE('',#605,#1576,#3320,.T.);
#3320 = LINE('',#3321,#3322);
#3321 = CARTESIAN_POINT('',(151.83347775862,150.41926419625,13.));
#3322 = VECTOR('',#3323,1.);
#3323 = DIRECTION('',(-7.850462293419E-17,-7.850462293419E-17,-1.));
#3324 = ORIENTED_EDGE('',*,*,#1575,.F.);
#3325 = ORIENTED_EDGE('',*,*,#3280,.F.);
#3326 = PLANE('',#3327);
#3327 = AXIS2_PLACEMENT_3D('',#3328,#3329,#3330);
#3328 = CARTESIAN_POINT('',(151.83347775862,150.41926419625,13.));
#3329 = DIRECTION('',(-1.,-1.110223024625E-16,7.850462293419E-17));
#3330 = DIRECTION('',(1.110223024625E-16,-1.,-3.914953770658E-16));
#3331 = ADVANCED_FACE('',(#3332),#3343,.T.);
#3332 = FACE_BOUND('',#3333,.F.);
#3333 = EDGE_LOOP('',(#3334,#3335,#3336,#3337));
#3334 = ORIENTED_EDGE('',*,*,#644,.T.);
#3335 = ORIENTED_EDGE('',*,*,#3304,.T.);
#3336 = ORIENTED_EDGE('',*,*,#1615,.F.);
#3337 = ORIENTED_EDGE('',*,*,#3338,.F.);
#3338 = EDGE_CURVE('',#637,#1608,#3339,.T.);
#3339 = LINE('',#3340,#3341);
#3340 = CARTESIAN_POINT('',(124.96342007354,140.51976925964,13.));
#3341 = VECTOR('',#3342,1.);
#3342 = DIRECTION('',(-7.850462293419E-17,-7.850462293419E-17,-1.));
#3343 = PLANE('',#3344);
#3344 = AXIS2_PLACEMENT_3D('',#3345,#3346,#3347);
#3345 = CARTESIAN_POINT('',(143.34819638439,158.90454557049,13.));
#3346 = DIRECTION('',(0.707106781187,-0.707106781187,-2.442490654175E-32
    ));
#3347 = DIRECTION('',(0.707106781187,0.707106781187,1.089776975375E-16)
  );
#3348 = ADVANCED_FACE('',(#3349),#3360,.T.);
#3349 = FACE_BOUND('',#3350,.F.);
#3350 = EDGE_LOOP('',(#3351,#3352,#3358,#3359));
#3351 = ORIENTED_EDGE('',*,*,#612,.T.);
#3352 = ORIENTED_EDGE('',*,*,#3353,.T.);
#3353 = EDGE_CURVE('',#613,#1584,#3354,.T.);
#3354 = LINE('',#3355,#3356);
#3355 = CARTESIAN_POINT('',(133.44870144777,132.0344878854,13.));
#3356 = VECTOR('',#3357,1.);
#3357 = DIRECTION('',(-7.850462293419E-17,-7.850462293419E-17,-1.));
#3358 = ORIENTED_EDGE('',*,*,#1583,.F.);
#3359 = ORIENTED_EDGE('',*,*,#3319,.F.);
#3360 = PLANE('',#3361);
#3361 = AXIS2_PLACEMENT_3D('',#3362,#3363,#3364);
#3362 = CARTESIAN_POINT('',(133.44870144777,132.0344878854,13.));
#3363 = DIRECTION('',(-0.707106781187,0.707106781187,2.442490654175E-32)
  );
#3364 = DIRECTION('',(-0.707106781187,-0.707106781187,
    -1.089776975375E-16));
#3365 = ADVANCED_FACE('',(#3366),#3377,.T.);
#3366 = FACE_BOUND('',#3367,.F.);
#3367 = EDGE_LOOP('',(#3368,#3369,#3370,#3371));
#3368 = ORIENTED_EDGE('',*,*,#636,.T.);
#3369 = ORIENTED_EDGE('',*,*,#3338,.T.);
#3370 = ORIENTED_EDGE('',*,*,#1607,.F.);
#3371 = ORIENTED_EDGE('',*,*,#3372,.F.);
#3372 = EDGE_CURVE('',#629,#1600,#3373,.T.);
#3373 = LINE('',#3374,#3375);
#3374 = CARTESIAN_POINT('',(124.96342007354,137.69134213489,13.));
#3375 = VECTOR('',#3376,1.);
#3376 = DIRECTION('',(-7.850462293419E-17,-7.850462293419E-17,-1.));
#3377 = PLANE('',#3378);
#3378 = AXIS2_PLACEMENT_3D('',#3379,#3380,#3381);
#3379 = CARTESIAN_POINT('',(124.96342007354,140.51976925964,13.));
#3380 = DIRECTION('',(1.,1.110223024625E-16,-7.850462293419E-17));
#3381 = DIRECTION('',(-1.110223024625E-16,1.,3.914953770658E-16));
#3382 = ADVANCED_FACE('',(#3383),#3394,.T.);
#3383 = FACE_BOUND('',#3384,.F.);
#3384 = EDGE_LOOP('',(#3385,#3386,#3392,#3393));
#3385 = ORIENTED_EDGE('',*,*,#620,.T.);
#3386 = ORIENTED_EDGE('',*,*,#3387,.T.);
#3387 = EDGE_CURVE('',#621,#1592,#3388,.T.);
#3388 = LINE('',#3389,#3390);
#3389 = CARTESIAN_POINT('',(130.62027432303,132.0344878854,13.));
#3390 = VECTOR('',#3391,1.);
#3391 = DIRECTION('',(-7.850462293419E-17,-7.850462293419E-17,-1.));
#3392 = ORIENTED_EDGE('',*,*,#1591,.F.);
#3393 = ORIENTED_EDGE('',*,*,#3353,.F.);
#3394 = PLANE('',#3395);
#3395 = AXIS2_PLACEMENT_3D('',#3396,#3397,#3398);
#3396 = CARTESIAN_POINT('',(130.62027432303,132.0344878854,13.));
#3397 = DIRECTION('',(-1.110223024625E-16,1.,-7.850462293419E-17));
#3398 = DIRECTION('',(-1.,-1.110223024625E-16,2.385046229342E-16));
#3399 = ADVANCED_FACE('',(#3400),#3406,.T.);
#3400 = FACE_BOUND('',#3401,.F.);
#3401 = EDGE_LOOP('',(#3402,#3403,#3404,#3405));
#3402 = ORIENTED_EDGE('',*,*,#628,.T.);
#3403 = ORIENTED_EDGE('',*,*,#3372,.T.);
#3404 = ORIENTED_EDGE('',*,*,#1599,.F.);
#3405 = ORIENTED_EDGE('',*,*,#3387,.F.);
#3406 = PLANE('',#3407);
#3407 = AXIS2_PLACEMENT_3D('',#3408,#3409,#3410);
#3408 = CARTESIAN_POINT('',(124.96342007354,137.69134213489,13.));
#3409 = DIRECTION('',(0.707106781187,0.707106781187,-1.110223024625E-16)
  );
#3410 = DIRECTION('',(-0.707106781187,0.707106781187,4.4E-16));
#3411 = ADVANCED_FACE('',(#3412),#3428,.T.);
#3412 = FACE_BOUND('',#3413,.F.);
#3413 = EDGE_LOOP('',(#3414,#3415,#3421,#3422));
#3414 = ORIENTED_EDGE('',*,*,#660,.T.);
#3415 = ORIENTED_EDGE('',*,*,#3416,.T.);
#3416 = EDGE_CURVE('',#663,#1634,#3417,.T.);
#3417 = LINE('',#3418,#3419);
#3418 = CARTESIAN_POINT('',(138.75200230667,173.11739187234,13.));
#3419 = VECTOR('',#3420,1.);
#3420 = DIRECTION('',(-7.850462293419E-17,-7.850462293419E-17,-1.));
#3421 = ORIENTED_EDGE('',*,*,#1631,.F.);
#3422 = ORIENTED_EDGE('',*,*,#3423,.F.);
#3423 = EDGE_CURVE('',#661,#1632,#3424,.T.);
#3424 = LINE('',#3425,#3426);
#3425 = CARTESIAN_POINT('',(134.79220433203,169.1575938977,13.));
#3426 = VECTOR('',#3427,1.);
#3427 = DIRECTION('',(-7.850462293419E-17,-7.850462293419E-17,-1.));
#3428 = PLANE('',#3429);
#3429 = AXIS2_PLACEMENT_3D('',#3430,#3431,#3432);
#3430 = CARTESIAN_POINT('',(138.75200230667,173.11739187234,13.));
#3431 = DIRECTION('',(0.707106781187,-0.707106781187,-2.442490654175E-32
    ));
#3432 = DIRECTION('',(0.707106781187,0.707106781187,1.089776975375E-16)
  );
#3433 = ADVANCED_FACE('',(#3434),#3445,.T.);
#3434 = FACE_BOUND('',#3435,.F.);
#3435 = EDGE_LOOP('',(#3436,#3437,#3438,#3439));
#3436 = ORIENTED_EDGE('',*,*,#686,.T.);
#3437 = ORIENTED_EDGE('',*,*,#3423,.T.);
#3438 = ORIENTED_EDGE('',*,*,#1657,.F.);
#3439 = ORIENTED_EDGE('',*,*,#3440,.F.);
#3440 = EDGE_CURVE('',#679,#1650,#3441,.T.);
#3441 = LINE('',#3442,#3443);
#3442 = CARTESIAN_POINT('',(140.87332265023,163.07647557949,13.));
#3443 = VECTOR('',#3444,1.);
#3444 = DIRECTION('',(-7.850462293419E-17,-7.850462293419E-17,-1.));
#3445 = PLANE('',#3446);
#3446 = AXIS2_PLACEMENT_3D('',#3447,#3448,#3449);
#3447 = CARTESIAN_POINT('',(134.79220433203,169.1575938977,13.));
#3448 = DIRECTION('',(0.707106781187,0.707106781187,-1.110223024625E-16)
  );
#3449 = DIRECTION('',(-0.707106781187,0.707106781187,4.4E-16));
#3450 = ADVANCED_FACE('',(#3451),#3462,.T.);
#3451 = FACE_BOUND('',#3452,.F.);
#3452 = EDGE_LOOP('',(#3453,#3454,#3455,#3456));
#3453 = ORIENTED_EDGE('',*,*,#678,.T.);
#3454 = ORIENTED_EDGE('',*,*,#3440,.T.);
#3455 = ORIENTED_EDGE('',*,*,#1649,.F.);
#3456 = ORIENTED_EDGE('',*,*,#3457,.F.);
#3457 = EDGE_CURVE('',#671,#1642,#3458,.T.);
#3458 = LINE('',#3459,#3460);
#3459 = CARTESIAN_POINT('',(144.83312062488,167.03627355414,13.));
#3460 = VECTOR('',#3461,1.);
#3461 = DIRECTION('',(-7.850462293419E-17,-7.850462293419E-17,-1.));
#3462 = PLANE('',#3463);
#3463 = AXIS2_PLACEMENT_3D('',#3464,#3465,#3466);
#3464 = CARTESIAN_POINT('',(140.87332265023,163.07647557949,13.));
#3465 = DIRECTION('',(-0.707106781187,0.707106781187,2.442490654175E-32)
  );
#3466 = DIRECTION('',(-0.707106781187,-0.707106781187,
    -1.089776975375E-16));
#3467 = ADVANCED_FACE('',(#3468),#3474,.T.);
#3468 = FACE_BOUND('',#3469,.F.);
#3469 = EDGE_LOOP('',(#3470,#3471,#3472,#3473));
#3470 = ORIENTED_EDGE('',*,*,#670,.T.);
#3471 = ORIENTED_EDGE('',*,*,#3457,.T.);
#3472 = ORIENTED_EDGE('',*,*,#1641,.F.);
#3473 = ORIENTED_EDGE('',*,*,#3416,.F.);
#3474 = PLANE('',#3475);
#3475 = AXIS2_PLACEMENT_3D('',#3476,#3477,#3478);
#3476 = CARTESIAN_POINT('',(144.83312062488,167.03627355414,13.));
#3477 = DIRECTION('',(-0.707106781187,-0.707106781187,1.110223024625E-16
    ));
#3478 = DIRECTION('',(0.707106781187,-0.707106781187,-4.4E-16));
#3479 = ADVANCED_FACE('',(#3480),#3496,.T.);
#3480 = FACE_BOUND('',#3481,.F.);
#3481 = EDGE_LOOP('',(#3482,#3483,#3489,#3490));
#3482 = ORIENTED_EDGE('',*,*,#694,.T.);
#3483 = ORIENTED_EDGE('',*,*,#3484,.T.);
#3484 = EDGE_CURVE('',#697,#1668,#3485,.T.);
#3485 = LINE('',#3486,#3487);
#3486 = CARTESIAN_POINT('',(130.26672093244,164.6321104981,13.));
#3487 = VECTOR('',#3488,1.);
#3488 = DIRECTION('',(-7.850462293419E-17,-7.850462293419E-17,-1.));
#3489 = ORIENTED_EDGE('',*,*,#1665,.F.);
#3490 = ORIENTED_EDGE('',*,*,#3491,.F.);
#3491 = EDGE_CURVE('',#695,#1666,#3492,.T.);
#3492 = LINE('',#3493,#3494);
#3493 = CARTESIAN_POINT('',(126.30692295779,160.67231252346,13.));
#3494 = VECTOR('',#3495,1.);
#3495 = DIRECTION('',(-7.850462293419E-17,-7.850462293419E-17,-1.));
#3496 = PLANE('',#3497);
#3497 = AXIS2_PLACEMENT_3D('',#3498,#3499,#3500);
#3498 = CARTESIAN_POINT('',(130.26672093244,164.6321104981,13.));
#3499 = DIRECTION('',(0.707106781187,-0.707106781187,-2.442490654175E-32
    ));
#3500 = DIRECTION('',(0.707106781187,0.707106781187,1.089776975375E-16)
  );
#3501 = ADVANCED_FACE('',(#3502),#3513,.T.);
#3502 = FACE_BOUND('',#3503,.F.);
#3503 = EDGE_LOOP('',(#3504,#3505,#3506,#3507));
#3504 = ORIENTED_EDGE('',*,*,#720,.T.);
#3505 = ORIENTED_EDGE('',*,*,#3491,.T.);
#3506 = ORIENTED_EDGE('',*,*,#1691,.F.);
#3507 = ORIENTED_EDGE('',*,*,#3508,.F.);
#3508 = EDGE_CURVE('',#713,#1684,#3509,.T.);
#3509 = LINE('',#3510,#3511);
#3510 = CARTESIAN_POINT('',(132.38804127599,154.59119420525,13.));
#3511 = VECTOR('',#3512,1.);
#3512 = DIRECTION('',(-7.850462293419E-17,-7.850462293419E-17,-1.));
#3513 = PLANE('',#3514);
#3514 = AXIS2_PLACEMENT_3D('',#3515,#3516,#3517);
#3515 = CARTESIAN_POINT('',(126.30692295779,160.67231252346,13.));
#3516 = DIRECTION('',(0.707106781187,0.707106781187,-1.110223024625E-16)
  );
#3517 = DIRECTION('',(-0.707106781187,0.707106781187,4.4E-16));
#3518 = ADVANCED_FACE('',(#3519),#3530,.T.);
#3519 = FACE_BOUND('',#3520,.F.);
#3520 = EDGE_LOOP('',(#3521,#3522,#3523,#3524));
#3521 = ORIENTED_EDGE('',*,*,#712,.T.);
#3522 = ORIENTED_EDGE('',*,*,#3508,.T.);
#3523 = ORIENTED_EDGE('',*,*,#1683,.F.);
#3524 = ORIENTED_EDGE('',*,*,#3525,.F.);
#3525 = EDGE_CURVE('',#705,#1676,#3526,.T.);
#3526 = LINE('',#3527,#3528);
#3527 = CARTESIAN_POINT('',(136.34783925064,158.5509921799,13.));
#3528 = VECTOR('',#3529,1.);
#3529 = DIRECTION('',(-7.850462293419E-17,-7.850462293419E-17,-1.));
#3530 = PLANE('',#3531);
#3531 = AXIS2_PLACEMENT_3D('',#3532,#3533,#3534);
#3532 = CARTESIAN_POINT('',(132.38804127599,154.59119420525,13.));
#3533 = DIRECTION('',(-0.707106781187,0.707106781187,2.442490654175E-32)
  );
#3534 = DIRECTION('',(-0.707106781187,-0.707106781187,
    -1.089776975375E-16));
#3535 = ADVANCED_FACE('',(#3536),#3542,.T.);
#3536 = FACE_BOUND('',#3537,.F.);
#3537 = EDGE_LOOP('',(#3538,#3539,#3540,#3541));
#3538 = ORIENTED_EDGE('',*,*,#704,.T.);
#3539 = ORIENTED_EDGE('',*,*,#3525,.T.);
#3540 = ORIENTED_EDGE('',*,*,#1675,.F.);
#3541 = ORIENTED_EDGE('',*,*,#3484,.F.);
#3542 = PLANE('',#3543);
#3543 = AXIS2_PLACEMENT_3D('',#3544,#3545,#3546);
#3544 = CARTESIAN_POINT('',(136.34783925064,158.5509921799,13.));
#3545 = DIRECTION('',(-0.707106781187,-0.707106781187,1.110223024625E-16
    ));
#3546 = DIRECTION('',(0.707106781187,-0.707106781187,-4.4E-16));
#3547 = ADVANCED_FACE('',(#3548),#3564,.T.);
#3548 = FACE_BOUND('',#3549,.F.);
#3549 = EDGE_LOOP('',(#3550,#3551,#3557,#3558));
#3550 = ORIENTED_EDGE('',*,*,#728,.T.);
#3551 = ORIENTED_EDGE('',*,*,#3552,.T.);
#3552 = EDGE_CURVE('',#731,#1702,#3553,.T.);
#3553 = LINE('',#3554,#3555);
#3554 = CARTESIAN_POINT('',(163.8542930388,237.3933982822,13.));
#3555 = VECTOR('',#3556,1.);
#3556 = DIRECTION('',(-7.850462293419E-17,-7.850462293419E-17,-1.));
#3557 = ORIENTED_EDGE('',*,*,#1699,.F.);
#3558 = ORIENTED_EDGE('',*,*,#3559,.F.);
#3559 = EDGE_CURVE('',#729,#1700,#3560,.T.);
#3560 = LINE('',#3561,#3562);
#3561 = CARTESIAN_POINT('',(182.94617613083,218.30151519016,13.));
#3562 = VECTOR('',#3563,1.);
#3563 = DIRECTION('',(-7.850462293419E-17,-7.850462293419E-17,-1.));
#3564 = PLANE('',#3565);
#3565 = AXIS2_PLACEMENT_3D('',#3566,#3567,#3568);
#3566 = CARTESIAN_POINT('',(163.8542930388,237.3933982822,13.));
#3567 = DIRECTION('',(0.707106781187,0.707106781187,-1.110223024625E-16)
  );
#3568 = DIRECTION('',(-0.707106781187,0.707106781187,4.4E-16));
#3569 = ADVANCED_FACE('',(#3570),#3581,.T.);
#3570 = FACE_BOUND('',#3571,.F.);
#3571 = EDGE_LOOP('',(#3572,#3573,#3574,#3575));
#3572 = ORIENTED_EDGE('',*,*,#746,.T.);
#3573 = ORIENTED_EDGE('',*,*,#3559,.T.);
#3574 = ORIENTED_EDGE('',*,*,#1717,.F.);
#3575 = ORIENTED_EDGE('',*,*,#3576,.F.);
#3576 = EDGE_CURVE('',#739,#1710,#3577,.T.);
#3577 = LINE('',#3578,#3579);
#3578 = CARTESIAN_POINT('',(199.91673887931,235.27207793864,13.));
#3579 = VECTOR('',#3580,1.);
#3580 = DIRECTION('',(-7.850462293419E-17,-7.850462293419E-17,-1.));
#3581 = PLANE('',#3582);
#3582 = AXIS2_PLACEMENT_3D('',#3583,#3584,#3585);
#3583 = CARTESIAN_POINT('',(182.94617613083,218.30151519016,13.));
#3584 = DIRECTION('',(-0.707106781187,0.707106781187,2.442490654175E-32)
  );
#3585 = DIRECTION('',(-0.707106781187,-0.707106781187,
    -1.089776975375E-16));
#3586 = ADVANCED_FACE('',(#3587),#3593,.T.);
#3587 = FACE_BOUND('',#3588,.F.);
#3588 = EDGE_LOOP('',(#3589,#3590,#3591,#3592));
#3589 = ORIENTED_EDGE('',*,*,#738,.T.);
#3590 = ORIENTED_EDGE('',*,*,#3576,.T.);
#3591 = ORIENTED_EDGE('',*,*,#1709,.F.);
#3592 = ORIENTED_EDGE('',*,*,#3552,.F.);
#3593 = PLANE('',#3594);
#3594 = AXIS2_PLACEMENT_3D('',#3595,#3596,#3597);
#3595 = CARTESIAN_POINT('',(199.91673887931,235.27207793864,13.));
#3596 = DIRECTION('',(-5.872202195147E-02,-0.998274373175,
    8.29791034422E-17));
#3597 = DIRECTION('',(0.998274373175,-5.872202195147E-02,
    -2.537592030597E-16));
#3598 = ADVANCED_FACE('',(#3599),#3615,.T.);
#3599 = FACE_BOUND('',#3600,.F.);
#3600 = EDGE_LOOP('',(#3601,#3602,#3608,#3609));
#3601 = ORIENTED_EDGE('',*,*,#754,.T.);
#3602 = ORIENTED_EDGE('',*,*,#3603,.T.);
#3603 = EDGE_CURVE('',#757,#1728,#3604,.T.);
#3604 = LINE('',#3605,#3606);
#3605 = CARTESIAN_POINT('',(138.96413434103,222.68557723352,13.));
#3606 = VECTOR('',#3607,1.);
#3607 = DIRECTION('',(-7.850462293419E-17,-7.850462293419E-17,-1.));
#3608 = ORIENTED_EDGE('',*,*,#1725,.F.);
#3609 = ORIENTED_EDGE('',*,*,#3610,.F.);
#3610 = EDGE_CURVE('',#755,#1726,#3611,.T.);
#3611 = LINE('',#3612,#3613);
#3612 = CARTESIAN_POINT('',(125.52910549849,209.25054839097,13.));
#3613 = VECTOR('',#3614,1.);
#3614 = DIRECTION('',(-7.850462293419E-17,-7.850462293419E-17,-1.));
#3615 = PLANE('',#3616);
#3616 = AXIS2_PLACEMENT_3D('',#3617,#3618,#3619);
#3617 = CARTESIAN_POINT('',(138.96413434103,222.68557723352,13.));
#3618 = DIRECTION('',(0.707106781187,-0.707106781187,-2.442490654175E-32
    ));
#3619 = DIRECTION('',(0.707106781187,0.707106781187,1.089776975375E-16)
  );
#3620 = ADVANCED_FACE('',(#3621),#3632,.T.);
#3621 = FACE_BOUND('',#3622,.F.);
#3622 = EDGE_LOOP('',(#3623,#3624,#3625,#3626));
#3623 = ORIENTED_EDGE('',*,*,#780,.T.);
#3624 = ORIENTED_EDGE('',*,*,#3610,.T.);
#3625 = ORIENTED_EDGE('',*,*,#1751,.F.);
#3626 = ORIENTED_EDGE('',*,*,#3627,.F.);
#3627 = EDGE_CURVE('',#773,#1744,#3628,.T.);
#3628 = LINE('',#3629,#3630);
#3629 = CARTESIAN_POINT('',(127.22616177333,207.55349211612,13.));
#3630 = VECTOR('',#3631,1.);
#3631 = DIRECTION('',(-7.850462293419E-17,-7.850462293419E-17,-1.));
#3632 = PLANE('',#3633);
#3633 = AXIS2_PLACEMENT_3D('',#3634,#3635,#3636);
#3634 = CARTESIAN_POINT('',(125.52910549849,209.25054839097,13.));
#3635 = DIRECTION('',(0.707106781187,0.707106781187,-1.110223024625E-16)
  );
#3636 = DIRECTION('',(-0.707106781187,0.707106781187,4.4E-16));
#3637 = ADVANCED_FACE('',(#3638),#3649,.T.);
#3638 = FACE_BOUND('',#3639,.F.);
#3639 = EDGE_LOOP('',(#3640,#3641,#3647,#3648));
#3640 = ORIENTED_EDGE('',*,*,#764,.T.);
#3641 = ORIENTED_EDGE('',*,*,#3642,.T.);
#3642 = EDGE_CURVE('',#765,#1736,#3643,.T.);
#3643 = LINE('',#3644,#3645);
#3644 = CARTESIAN_POINT('',(140.66119061588,220.98852095867,13.));
#3645 = VECTOR('',#3646,1.);
#3646 = DIRECTION('',(-7.850462293419E-17,-7.850462293419E-17,-1.));
#3647 = ORIENTED_EDGE('',*,*,#1735,.F.);
#3648 = ORIENTED_EDGE('',*,*,#3603,.F.);
#3649 = PLANE('',#3650);
#3650 = AXIS2_PLACEMENT_3D('',#3651,#3652,#3653);
#3651 = CARTESIAN_POINT('',(140.66119061588,220.98852095867,13.));
#3652 = DIRECTION('',(-0.707106781187,-0.707106781187,1.110223024625E-16
    ));
#3653 = DIRECTION('',(0.707106781187,-0.707106781187,-4.4E-16));
#3654 = ADVANCED_FACE('',(#3655),#3661,.T.);
#3655 = FACE_BOUND('',#3656,.F.);
#3656 = EDGE_LOOP('',(#3657,#3658,#3659,#3660));
#3657 = ORIENTED_EDGE('',*,*,#772,.T.);
#3658 = ORIENTED_EDGE('',*,*,#3627,.T.);
#3659 = ORIENTED_EDGE('',*,*,#1743,.F.);
#3660 = ORIENTED_EDGE('',*,*,#3642,.F.);
#3661 = PLANE('',#3662);
#3662 = AXIS2_PLACEMENT_3D('',#3663,#3664,#3665);
#3663 = CARTESIAN_POINT('',(127.22616177333,207.55349211612,13.));
#3664 = DIRECTION('',(-0.707106781187,0.707106781187,2.442490654175E-32)
  );
#3665 = DIRECTION('',(-0.707106781187,-0.707106781187,
    -1.089776975375E-16));
#3666 = ADVANCED_FACE('',(#3667),#3683,.T.);
#3667 = FACE_BOUND('',#3668,.F.);
#3668 = EDGE_LOOP('',(#3669,#3670,#3676,#3677));
#3669 = ORIENTED_EDGE('',*,*,#788,.T.);
#3670 = ORIENTED_EDGE('',*,*,#3671,.T.);
#3671 = EDGE_CURVE('',#791,#1762,#3672,.T.);
#3672 = LINE('',#3673,#3674);
#3673 = CARTESIAN_POINT('',(124.96342007354,126.37763363591,13.));
#3674 = VECTOR('',#3675,1.);
#3675 = DIRECTION('',(-7.850462293419E-17,-7.850462293419E-17,-1.));
#3676 = ORIENTED_EDGE('',*,*,#1759,.F.);
#3677 = ORIENTED_EDGE('',*,*,#3678,.F.);
#3678 = EDGE_CURVE('',#789,#1760,#3679,.T.);
#3679 = LINE('',#3680,#3681);
#3680 = CARTESIAN_POINT('',(119.30656582404,132.0344878854,13.));
#3681 = VECTOR('',#3682,1.);
#3682 = DIRECTION('',(-7.850462293419E-17,-7.850462293419E-17,-1.));
#3683 = PLANE('',#3684);
#3684 = AXIS2_PLACEMENT_3D('',#3685,#3686,#3687);
#3685 = CARTESIAN_POINT('',(124.96342007354,126.37763363591,13.));
#3686 = DIRECTION('',(-0.707106781187,-0.707106781187,1.110223024625E-16
    ));
#3687 = DIRECTION('',(0.707106781187,-0.707106781187,-4.4E-16));
#3688 = ADVANCED_FACE('',(#3689),#3700,.T.);
#3689 = FACE_BOUND('',#3690,.F.);
#3690 = EDGE_LOOP('',(#3691,#3692,#3693,#3694));
#3691 = ORIENTED_EDGE('',*,*,#846,.T.);
#3692 = ORIENTED_EDGE('',*,*,#3678,.T.);
#3693 = ORIENTED_EDGE('',*,*,#1817,.F.);
#3694 = ORIENTED_EDGE('',*,*,#3695,.F.);
#3695 = EDGE_CURVE('',#839,#1810,#3696,.T.);
#3696 = LINE('',#3697,#3698);
#3697 = CARTESIAN_POINT('',(116.4781386993,132.0344878854,13.));
#3698 = VECTOR('',#3699,1.);
#3699 = DIRECTION('',(-7.850462293419E-17,-7.850462293419E-17,-1.));
#3700 = PLANE('',#3701);
#3701 = AXIS2_PLACEMENT_3D('',#3702,#3703,#3704);
#3702 = CARTESIAN_POINT('',(119.30656582404,132.0344878854,13.));
#3703 = DIRECTION('',(1.110223024625E-16,-1.,7.850462293419E-17));
#3704 = DIRECTION('',(1.,1.110223024625E-16,-2.385046229342E-16));
#3705 = ADVANCED_FACE('',(#3706),#3717,.T.);
#3706 = FACE_BOUND('',#3707,.F.);
#3707 = EDGE_LOOP('',(#3708,#3709,#3715,#3716));
#3708 = ORIENTED_EDGE('',*,*,#798,.T.);
#3709 = ORIENTED_EDGE('',*,*,#3710,.T.);
#3710 = EDGE_CURVE('',#799,#1770,#3711,.T.);
#3711 = LINE('',#3712,#3713);
#3712 = CARTESIAN_POINT('',(124.96342007354,123.54920651116,13.));
#3713 = VECTOR('',#3714,1.);
#3714 = DIRECTION('',(-7.850462293419E-17,-7.850462293419E-17,-1.));
#3715 = ORIENTED_EDGE('',*,*,#1769,.F.);
#3716 = ORIENTED_EDGE('',*,*,#3671,.F.);
#3717 = PLANE('',#3718);
#3718 = AXIS2_PLACEMENT_3D('',#3719,#3720,#3721);
#3719 = CARTESIAN_POINT('',(124.96342007354,123.54920651116,13.));
#3720 = DIRECTION('',(-1.,-1.110223024625E-16,7.850462293419E-17));
#3721 = DIRECTION('',(1.110223024625E-16,-1.,-3.914953770658E-16));
#3722 = ADVANCED_FACE('',(#3723),#3734,.T.);
#3723 = FACE_BOUND('',#3724,.F.);
#3724 = EDGE_LOOP('',(#3725,#3726,#3727,#3728));
#3725 = ORIENTED_EDGE('',*,*,#838,.T.);
#3726 = ORIENTED_EDGE('',*,*,#3695,.T.);
#3727 = ORIENTED_EDGE('',*,*,#1809,.F.);
#3728 = ORIENTED_EDGE('',*,*,#3729,.F.);
#3729 = EDGE_CURVE('',#831,#1802,#3730,.T.);
#3730 = LINE('',#3731,#3732);
#3731 = CARTESIAN_POINT('',(98.093362388452,113.64971157455,13.));
#3732 = VECTOR('',#3733,1.);
#3733 = DIRECTION('',(-7.850462293419E-17,-7.850462293419E-17,-1.));
#3734 = PLANE('',#3735);
#3735 = AXIS2_PLACEMENT_3D('',#3736,#3737,#3738);
#3736 = CARTESIAN_POINT('',(116.4781386993,132.0344878854,13.));
#3737 = DIRECTION('',(0.707106781187,-0.707106781187,-2.442490654175E-32
    ));
#3738 = DIRECTION('',(0.707106781187,0.707106781187,1.089776975375E-16)
  );
#3739 = ADVANCED_FACE('',(#3740),#3751,.T.);
#3740 = FACE_BOUND('',#3741,.F.);
#3741 = EDGE_LOOP('',(#3742,#3743,#3749,#3750));
#3742 = ORIENTED_EDGE('',*,*,#806,.T.);
#3743 = ORIENTED_EDGE('',*,*,#3744,.T.);
#3744 = EDGE_CURVE('',#807,#1778,#3745,.T.);
#3745 = LINE('',#3746,#3747);
#3746 = CARTESIAN_POINT('',(106.57864376269,105.16443020031,13.));
#3747 = VECTOR('',#3748,1.);
#3748 = DIRECTION('',(-7.850462293419E-17,-7.850462293419E-17,-1.));
#3749 = ORIENTED_EDGE('',*,*,#1777,.F.);
#3750 = ORIENTED_EDGE('',*,*,#3710,.F.);
#3751 = PLANE('',#3752);
#3752 = AXIS2_PLACEMENT_3D('',#3753,#3754,#3755);
#3753 = CARTESIAN_POINT('',(106.57864376269,105.16443020031,13.));
#3754 = DIRECTION('',(-0.707106781187,0.707106781187,2.442490654175E-32)
  );
#3755 = DIRECTION('',(-0.707106781187,-0.707106781187,
    -1.089776975375E-16));
#3756 = ADVANCED_FACE('',(#3757),#3768,.T.);
#3757 = FACE_BOUND('',#3758,.F.);
#3758 = EDGE_LOOP('',(#3759,#3760,#3761,#3762));
#3759 = ORIENTED_EDGE('',*,*,#830,.T.);
#3760 = ORIENTED_EDGE('',*,*,#3729,.T.);
#3761 = ORIENTED_EDGE('',*,*,#1801,.F.);
#3762 = ORIENTED_EDGE('',*,*,#3763,.F.);
#3763 = EDGE_CURVE('',#823,#1794,#3764,.T.);
#3764 = LINE('',#3765,#3766);
#3765 = CARTESIAN_POINT('',(98.093362388452,110.82128444981,13.));
#3766 = VECTOR('',#3767,1.);
#3767 = DIRECTION('',(-7.850462293419E-17,-7.850462293419E-17,-1.));
#3768 = PLANE('',#3769);
#3769 = AXIS2_PLACEMENT_3D('',#3770,#3771,#3772);
#3770 = CARTESIAN_POINT('',(98.093362388452,113.64971157455,13.));
#3771 = DIRECTION('',(1.,1.110223024625E-16,-7.850462293419E-17));
#3772 = DIRECTION('',(-1.110223024625E-16,1.,3.914953770658E-16));
#3773 = ADVANCED_FACE('',(#3774),#3785,.T.);
#3774 = FACE_BOUND('',#3775,.F.);
#3775 = EDGE_LOOP('',(#3776,#3777,#3783,#3784));
#3776 = ORIENTED_EDGE('',*,*,#814,.T.);
#3777 = ORIENTED_EDGE('',*,*,#3778,.T.);
#3778 = EDGE_CURVE('',#815,#1786,#3779,.T.);
#3779 = LINE('',#3780,#3781);
#3780 = CARTESIAN_POINT('',(103.75021663794,105.16443020031,13.));
#3781 = VECTOR('',#3782,1.);
#3782 = DIRECTION('',(-7.850462293419E-17,-7.850462293419E-17,-1.));
#3783 = ORIENTED_EDGE('',*,*,#1785,.F.);
#3784 = ORIENTED_EDGE('',*,*,#3744,.F.);
#3785 = PLANE('',#3786);
#3786 = AXIS2_PLACEMENT_3D('',#3787,#3788,#3789);
#3787 = CARTESIAN_POINT('',(103.75021663794,105.16443020031,13.));
#3788 = DIRECTION('',(-1.110223024625E-16,1.,-7.850462293419E-17));
#3789 = DIRECTION('',(-1.,-1.110223024625E-16,2.385046229342E-16));
#3790 = ADVANCED_FACE('',(#3791),#3797,.T.);
#3791 = FACE_BOUND('',#3792,.F.);
#3792 = EDGE_LOOP('',(#3793,#3794,#3795,#3796));
#3793 = ORIENTED_EDGE('',*,*,#822,.T.);
#3794 = ORIENTED_EDGE('',*,*,#3763,.T.);
#3795 = ORIENTED_EDGE('',*,*,#1793,.F.);
#3796 = ORIENTED_EDGE('',*,*,#3778,.F.);
#3797 = PLANE('',#3798);
#3798 = AXIS2_PLACEMENT_3D('',#3799,#3800,#3801);
#3799 = CARTESIAN_POINT('',(98.093362388452,110.82128444981,13.));
#3800 = DIRECTION('',(0.707106781187,0.707106781187,-1.110223024625E-16)
  );
#3801 = DIRECTION('',(-0.707106781187,0.707106781187,4.4E-16));
#3802 = ADVANCED_FACE('',(#3803),#3819,.T.);
#3803 = FACE_BOUND('',#3804,.F.);
#3804 = EDGE_LOOP('',(#3805,#3806,#3812,#3813));
#3805 = ORIENTED_EDGE('',*,*,#854,.T.);
#3806 = ORIENTED_EDGE('',*,*,#3807,.T.);
#3807 = EDGE_CURVE('',#857,#1828,#3808,.T.);
#3808 = LINE('',#3809,#3810);
#3809 = CARTESIAN_POINT('',(121.7814395582,156.14682912386,13.));
#3810 = VECTOR('',#3811,1.);
#3811 = DIRECTION('',(-7.850462293419E-17,-7.850462293419E-17,-1.));
#3812 = ORIENTED_EDGE('',*,*,#1825,.F.);
#3813 = ORIENTED_EDGE('',*,*,#3814,.F.);
#3814 = EDGE_CURVE('',#855,#1826,#3815,.T.);
#3815 = LINE('',#3816,#3817);
#3816 = CARTESIAN_POINT('',(117.82164158355,152.18703114922,13.));
#3817 = VECTOR('',#3818,1.);
#3818 = DIRECTION('',(-7.850462293419E-17,-7.850462293419E-17,-1.));
#3819 = PLANE('',#3820);
#3820 = AXIS2_PLACEMENT_3D('',#3821,#3822,#3823);
#3821 = CARTESIAN_POINT('',(121.7814395582,156.14682912386,13.));
#3822 = DIRECTION('',(0.707106781187,-0.707106781187,-2.442490654175E-32
    ));
#3823 = DIRECTION('',(0.707106781187,0.707106781187,1.089776975375E-16)
  );
#3824 = ADVANCED_FACE('',(#3825),#3836,.T.);
#3825 = FACE_BOUND('',#3826,.F.);
#3826 = EDGE_LOOP('',(#3827,#3828,#3829,#3830));
#3827 = ORIENTED_EDGE('',*,*,#880,.T.);
#3828 = ORIENTED_EDGE('',*,*,#3814,.T.);
#3829 = ORIENTED_EDGE('',*,*,#1851,.F.);
#3830 = ORIENTED_EDGE('',*,*,#3831,.F.);
#3831 = EDGE_CURVE('',#873,#1844,#3832,.T.);
#3832 = LINE('',#3833,#3834);
#3833 = CARTESIAN_POINT('',(123.90275990176,146.10591283101,13.));
#3834 = VECTOR('',#3835,1.);
#3835 = DIRECTION('',(-7.850462293419E-17,-7.850462293419E-17,-1.));
#3836 = PLANE('',#3837);
#3837 = AXIS2_PLACEMENT_3D('',#3838,#3839,#3840);
#3838 = CARTESIAN_POINT('',(117.82164158355,152.18703114922,13.));
#3839 = DIRECTION('',(0.707106781187,0.707106781187,-1.110223024625E-16)
  );
#3840 = DIRECTION('',(-0.707106781187,0.707106781187,4.4E-16));
#3841 = ADVANCED_FACE('',(#3842),#3853,.T.);
#3842 = FACE_BOUND('',#3843,.F.);
#3843 = EDGE_LOOP('',(#3844,#3845,#3846,#3847));
#3844 = ORIENTED_EDGE('',*,*,#872,.T.);
#3845 = ORIENTED_EDGE('',*,*,#3831,.T.);
#3846 = ORIENTED_EDGE('',*,*,#1843,.F.);
#3847 = ORIENTED_EDGE('',*,*,#3848,.F.);
#3848 = EDGE_CURVE('',#865,#1836,#3849,.T.);
#3849 = LINE('',#3850,#3851);
#3850 = CARTESIAN_POINT('',(127.8625578764,150.06571080566,13.));
#3851 = VECTOR('',#3852,1.);
#3852 = DIRECTION('',(-7.850462293419E-17,-7.850462293419E-17,-1.));
#3853 = PLANE('',#3854);
#3854 = AXIS2_PLACEMENT_3D('',#3855,#3856,#3857);
#3855 = CARTESIAN_POINT('',(123.90275990176,146.10591283101,13.));
#3856 = DIRECTION('',(-0.707106781187,0.707106781187,2.442490654175E-32)
  );
#3857 = DIRECTION('',(-0.707106781187,-0.707106781187,
    -1.089776975375E-16));
#3858 = ADVANCED_FACE('',(#3859),#3865,.T.);
#3859 = FACE_BOUND('',#3860,.F.);
#3860 = EDGE_LOOP('',(#3861,#3862,#3863,#3864));
#3861 = ORIENTED_EDGE('',*,*,#864,.T.);
#3862 = ORIENTED_EDGE('',*,*,#3848,.T.);
#3863 = ORIENTED_EDGE('',*,*,#1835,.F.);
#3864 = ORIENTED_EDGE('',*,*,#3807,.F.);
#3865 = PLANE('',#3866);
#3866 = AXIS2_PLACEMENT_3D('',#3867,#3868,#3869);
#3867 = CARTESIAN_POINT('',(127.8625578764,150.06571080566,13.));
#3868 = DIRECTION('',(-0.707106781187,-0.707106781187,1.110223024625E-16
    ));
#3869 = DIRECTION('',(0.707106781187,-0.707106781187,-4.4E-16));
#3870 = ADVANCED_FACE('',(#3871),#3887,.T.);
#3871 = FACE_BOUND('',#3872,.F.);
#3872 = EDGE_LOOP('',(#3873,#3874,#3880,#3881));
#3873 = ORIENTED_EDGE('',*,*,#888,.T.);
#3874 = ORIENTED_EDGE('',*,*,#3875,.T.);
#3875 = EDGE_CURVE('',#891,#1862,#3876,.T.);
#3876 = LINE('',#3877,#3878);
#3877 = CARTESIAN_POINT('',(113.29615818396,147.66154774962,13.));
#3878 = VECTOR('',#3879,1.);
#3879 = DIRECTION('',(-7.850462293419E-17,-7.850462293419E-17,-1.));
#3880 = ORIENTED_EDGE('',*,*,#1859,.F.);
#3881 = ORIENTED_EDGE('',*,*,#3882,.F.);
#3882 = EDGE_CURVE('',#889,#1860,#3883,.T.);
#3883 = LINE('',#3884,#3885);
#3884 = CARTESIAN_POINT('',(109.33636020931,143.70174977498,13.));
#3885 = VECTOR('',#3886,1.);
#3886 = DIRECTION('',(-7.850462293419E-17,-7.850462293419E-17,-1.));
#3887 = PLANE('',#3888);
#3888 = AXIS2_PLACEMENT_3D('',#3889,#3890,#3891);
#3889 = CARTESIAN_POINT('',(113.29615818396,147.66154774962,13.));
#3890 = DIRECTION('',(0.707106781187,-0.707106781187,-2.442490654175E-32
    ));
#3891 = DIRECTION('',(0.707106781187,0.707106781187,1.089776975375E-16)
  );
#3892 = ADVANCED_FACE('',(#3893),#3904,.T.);
#3893 = FACE_BOUND('',#3894,.F.);
#3894 = EDGE_LOOP('',(#3895,#3896,#3897,#3898));
#3895 = ORIENTED_EDGE('',*,*,#914,.T.);
#3896 = ORIENTED_EDGE('',*,*,#3882,.T.);
#3897 = ORIENTED_EDGE('',*,*,#1885,.F.);
#3898 = ORIENTED_EDGE('',*,*,#3899,.F.);
#3899 = EDGE_CURVE('',#907,#1878,#3900,.T.);
#3900 = LINE('',#3901,#3902);
#3901 = CARTESIAN_POINT('',(115.41747852752,137.62063145678,13.));
#3902 = VECTOR('',#3903,1.);
#3903 = DIRECTION('',(-7.850462293419E-17,-7.850462293419E-17,-1.));
#3904 = PLANE('',#3905);
#3905 = AXIS2_PLACEMENT_3D('',#3906,#3907,#3908);
#3906 = CARTESIAN_POINT('',(109.33636020931,143.70174977498,13.));
#3907 = DIRECTION('',(0.707106781187,0.707106781187,-1.110223024625E-16)
  );
#3908 = DIRECTION('',(-0.707106781187,0.707106781187,4.4E-16));
#3909 = ADVANCED_FACE('',(#3910),#3921,.T.);
#3910 = FACE_BOUND('',#3911,.F.);
#3911 = EDGE_LOOP('',(#3912,#3913,#3914,#3915));
#3912 = ORIENTED_EDGE('',*,*,#906,.T.);
#3913 = ORIENTED_EDGE('',*,*,#3899,.T.);
#3914 = ORIENTED_EDGE('',*,*,#1877,.F.);
#3915 = ORIENTED_EDGE('',*,*,#3916,.F.);
#3916 = EDGE_CURVE('',#899,#1870,#3917,.T.);
#3917 = LINE('',#3918,#3919);
#3918 = CARTESIAN_POINT('',(119.37727650216,141.58042943142,13.));
#3919 = VECTOR('',#3920,1.);
#3920 = DIRECTION('',(-7.850462293419E-17,-7.850462293419E-17,-1.));
#3921 = PLANE('',#3922);
#3922 = AXIS2_PLACEMENT_3D('',#3923,#3924,#3925);
#3923 = CARTESIAN_POINT('',(115.41747852752,137.62063145678,13.));
#3924 = DIRECTION('',(-0.707106781187,0.707106781187,2.442490654175E-32)
  );
#3925 = DIRECTION('',(-0.707106781187,-0.707106781187,
    -1.089776975375E-16));
#3926 = ADVANCED_FACE('',(#3927),#3933,.T.);
#3927 = FACE_BOUND('',#3928,.F.);
#3928 = EDGE_LOOP('',(#3929,#3930,#3931,#3932));
#3929 = ORIENTED_EDGE('',*,*,#898,.T.);
#3930 = ORIENTED_EDGE('',*,*,#3916,.T.);
#3931 = ORIENTED_EDGE('',*,*,#1869,.F.);
#3932 = ORIENTED_EDGE('',*,*,#3875,.F.);
#3933 = PLANE('',#3934);
#3934 = AXIS2_PLACEMENT_3D('',#3935,#3936,#3937);
#3935 = CARTESIAN_POINT('',(119.37727650216,141.58042943142,13.));
#3936 = DIRECTION('',(-0.707106781187,-0.707106781187,1.110223024625E-16
    ));
#3937 = DIRECTION('',(0.707106781187,-0.707106781187,-4.4E-16));
#3938 = ADVANCED_FACE('',(#3939),#3955,.T.);
#3939 = FACE_BOUND('',#3940,.F.);
#3940 = EDGE_LOOP('',(#3941,#3942,#3948,#3949));
#3941 = ORIENTED_EDGE('',*,*,#922,.T.);
#3942 = ORIENTED_EDGE('',*,*,#3943,.T.);
#3943 = EDGE_CURVE('',#925,#1896,#3944,.T.);
#3944 = LINE('',#3945,#3946);
#3945 = CARTESIAN_POINT('',(104.81087680972,139.17626637539,13.));
#3946 = VECTOR('',#3947,1.);
#3947 = DIRECTION('',(-7.850462293419E-17,-7.850462293419E-17,-1.));
#3948 = ORIENTED_EDGE('',*,*,#1893,.F.);
#3949 = ORIENTED_EDGE('',*,*,#3950,.F.);
#3950 = EDGE_CURVE('',#923,#1894,#3951,.T.);
#3951 = LINE('',#3952,#3953);
#3952 = CARTESIAN_POINT('',(100.85107883507,135.21646840074,13.));
#3953 = VECTOR('',#3954,1.);
#3954 = DIRECTION('',(-7.850462293419E-17,-7.850462293419E-17,-1.));
#3955 = PLANE('',#3956);
#3956 = AXIS2_PLACEMENT_3D('',#3957,#3958,#3959);
#3957 = CARTESIAN_POINT('',(104.81087680972,139.17626637539,13.));
#3958 = DIRECTION('',(0.707106781187,-0.707106781187,-2.442490654175E-32
    ));
#3959 = DIRECTION('',(0.707106781187,0.707106781187,1.089776975375E-16)
  );
#3960 = ADVANCED_FACE('',(#3961),#3972,.T.);
#3961 = FACE_BOUND('',#3962,.F.);
#3962 = EDGE_LOOP('',(#3963,#3964,#3965,#3966));
#3963 = ORIENTED_EDGE('',*,*,#948,.T.);
#3964 = ORIENTED_EDGE('',*,*,#3950,.T.);
#3965 = ORIENTED_EDGE('',*,*,#1919,.F.);
#3966 = ORIENTED_EDGE('',*,*,#3967,.F.);
#3967 = EDGE_CURVE('',#941,#1912,#3968,.T.);
#3968 = LINE('',#3969,#3970);
#3969 = CARTESIAN_POINT('',(106.93219715328,129.13535008254,13.));
#3970 = VECTOR('',#3971,1.);
#3971 = DIRECTION('',(-7.850462293419E-17,-7.850462293419E-17,-1.));
#3972 = PLANE('',#3973);
#3973 = AXIS2_PLACEMENT_3D('',#3974,#3975,#3976);
#3974 = CARTESIAN_POINT('',(100.85107883507,135.21646840074,13.));
#3975 = DIRECTION('',(0.707106781187,0.707106781187,-1.110223024625E-16)
  );
#3976 = DIRECTION('',(-0.707106781187,0.707106781187,4.4E-16));
#3977 = ADVANCED_FACE('',(#3978),#3989,.T.);
#3978 = FACE_BOUND('',#3979,.F.);
#3979 = EDGE_LOOP('',(#3980,#3981,#3982,#3983));
#3980 = ORIENTED_EDGE('',*,*,#940,.T.);
#3981 = ORIENTED_EDGE('',*,*,#3967,.T.);
#3982 = ORIENTED_EDGE('',*,*,#1911,.F.);
#3983 = ORIENTED_EDGE('',*,*,#3984,.F.);
#3984 = EDGE_CURVE('',#933,#1904,#3985,.T.);
#3985 = LINE('',#3986,#3987);
#3986 = CARTESIAN_POINT('',(110.89199512792,133.09514805718,13.));
#3987 = VECTOR('',#3988,1.);
#3988 = DIRECTION('',(-7.850462293419E-17,-7.850462293419E-17,-1.));
#3989 = PLANE('',#3990);
#3990 = AXIS2_PLACEMENT_3D('',#3991,#3992,#3993);
#3991 = CARTESIAN_POINT('',(106.93219715328,129.13535008254,13.));
#3992 = DIRECTION('',(-0.707106781187,0.707106781187,2.442490654175E-32)
  );
#3993 = DIRECTION('',(-0.707106781187,-0.707106781187,
    -1.089776975375E-16));
#3994 = ADVANCED_FACE('',(#3995),#4001,.T.);
#3995 = FACE_BOUND('',#3996,.F.);
#3996 = EDGE_LOOP('',(#3997,#3998,#3999,#4000));
#3997 = ORIENTED_EDGE('',*,*,#932,.T.);
#3998 = ORIENTED_EDGE('',*,*,#3984,.T.);
#3999 = ORIENTED_EDGE('',*,*,#1903,.F.);
#4000 = ORIENTED_EDGE('',*,*,#3943,.F.);
#4001 = PLANE('',#4002);
#4002 = AXIS2_PLACEMENT_3D('',#4003,#4004,#4005);
#4003 = CARTESIAN_POINT('',(110.89199512792,133.09514805718,13.));
#4004 = DIRECTION('',(-0.707106781187,-0.707106781187,1.110223024625E-16
    ));
#4005 = DIRECTION('',(0.707106781187,-0.707106781187,-4.4E-16));
#4006 = ADVANCED_FACE('',(#4007),#4023,.T.);
#4007 = FACE_BOUND('',#4008,.F.);
#4008 = EDGE_LOOP('',(#4009,#4010,#4016,#4017));
#4009 = ORIENTED_EDGE('',*,*,#956,.T.);
#4010 = ORIENTED_EDGE('',*,*,#4011,.T.);
#4011 = EDGE_CURVE('',#959,#1930,#4012,.T.);
#4012 = LINE('',#4013,#4014);
#4013 = CARTESIAN_POINT('',(96.325595435485,130.69098500115,13.));
#4014 = VECTOR('',#4015,1.);
#4015 = DIRECTION('',(-7.850462293419E-17,-7.850462293419E-17,-1.));
#4016 = ORIENTED_EDGE('',*,*,#1927,.F.);
#4017 = ORIENTED_EDGE('',*,*,#4018,.F.);
#4018 = EDGE_CURVE('',#957,#1928,#4019,.T.);
#4019 = LINE('',#4020,#4021);
#4020 = CARTESIAN_POINT('',(92.365797460841,126.7311870265,13.));
#4021 = VECTOR('',#4022,1.);
#4022 = DIRECTION('',(-7.850462293419E-17,-7.850462293419E-17,-1.));
#4023 = PLANE('',#4024);
#4024 = AXIS2_PLACEMENT_3D('',#4025,#4026,#4027);
#4025 = CARTESIAN_POINT('',(96.325595435485,130.69098500115,13.));
#4026 = DIRECTION('',(0.707106781187,-0.707106781187,-2.442490654175E-32
    ));
#4027 = DIRECTION('',(0.707106781187,0.707106781187,1.089776975375E-16)
  );
#4028 = ADVANCED_FACE('',(#4029),#4040,.T.);
#4029 = FACE_BOUND('',#4030,.F.);
#4030 = EDGE_LOOP('',(#4031,#4032,#4033,#4034));
#4031 = ORIENTED_EDGE('',*,*,#982,.T.);
#4032 = ORIENTED_EDGE('',*,*,#4018,.T.);
#4033 = ORIENTED_EDGE('',*,*,#1953,.F.);
#4034 = ORIENTED_EDGE('',*,*,#4035,.F.);
#4035 = EDGE_CURVE('',#975,#1946,#4036,.T.);
#4036 = LINE('',#4037,#4038);
#4037 = CARTESIAN_POINT('',(98.446915779045,120.6500687083,13.));
#4038 = VECTOR('',#4039,1.);
#4039 = DIRECTION('',(-7.850462293419E-17,-7.850462293419E-17,-1.));
#4040 = PLANE('',#4041);
#4041 = AXIS2_PLACEMENT_3D('',#4042,#4043,#4044);
#4042 = CARTESIAN_POINT('',(92.365797460841,126.7311870265,13.));
#4043 = DIRECTION('',(0.707106781187,0.707106781187,-1.110223024625E-16)
  );
#4044 = DIRECTION('',(-0.707106781187,0.707106781187,4.4E-16));
#4045 = ADVANCED_FACE('',(#4046),#4057,.T.);
#4046 = FACE_BOUND('',#4047,.F.);
#4047 = EDGE_LOOP('',(#4048,#4049,#4050,#4051));
#4048 = ORIENTED_EDGE('',*,*,#974,.T.);
#4049 = ORIENTED_EDGE('',*,*,#4035,.T.);
#4050 = ORIENTED_EDGE('',*,*,#1945,.F.);
#4051 = ORIENTED_EDGE('',*,*,#4052,.F.);
#4052 = EDGE_CURVE('',#967,#1938,#4053,.T.);
#4053 = LINE('',#4054,#4055);
#4054 = CARTESIAN_POINT('',(102.40671375369,124.60986668294,13.));
#4055 = VECTOR('',#4056,1.);
#4056 = DIRECTION('',(-7.850462293419E-17,-7.850462293419E-17,-1.));
#4057 = PLANE('',#4058);
#4058 = AXIS2_PLACEMENT_3D('',#4059,#4060,#4061);
#4059 = CARTESIAN_POINT('',(98.446915779045,120.6500687083,13.));
#4060 = DIRECTION('',(-0.707106781187,0.707106781187,2.442490654175E-32)
  );
#4061 = DIRECTION('',(-0.707106781187,-0.707106781187,
    -1.089776975375E-16));
#4062 = ADVANCED_FACE('',(#4063),#4069,.T.);
#4063 = FACE_BOUND('',#4064,.F.);
#4064 = EDGE_LOOP('',(#4065,#4066,#4067,#4068));
#4065 = ORIENTED_EDGE('',*,*,#966,.T.);
#4066 = ORIENTED_EDGE('',*,*,#4052,.T.);
#4067 = ORIENTED_EDGE('',*,*,#1937,.F.);
#4068 = ORIENTED_EDGE('',*,*,#4011,.F.);
#4069 = PLANE('',#4070);
#4070 = AXIS2_PLACEMENT_3D('',#4071,#4072,#4073);
#4071 = CARTESIAN_POINT('',(102.40671375369,124.60986668294,13.));
#4072 = DIRECTION('',(-0.707106781187,-0.707106781187,1.110223024625E-16
    ));
#4073 = DIRECTION('',(0.707106781187,-0.707106781187,-4.4E-16));
#4074 = ADVANCED_FACE('',(#4075),#4091,.T.);
#4075 = FACE_BOUND('',#4076,.F.);
#4076 = EDGE_LOOP('',(#4077,#4078,#4084,#4085));
#4077 = ORIENTED_EDGE('',*,*,#990,.T.);
#4078 = ORIENTED_EDGE('',*,*,#4079,.T.);
#4079 = EDGE_CURVE('',#993,#1964,#4080,.T.);
#4080 = LINE('',#4081,#4082);
#4081 = CARTESIAN_POINT('',(87.840314061247,122.20570362691,13.));
#4082 = VECTOR('',#4083,1.);
#4083 = DIRECTION('',(-7.850462293419E-17,-7.850462293419E-17,-1.));
#4084 = ORIENTED_EDGE('',*,*,#1961,.F.);
#4085 = ORIENTED_EDGE('',*,*,#4086,.F.);
#4086 = EDGE_CURVE('',#991,#1962,#4087,.T.);
#4087 = LINE('',#4088,#4089);
#4088 = CARTESIAN_POINT('',(83.880516086602,118.24590565226,13.));
#4089 = VECTOR('',#4090,1.);
#4090 = DIRECTION('',(-7.850462293419E-17,-7.850462293419E-17,-1.));
#4091 = PLANE('',#4092);
#4092 = AXIS2_PLACEMENT_3D('',#4093,#4094,#4095);
#4093 = CARTESIAN_POINT('',(87.840314061247,122.20570362691,13.));
#4094 = DIRECTION('',(0.707106781187,-0.707106781187,-2.442490654175E-32
    ));
#4095 = DIRECTION('',(0.707106781187,0.707106781187,1.089776975375E-16)
  );
#4096 = ADVANCED_FACE('',(#4097),#4108,.T.);
#4097 = FACE_BOUND('',#4098,.F.);
#4098 = EDGE_LOOP('',(#4099,#4100,#4101,#4102));
#4099 = ORIENTED_EDGE('',*,*,#1016,.T.);
#4100 = ORIENTED_EDGE('',*,*,#4086,.T.);
#4101 = ORIENTED_EDGE('',*,*,#1987,.F.);
#4102 = ORIENTED_EDGE('',*,*,#4103,.F.);
#4103 = EDGE_CURVE('',#1009,#1980,#4104,.T.);
#4104 = LINE('',#4105,#4106);
#4105 = CARTESIAN_POINT('',(89.961634404807,112.16478733406,13.));
#4106 = VECTOR('',#4107,1.);
#4107 = DIRECTION('',(-7.850462293419E-17,-7.850462293419E-17,-1.));
#4108 = PLANE('',#4109);
#4109 = AXIS2_PLACEMENT_3D('',#4110,#4111,#4112);
#4110 = CARTESIAN_POINT('',(83.880516086602,118.24590565226,13.));
#4111 = DIRECTION('',(0.707106781187,0.707106781187,-1.110223024625E-16)
  );
#4112 = DIRECTION('',(-0.707106781187,0.707106781187,4.4E-16));
#4113 = ADVANCED_FACE('',(#4114),#4125,.T.);
#4114 = FACE_BOUND('',#4115,.F.);
#4115 = EDGE_LOOP('',(#4116,#4117,#4118,#4119));
#4116 = ORIENTED_EDGE('',*,*,#1008,.T.);
#4117 = ORIENTED_EDGE('',*,*,#4103,.T.);
#4118 = ORIENTED_EDGE('',*,*,#1979,.F.);
#4119 = ORIENTED_EDGE('',*,*,#4120,.F.);
#4120 = EDGE_CURVE('',#1001,#1972,#4121,.T.);
#4121 = LINE('',#4122,#4123);
#4122 = CARTESIAN_POINT('',(93.921432379451,116.1245853087,13.));
#4123 = VECTOR('',#4124,1.);
#4124 = DIRECTION('',(-7.850462293419E-17,-7.850462293419E-17,-1.));
#4125 = PLANE('',#4126);
#4126 = AXIS2_PLACEMENT_3D('',#4127,#4128,#4129);
#4127 = CARTESIAN_POINT('',(89.961634404807,112.16478733406,13.));
#4128 = DIRECTION('',(-0.707106781187,0.707106781187,2.442490654175E-32)
  );
#4129 = DIRECTION('',(-0.707106781187,-0.707106781187,
    -1.089776975375E-16));
#4130 = ADVANCED_FACE('',(#4131),#4137,.T.);
#4131 = FACE_BOUND('',#4132,.F.);
#4132 = EDGE_LOOP('',(#4133,#4134,#4135,#4136));
#4133 = ORIENTED_EDGE('',*,*,#1000,.T.);
#4134 = ORIENTED_EDGE('',*,*,#4120,.T.);
#4135 = ORIENTED_EDGE('',*,*,#1971,.F.);
#4136 = ORIENTED_EDGE('',*,*,#4079,.F.);
#4137 = PLANE('',#4138);
#4138 = AXIS2_PLACEMENT_3D('',#4139,#4140,#4141);
#4139 = CARTESIAN_POINT('',(93.921432379451,116.1245853087,13.));
#4140 = DIRECTION('',(-0.707106781187,-0.707106781187,1.110223024625E-16
    ));
#4141 = DIRECTION('',(0.707106781187,-0.707106781187,-4.4E-16));
#4142 = ADVANCED_FACE('',(#4143),#4159,.T.);
#4143 = FACE_BOUND('',#4144,.F.);
#4144 = EDGE_LOOP('',(#4145,#4146,#4152,#4153));
#4145 = ORIENTED_EDGE('',*,*,#1024,.T.);
#4146 = ORIENTED_EDGE('',*,*,#4147,.T.);
#4147 = EDGE_CURVE('',#1027,#1998,#4148,.T.);
#4148 = LINE('',#4149,#4150);
#4149 = CARTESIAN_POINT('',(98.093362388452,99.507575950825,13.));
#4150 = VECTOR('',#4151,1.);
#4151 = DIRECTION('',(-7.850462293419E-17,-7.850462293419E-17,-1.));
#4152 = ORIENTED_EDGE('',*,*,#1995,.F.);
#4153 = ORIENTED_EDGE('',*,*,#4154,.F.);
#4154 = EDGE_CURVE('',#1025,#1996,#4155,.T.);
#4155 = LINE('',#4156,#4157);
#4156 = CARTESIAN_POINT('',(92.43650813896,105.16443020031,13.));
#4157 = VECTOR('',#4158,1.);
#4158 = DIRECTION('',(-7.850462293419E-17,-7.850462293419E-17,-1.));
#4159 = PLANE('',#4160);
#4160 = AXIS2_PLACEMENT_3D('',#4161,#4162,#4163);
#4161 = CARTESIAN_POINT('',(98.093362388452,99.507575950825,13.));
#4162 = DIRECTION('',(-0.707106781187,-0.707106781187,1.110223024625E-16
    ));
#4163 = DIRECTION('',(0.707106781187,-0.707106781187,-4.4E-16));
#4164 = ADVANCED_FACE('',(#4165),#4176,.T.);
#4165 = FACE_BOUND('',#4166,.F.);
#4166 = EDGE_LOOP('',(#4167,#4168,#4169,#4170));
#4167 = ORIENTED_EDGE('',*,*,#1082,.T.);
#4168 = ORIENTED_EDGE('',*,*,#4154,.T.);
#4169 = ORIENTED_EDGE('',*,*,#2053,.F.);
#4170 = ORIENTED_EDGE('',*,*,#4171,.F.);
#4171 = EDGE_CURVE('',#1075,#2046,#4172,.T.);
#4172 = LINE('',#4173,#4174);
#4173 = CARTESIAN_POINT('',(89.608081014213,105.16443020031,13.));
#4174 = VECTOR('',#4175,1.);
#4175 = DIRECTION('',(-7.850462293419E-17,-7.850462293419E-17,-1.));
#4176 = PLANE('',#4177);
#4177 = AXIS2_PLACEMENT_3D('',#4178,#4179,#4180);
#4178 = CARTESIAN_POINT('',(92.43650813896,105.16443020031,13.));
#4179 = DIRECTION('',(1.110223024625E-16,-1.,7.850462293419E-17));
#4180 = DIRECTION('',(1.,1.110223024625E-16,-2.385046229342E-16));
#4181 = ADVANCED_FACE('',(#4182),#4193,.T.);
#4182 = FACE_BOUND('',#4183,.F.);
#4183 = EDGE_LOOP('',(#4184,#4185,#4191,#4192));
#4184 = ORIENTED_EDGE('',*,*,#1034,.T.);
#4185 = ORIENTED_EDGE('',*,*,#4186,.T.);
#4186 = EDGE_CURVE('',#1035,#2006,#4187,.T.);
#4187 = LINE('',#4188,#4189);
#4188 = CARTESIAN_POINT('',(98.093362388452,96.679148826079,13.));
#4189 = VECTOR('',#4190,1.);
#4190 = DIRECTION('',(-7.850462293419E-17,-7.850462293419E-17,-1.));
#4191 = ORIENTED_EDGE('',*,*,#2005,.F.);
#4192 = ORIENTED_EDGE('',*,*,#4147,.F.);
#4193 = PLANE('',#4194);
#4194 = AXIS2_PLACEMENT_3D('',#4195,#4196,#4197);
#4195 = CARTESIAN_POINT('',(98.093362388452,96.679148826079,13.));
#4196 = DIRECTION('',(-1.,-1.110223024625E-16,7.850462293419E-17));
#4197 = DIRECTION('',(1.110223024625E-16,-1.,-3.914953770658E-16));
#4198 = ADVANCED_FACE('',(#4199),#4210,.T.);
#4199 = FACE_BOUND('',#4200,.F.);
#4200 = EDGE_LOOP('',(#4201,#4202,#4203,#4204));
#4201 = ORIENTED_EDGE('',*,*,#1074,.T.);
#4202 = ORIENTED_EDGE('',*,*,#4171,.T.);
#4203 = ORIENTED_EDGE('',*,*,#2045,.F.);
#4204 = ORIENTED_EDGE('',*,*,#4205,.F.);
#4205 = EDGE_CURVE('',#1067,#2038,#4206,.T.);
#4206 = LINE('',#4207,#4208);
#4207 = CARTESIAN_POINT('',(71.223304703363,86.779653889467,13.));
#4208 = VECTOR('',#4209,1.);
#4209 = DIRECTION('',(-7.850462293419E-17,-7.850462293419E-17,-1.));
#4210 = PLANE('',#4211);
#4211 = AXIS2_PLACEMENT_3D('',#4212,#4213,#4214);
#4212 = CARTESIAN_POINT('',(89.608081014213,105.16443020031,13.));
#4213 = DIRECTION('',(0.707106781187,-0.707106781187,-2.442490654175E-32
    ));
#4214 = DIRECTION('',(0.707106781187,0.707106781187,1.089776975375E-16)
  );
#4215 = ADVANCED_FACE('',(#4216),#4227,.T.);
#4216 = FACE_BOUND('',#4217,.F.);
#4217 = EDGE_LOOP('',(#4218,#4219,#4225,#4226));
#4218 = ORIENTED_EDGE('',*,*,#1042,.T.);
#4219 = ORIENTED_EDGE('',*,*,#4220,.T.);
#4220 = EDGE_CURVE('',#1043,#2014,#4221,.T.);
#4221 = LINE('',#4222,#4223);
#4222 = CARTESIAN_POINT('',(79.708586077602,78.294372515228,13.));
#4223 = VECTOR('',#4224,1.);
#4224 = DIRECTION('',(-7.850462293419E-17,-7.850462293419E-17,-1.));
#4225 = ORIENTED_EDGE('',*,*,#2013,.F.);
#4226 = ORIENTED_EDGE('',*,*,#4186,.F.);
#4227 = PLANE('',#4228);
#4228 = AXIS2_PLACEMENT_3D('',#4229,#4230,#4231);
#4229 = CARTESIAN_POINT('',(79.708586077602,78.294372515228,13.));
#4230 = DIRECTION('',(-0.707106781187,0.707106781187,2.442490654175E-32)
  );
#4231 = DIRECTION('',(-0.707106781187,-0.707106781187,
    -1.089776975375E-16));
#4232 = ADVANCED_FACE('',(#4233),#4244,.T.);
#4233 = FACE_BOUND('',#4234,.F.);
#4234 = EDGE_LOOP('',(#4235,#4236,#4237,#4238));
#4235 = ORIENTED_EDGE('',*,*,#1066,.T.);
#4236 = ORIENTED_EDGE('',*,*,#4205,.T.);
#4237 = ORIENTED_EDGE('',*,*,#2037,.F.);
#4238 = ORIENTED_EDGE('',*,*,#4239,.F.);
#4239 = EDGE_CURVE('',#1059,#2030,#4240,.T.);
#4240 = LINE('',#4241,#4242);
#4241 = CARTESIAN_POINT('',(71.223304703363,83.951226764721,13.));
#4242 = VECTOR('',#4243,1.);
#4243 = DIRECTION('',(-7.850462293419E-17,-7.850462293419E-17,-1.));
#4244 = PLANE('',#4245);
#4245 = AXIS2_PLACEMENT_3D('',#4246,#4247,#4248);
#4246 = CARTESIAN_POINT('',(71.223304703363,86.779653889467,13.));
#4247 = DIRECTION('',(1.,1.110223024625E-16,-7.850462293419E-17));
#4248 = DIRECTION('',(-1.110223024625E-16,1.,3.914953770658E-16));
#4249 = ADVANCED_FACE('',(#4250),#4261,.T.);
#4250 = FACE_BOUND('',#4251,.F.);
#4251 = EDGE_LOOP('',(#4252,#4253,#4259,#4260));
#4252 = ORIENTED_EDGE('',*,*,#1050,.T.);
#4253 = ORIENTED_EDGE('',*,*,#4254,.T.);
#4254 = EDGE_CURVE('',#1051,#2022,#4255,.T.);
#4255 = LINE('',#4256,#4257);
#4256 = CARTESIAN_POINT('',(76.880158952855,78.294372515228,13.));
#4257 = VECTOR('',#4258,1.);
#4258 = DIRECTION('',(-7.850462293419E-17,-7.850462293419E-17,-1.));
#4259 = ORIENTED_EDGE('',*,*,#2021,.F.);
#4260 = ORIENTED_EDGE('',*,*,#4220,.F.);
#4261 = PLANE('',#4262);
#4262 = AXIS2_PLACEMENT_3D('',#4263,#4264,#4265);
#4263 = CARTESIAN_POINT('',(76.880158952855,78.294372515228,13.));
#4264 = DIRECTION('',(-1.110223024625E-16,1.,-7.850462293419E-17));
#4265 = DIRECTION('',(-1.,-1.110223024625E-16,2.385046229342E-16));
#4266 = ADVANCED_FACE('',(#4267),#4273,.T.);
#4267 = FACE_BOUND('',#4268,.F.);
#4268 = EDGE_LOOP('',(#4269,#4270,#4271,#4272));
#4269 = ORIENTED_EDGE('',*,*,#1058,.T.);
#4270 = ORIENTED_EDGE('',*,*,#4239,.T.);
#4271 = ORIENTED_EDGE('',*,*,#2029,.F.);
#4272 = ORIENTED_EDGE('',*,*,#4254,.F.);
#4273 = PLANE('',#4274);
#4274 = AXIS2_PLACEMENT_3D('',#4275,#4276,#4277);
#4275 = CARTESIAN_POINT('',(71.223304703363,83.951226764721,13.));
#4276 = DIRECTION('',(0.707106781187,0.707106781187,-1.110223024625E-16)
  );
#4277 = DIRECTION('',(-0.707106781187,0.707106781187,4.4E-16));
#4278 = ADVANCED_FACE('',(#4279),#4295,.T.);
#4279 = FACE_BOUND('',#4280,.F.);
#4280 = EDGE_LOOP('',(#4281,#4282,#4288,#4289));
#4281 = ORIENTED_EDGE('',*,*,#1090,.T.);
#4282 = ORIENTED_EDGE('',*,*,#4283,.T.);
#4283 = EDGE_CURVE('',#1093,#2064,#4284,.T.);
#4284 = LINE('',#4285,#4286);
#4285 = CARTESIAN_POINT('',(71.223304703363,72.637518265736,13.));
#4286 = VECTOR('',#4287,1.);
#4287 = DIRECTION('',(-7.850462293419E-17,-7.850462293419E-17,-1.));
#4288 = ORIENTED_EDGE('',*,*,#2061,.F.);
#4289 = ORIENTED_EDGE('',*,*,#4290,.F.);
#4290 = EDGE_CURVE('',#1091,#2062,#4291,.T.);
#4291 = LINE('',#4292,#4293);
#4292 = CARTESIAN_POINT('',(65.566450453871,78.294372515228,13.));
#4293 = VECTOR('',#4294,1.);
#4294 = DIRECTION('',(-7.850462293419E-17,-7.850462293419E-17,-1.));
#4295 = PLANE('',#4296);
#4296 = AXIS2_PLACEMENT_3D('',#4297,#4298,#4299);
#4297 = CARTESIAN_POINT('',(71.223304703363,72.637518265736,13.));
#4298 = DIRECTION('',(-0.707106781187,-0.707106781187,1.110223024625E-16
    ));
#4299 = DIRECTION('',(0.707106781187,-0.707106781187,-4.4E-16));
#4300 = ADVANCED_FACE('',(#4301),#4312,.T.);
#4301 = FACE_BOUND('',#4302,.F.);
#4302 = EDGE_LOOP('',(#4303,#4304,#4305,#4306));
#4303 = ORIENTED_EDGE('',*,*,#1148,.T.);
#4304 = ORIENTED_EDGE('',*,*,#4290,.T.);
#4305 = ORIENTED_EDGE('',*,*,#2119,.F.);
#4306 = ORIENTED_EDGE('',*,*,#4307,.F.);
#4307 = EDGE_CURVE('',#1141,#2112,#4308,.T.);
#4308 = LINE('',#4309,#4310);
#4309 = CARTESIAN_POINT('',(62.738023329125,78.294372515228,13.));
#4310 = VECTOR('',#4311,1.);
#4311 = DIRECTION('',(-7.850462293419E-17,-7.850462293419E-17,-1.));
#4312 = PLANE('',#4313);
#4313 = AXIS2_PLACEMENT_3D('',#4314,#4315,#4316);
#4314 = CARTESIAN_POINT('',(65.566450453871,78.294372515228,13.));
#4315 = DIRECTION('',(1.110223024625E-16,-1.,7.850462293419E-17));
#4316 = DIRECTION('',(1.,1.110223024625E-16,-2.385046229342E-16));
#4317 = ADVANCED_FACE('',(#4318),#4329,.T.);
#4318 = FACE_BOUND('',#4319,.F.);
#4319 = EDGE_LOOP('',(#4320,#4321,#4327,#4328));
#4320 = ORIENTED_EDGE('',*,*,#1100,.T.);
#4321 = ORIENTED_EDGE('',*,*,#4322,.T.);
#4322 = EDGE_CURVE('',#1101,#2072,#4323,.T.);
#4323 = LINE('',#4324,#4325);
#4324 = CARTESIAN_POINT('',(71.223304703363,69.80909114099,13.));
#4325 = VECTOR('',#4326,1.);
#4326 = DIRECTION('',(-7.850462293419E-17,-7.850462293419E-17,-1.));
#4327 = ORIENTED_EDGE('',*,*,#2071,.F.);
#4328 = ORIENTED_EDGE('',*,*,#4283,.F.);
#4329 = PLANE('',#4330);
#4330 = AXIS2_PLACEMENT_3D('',#4331,#4332,#4333);
#4331 = CARTESIAN_POINT('',(71.223304703363,69.80909114099,13.));
#4332 = DIRECTION('',(-1.,-1.110223024625E-16,7.850462293419E-17));
#4333 = DIRECTION('',(1.110223024625E-16,-1.,-3.914953770658E-16));
#4334 = ADVANCED_FACE('',(#4335),#4346,.T.);
#4335 = FACE_BOUND('',#4336,.F.);
#4336 = EDGE_LOOP('',(#4337,#4338,#4339,#4340));
#4337 = ORIENTED_EDGE('',*,*,#1140,.T.);
#4338 = ORIENTED_EDGE('',*,*,#4307,.T.);
#4339 = ORIENTED_EDGE('',*,*,#2111,.F.);
#4340 = ORIENTED_EDGE('',*,*,#4341,.F.);
#4341 = EDGE_CURVE('',#1133,#2104,#4342,.T.);
#4342 = LINE('',#4343,#4344);
#4343 = CARTESIAN_POINT('',(44.353247018274,59.909596204378,13.));
#4344 = VECTOR('',#4345,1.);
#4345 = DIRECTION('',(-7.850462293419E-17,-7.850462293419E-17,-1.));
#4346 = PLANE('',#4347);
#4347 = AXIS2_PLACEMENT_3D('',#4348,#4349,#4350);
#4348 = CARTESIAN_POINT('',(62.738023329125,78.294372515228,13.));
#4349 = DIRECTION('',(0.707106781187,-0.707106781187,-2.442490654175E-32
    ));
#4350 = DIRECTION('',(0.707106781187,0.707106781187,1.089776975375E-16)
  );
#4351 = ADVANCED_FACE('',(#4352),#4363,.T.);
#4352 = FACE_BOUND('',#4353,.F.);
#4353 = EDGE_LOOP('',(#4354,#4355,#4361,#4362));
#4354 = ORIENTED_EDGE('',*,*,#1108,.T.);
#4355 = ORIENTED_EDGE('',*,*,#4356,.T.);
#4356 = EDGE_CURVE('',#1109,#2080,#4357,.T.);
#4357 = LINE('',#4358,#4359);
#4358 = CARTESIAN_POINT('',(52.838528392513,51.42431483014,13.));
#4359 = VECTOR('',#4360,1.);
#4360 = DIRECTION('',(-7.850462293419E-17,-7.850462293419E-17,-1.));
#4361 = ORIENTED_EDGE('',*,*,#2079,.F.);
#4362 = ORIENTED_EDGE('',*,*,#4322,.F.);
#4363 = PLANE('',#4364);
#4364 = AXIS2_PLACEMENT_3D('',#4365,#4366,#4367);
#4365 = CARTESIAN_POINT('',(52.838528392513,51.42431483014,13.));
#4366 = DIRECTION('',(-0.707106781187,0.707106781187,2.442490654175E-32)
  );
#4367 = DIRECTION('',(-0.707106781187,-0.707106781187,
    -1.089776975375E-16));
#4368 = ADVANCED_FACE('',(#4369),#4380,.T.);
#4369 = FACE_BOUND('',#4370,.F.);
#4370 = EDGE_LOOP('',(#4371,#4372,#4373,#4374));
#4371 = ORIENTED_EDGE('',*,*,#1132,.T.);
#4372 = ORIENTED_EDGE('',*,*,#4341,.T.);
#4373 = ORIENTED_EDGE('',*,*,#2103,.F.);
#4374 = ORIENTED_EDGE('',*,*,#4375,.F.);
#4375 = EDGE_CURVE('',#1125,#2096,#4376,.T.);
#4376 = LINE('',#4377,#4378);
#4377 = CARTESIAN_POINT('',(44.353247018274,57.081169079632,13.));
#4378 = VECTOR('',#4379,1.);
#4379 = DIRECTION('',(-7.850462293419E-17,-7.850462293419E-17,-1.));
#4380 = PLANE('',#4381);
#4381 = AXIS2_PLACEMENT_3D('',#4382,#4383,#4384);
#4382 = CARTESIAN_POINT('',(44.353247018274,59.909596204378,13.));
#4383 = DIRECTION('',(1.,1.110223024625E-16,-7.850462293419E-17));
#4384 = DIRECTION('',(-1.110223024625E-16,1.,3.914953770658E-16));
#4385 = ADVANCED_FACE('',(#4386),#4397,.T.);
#4386 = FACE_BOUND('',#4387,.F.);
#4387 = EDGE_LOOP('',(#4388,#4389,#4395,#4396));
#4388 = ORIENTED_EDGE('',*,*,#1116,.T.);
#4389 = ORIENTED_EDGE('',*,*,#4390,.T.);
#4390 = EDGE_CURVE('',#1117,#2088,#4391,.T.);
#4391 = LINE('',#4392,#4393);
#4392 = CARTESIAN_POINT('',(50.010101267767,51.42431483014,13.));
#4393 = VECTOR('',#4394,1.);
#4394 = DIRECTION('',(-7.850462293419E-17,-7.850462293419E-17,-1.));
#4395 = ORIENTED_EDGE('',*,*,#2087,.F.);
#4396 = ORIENTED_EDGE('',*,*,#4356,.F.);
#4397 = PLANE('',#4398);
#4398 = AXIS2_PLACEMENT_3D('',#4399,#4400,#4401);
#4399 = CARTESIAN_POINT('',(50.010101267767,51.42431483014,13.));
#4400 = DIRECTION('',(-1.110223024625E-16,1.,-7.850462293419E-17));
#4401 = DIRECTION('',(-1.,-1.110223024625E-16,2.385046229342E-16));
#4402 = ADVANCED_FACE('',(#4403),#4409,.T.);
#4403 = FACE_BOUND('',#4404,.F.);
#4404 = EDGE_LOOP('',(#4405,#4406,#4407,#4408));
#4405 = ORIENTED_EDGE('',*,*,#1124,.T.);
#4406 = ORIENTED_EDGE('',*,*,#4375,.T.);
#4407 = ORIENTED_EDGE('',*,*,#2095,.F.);
#4408 = ORIENTED_EDGE('',*,*,#4390,.F.);
#4409 = PLANE('',#4410);
#4410 = AXIS2_PLACEMENT_3D('',#4411,#4412,#4413);
#4411 = CARTESIAN_POINT('',(44.353247018274,57.081169079632,13.));
#4412 = DIRECTION('',(0.707106781187,0.707106781187,-1.110223024625E-16)
  );
#4413 = DIRECTION('',(-0.707106781187,0.707106781187,4.4E-16));
#4414 = ADVANCED_FACE('',(#4415),#4431,.T.);
#4415 = FACE_BOUND('',#4416,.F.);
#4416 = EDGE_LOOP('',(#4417,#4418,#4424,#4425));
#4417 = ORIENTED_EDGE('',*,*,#1156,.T.);
#4418 = ORIENTED_EDGE('',*,*,#4419,.T.);
#4419 = EDGE_CURVE('',#1159,#2130,#4420,.T.);
#4420 = LINE('',#4421,#4422);
#4421 = CARTESIAN_POINT('',(79.355032687008,113.72042225267,13.));
#4422 = VECTOR('',#4423,1.);
#4423 = DIRECTION('',(-7.850462293419E-17,-7.850462293419E-17,-1.));
#4424 = ORIENTED_EDGE('',*,*,#2127,.F.);
#4425 = ORIENTED_EDGE('',*,*,#4426,.F.);
#4426 = EDGE_CURVE('',#1157,#2128,#4427,.T.);
#4427 = LINE('',#4428,#4429);
#4428 = CARTESIAN_POINT('',(75.395234712364,109.76062427803,13.));
#4429 = VECTOR('',#4430,1.);
#4430 = DIRECTION('',(-7.850462293419E-17,-7.850462293419E-17,-1.));
#4431 = PLANE('',#4432);
#4432 = AXIS2_PLACEMENT_3D('',#4433,#4434,#4435);
#4433 = CARTESIAN_POINT('',(79.355032687008,113.72042225267,13.));
#4434 = DIRECTION('',(0.707106781187,-0.707106781187,-2.442490654175E-32
    ));
#4435 = DIRECTION('',(0.707106781187,0.707106781187,1.089776975375E-16)
  );
#4436 = ADVANCED_FACE('',(#4437),#4448,.T.);
#4437 = FACE_BOUND('',#4438,.F.);
#4438 = EDGE_LOOP('',(#4439,#4440,#4441,#4442));
#4439 = ORIENTED_EDGE('',*,*,#1182,.T.);
#4440 = ORIENTED_EDGE('',*,*,#4426,.T.);
#4441 = ORIENTED_EDGE('',*,*,#2153,.F.);
#4442 = ORIENTED_EDGE('',*,*,#4443,.F.);
#4443 = EDGE_CURVE('',#1175,#2146,#4444,.T.);
#4444 = LINE('',#4445,#4446);
#4445 = CARTESIAN_POINT('',(81.476353030568,103.67950595982,13.));
#4446 = VECTOR('',#4447,1.);
#4447 = DIRECTION('',(-7.850462293419E-17,-7.850462293419E-17,-1.));
#4448 = PLANE('',#4449);
#4449 = AXIS2_PLACEMENT_3D('',#4450,#4451,#4452);
#4450 = CARTESIAN_POINT('',(75.395234712364,109.76062427803,13.));
#4451 = DIRECTION('',(0.707106781187,0.707106781187,-1.110223024625E-16)
  );
#4452 = DIRECTION('',(-0.707106781187,0.707106781187,4.4E-16));
#4453 = ADVANCED_FACE('',(#4454),#4465,.T.);
#4454 = FACE_BOUND('',#4455,.F.);
#4455 = EDGE_LOOP('',(#4456,#4457,#4458,#4459));
#4456 = ORIENTED_EDGE('',*,*,#1174,.T.);
#4457 = ORIENTED_EDGE('',*,*,#4443,.T.);
#4458 = ORIENTED_EDGE('',*,*,#2145,.F.);
#4459 = ORIENTED_EDGE('',*,*,#4460,.F.);
#4460 = EDGE_CURVE('',#1167,#2138,#4461,.T.);
#4461 = LINE('',#4462,#4463);
#4462 = CARTESIAN_POINT('',(85.436151005213,107.63930393447,13.));
#4463 = VECTOR('',#4464,1.);
#4464 = DIRECTION('',(-7.850462293419E-17,-7.850462293419E-17,-1.));
#4465 = PLANE('',#4466);
#4466 = AXIS2_PLACEMENT_3D('',#4467,#4468,#4469);
#4467 = CARTESIAN_POINT('',(81.476353030568,103.67950595982,13.));
#4468 = DIRECTION('',(-0.707106781187,0.707106781187,2.442490654175E-32)
  );
#4469 = DIRECTION('',(-0.707106781187,-0.707106781187,
    -1.089776975375E-16));
#4470 = ADVANCED_FACE('',(#4471),#4477,.T.);
#4471 = FACE_BOUND('',#4472,.F.);
#4472 = EDGE_LOOP('',(#4473,#4474,#4475,#4476));
#4473 = ORIENTED_EDGE('',*,*,#1166,.T.);
#4474 = ORIENTED_EDGE('',*,*,#4460,.T.);
#4475 = ORIENTED_EDGE('',*,*,#2137,.F.);
#4476 = ORIENTED_EDGE('',*,*,#4419,.F.);
#4477 = PLANE('',#4478);
#4478 = AXIS2_PLACEMENT_3D('',#4479,#4480,#4481);
#4479 = CARTESIAN_POINT('',(85.436151005213,107.63930393447,13.));
#4480 = DIRECTION('',(-0.707106781187,-0.707106781187,1.110223024625E-16
    ));
#4481 = DIRECTION('',(0.707106781187,-0.707106781187,-4.4E-16));
#4482 = ADVANCED_FACE('',(#4483),#4499,.T.);
#4483 = FACE_BOUND('',#4484,.F.);
#4484 = EDGE_LOOP('',(#4485,#4486,#4492,#4493));
#4485 = ORIENTED_EDGE('',*,*,#1190,.T.);
#4486 = ORIENTED_EDGE('',*,*,#4487,.T.);
#4487 = EDGE_CURVE('',#1193,#2164,#4488,.T.);
#4488 = LINE('',#4489,#4490);
#4489 = CARTESIAN_POINT('',(70.86975131277,105.23514087843,13.));
#4490 = VECTOR('',#4491,1.);
#4491 = DIRECTION('',(-7.850462293419E-17,-7.850462293419E-17,-1.));
#4492 = ORIENTED_EDGE('',*,*,#2161,.F.);
#4493 = ORIENTED_EDGE('',*,*,#4494,.F.);
#4494 = EDGE_CURVE('',#1191,#2162,#4495,.T.);
#4495 = LINE('',#4496,#4497);
#4496 = CARTESIAN_POINT('',(66.909953338125,101.27534290379,13.));
#4497 = VECTOR('',#4498,1.);
#4498 = DIRECTION('',(-7.850462293419E-17,-7.850462293419E-17,-1.));
#4499 = PLANE('',#4500);
#4500 = AXIS2_PLACEMENT_3D('',#4501,#4502,#4503);
#4501 = CARTESIAN_POINT('',(70.86975131277,105.23514087843,13.));
#4502 = DIRECTION('',(0.707106781187,-0.707106781187,-2.442490654175E-32
    ));
#4503 = DIRECTION('',(0.707106781187,0.707106781187,1.089776975375E-16)
  );
#4504 = ADVANCED_FACE('',(#4505),#4516,.T.);
#4505 = FACE_BOUND('',#4506,.F.);
#4506 = EDGE_LOOP('',(#4507,#4508,#4509,#4510));
#4507 = ORIENTED_EDGE('',*,*,#1216,.T.);
#4508 = ORIENTED_EDGE('',*,*,#4494,.T.);
#4509 = ORIENTED_EDGE('',*,*,#2187,.F.);
#4510 = ORIENTED_EDGE('',*,*,#4511,.F.);
#4511 = EDGE_CURVE('',#1209,#2180,#4512,.T.);
#4512 = LINE('',#4513,#4514);
#4513 = CARTESIAN_POINT('',(72.991071656329,95.194224585587,13.));
#4514 = VECTOR('',#4515,1.);
#4515 = DIRECTION('',(-7.850462293419E-17,-7.850462293419E-17,-1.));
#4516 = PLANE('',#4517);
#4517 = AXIS2_PLACEMENT_3D('',#4518,#4519,#4520);
#4518 = CARTESIAN_POINT('',(66.909953338125,101.27534290379,13.));
#4519 = DIRECTION('',(0.707106781187,0.707106781187,-1.110223024625E-16)
  );
#4520 = DIRECTION('',(-0.707106781187,0.707106781187,4.4E-16));
#4521 = ADVANCED_FACE('',(#4522),#4533,.T.);
#4522 = FACE_BOUND('',#4523,.F.);
#4523 = EDGE_LOOP('',(#4524,#4525,#4526,#4527));
#4524 = ORIENTED_EDGE('',*,*,#1208,.T.);
#4525 = ORIENTED_EDGE('',*,*,#4511,.T.);
#4526 = ORIENTED_EDGE('',*,*,#2179,.F.);
#4527 = ORIENTED_EDGE('',*,*,#4528,.F.);
#4528 = EDGE_CURVE('',#1201,#2172,#4529,.T.);
#4529 = LINE('',#4530,#4531);
#4530 = CARTESIAN_POINT('',(76.950869630974,99.154022560232,13.));
#4531 = VECTOR('',#4532,1.);
#4532 = DIRECTION('',(-7.850462293419E-17,-7.850462293419E-17,-1.));
#4533 = PLANE('',#4534);
#4534 = AXIS2_PLACEMENT_3D('',#4535,#4536,#4537);
#4535 = CARTESIAN_POINT('',(72.991071656329,95.194224585587,13.));
#4536 = DIRECTION('',(-0.707106781187,0.707106781187,2.442490654175E-32)
  );
#4537 = DIRECTION('',(-0.707106781187,-0.707106781187,
    -1.089776975375E-16));
#4538 = ADVANCED_FACE('',(#4539),#4545,.T.);
#4539 = FACE_BOUND('',#4540,.F.);
#4540 = EDGE_LOOP('',(#4541,#4542,#4543,#4544));
#4541 = ORIENTED_EDGE('',*,*,#1200,.T.);
#4542 = ORIENTED_EDGE('',*,*,#4528,.T.);
#4543 = ORIENTED_EDGE('',*,*,#2171,.F.);
#4544 = ORIENTED_EDGE('',*,*,#4487,.F.);
#4545 = PLANE('',#4546);
#4546 = AXIS2_PLACEMENT_3D('',#4547,#4548,#4549);
#4547 = CARTESIAN_POINT('',(76.950869630974,99.154022560232,13.));
#4548 = DIRECTION('',(-0.707106781187,-0.707106781187,1.110223024625E-16
    ));
#4549 = DIRECTION('',(0.707106781187,-0.707106781187,-4.4E-16));
#4550 = ADVANCED_FACE('',(#4551),#4567,.T.);
#4551 = FACE_BOUND('',#4552,.F.);
#4552 = EDGE_LOOP('',(#4553,#4554,#4560,#4561));
#4553 = ORIENTED_EDGE('',*,*,#1224,.T.);
#4554 = ORIENTED_EDGE('',*,*,#4555,.T.);
#4555 = EDGE_CURVE('',#1227,#2198,#4556,.T.);
#4556 = LINE('',#4557,#4558);
#4557 = CARTESIAN_POINT('',(62.384469938531,96.749859504197,13.));
#4558 = VECTOR('',#4559,1.);
#4559 = DIRECTION('',(-7.850462293419E-17,-7.850462293419E-17,-1.));
#4560 = ORIENTED_EDGE('',*,*,#2195,.F.);
#4561 = ORIENTED_EDGE('',*,*,#4562,.F.);
#4562 = EDGE_CURVE('',#1225,#2196,#4563,.T.);
#4563 = LINE('',#4564,#4565);
#4564 = CARTESIAN_POINT('',(58.424671963887,92.790061529553,13.));
#4565 = VECTOR('',#4566,1.);
#4566 = DIRECTION('',(-7.850462293419E-17,-7.850462293419E-17,-1.));
#4567 = PLANE('',#4568);
#4568 = AXIS2_PLACEMENT_3D('',#4569,#4570,#4571);
#4569 = CARTESIAN_POINT('',(62.384469938531,96.749859504197,13.));
#4570 = DIRECTION('',(0.707106781187,-0.707106781187,-2.442490654175E-32
    ));
#4571 = DIRECTION('',(0.707106781187,0.707106781187,1.089776975375E-16)
  );
#4572 = ADVANCED_FACE('',(#4573),#4584,.T.);
#4573 = FACE_BOUND('',#4574,.F.);
#4574 = EDGE_LOOP('',(#4575,#4576,#4577,#4578));
#4575 = ORIENTED_EDGE('',*,*,#1250,.T.);
#4576 = ORIENTED_EDGE('',*,*,#4562,.T.);
#4577 = ORIENTED_EDGE('',*,*,#2221,.F.);
#4578 = ORIENTED_EDGE('',*,*,#4579,.F.);
#4579 = EDGE_CURVE('',#1243,#2214,#4580,.T.);
#4580 = LINE('',#4581,#4582);
#4581 = CARTESIAN_POINT('',(64.505790282091,86.708943211348,13.));
#4582 = VECTOR('',#4583,1.);
#4583 = DIRECTION('',(-7.850462293419E-17,-7.850462293419E-17,-1.));
#4584 = PLANE('',#4585);
#4585 = AXIS2_PLACEMENT_3D('',#4586,#4587,#4588);
#4586 = CARTESIAN_POINT('',(58.424671963887,92.790061529553,13.));
#4587 = DIRECTION('',(0.707106781187,0.707106781187,-1.110223024625E-16)
  );
#4588 = DIRECTION('',(-0.707106781187,0.707106781187,4.4E-16));
#4589 = ADVANCED_FACE('',(#4590),#4601,.T.);
#4590 = FACE_BOUND('',#4591,.F.);
#4591 = EDGE_LOOP('',(#4592,#4593,#4594,#4595));
#4592 = ORIENTED_EDGE('',*,*,#1242,.T.);
#4593 = ORIENTED_EDGE('',*,*,#4579,.T.);
#4594 = ORIENTED_EDGE('',*,*,#2213,.F.);
#4595 = ORIENTED_EDGE('',*,*,#4596,.F.);
#4596 = EDGE_CURVE('',#1235,#2206,#4597,.T.);
#4597 = LINE('',#4598,#4599);
#4598 = CARTESIAN_POINT('',(68.465588256736,90.668741185993,13.));
#4599 = VECTOR('',#4600,1.);
#4600 = DIRECTION('',(-7.850462293419E-17,-7.850462293419E-17,-1.));
#4601 = PLANE('',#4602);
#4602 = AXIS2_PLACEMENT_3D('',#4603,#4604,#4605);
#4603 = CARTESIAN_POINT('',(64.505790282091,86.708943211348,13.));
#4604 = DIRECTION('',(-0.707106781187,0.707106781187,2.442490654175E-32)
  );
#4605 = DIRECTION('',(-0.707106781187,-0.707106781187,
    -1.089776975375E-16));
#4606 = ADVANCED_FACE('',(#4607),#4613,.T.);
#4607 = FACE_BOUND('',#4608,.F.);
#4608 = EDGE_LOOP('',(#4609,#4610,#4611,#4612));
#4609 = ORIENTED_EDGE('',*,*,#1234,.T.);
#4610 = ORIENTED_EDGE('',*,*,#4596,.T.);
#4611 = ORIENTED_EDGE('',*,*,#2205,.F.);
#4612 = ORIENTED_EDGE('',*,*,#4555,.F.);
#4613 = PLANE('',#4614);
#4614 = AXIS2_PLACEMENT_3D('',#4615,#4616,#4617);
#4615 = CARTESIAN_POINT('',(68.465588256736,90.668741185993,13.));
#4616 = DIRECTION('',(-0.707106781187,-0.707106781187,1.110223024625E-16
    ));
#4617 = DIRECTION('',(0.707106781187,-0.707106781187,-4.4E-16));
#4618 = ADVANCED_FACE('',(#4619),#4635,.T.);
#4619 = FACE_BOUND('',#4620,.F.);
#4620 = EDGE_LOOP('',(#4621,#4622,#4628,#4629));
#4621 = ORIENTED_EDGE('',*,*,#1258,.T.);
#4622 = ORIENTED_EDGE('',*,*,#4623,.T.);
#4623 = EDGE_CURVE('',#1261,#2232,#4624,.T.);
#4624 = LINE('',#4625,#4626);
#4625 = CARTESIAN_POINT('',(53.899188564293,88.264578129959,13.));
#4626 = VECTOR('',#4627,1.);
#4627 = DIRECTION('',(-7.850462293419E-17,-7.850462293419E-17,-1.));
#4628 = ORIENTED_EDGE('',*,*,#2229,.F.);
#4629 = ORIENTED_EDGE('',*,*,#4630,.F.);
#4630 = EDGE_CURVE('',#1259,#2230,#4631,.T.);
#4631 = LINE('',#4632,#4633);
#4632 = CARTESIAN_POINT('',(49.939390589648,84.304780155314,13.));
#4633 = VECTOR('',#4634,1.);
#4634 = DIRECTION('',(-7.850462293419E-17,-7.850462293419E-17,-1.));
#4635 = PLANE('',#4636);
#4636 = AXIS2_PLACEMENT_3D('',#4637,#4638,#4639);
#4637 = CARTESIAN_POINT('',(53.899188564293,88.264578129959,13.));
#4638 = DIRECTION('',(0.707106781187,-0.707106781187,-2.442490654175E-32
    ));
#4639 = DIRECTION('',(0.707106781187,0.707106781187,1.089776975375E-16)
  );
#4640 = ADVANCED_FACE('',(#4641),#4652,.T.);
#4641 = FACE_BOUND('',#4642,.F.);
#4642 = EDGE_LOOP('',(#4643,#4644,#4645,#4646));
#4643 = ORIENTED_EDGE('',*,*,#1284,.T.);
#4644 = ORIENTED_EDGE('',*,*,#4630,.T.);
#4645 = ORIENTED_EDGE('',*,*,#2255,.F.);
#4646 = ORIENTED_EDGE('',*,*,#4647,.F.);
#4647 = EDGE_CURVE('',#1277,#2248,#4648,.T.);
#4648 = LINE('',#4649,#4650);
#4649 = CARTESIAN_POINT('',(56.020508907852,78.22366183711,13.));
#4650 = VECTOR('',#4651,1.);
#4651 = DIRECTION('',(-7.850462293419E-17,-7.850462293419E-17,-1.));
#4652 = PLANE('',#4653);
#4653 = AXIS2_PLACEMENT_3D('',#4654,#4655,#4656);
#4654 = CARTESIAN_POINT('',(49.939390589648,84.304780155314,13.));
#4655 = DIRECTION('',(0.707106781187,0.707106781187,-1.110223024625E-16)
  );
#4656 = DIRECTION('',(-0.707106781187,0.707106781187,4.4E-16));
#4657 = ADVANCED_FACE('',(#4658),#4669,.T.);
#4658 = FACE_BOUND('',#4659,.F.);
#4659 = EDGE_LOOP('',(#4660,#4661,#4662,#4663));
#4660 = ORIENTED_EDGE('',*,*,#1276,.T.);
#4661 = ORIENTED_EDGE('',*,*,#4647,.T.);
#4662 = ORIENTED_EDGE('',*,*,#2247,.F.);
#4663 = ORIENTED_EDGE('',*,*,#4664,.F.);
#4664 = EDGE_CURVE('',#1269,#2240,#4665,.T.);
#4665 = LINE('',#4666,#4667);
#4666 = CARTESIAN_POINT('',(59.980306882497,82.183459811754,13.));
#4667 = VECTOR('',#4668,1.);
#4668 = DIRECTION('',(-7.850462293419E-17,-7.850462293419E-17,-1.));
#4669 = PLANE('',#4670);
#4670 = AXIS2_PLACEMENT_3D('',#4671,#4672,#4673);
#4671 = CARTESIAN_POINT('',(56.020508907852,78.22366183711,13.));
#4672 = DIRECTION('',(-0.707106781187,0.707106781187,2.442490654175E-32)
  );
#4673 = DIRECTION('',(-0.707106781187,-0.707106781187,
    -1.089776975375E-16));
#4674 = ADVANCED_FACE('',(#4675),#4681,.T.);
#4675 = FACE_BOUND('',#4676,.F.);
#4676 = EDGE_LOOP('',(#4677,#4678,#4679,#4680));
#4677 = ORIENTED_EDGE('',*,*,#1268,.T.);
#4678 = ORIENTED_EDGE('',*,*,#4664,.T.);
#4679 = ORIENTED_EDGE('',*,*,#2239,.F.);
#4680 = ORIENTED_EDGE('',*,*,#4623,.F.);
#4681 = PLANE('',#4682);
#4682 = AXIS2_PLACEMENT_3D('',#4683,#4684,#4685);
#4683 = CARTESIAN_POINT('',(59.980306882497,82.183459811754,13.));
#4684 = DIRECTION('',(-0.707106781187,-0.707106781187,1.110223024625E-16
    ));
#4685 = DIRECTION('',(0.707106781187,-0.707106781187,-4.4E-16));
#4686 = ADVANCED_FACE('',(#4687),#4698,.T.);
#4687 = FACE_BOUND('',#4688,.F.);
#4688 = EDGE_LOOP('',(#4689,#4690,#4691,#4692));
#4689 = ORIENTED_EDGE('',*,*,#2923,.T.);
#4690 = ORIENTED_EDGE('',*,*,#1370,.T.);
#4691 = ORIENTED_EDGE('',*,*,#2835,.T.);
#4692 = ORIENTED_EDGE('',*,*,#4693,.T.);
#4693 = EDGE_CURVE('',#2836,#2916,#4694,.T.);
#4694 = LINE('',#4695,#4696);
#4695 = CARTESIAN_POINT('',(140.51976925964,218.30151519016,3.));
#4696 = VECTOR('',#4697,1.);
#4697 = DIRECTION('',(0.707106781187,-0.707106781187,-0.));
#4698 = PLANE('',#4699);
#4699 = AXIS2_PLACEMENT_3D('',#4700,#4701,#4702);
#4700 = CARTESIAN_POINT('',(150.41926419625,208.40202025355,1.5));
#4701 = DIRECTION('',(-0.707106781187,-0.707106781187,1.110223024625E-16
    ));
#4702 = DIRECTION('',(7.850462293419E-17,7.850462293419E-17,1.));
#4703 = ADVANCED_FACE('',(#4704),#4711,.F.);
#4704 = FACE_BOUND('',#4705,.T.);
#4705 = EDGE_LOOP('',(#4706,#4707,#4708,#4709,#4710));
#4706 = ORIENTED_EDGE('',*,*,#2867,.F.);
#4707 = ORIENTED_EDGE('',*,*,#2843,.T.);
#4708 = ORIENTED_EDGE('',*,*,#4693,.T.);
#4709 = ORIENTED_EDGE('',*,*,#2915,.F.);
#4710 = ORIENTED_EDGE('',*,*,#2891,.F.);
#4711 = PLANE('',#4712);
#4712 = AXIS2_PLACEMENT_3D('',#4713,#4714,#4715);
#4713 = CARTESIAN_POINT('',(151.83347775862,229.61522368915,3.));
#4714 = DIRECTION('',(-7.850462293419E-17,-7.850462293419E-17,-1.));
#4715 = DIRECTION('',(-0.707106781187,0.707106781187,0.));
#4716 = ( GEOMETRIC_REPRESENTATION_CONTEXT(3) 
GLOBAL_UNCERTAINTY_ASSIGNED_CONTEXT((#4720)) 
GLOBAL_UNIT_ASSIGNED_CONTEXT((#4717,#4718,#4719)) REPRESENTATION_CONTEXT
('Context #1','3D Context with UNIT and UNCERTAINTY') );
#4717 = ( LENGTH_UNIT() NAMED_UNIT(*) SI_UNIT(.MILLI.,.METRE.) );
#4718 = ( NAMED_UNIT(*) PLANE_ANGLE_UNIT() SI_UNIT($,.RADIAN.) );
#4719 = ( NAMED_UNIT(*) SI_UNIT($,.STERADIAN.) SOLID_ANGLE_UNIT() );
#4720 = UNCERTAINTY_MEASURE_WITH_UNIT(LENGTH_MEASURE(1.E-04),#4717,
  'distance_accuracy_value','confusion accuracy');
#4721 = PRODUCT_RELATED_PRODUCT_CATEGORY('part',$,(#7));
ENDSEC;
END-ISO-10303-21;
