ISO-10303-21;
HEADER;
FILE_DESCRIPTION(('Open CASCADE Model'),'2;1');
FILE_NAME('Open CASCADE Shape Model','2026-09-18T07:07:07',('Author'),(
    'Open CASCADE'),'Open CASCADE STEP processor 7.9','Open CASCADE 7.9'
  ,'Unknown');
FILE_SCHEMA(('AUTOMOTIVE_DESIGN { 1 0 10303 214 1 1 1 1 }'));
ENDSEC;
DATA;
#1 = APPLICATION_PROTOCOL_DEFINITION('international standard',
  'automotive_design',2000,#2);
#2 = APPLICATION_CONTEXT(
  'core data for automotive mechanical design processes');
#3 = SHAPE_DEFINITION_REPRESENTATION(#4,#10);
#4 = PRODUCT_DEFINITION_SHAPE('','',#5);
#5 = PRODUCT_DEFINITION('design','',#6,#9);
#6 = PRODUCT_DEFINITION_FORMATION('','',#7);
#7 = PRODUCT('Open CASCADE STEP translator 7.9 1',
  'Open CASCADE STEP translator 7.9 1','',(#8));
#8 = PRODUCT_CONTEXT('',#2,'mechanical');
#9 = PRODUCT_DEFINITION_CONTEXT('part definition',#2,'design');
#10 = ADVANCED_BREP_SHAPE_REPRESENTATION('',(#11,#15),#2283);
#11 = AXIS2_PLACEMENT_3D('',#12,#13,#14);
#12 = CARTESIAN_POINT('',(0.,0.,0.));
#13 = DIRECTION('',(0.,0.,1.));
#14 = DIRECTION('',(1.,0.,-0.));
#15 = MANIFOLD_SOLID_BREP('',#16);
#16 = CLOSED_SHELL('',(#17,#670,#834,#883,#930,#979,#1028,#1075,#1122,
    #1171,#1220,#1267,#1351,#1400,#1478,#1525,#1604,#1653,#1731,#1780,
    #1853,#1879,#1948,#1997,#2024,#2052,#2107,#2162,#2217,#2244,#2271,
    #2275,#2279));
#17 = ADVANCED_FACE('',(#18,#584),#32,.F.);
#18 = FACE_BOUND('',#19,.F.);
#19 = EDGE_LOOP('',(#20,#55,#83,#111,#139,#167,#195,#223,#251,#279,#307,
    #335,#363,#391,#419,#447,#475,#503,#531,#559));
#20 = ORIENTED_EDGE('',*,*,#21,.F.);
#21 = EDGE_CURVE('',#22,#24,#26,.T.);
#22 = VERTEX_POINT('',#23);
#23 = CARTESIAN_POINT('',(0.,111.01636013767,-7.));
#24 = VERTEX_POINT('',#25);
#25 = CARTESIAN_POINT('',(0.,-31.00573806472,-7.));
#26 = SURFACE_CURVE('',#27,(#31,#43),.PCURVE_S1.);
#27 = LINE('',#28,#29);
#28 = CARTESIAN_POINT('',(0.,111.01636013767,-7.));
#29 = VECTOR('',#30,1.);
#30 = DIRECTION('',(0.,-1.,0.));
#31 = PCURVE('',#32,#37);
#32 = PLANE('',#33);
#33 = AXIS2_PLACEMENT_3D('',#34,#35,#36);
#34 = CARTESIAN_POINT('',(0.,42.505311036475,-4.));
#35 = DIRECTION('',(1.,0.,0.));
#36 = DIRECTION('',(-0.,0.,1.));
#37 = DEFINITIONAL_REPRESENTATION('',(#38),#42);
#38 = LINE('',#39,#40);
#39 = CARTESIAN_POINT('',(-3.,-68.51104910119));
#40 = VECTOR('',#41,1.);
#41 = DIRECTION('',(0.,1.));
#42 = ( GEOMETRIC_REPRESENTATION_CONTEXT(2) 
PARAMETRIC_REPRESENTATION_CONTEXT() REPRESENTATION_CONTEXT('2D SPACE',''
  ) );
#43 = PCURVE('',#44,#49);
#44 = PLANE('',#45);
#45 = AXIS2_PLACEMENT_3D('',#46,#47,#48);
#46 = CARTESIAN_POINT('',(-1.,-31.00573806472,-7.));
#47 = DIRECTION('',(0.,0.,1.));
#48 = DIRECTION('',(0.,1.,0.));
#49 = DEFINITIONAL_REPRESENTATION('',(#50),#54);
#50 = LINE('',#51,#52);
#51 = CARTESIAN_POINT('',(142.02209820239,-1.));
#52 = VECTOR('',#53,1.);
#53 = DIRECTION('',(-1.,0.));
#54 = ( GEOMETRIC_REPRESENTATION_CONTEXT(2) 
PARAMETRIC_REPRESENTATION_CONTEXT() REPRESENTATION_CONTEXT('2D SPACE',''
  ) );
#55 = ORIENTED_EDGE('',*,*,#56,.T.);
#56 = EDGE_CURVE('',#22,#57,#59,.T.);
#57 = VERTEX_POINT('',#58);
#58 = CARTESIAN_POINT('',(0.,111.01636013767,-1.));
#59 = SURFACE_CURVE('',#60,(#64,#71),.PCURVE_S1.);
#60 = LINE('',#61,#62);
#61 = CARTESIAN_POINT('',(0.,111.01636013767,-7.));
#62 = VECTOR('',#63,1.);
#63 = DIRECTION('',(0.,0.,1.));
#64 = PCURVE('',#32,#65);
#65 = DEFINITIONAL_REPRESENTATION('',(#66),#70);
#66 = LINE('',#67,#68);
#67 = CARTESIAN_POINT('',(-3.,-68.51104910119));
#68 = VECTOR('',#69,1.);
#69 = DIRECTION('',(1.,0.));
#70 = ( GEOMETRIC_REPRESENTATION_CONTEXT(2) 
PARAMETRIC_REPRESENTATION_CONTEXT() REPRESENTATION_CONTEXT('2D SPACE',''
  ) );
#71 = PCURVE('',#72,#77);
#72 = PLANE('',#73);
#73 = AXIS2_PLACEMENT_3D('',#74,#75,#76);
#74 = CARTESIAN_POINT('',(0.,111.01636013767,-7.));
#75 = DIRECTION('',(0.,-1.,0.));
#76 = DIRECTION('',(0.,0.,1.));
#77 = DEFINITIONAL_REPRESENTATION('',(#78),#82);
#78 = LINE('',#79,#80);
#79 = CARTESIAN_POINT('',(0.,0.));
#80 = VECTOR('',#81,1.);
#81 = DIRECTION('',(1.,0.));
#82 = ( GEOMETRIC_REPRESENTATION_CONTEXT(2) 
PARAMETRIC_REPRESENTATION_CONTEXT() REPRESENTATION_CONTEXT('2D SPACE',''
  ) );
#83 = ORIENTED_EDGE('',*,*,#84,.F.);
#84 = EDGE_CURVE('',#85,#57,#87,.T.);
#85 = VERTEX_POINT('',#86);
#86 = CARTESIAN_POINT('',(0.,33.547712065626,133.1342674053));
#87 = SURFACE_CURVE('',#88,(#92,#99),.PCURVE_S1.);
#88 = LINE('',#89,#90);
#89 = CARTESIAN_POINT('',(0.,33.047712065626,134.));
#90 = VECTOR('',#91,1.);
#91 = DIRECTION('',(0.,0.500126816853,-0.865952173659));
#92 = PCURVE('',#32,#93);
#93 = DEFINITIONAL_REPRESENTATION('',(#94),#98);
#94 = LINE('',#95,#96);
#95 = CARTESIAN_POINT('',(138.,9.457598970849));
#96 = VECTOR('',#97,1.);
#97 = DIRECTION('',(-0.865952173659,-0.500126816853));
#98 = ( GEOMETRIC_REPRESENTATION_CONTEXT(2) 
PARAMETRIC_REPRESENTATION_CONTEXT() REPRESENTATION_CONTEXT('2D SPACE',''
  ) );
#99 = PCURVE('',#100,#105);
#100 = PLANE('',#101);
#101 = AXIS2_PLACEMENT_3D('',#102,#103,#104);
#102 = CARTESIAN_POINT('',(0.,33.047712065626,134.));
#103 = DIRECTION('',(-0.,0.865952173659,0.500126816853));
#104 = DIRECTION('',(0.,0.500126816853,-0.865952173659));
#105 = DEFINITIONAL_REPRESENTATION('',(#106),#110);
#106 = LINE('',#107,#108);
#107 = CARTESIAN_POINT('',(0.,0.));
#108 = VECTOR('',#109,1.);
#109 = DIRECTION('',(1.,0.));
#110 = ( GEOMETRIC_REPRESENTATION_CONTEXT(2) 
PARAMETRIC_REPRESENTATION_CONTEXT() REPRESENTATION_CONTEXT('2D SPACE',''
  ) );
#111 = ORIENTED_EDGE('',*,*,#112,.T.);
#112 = EDGE_CURVE('',#85,#113,#115,.T.);
#113 = VERTEX_POINT('',#114);
#114 = CARTESIAN_POINT('',(0.,33.547712065626,145.91354629951));
#115 = SURFACE_CURVE('',#116,(#120,#127),.PCURVE_S1.);
#116 = LINE('',#117,#118);
#117 = CARTESIAN_POINT('',(0.,33.547712065626,131.));
#118 = VECTOR('',#119,1.);
#119 = DIRECTION('',(0.,0.,1.));
#120 = PCURVE('',#32,#121);
#121 = DEFINITIONAL_REPRESENTATION('',(#122),#126);
#122 = LINE('',#123,#124);
#123 = CARTESIAN_POINT('',(135.,8.957598970849));
#124 = VECTOR('',#125,1.);
#125 = DIRECTION('',(1.,0.));
#126 = ( GEOMETRIC_REPRESENTATION_CONTEXT(2) 
PARAMETRIC_REPRESENTATION_CONTEXT() REPRESENTATION_CONTEXT('2D SPACE',''
  ) );
#127 = PCURVE('',#128,#133);
#128 = PLANE('',#129);
#129 = AXIS2_PLACEMENT_3D('',#130,#131,#132);
#130 = CARTESIAN_POINT('',(0.,33.547712065626,131.));
#131 = DIRECTION('',(0.,-1.,0.));
#132 = DIRECTION('',(0.,0.,1.));
#133 = DEFINITIONAL_REPRESENTATION('',(#134),#138);
#134 = LINE('',#135,#136);
#135 = CARTESIAN_POINT('',(0.,0.));
#136 = VECTOR('',#137,1.);
#137 = DIRECTION('',(1.,0.));
#138 = ( GEOMETRIC_REPRESENTATION_CONTEXT(2) 
PARAMETRIC_REPRESENTATION_CONTEXT() REPRESENTATION_CONTEXT('2D SPACE',''
  ) );
#139 = ORIENTED_EDGE('',*,*,#140,.T.);
#140 = EDGE_CURVE('',#113,#141,#143,.T.);
#141 = VERTEX_POINT('',#142);
#142 = CARTESIAN_POINT('',(0.,30.547712065626,145.91354629951));
#143 = SURFACE_CURVE('',#144,(#148,#155),.PCURVE_S1.);
#144 = LINE('',#145,#146);
#145 = CARTESIAN_POINT('',(0.,33.547712065626,145.91354629951));
#146 = VECTOR('',#147,1.);
#147 = DIRECTION('',(0.,-1.,0.));
#148 = PCURVE('',#32,#149);
#149 = DEFINITIONAL_REPRESENTATION('',(#150),#154);
#150 = LINE('',#151,#152);
#151 = CARTESIAN_POINT('',(149.91354629951,8.957598970849));
#152 = VECTOR('',#153,1.);
#153 = DIRECTION('',(0.,1.));
#154 = ( GEOMETRIC_REPRESENTATION_CONTEXT(2) 
PARAMETRIC_REPRESENTATION_CONTEXT() REPRESENTATION_CONTEXT('2D SPACE',''
  ) );
#155 = PCURVE('',#156,#161);
#156 = PLANE('',#157);
#157 = AXIS2_PLACEMENT_3D('',#158,#159,#160);
#158 = CARTESIAN_POINT('',(0.,33.547712065626,145.91354629951));
#159 = DIRECTION('',(0.,0.,-1.));
#160 = DIRECTION('',(0.,-1.,0.));
#161 = DEFINITIONAL_REPRESENTATION('',(#162),#166);
#162 = LINE('',#163,#164);
#163 = CARTESIAN_POINT('',(0.,-0.));
#164 = VECTOR('',#165,1.);
#165 = DIRECTION('',(1.,0.));
#166 = ( GEOMETRIC_REPRESENTATION_CONTEXT(2) 
PARAMETRIC_REPRESENTATION_CONTEXT() REPRESENTATION_CONTEXT('2D SPACE',''
  ) );
#167 = ORIENTED_EDGE('',*,*,#168,.T.);
#168 = EDGE_CURVE('',#141,#169,#171,.T.);
#169 = VERTEX_POINT('',#170);
#170 = CARTESIAN_POINT('',(0.,30.547712065626,131.91666666666));
#171 = SURFACE_CURVE('',#172,(#176,#183),.PCURVE_S1.);
#172 = LINE('',#173,#174);
#173 = CARTESIAN_POINT('',(0.,30.547712065626,145.91354629951));
#174 = VECTOR('',#175,1.);
#175 = DIRECTION('',(0.,0.,-1.));
#176 = PCURVE('',#32,#177);
#177 = DEFINITIONAL_REPRESENTATION('',(#178),#182);
#178 = LINE('',#179,#180);
#179 = CARTESIAN_POINT('',(149.91354629951,11.957598970849));
#180 = VECTOR('',#181,1.);
#181 = DIRECTION('',(-1.,0.));
#182 = ( GEOMETRIC_REPRESENTATION_CONTEXT(2) 
PARAMETRIC_REPRESENTATION_CONTEXT() REPRESENTATION_CONTEXT('2D SPACE',''
  ) );
#183 = PCURVE('',#184,#189);
#184 = PLANE('',#185);
#185 = AXIS2_PLACEMENT_3D('',#186,#187,#188);
#186 = CARTESIAN_POINT('',(0.,30.547712065626,145.91354629951));
#187 = DIRECTION('',(-0.,1.,0.));
#188 = DIRECTION('',(0.,0.,-1.));
#189 = DEFINITIONAL_REPRESENTATION('',(#190),#194);
#190 = LINE('',#191,#192);
#191 = CARTESIAN_POINT('',(0.,0.));
#192 = VECTOR('',#193,1.);
#193 = DIRECTION('',(1.,0.));
#194 = ( GEOMETRIC_REPRESENTATION_CONTEXT(2) 
PARAMETRIC_REPRESENTATION_CONTEXT() REPRESENTATION_CONTEXT('2D SPACE',''
  ) );
#195 = ORIENTED_EDGE('',*,*,#196,.F.);
#196 = EDGE_CURVE('',#197,#169,#199,.T.);
#197 = VERTEX_POINT('',#198);
#198 = CARTESIAN_POINT('',(0.,29.085858097366,130.69845502645));
#199 = SURFACE_CURVE('',#200,(#204,#211),.PCURVE_S1.);
#200 = LINE('',#201,#202);
#201 = CARTESIAN_POINT('',(0.,27.047712065626,129.));
#202 = VECTOR('',#203,1.);
#203 = DIRECTION('',(0.,0.768221279597,0.640184399664));
#204 = PCURVE('',#32,#205);
#205 = DEFINITIONAL_REPRESENTATION('',(#206),#210);
#206 = LINE('',#207,#208);
#207 = CARTESIAN_POINT('',(133.,15.457598970849));
#208 = VECTOR('',#209,1.);
#209 = DIRECTION('',(0.640184399664,-0.768221279597));
#210 = ( GEOMETRIC_REPRESENTATION_CONTEXT(2) 
PARAMETRIC_REPRESENTATION_CONTEXT() REPRESENTATION_CONTEXT('2D SPACE',''
  ) );
#211 = PCURVE('',#212,#217);
#212 = PLANE('',#213);
#213 = AXIS2_PLACEMENT_3D('',#214,#215,#216);
#214 = CARTESIAN_POINT('',(0.,27.047712065626,129.));
#215 = DIRECTION('',(0.,-0.640184399664,0.768221279597));
#216 = DIRECTION('',(0.,0.768221279597,0.640184399664));
#217 = DEFINITIONAL_REPRESENTATION('',(#218),#222);
#218 = LINE('',#219,#220);
#219 = CARTESIAN_POINT('',(0.,0.));
#220 = VECTOR('',#221,1.);
#221 = DIRECTION('',(1.,0.));
#222 = ( GEOMETRIC_REPRESENTATION_CONTEXT(2) 
PARAMETRIC_REPRESENTATION_CONTEXT() REPRESENTATION_CONTEXT('2D SPACE',''
  ) );
#223 = ORIENTED_EDGE('',*,*,#224,.T.);
#224 = EDGE_CURVE('',#197,#225,#227,.T.);
#225 = VERTEX_POINT('',#226);
#226 = CARTESIAN_POINT('',(0.,25.576907859401,131.19160582182));
#227 = SURFACE_CURVE('',#228,(#232,#239),.PCURVE_S1.);
#228 = LINE('',#229,#230);
#229 = CARTESIAN_POINT('',(0.,31.51851627185,130.35656721606));
#230 = VECTOR('',#231,1.);
#231 = DIRECTION('',(0.,-0.990268068742,0.13917310096));
#232 = PCURVE('',#32,#233);
#233 = DEFINITIONAL_REPRESENTATION('',(#234),#238);
#234 = LINE('',#235,#236);
#235 = CARTESIAN_POINT('',(134.35656721606,10.986794764624));
#236 = VECTOR('',#237,1.);
#237 = DIRECTION('',(0.13917310096,0.990268068742));
#238 = ( GEOMETRIC_REPRESENTATION_CONTEXT(2) 
PARAMETRIC_REPRESENTATION_CONTEXT() REPRESENTATION_CONTEXT('2D SPACE',''
  ) );
#239 = PCURVE('',#240,#245);
#240 = PLANE('',#241);
#241 = AXIS2_PLACEMENT_3D('',#242,#243,#244);
#242 = CARTESIAN_POINT('',(0.,31.51851627185,130.35656721606));
#243 = DIRECTION('',(0.,-0.13917310096,-0.990268068742));
#244 = DIRECTION('',(0.,-0.990268068742,0.13917310096));
#245 = DEFINITIONAL_REPRESENTATION('',(#246),#250);
#246 = LINE('',#247,#248);
#247 = CARTESIAN_POINT('',(0.,0.));
#248 = VECTOR('',#249,1.);
#249 = DIRECTION('',(1.,0.));
#250 = ( GEOMETRIC_REPRESENTATION_CONTEXT(2) 
PARAMETRIC_REPRESENTATION_CONTEXT() REPRESENTATION_CONTEXT('2D SPACE',''
  ) );
#251 = ORIENTED_EDGE('',*,*,#252,.T.);
#252 = EDGE_CURVE('',#225,#253,#255,.T.);
#253 = VERTEX_POINT('',#254);
#254 = CARTESIAN_POINT('',(0.,14.025540479716,48.999356116273));
#255 = SURFACE_CURVE('',#256,(#260,#267),.PCURVE_S1.);
#256 = LINE('',#257,#258);
#257 = CARTESIAN_POINT('',(0.,25.576907859401,131.19160582182));
#258 = VECTOR('',#259,1.);
#259 = DIRECTION('',(0.,-0.13917310096,-0.990268068742));
#260 = PCURVE('',#32,#261);
#261 = DEFINITIONAL_REPRESENTATION('',(#262),#266);
#262 = LINE('',#263,#264);
#263 = CARTESIAN_POINT('',(135.19160582182,16.928403177074));
#264 = VECTOR('',#265,1.);
#265 = DIRECTION('',(-0.990268068742,0.13917310096));
#266 = ( GEOMETRIC_REPRESENTATION_CONTEXT(2) 
PARAMETRIC_REPRESENTATION_CONTEXT() REPRESENTATION_CONTEXT('2D SPACE',''
  ) );
#267 = PCURVE('',#268,#273);
#268 = PLANE('',#269);
#269 = AXIS2_PLACEMENT_3D('',#270,#271,#272);
#270 = CARTESIAN_POINT('',(0.,25.576907859401,131.19160582182));
#271 = DIRECTION('',(0.,0.990268068742,-0.13917310096));
#272 = DIRECTION('',(0.,-0.13917310096,-0.990268068742));
#273 = DEFINITIONAL_REPRESENTATION('',(#274),#278);
#274 = LINE('',#275,#276);
#275 = CARTESIAN_POINT('',(0.,0.));
#276 = VECTOR('',#277,1.);
#277 = DIRECTION('',(1.,0.));
#278 = ( GEOMETRIC_REPRESENTATION_CONTEXT(2) 
PARAMETRIC_REPRESENTATION_CONTEXT() REPRESENTATION_CONTEXT('2D SPACE',''
  ) );
#279 = ORIENTED_EDGE('',*,*,#280,.T.);
#280 = EDGE_CURVE('',#253,#281,#283,.T.);
#281 = VERTEX_POINT('',#282);
#282 = CARTESIAN_POINT('',(0.,7.504625247052,49.915810986095));
#283 = SURFACE_CURVE('',#284,(#288,#295),.PCURVE_S1.);
#284 = LINE('',#285,#286);
#285 = CARTESIAN_POINT('',(0.,19.967148892165,48.164317510512));
#286 = VECTOR('',#287,1.);
#287 = DIRECTION('',(0.,-0.990268068742,0.13917310096));
#288 = PCURVE('',#32,#289);
#289 = DEFINITIONAL_REPRESENTATION('',(#290),#294);
#290 = LINE('',#291,#292);
#291 = CARTESIAN_POINT('',(52.164317510512,22.53816214431));
#292 = VECTOR('',#293,1.);
#293 = DIRECTION('',(0.13917310096,0.990268068742));
#294 = ( GEOMETRIC_REPRESENTATION_CONTEXT(2) 
PARAMETRIC_REPRESENTATION_CONTEXT() REPRESENTATION_CONTEXT('2D SPACE',''
  ) );
#295 = PCURVE('',#296,#301);
#296 = PLANE('',#297);
#297 = AXIS2_PLACEMENT_3D('',#298,#299,#300);
#298 = CARTESIAN_POINT('',(0.,19.967148892165,48.164317510512));
#299 = DIRECTION('',(0.,-0.13917310096,-0.990268068742));
#300 = DIRECTION('',(0.,-0.990268068742,0.13917310096));
#301 = DEFINITIONAL_REPRESENTATION('',(#302),#306);
#302 = LINE('',#303,#304);
#303 = CARTESIAN_POINT('',(0.,0.));
#304 = VECTOR('',#305,1.);
#305 = DIRECTION('',(1.,0.));
#306 = ( GEOMETRIC_REPRESENTATION_CONTEXT(2) 
PARAMETRIC_REPRESENTATION_CONTEXT() REPRESENTATION_CONTEXT('2D SPACE',''
  ) );
#307 = ORIENTED_EDGE('',*,*,#308,.F.);
#308 = EDGE_CURVE('',#309,#281,#311,.T.);
#309 = VERTEX_POINT('',#310);
#310 = CARTESIAN_POINT('',(0.,4.442817025931,28.12991347378));
#311 = SURFACE_CURVE('',#312,(#316,#323),.PCURVE_S1.);
#312 = LINE('',#313,#314);
#313 = CARTESIAN_POINT('',(0.,4.442817025931,28.12991347378));
#314 = VECTOR('',#315,1.);
#315 = DIRECTION('',(0.,0.13917310096,0.990268068742));
#316 = PCURVE('',#32,#317);
#317 = DEFINITIONAL_REPRESENTATION('',(#318),#322);
#318 = LINE('',#319,#320);
#319 = CARTESIAN_POINT('',(32.12991347378,38.062494010544));
#320 = VECTOR('',#321,1.);
#321 = DIRECTION('',(0.990268068742,-0.13917310096));
#322 = ( GEOMETRIC_REPRESENTATION_CONTEXT(2) 
PARAMETRIC_REPRESENTATION_CONTEXT() REPRESENTATION_CONTEXT('2D SPACE',''
  ) );
#323 = PCURVE('',#324,#329);
#324 = PLANE('',#325);
#325 = AXIS2_PLACEMENT_3D('',#326,#327,#328);
#326 = CARTESIAN_POINT('',(0.,4.442817025931,28.12991347378));
#327 = DIRECTION('',(0.,-0.990268068742,0.13917310096));
#328 = DIRECTION('',(0.,0.13917310096,0.990268068742));
#329 = DEFINITIONAL_REPRESENTATION('',(#330),#334);
#330 = LINE('',#331,#332);
#331 = CARTESIAN_POINT('',(0.,0.));
#332 = VECTOR('',#333,1.);
#333 = DIRECTION('',(1.,0.));
#334 = ( GEOMETRIC_REPRESENTATION_CONTEXT(2) 
PARAMETRIC_REPRESENTATION_CONTEXT() REPRESENTATION_CONTEXT('2D SPACE',''
  ) );
#335 = ORIENTED_EDGE('',*,*,#336,.F.);
#336 = EDGE_CURVE('',#337,#309,#339,.T.);
#337 = VERTEX_POINT('',#338);
#338 = CARTESIAN_POINT('',(0.,-8.430667867709,29.939163786261));
#339 = SURFACE_CURVE('',#340,(#344,#351),.PCURVE_S1.);
#340 = LINE('',#341,#342);
#341 = CARTESIAN_POINT('',(0.,-8.430667867709,29.939163786261));
#342 = VECTOR('',#343,1.);
#343 = DIRECTION('',(0.,0.990268068742,-0.13917310096));
#344 = PCURVE('',#32,#345);
#345 = DEFINITIONAL_REPRESENTATION('',(#346),#350);
#346 = LINE('',#347,#348);
#347 = CARTESIAN_POINT('',(33.939163786261,50.935978904184));
#348 = VECTOR('',#349,1.);
#349 = DIRECTION('',(-0.13917310096,-0.990268068742));
#350 = ( GEOMETRIC_REPRESENTATION_CONTEXT(2) 
PARAMETRIC_REPRESENTATION_CONTEXT() REPRESENTATION_CONTEXT('2D SPACE',''
  ) );
#351 = PCURVE('',#352,#357);
#352 = PLANE('',#353);
#353 = AXIS2_PLACEMENT_3D('',#354,#355,#356);
#354 = CARTESIAN_POINT('',(0.,-8.430667867709,29.939163786261));
#355 = DIRECTION('',(0.,0.13917310096,0.990268068742));
#356 = DIRECTION('',(0.,0.990268068742,-0.13917310096));
#357 = DEFINITIONAL_REPRESENTATION('',(#358),#362);
#358 = LINE('',#359,#360);
#359 = CARTESIAN_POINT('',(0.,0.));
#360 = VECTOR('',#361,1.);
#361 = DIRECTION('',(1.,0.));
#362 = ( GEOMETRIC_REPRESENTATION_CONTEXT(2) 
PARAMETRIC_REPRESENTATION_CONTEXT() REPRESENTATION_CONTEXT('2D SPACE',''
  ) );
#363 = ORIENTED_EDGE('',*,*,#364,.F.);
#364 = EDGE_CURVE('',#365,#337,#367,.T.);
#365 = VERTEX_POINT('',#366);
#366 = CARTESIAN_POINT('',(0.,-5.368859646588,51.725061298576));
#367 = SURFACE_CURVE('',#368,(#372,#379),.PCURVE_S1.);
#368 = LINE('',#369,#370);
#369 = CARTESIAN_POINT('',(0.,-5.229686545628,52.715329367317));
#370 = VECTOR('',#371,1.);
#371 = DIRECTION('',(0.,-0.13917310096,-0.990268068742));
#372 = PCURVE('',#32,#373);
#373 = DEFINITIONAL_REPRESENTATION('',(#374),#378);
#374 = LINE('',#375,#376);
#375 = CARTESIAN_POINT('',(56.715329367317,47.734997582103));
#376 = VECTOR('',#377,1.);
#377 = DIRECTION('',(-0.990268068742,0.13917310096));
#378 = ( GEOMETRIC_REPRESENTATION_CONTEXT(2) 
PARAMETRIC_REPRESENTATION_CONTEXT() REPRESENTATION_CONTEXT('2D SPACE',''
  ) );
#379 = PCURVE('',#380,#385);
#380 = PLANE('',#381);
#381 = AXIS2_PLACEMENT_3D('',#382,#383,#384);
#382 = CARTESIAN_POINT('',(0.,-5.229686545628,52.715329367317));
#383 = DIRECTION('',(0.,0.990268068742,-0.13917310096));
#384 = DIRECTION('',(0.,-0.13917310096,-0.990268068742));
#385 = DEFINITIONAL_REPRESENTATION('',(#386),#390);
#386 = LINE('',#387,#388);
#387 = CARTESIAN_POINT('',(0.,0.));
#388 = VECTOR('',#389,1.);
#389 = DIRECTION('',(1.,0.));
#390 = ( GEOMETRIC_REPRESENTATION_CONTEXT(2) 
PARAMETRIC_REPRESENTATION_CONTEXT() REPRESENTATION_CONTEXT('2D SPACE',''
  ) );
#391 = ORIENTED_EDGE('',*,*,#392,.T.);
#392 = EDGE_CURVE('',#365,#393,#395,.T.);
#393 = VERTEX_POINT('',#394);
#394 = CARTESIAN_POINT('',(0.,-13.62274399954,52.885069095078));
#395 = SURFACE_CURVE('',#396,(#400,#407),.PCURVE_S1.);
#396 = LINE('',#397,#398);
#397 = CARTESIAN_POINT('',(0.,19.967148892165,48.164317510512));
#398 = VECTOR('',#399,1.);
#399 = DIRECTION('',(0.,-0.990268068742,0.13917310096));
#400 = PCURVE('',#32,#401);
#401 = DEFINITIONAL_REPRESENTATION('',(#402),#406);
#402 = LINE('',#403,#404);
#403 = CARTESIAN_POINT('',(52.164317510512,22.53816214431));
#404 = VECTOR('',#405,1.);
#405 = DIRECTION('',(0.13917310096,0.990268068742));
#406 = ( GEOMETRIC_REPRESENTATION_CONTEXT(2) 
PARAMETRIC_REPRESENTATION_CONTEXT() REPRESENTATION_CONTEXT('2D SPACE',''
  ) );
#407 = PCURVE('',#408,#413);
#408 = PLANE('',#409);
#409 = AXIS2_PLACEMENT_3D('',#410,#411,#412);
#410 = CARTESIAN_POINT('',(0.,19.967148892165,48.164317510512));
#411 = DIRECTION('',(0.,-0.13917310096,-0.990268068742));
#412 = DIRECTION('',(0.,-0.990268068742,0.13917310096));
#413 = DEFINITIONAL_REPRESENTATION('',(#414),#418);
#414 = LINE('',#415,#416);
#415 = CARTESIAN_POINT('',(0.,0.));
#416 = VECTOR('',#417,1.);
#417 = DIRECTION('',(1.,0.));
#418 = ( GEOMETRIC_REPRESENTATION_CONTEXT(2) 
PARAMETRIC_REPRESENTATION_CONTEXT() REPRESENTATION_CONTEXT('2D SPACE',''
  ) );
#419 = ORIENTED_EDGE('',*,*,#420,.F.);
#420 = EDGE_CURVE('',#421,#393,#423,.T.);
#421 = VERTEX_POINT('',#422);
#422 = CARTESIAN_POINT('',(0.,-16.68455222067,31.099171582763));
#423 = SURFACE_CURVE('',#424,(#428,#435),.PCURVE_S1.);
#424 = LINE('',#425,#426);
#425 = CARTESIAN_POINT('',(0.,-16.68455222067,31.099171582763));
#426 = VECTOR('',#427,1.);
#427 = DIRECTION('',(0.,0.13917310096,0.990268068742));
#428 = PCURVE('',#32,#429);
#429 = DEFINITIONAL_REPRESENTATION('',(#430),#434);
#430 = LINE('',#431,#432);
#431 = CARTESIAN_POINT('',(35.099171582763,59.189863257145));
#432 = VECTOR('',#433,1.);
#433 = DIRECTION('',(0.990268068742,-0.13917310096));
#434 = ( GEOMETRIC_REPRESENTATION_CONTEXT(2) 
PARAMETRIC_REPRESENTATION_CONTEXT() REPRESENTATION_CONTEXT('2D SPACE',''
  ) );
#435 = PCURVE('',#436,#441);
#436 = PLANE('',#437);
#437 = AXIS2_PLACEMENT_3D('',#438,#439,#440);
#438 = CARTESIAN_POINT('',(0.,-16.68455222067,31.099171582763));
#439 = DIRECTION('',(0.,-0.990268068742,0.13917310096));
#440 = DIRECTION('',(0.,0.13917310096,0.990268068742));
#441 = DEFINITIONAL_REPRESENTATION('',(#442),#446);
#442 = LINE('',#443,#444);
#443 = CARTESIAN_POINT('',(0.,0.));
#444 = VECTOR('',#445,1.);
#445 = DIRECTION('',(1.,0.));
#446 = ( GEOMETRIC_REPRESENTATION_CONTEXT(2) 
PARAMETRIC_REPRESENTATION_CONTEXT() REPRESENTATION_CONTEXT('2D SPACE',''
  ) );
#447 = ORIENTED_EDGE('',*,*,#448,.F.);
#448 = EDGE_CURVE('',#449,#421,#451,.T.);
#449 = VERTEX_POINT('',#450);
#450 = CARTESIAN_POINT('',(0.,-22.62616063312,31.934210188524));
#451 = SURFACE_CURVE('',#452,(#456,#463),.PCURVE_S1.);
#452 = LINE('',#453,#454);
#453 = CARTESIAN_POINT('',(0.,-22.62616063312,31.934210188524));
#454 = VECTOR('',#455,1.);
#455 = DIRECTION('',(0.,0.990268068742,-0.13917310096));
#456 = PCURVE('',#32,#457);
#457 = DEFINITIONAL_REPRESENTATION('',(#458),#462);
#458 = LINE('',#459,#460);
#459 = CARTESIAN_POINT('',(35.934210188524,65.131471669595));
#460 = VECTOR('',#461,1.);
#461 = DIRECTION('',(-0.13917310096,-0.990268068742));
#462 = ( GEOMETRIC_REPRESENTATION_CONTEXT(2) 
PARAMETRIC_REPRESENTATION_CONTEXT() REPRESENTATION_CONTEXT('2D SPACE',''
  ) );
#463 = PCURVE('',#464,#469);
#464 = PLANE('',#465);
#465 = AXIS2_PLACEMENT_3D('',#466,#467,#468);
#466 = CARTESIAN_POINT('',(0.,-22.62616063312,31.934210188524));
#467 = DIRECTION('',(0.,0.13917310096,0.990268068742));
#468 = DIRECTION('',(0.,0.990268068742,-0.13917310096));
#469 = DEFINITIONAL_REPRESENTATION('',(#470),#474);
#470 = LINE('',#471,#472);
#471 = CARTESIAN_POINT('',(0.,0.));
#472 = VECTOR('',#473,1.);
#473 = DIRECTION('',(1.,0.));
#474 = ( GEOMETRIC_REPRESENTATION_CONTEXT(2) 
PARAMETRIC_REPRESENTATION_CONTEXT() REPRESENTATION_CONTEXT('2D SPACE',''
  ) );
#475 = ORIENTED_EDGE('',*,*,#476,.F.);
#476 = EDGE_CURVE('',#477,#449,#479,.T.);
#477 = VERTEX_POINT('',#478);
#478 = CARTESIAN_POINT('',(0.,-19.56435241199,53.720107700838));
#479 = SURFACE_CURVE('',#480,(#484,#491),.PCURVE_S1.);
#480 = LINE('',#481,#482);
#481 = CARTESIAN_POINT('',(0.,-19.42517931103,54.71037576958));
#482 = VECTOR('',#483,1.);
#483 = DIRECTION('',(0.,-0.13917310096,-0.990268068742));
#484 = PCURVE('',#32,#485);
#485 = DEFINITIONAL_REPRESENTATION('',(#486),#490);
#486 = LINE('',#487,#488);
#487 = CARTESIAN_POINT('',(58.71037576958,61.930490347513));
#488 = VECTOR('',#489,1.);
#489 = DIRECTION('',(-0.990268068742,0.13917310096));
#490 = ( GEOMETRIC_REPRESENTATION_CONTEXT(2) 
PARAMETRIC_REPRESENTATION_CONTEXT() REPRESENTATION_CONTEXT('2D SPACE',''
  ) );
#491 = PCURVE('',#492,#497);
#492 = PLANE('',#493);
#493 = AXIS2_PLACEMENT_3D('',#494,#495,#496);
#494 = CARTESIAN_POINT('',(0.,-19.42517931103,54.71037576958));
#495 = DIRECTION('',(0.,0.990268068742,-0.13917310096));
#496 = DIRECTION('',(0.,-0.13917310096,-0.990268068742));
#497 = DEFINITIONAL_REPRESENTATION('',(#498),#502);
#498 = LINE('',#499,#500);
#499 = CARTESIAN_POINT('',(0.,0.));
#500 = VECTOR('',#501,1.);
#501 = DIRECTION('',(1.,0.));
#502 = ( GEOMETRIC_REPRESENTATION_CONTEXT(2) 
PARAMETRIC_REPRESENTATION_CONTEXT() REPRESENTATION_CONTEXT('2D SPACE',''
  ) );
#503 = ORIENTED_EDGE('',*,*,#504,.T.);
#504 = EDGE_CURVE('',#477,#505,#507,.T.);
#505 = VERTEX_POINT('',#506);
#506 = CARTESIAN_POINT('',(0.,-25.50596082444,54.555146306599));
#507 = SURFACE_CURVE('',#508,(#512,#519),.PCURVE_S1.);
#508 = LINE('',#509,#510);
#509 = CARTESIAN_POINT('',(0.,19.967148892165,48.164317510512));
#510 = VECTOR('',#511,1.);
#511 = DIRECTION('',(0.,-0.990268068742,0.13917310096));
#512 = PCURVE('',#32,#513);
#513 = DEFINITIONAL_REPRESENTATION('',(#514),#518);
#514 = LINE('',#515,#516);
#515 = CARTESIAN_POINT('',(52.164317510512,22.53816214431));
#516 = VECTOR('',#517,1.);
#517 = DIRECTION('',(0.13917310096,0.990268068742));
#518 = ( GEOMETRIC_REPRESENTATION_CONTEXT(2) 
PARAMETRIC_REPRESENTATION_CONTEXT() REPRESENTATION_CONTEXT('2D SPACE',''
  ) );
#519 = PCURVE('',#520,#525);
#520 = PLANE('',#521);
#521 = AXIS2_PLACEMENT_3D('',#522,#523,#524);
#522 = CARTESIAN_POINT('',(0.,19.967148892165,48.164317510512));
#523 = DIRECTION('',(0.,-0.13917310096,-0.990268068742));
#524 = DIRECTION('',(0.,-0.990268068742,0.13917310096));
#525 = DEFINITIONAL_REPRESENTATION('',(#526),#530);
#526 = LINE('',#527,#528);
#527 = CARTESIAN_POINT('',(0.,0.));
#528 = VECTOR('',#529,1.);
#529 = DIRECTION('',(1.,0.));
#530 = ( GEOMETRIC_REPRESENTATION_CONTEXT(2) 
PARAMETRIC_REPRESENTATION_CONTEXT() REPRESENTATION_CONTEXT('2D SPACE',''
  ) );
#531 = ORIENTED_EDGE('',*,*,#532,.T.);
#532 = EDGE_CURVE('',#505,#533,#535,.T.);
#533 = VERTEX_POINT('',#534);
#534 = CARTESIAN_POINT('',(0.,-31.00573806472,15.422197851305));
#535 = SURFACE_CURVE('',#536,(#540,#547),.PCURVE_S1.);
#536 = LINE('',#537,#538);
#537 = CARTESIAN_POINT('',(0.,-25.50596082444,54.555146306599));
#538 = VECTOR('',#539,1.);
#539 = DIRECTION('',(0.,-0.13917310096,-0.990268068742));
#540 = PCURVE('',#32,#541);
#541 = DEFINITIONAL_REPRESENTATION('',(#542),#546);
#542 = LINE('',#543,#544);
#543 = CARTESIAN_POINT('',(58.555146306599,68.011271860923));
#544 = VECTOR('',#545,1.);
#545 = DIRECTION('',(-0.990268068742,0.13917310096));
#546 = ( GEOMETRIC_REPRESENTATION_CONTEXT(2) 
PARAMETRIC_REPRESENTATION_CONTEXT() REPRESENTATION_CONTEXT('2D SPACE',''
  ) );
#547 = PCURVE('',#548,#553);
#548 = PLANE('',#549);
#549 = AXIS2_PLACEMENT_3D('',#550,#551,#552);
#550 = CARTESIAN_POINT('',(0.,-25.50596082444,54.555146306599));
#551 = DIRECTION('',(0.,0.990268068742,-0.13917310096));
#552 = DIRECTION('',(0.,-0.13917310096,-0.990268068742));
#553 = DEFINITIONAL_REPRESENTATION('',(#554),#558);
#554 = LINE('',#555,#556);
#555 = CARTESIAN_POINT('',(0.,0.));
#556 = VECTOR('',#557,1.);
#557 = DIRECTION('',(1.,0.));
#558 = ( GEOMETRIC_REPRESENTATION_CONTEXT(2) 
PARAMETRIC_REPRESENTATION_CONTEXT() REPRESENTATION_CONTEXT('2D SPACE',''
  ) );
#559 = ORIENTED_EDGE('',*,*,#560,.F.);
#560 = EDGE_CURVE('',#24,#533,#561,.T.);
#561 = SURFACE_CURVE('',#562,(#566,#573),.PCURVE_S1.);
#562 = LINE('',#563,#564);
#563 = CARTESIAN_POINT('',(0.,-31.00573806472,156.58314387159));
#564 = VECTOR('',#565,1.);
#565 = DIRECTION('',(0.,-0.,1.));
#566 = PCURVE('',#32,#567);
#567 = DEFINITIONAL_REPRESENTATION('',(#568),#572);
#568 = LINE('',#569,#570);
#569 = CARTESIAN_POINT('',(160.58314387159,73.511049101195));
#570 = VECTOR('',#571,1.);
#571 = DIRECTION('',(1.,0.));
#572 = ( GEOMETRIC_REPRESENTATION_CONTEXT(2) 
PARAMETRIC_REPRESENTATION_CONTEXT() REPRESENTATION_CONTEXT('2D SPACE',''
  ) );
#573 = PCURVE('',#574,#579);
#574 = PLANE('',#575);
#575 = AXIS2_PLACEMENT_3D('',#576,#577,#578);
#576 = CARTESIAN_POINT('',(-1.,-31.00573806472,293.));
#577 = DIRECTION('',(-0.,1.,0.));
#578 = DIRECTION('',(0.,0.,-1.));
#579 = DEFINITIONAL_REPRESENTATION('',(#580),#583);
#580 = B_SPLINE_CURVE_WITH_KNOTS('',1,(#581,#582),.UNSPECIFIED.,.F.,.F.,
  (2,2),(-163.5831438715,-141.1609460202),.PIECEWISE_BEZIER_KNOTS.);
#581 = CARTESIAN_POINT('',(300.,-1.));
#582 = CARTESIAN_POINT('',(277.57780214869,-1.));
#583 = ( GEOMETRIC_REPRESENTATION_CONTEXT(2) 
PARAMETRIC_REPRESENTATION_CONTEXT() REPRESENTATION_CONTEXT('2D SPACE',''
  ) );
#584 = FACE_BOUND('',#585,.F.);
#585 = EDGE_LOOP('',(#586,#616,#644));
#586 = ORIENTED_EDGE('',*,*,#587,.F.);
#587 = EDGE_CURVE('',#588,#590,#592,.T.);
#588 = VERTEX_POINT('',#589);
#589 = CARTESIAN_POINT('',(0.,30.498061111474,123.09565146486));
#590 = VERTEX_POINT('',#591);
#591 = CARTESIAN_POINT('',(0.,13.057554671664,-1.));
#592 = SURFACE_CURVE('',#593,(#597,#604),.PCURVE_S1.);
#593 = LINE('',#594,#595);
#594 = CARTESIAN_POINT('',(0.,30.498061111474,123.09565146486));
#595 = VECTOR('',#596,1.);
#596 = DIRECTION('',(0.,-0.13917310096,-0.990268068742));
#597 = PCURVE('',#32,#598);
#598 = DEFINITIONAL_REPRESENTATION('',(#599),#603);
#599 = LINE('',#600,#601);
#600 = CARTESIAN_POINT('',(127.09565146486,12.007249925001));
#601 = VECTOR('',#602,1.);
#602 = DIRECTION('',(-0.990268068742,0.13917310096));
#603 = ( GEOMETRIC_REPRESENTATION_CONTEXT(2) 
PARAMETRIC_REPRESENTATION_CONTEXT() REPRESENTATION_CONTEXT('2D SPACE',''
  ) );
#604 = PCURVE('',#605,#610);
#605 = PLANE('',#606);
#606 = AXIS2_PLACEMENT_3D('',#607,#608,#609);
#607 = CARTESIAN_POINT('',(0.,11.199243531681,-14.2225708202));
#608 = DIRECTION('',(0.,-0.990268068742,0.13917310096));
#609 = DIRECTION('',(0.,0.13917310096,0.990268068742));
#610 = DEFINITIONAL_REPRESENTATION('',(#611),#615);
#611 = LINE('',#612,#613);
#612 = CARTESIAN_POINT('',(138.6677270727,0.));
#613 = VECTOR('',#614,1.);
#614 = DIRECTION('',(-1.,-0.));
#615 = ( GEOMETRIC_REPRESENTATION_CONTEXT(2) 
PARAMETRIC_REPRESENTATION_CONTEXT() REPRESENTATION_CONTEXT('2D SPACE',''
  ) );
#616 = ORIENTED_EDGE('',*,*,#617,.F.);
#617 = EDGE_CURVE('',#618,#588,#620,.T.);
#618 = VERTEX_POINT('',#619);
#619 = CARTESIAN_POINT('',(0.,103.01636013767,-1.));
#620 = SURFACE_CURVE('',#621,(#625,#632),.PCURVE_S1.);
#621 = LINE('',#622,#623);
#622 = CARTESIAN_POINT('',(0.,103.01636013767,-1.));
#623 = VECTOR('',#624,1.);
#624 = DIRECTION('',(0.,-0.504541395187,0.86338750312));
#625 = PCURVE('',#32,#626);
#626 = DEFINITIONAL_REPRESENTATION('',(#627),#631);
#627 = LINE('',#628,#629);
#628 = CARTESIAN_POINT('',(3.,-60.51104910119));
#629 = VECTOR('',#630,1.);
#630 = DIRECTION('',(0.86338750312,0.504541395187));
#631 = ( GEOMETRIC_REPRESENTATION_CONTEXT(2) 
PARAMETRIC_REPRESENTATION_CONTEXT() REPRESENTATION_CONTEXT('2D SPACE',''
  ) );
#632 = PCURVE('',#633,#638);
#633 = PLANE('',#634);
#634 = AXIS2_PLACEMENT_3D('',#635,#636,#637);
#635 = CARTESIAN_POINT('',(0.,103.01636013767,-1.));
#636 = DIRECTION('',(0.,-0.86338750312,-0.504541395187));
#637 = DIRECTION('',(0.,-0.504541395187,0.86338750312));
#638 = DEFINITIONAL_REPRESENTATION('',(#639),#643);
#639 = LINE('',#640,#641);
#640 = CARTESIAN_POINT('',(0.,0.));
#641 = VECTOR('',#642,1.);
#642 = DIRECTION('',(1.,0.));
#643 = ( GEOMETRIC_REPRESENTATION_CONTEXT(2) 
PARAMETRIC_REPRESENTATION_CONTEXT() REPRESENTATION_CONTEXT('2D SPACE',''
  ) );
#644 = ORIENTED_EDGE('',*,*,#645,.T.);
#645 = EDGE_CURVE('',#618,#590,#646,.T.);
#646 = SURFACE_CURVE('',#647,(#651,#658),.PCURVE_S1.);
#647 = LINE('',#648,#649);
#648 = CARTESIAN_POINT('',(0.,111.01636013767,-1.));
#649 = VECTOR('',#650,1.);
#650 = DIRECTION('',(0.,-1.,0.));
#651 = PCURVE('',#32,#652);
#652 = DEFINITIONAL_REPRESENTATION('',(#653),#657);
#653 = LINE('',#654,#655);
#654 = CARTESIAN_POINT('',(3.,-68.51104910119));
#655 = VECTOR('',#656,1.);
#656 = DIRECTION('',(0.,1.));
#657 = ( GEOMETRIC_REPRESENTATION_CONTEXT(2) 
PARAMETRIC_REPRESENTATION_CONTEXT() REPRESENTATION_CONTEXT('2D SPACE',''
  ) );
#658 = PCURVE('',#659,#664);
#659 = PLANE('',#660);
#660 = AXIS2_PLACEMENT_3D('',#661,#662,#663);
#661 = CARTESIAN_POINT('',(0.,111.01636013767,-1.));
#662 = DIRECTION('',(0.,0.,-1.));
#663 = DIRECTION('',(0.,-1.,0.));
#664 = DEFINITIONAL_REPRESENTATION('',(#665),#669);
#665 = LINE('',#666,#667);
#666 = CARTESIAN_POINT('',(0.,-0.));
#667 = VECTOR('',#668,1.);
#668 = DIRECTION('',(1.,0.));
#669 = ( GEOMETRIC_REPRESENTATION_CONTEXT(2) 
PARAMETRIC_REPRESENTATION_CONTEXT() REPRESENTATION_CONTEXT('2D SPACE',''
  ) );
#670 = ADVANCED_FACE('',(#671,#746,#790),#44,.F.);
#671 = FACE_BOUND('',#672,.F.);
#672 = EDGE_LOOP('',(#673,#696,#724,#745));
#673 = ORIENTED_EDGE('',*,*,#674,.T.);
#674 = EDGE_CURVE('',#24,#675,#677,.T.);
#675 = VERTEX_POINT('',#676);
#676 = CARTESIAN_POINT('',(38.1,-31.00573806472,-7.));
#677 = SURFACE_CURVE('',#678,(#682,#689),.PCURVE_S1.);
#678 = LINE('',#679,#680);
#679 = CARTESIAN_POINT('',(-1.,-31.00573806472,-7.));
#680 = VECTOR('',#681,1.);
#681 = DIRECTION('',(1.,0.,0.));
#682 = PCURVE('',#44,#683);
#683 = DEFINITIONAL_REPRESENTATION('',(#684),#688);
#684 = LINE('',#685,#686);
#685 = CARTESIAN_POINT('',(0.,0.));
#686 = VECTOR('',#687,1.);
#687 = DIRECTION('',(0.,-1.));
#688 = ( GEOMETRIC_REPRESENTATION_CONTEXT(2) 
PARAMETRIC_REPRESENTATION_CONTEXT() REPRESENTATION_CONTEXT('2D SPACE',''
  ) );
#689 = PCURVE('',#574,#690);
#690 = DEFINITIONAL_REPRESENTATION('',(#691),#695);
#691 = LINE('',#692,#693);
#692 = CARTESIAN_POINT('',(300.,0.));
#693 = VECTOR('',#694,1.);
#694 = DIRECTION('',(0.,-1.));
#695 = ( GEOMETRIC_REPRESENTATION_CONTEXT(2) 
PARAMETRIC_REPRESENTATION_CONTEXT() REPRESENTATION_CONTEXT('2D SPACE',''
  ) );
#696 = ORIENTED_EDGE('',*,*,#697,.F.);
#697 = EDGE_CURVE('',#698,#675,#700,.T.);
#698 = VERTEX_POINT('',#699);
#699 = CARTESIAN_POINT('',(38.1,111.01636013767,-7.));
#700 = SURFACE_CURVE('',#701,(#705,#712),.PCURVE_S1.);
#701 = LINE('',#702,#703);
#702 = CARTESIAN_POINT('',(38.1,111.01636013767,-7.));
#703 = VECTOR('',#704,1.);
#704 = DIRECTION('',(0.,-1.,0.));
#705 = PCURVE('',#44,#706);
#706 = DEFINITIONAL_REPRESENTATION('',(#707),#711);
#707 = LINE('',#708,#709);
#708 = CARTESIAN_POINT('',(142.02209820239,-39.1));
#709 = VECTOR('',#710,1.);
#710 = DIRECTION('',(-1.,0.));
#711 = ( GEOMETRIC_REPRESENTATION_CONTEXT(2) 
PARAMETRIC_REPRESENTATION_CONTEXT() REPRESENTATION_CONTEXT('2D SPACE',''
  ) );
#712 = PCURVE('',#713,#718);
#713 = PLANE('',#714);
#714 = AXIS2_PLACEMENT_3D('',#715,#716,#717);
#715 = CARTESIAN_POINT('',(38.1,42.505311036475,-4.));
#716 = DIRECTION('',(1.,0.,0.));
#717 = DIRECTION('',(-0.,0.,1.));
#718 = DEFINITIONAL_REPRESENTATION('',(#719),#723);
#719 = LINE('',#720,#721);
#720 = CARTESIAN_POINT('',(-3.,-68.51104910119));
#721 = VECTOR('',#722,1.);
#722 = DIRECTION('',(0.,1.));
#723 = ( GEOMETRIC_REPRESENTATION_CONTEXT(2) 
PARAMETRIC_REPRESENTATION_CONTEXT() REPRESENTATION_CONTEXT('2D SPACE',''
  ) );
#724 = ORIENTED_EDGE('',*,*,#725,.F.);
#725 = EDGE_CURVE('',#22,#698,#726,.T.);
#726 = SURFACE_CURVE('',#727,(#731,#738),.PCURVE_S1.);
#727 = LINE('',#728,#729);
#728 = CARTESIAN_POINT('',(0.,111.01636013767,-7.));
#729 = VECTOR('',#730,1.);
#730 = DIRECTION('',(1.,0.,0.));
#731 = PCURVE('',#44,#732);
#732 = DEFINITIONAL_REPRESENTATION('',(#733),#737);
#733 = LINE('',#734,#735);
#734 = CARTESIAN_POINT('',(142.02209820239,-1.));
#735 = VECTOR('',#736,1.);
#736 = DIRECTION('',(0.,-1.));
#737 = ( GEOMETRIC_REPRESENTATION_CONTEXT(2) 
PARAMETRIC_REPRESENTATION_CONTEXT() REPRESENTATION_CONTEXT('2D SPACE',''
  ) );
#738 = PCURVE('',#72,#739);
#739 = DEFINITIONAL_REPRESENTATION('',(#740),#744);
#740 = LINE('',#741,#742);
#741 = CARTESIAN_POINT('',(0.,0.));
#742 = VECTOR('',#743,1.);
#743 = DIRECTION('',(0.,-1.));
#744 = ( GEOMETRIC_REPRESENTATION_CONTEXT(2) 
PARAMETRIC_REPRESENTATION_CONTEXT() REPRESENTATION_CONTEXT('2D SPACE',''
  ) );
#745 = ORIENTED_EDGE('',*,*,#21,.T.);
#746 = FACE_BOUND('',#747,.F.);
#747 = EDGE_LOOP('',(#748));
#748 = ORIENTED_EDGE('',*,*,#749,.F.);
#749 = EDGE_CURVE('',#750,#750,#752,.T.);
#750 = VERTEX_POINT('',#751);
#751 = CARTESIAN_POINT('',(21.05,-25.06852431393,-7.));
#752 = SURFACE_CURVE('',#753,(#758,#765),.PCURVE_S1.);
#753 = ELLIPSE('',#754,2.019655145037,2.);
#754 = AXIS2_PLACEMENT_3D('',#755,#756,#757);
#755 = CARTESIAN_POINT('',(19.05,-25.06852431393,-7.));
#756 = DIRECTION('',(0.,0.,1.));
#757 = DIRECTION('',(0.,1.,-0.));
#758 = PCURVE('',#44,#759);
#759 = DEFINITIONAL_REPRESENTATION('',(#760),#764);
#760 = ELLIPSE('',#761,2.019655145037,2.);
#761 = AXIS2_PLACEMENT_2D('',#762,#763);
#762 = CARTESIAN_POINT('',(5.937213750783,-20.05));
#763 = DIRECTION('',(1.,0.));
#764 = ( GEOMETRIC_REPRESENTATION_CONTEXT(2) 
PARAMETRIC_REPRESENTATION_CONTEXT() REPRESENTATION_CONTEXT('2D SPACE',''
  ) );
#765 = PCURVE('',#766,#771);
#766 = CYLINDRICAL_SURFACE('',#767,2.);
#767 = AXIS2_PLACEMENT_3D('',#768,#769,#770);
#768 = CARTESIAN_POINT('',(19.05,-27.86656938353,-26.9091251701));
#769 = DIRECTION('',(0.,0.13917310096,0.990268068742));
#770 = DIRECTION('',(1.,0.,0.));
#771 = DEFINITIONAL_REPRESENTATION('',(#772),#789);
#772 = B_SPLINE_CURVE_WITH_KNOTS('',8,(#773,#774,#775,#776,#777,#778,
    #779,#780,#781,#782,#783,#784,#785,#786,#787,#788),.UNSPECIFIED.,.F.
  ,.F.,(9,7,9),(4.712388980385,7.853981633974,10.995574287564),
  .UNSPECIFIED.);
#773 = CARTESIAN_POINT('',(0.,20.104783541501));
#774 = CARTESIAN_POINT('',(0.392699081699,20.215164054958));
#775 = CARTESIAN_POINT('',(0.785398163398,20.325545448537));
#776 = CARTESIAN_POINT('',(1.178097245092,20.409979018114));
#777 = CARTESIAN_POINT('',(1.570796326794,20.44258708322));
#778 = CARTESIAN_POINT('',(1.96349540849,20.409979018077));
#779 = CARTESIAN_POINT('',(2.356194490193,20.325545448548));
#780 = CARTESIAN_POINT('',(2.748893571891,20.215164054958));
#781 = CARTESIAN_POINT('',(3.534291735289,19.994403028043));
#782 = CARTESIAN_POINT('',(3.926990816987,19.884021634445));
#783 = CARTESIAN_POINT('',(4.319689898684,19.799588064947));
#784 = CARTESIAN_POINT('',(4.712388980395,19.766979999724));
#785 = CARTESIAN_POINT('',(5.105088062082,19.79958806494));
#786 = CARTESIAN_POINT('',(5.49778714378,19.884021634447));
#787 = CARTESIAN_POINT('',(5.890486225481,19.994403028043));
#788 = CARTESIAN_POINT('',(6.28318530718,20.104783541501));
#789 = ( GEOMETRIC_REPRESENTATION_CONTEXT(2) 
PARAMETRIC_REPRESENTATION_CONTEXT() REPRESENTATION_CONTEXT('2D SPACE',''
  ) );
#790 = FACE_BOUND('',#791,.F.);
#791 = EDGE_LOOP('',(#792));
#792 = ORIENTED_EDGE('',*,*,#793,.F.);
#793 = EDGE_CURVE('',#794,#794,#796,.T.);
#794 = VERTEX_POINT('',#795);
#795 = CARTESIAN_POINT('',(21.05,-7.058249558068,-7.));
#796 = SURFACE_CURVE('',#797,(#802,#809),.PCURVE_S1.);
#797 = ELLIPSE('',#798,2.019655145037,2.);
#798 = AXIS2_PLACEMENT_3D('',#799,#800,#801);
#799 = CARTESIAN_POINT('',(19.05,-7.058249558068,-7.));
#800 = DIRECTION('',(0.,0.,1.));
#801 = DIRECTION('',(0.,1.,-0.));
#802 = PCURVE('',#44,#803);
#803 = DEFINITIONAL_REPRESENTATION('',(#804),#808);
#804 = ELLIPSE('',#805,2.019655145037,2.);
#805 = AXIS2_PLACEMENT_2D('',#806,#807);
#806 = CARTESIAN_POINT('',(23.947488506653,-20.05));
#807 = DIRECTION('',(1.,0.));
#808 = ( GEOMETRIC_REPRESENTATION_CONTEXT(2) 
PARAMETRIC_REPRESENTATION_CONTEXT() REPRESENTATION_CONTEXT('2D SPACE',''
  ) );
#809 = PCURVE('',#810,#815);
#810 = CYLINDRICAL_SURFACE('',#811,2.);
#811 = AXIS2_PLACEMENT_3D('',#812,#813,#814);
#812 = CARTESIAN_POINT('',(19.05,-10.20513837753,-29.39127742573));
#813 = DIRECTION('',(0.,0.13917310096,0.990268068742));
#814 = DIRECTION('',(1.,0.,0.));
#815 = DEFINITIONAL_REPRESENTATION('',(#816),#833);
#816 = B_SPLINE_CURVE_WITH_KNOTS('',8,(#817,#818,#819,#820,#821,#822,
    #823,#824,#825,#826,#827,#828,#829,#830,#831,#832),.UNSPECIFIED.,.F.
  ,.F.,(9,7,9),(4.712388980385,7.853981633974,10.995574287564),
  .UNSPECIFIED.);
#817 = CARTESIAN_POINT('',(8.881784197001E-16,22.611329328418));
#818 = CARTESIAN_POINT('',(0.392699081699,22.721709841875));
#819 = CARTESIAN_POINT('',(0.785398163397,22.832091235461));
#820 = CARTESIAN_POINT('',(1.178097245102,22.916524804969));
#821 = CARTESIAN_POINT('',(1.570796326781,22.949132870141));
#822 = CARTESIAN_POINT('',(1.9634954085,22.916524804925));
#823 = CARTESIAN_POINT('',(2.356194490191,22.832091235461));
#824 = CARTESIAN_POINT('',(2.748893571891,22.721709841875));
#825 = CARTESIAN_POINT('',(3.534291735289,22.50094881496));
#826 = CARTESIAN_POINT('',(3.926990816988,22.390567421349));
#827 = CARTESIAN_POINT('',(4.319689898681,22.306133851846));
#828 = CARTESIAN_POINT('',(4.712388980399,22.273525786528));
#829 = CARTESIAN_POINT('',(5.105088062079,22.306133851875));
#830 = CARTESIAN_POINT('',(5.497787143781,22.390567421349));
#831 = CARTESIAN_POINT('',(5.890486225481,22.50094881496));
#832 = CARTESIAN_POINT('',(6.28318530718,22.611329328418));
#833 = ( GEOMETRIC_REPRESENTATION_CONTEXT(2) 
PARAMETRIC_REPRESENTATION_CONTEXT() REPRESENTATION_CONTEXT('2D SPACE',''
  ) );
#834 = ADVANCED_FACE('',(#835),#72,.F.);
#835 = FACE_BOUND('',#836,.F.);
#836 = EDGE_LOOP('',(#837,#838,#861,#882));
#837 = ORIENTED_EDGE('',*,*,#725,.T.);
#838 = ORIENTED_EDGE('',*,*,#839,.T.);
#839 = EDGE_CURVE('',#698,#840,#842,.T.);
#840 = VERTEX_POINT('',#841);
#841 = CARTESIAN_POINT('',(38.1,111.01636013767,-1.));
#842 = SURFACE_CURVE('',#843,(#847,#854),.PCURVE_S1.);
#843 = LINE('',#844,#845);
#844 = CARTESIAN_POINT('',(38.1,111.01636013767,-7.));
#845 = VECTOR('',#846,1.);
#846 = DIRECTION('',(0.,0.,1.));
#847 = PCURVE('',#72,#848);
#848 = DEFINITIONAL_REPRESENTATION('',(#849),#853);
#849 = LINE('',#850,#851);
#850 = CARTESIAN_POINT('',(0.,-38.1));
#851 = VECTOR('',#852,1.);
#852 = DIRECTION('',(1.,0.));
#853 = ( GEOMETRIC_REPRESENTATION_CONTEXT(2) 
PARAMETRIC_REPRESENTATION_CONTEXT() REPRESENTATION_CONTEXT('2D SPACE',''
  ) );
#854 = PCURVE('',#713,#855);
#855 = DEFINITIONAL_REPRESENTATION('',(#856),#860);
#856 = LINE('',#857,#858);
#857 = CARTESIAN_POINT('',(-3.,-68.51104910119));
#858 = VECTOR('',#859,1.);
#859 = DIRECTION('',(1.,0.));
#860 = ( GEOMETRIC_REPRESENTATION_CONTEXT(2) 
PARAMETRIC_REPRESENTATION_CONTEXT() REPRESENTATION_CONTEXT('2D SPACE',''
  ) );
#861 = ORIENTED_EDGE('',*,*,#862,.F.);
#862 = EDGE_CURVE('',#57,#840,#863,.T.);
#863 = SURFACE_CURVE('',#864,(#868,#875),.PCURVE_S1.);
#864 = LINE('',#865,#866);
#865 = CARTESIAN_POINT('',(0.,111.01636013767,-1.));
#866 = VECTOR('',#867,1.);
#867 = DIRECTION('',(1.,0.,0.));
#868 = PCURVE('',#72,#869);
#869 = DEFINITIONAL_REPRESENTATION('',(#870),#874);
#870 = LINE('',#871,#872);
#871 = CARTESIAN_POINT('',(6.,0.));
#872 = VECTOR('',#873,1.);
#873 = DIRECTION('',(0.,-1.));
#874 = ( GEOMETRIC_REPRESENTATION_CONTEXT(2) 
PARAMETRIC_REPRESENTATION_CONTEXT() REPRESENTATION_CONTEXT('2D SPACE',''
  ) );
#875 = PCURVE('',#100,#876);
#876 = DEFINITIONAL_REPRESENTATION('',(#877),#881);
#877 = LINE('',#878,#879);
#878 = CARTESIAN_POINT('',(155.89775521854,0.));
#879 = VECTOR('',#880,1.);
#880 = DIRECTION('',(0.,-1.));
#881 = ( GEOMETRIC_REPRESENTATION_CONTEXT(2) 
PARAMETRIC_REPRESENTATION_CONTEXT() REPRESENTATION_CONTEXT('2D SPACE',''
  ) );
#882 = ORIENTED_EDGE('',*,*,#56,.F.);
#883 = ADVANCED_FACE('',(#884),#100,.T.);
#884 = FACE_BOUND('',#885,.T.);
#885 = EDGE_LOOP('',(#886,#887,#908,#929));
#886 = ORIENTED_EDGE('',*,*,#84,.F.);
#887 = ORIENTED_EDGE('',*,*,#888,.T.);
#888 = EDGE_CURVE('',#85,#889,#891,.T.);
#889 = VERTEX_POINT('',#890);
#890 = CARTESIAN_POINT('',(38.1,33.547712065626,133.1342674053));
#891 = SURFACE_CURVE('',#892,(#896,#902),.PCURVE_S1.);
#892 = LINE('',#893,#894);
#893 = CARTESIAN_POINT('',(0.,33.547712065626,133.1342674053));
#894 = VECTOR('',#895,1.);
#895 = DIRECTION('',(1.,0.,0.));
#896 = PCURVE('',#100,#897);
#897 = DEFINITIONAL_REPRESENTATION('',(#898),#901);
#898 = B_SPLINE_CURVE_WITH_KNOTS('',1,(#899,#900),.UNSPECIFIED.,.F.,.F.,
  (2,2),(0.,38.1),.PIECEWISE_BEZIER_KNOTS.);
#899 = CARTESIAN_POINT('',(0.999746430607,0.));
#900 = CARTESIAN_POINT('',(0.999746430607,-38.1));
#901 = ( GEOMETRIC_REPRESENTATION_CONTEXT(2) 
PARAMETRIC_REPRESENTATION_CONTEXT() REPRESENTATION_CONTEXT('2D SPACE',''
  ) );
#902 = PCURVE('',#128,#903);
#903 = DEFINITIONAL_REPRESENTATION('',(#904),#907);
#904 = B_SPLINE_CURVE_WITH_KNOTS('',1,(#905,#906),.UNSPECIFIED.,.F.,.F.,
  (2,2),(0.,38.1),.PIECEWISE_BEZIER_KNOTS.);
#905 = CARTESIAN_POINT('',(2.134267405308,0.));
#906 = CARTESIAN_POINT('',(2.134267405308,-38.1));
#907 = ( GEOMETRIC_REPRESENTATION_CONTEXT(2) 
PARAMETRIC_REPRESENTATION_CONTEXT() REPRESENTATION_CONTEXT('2D SPACE',''
  ) );
#908 = ORIENTED_EDGE('',*,*,#909,.T.);
#909 = EDGE_CURVE('',#889,#840,#910,.T.);
#910 = SURFACE_CURVE('',#911,(#915,#922),.PCURVE_S1.);
#911 = LINE('',#912,#913);
#912 = CARTESIAN_POINT('',(38.1,33.047712065626,134.));
#913 = VECTOR('',#914,1.);
#914 = DIRECTION('',(0.,0.500126816853,-0.865952173659));
#915 = PCURVE('',#100,#916);
#916 = DEFINITIONAL_REPRESENTATION('',(#917),#921);
#917 = LINE('',#918,#919);
#918 = CARTESIAN_POINT('',(0.,-38.1));
#919 = VECTOR('',#920,1.);
#920 = DIRECTION('',(1.,0.));
#921 = ( GEOMETRIC_REPRESENTATION_CONTEXT(2) 
PARAMETRIC_REPRESENTATION_CONTEXT() REPRESENTATION_CONTEXT('2D SPACE',''
  ) );
#922 = PCURVE('',#713,#923);
#923 = DEFINITIONAL_REPRESENTATION('',(#924),#928);
#924 = LINE('',#925,#926);
#925 = CARTESIAN_POINT('',(138.,9.457598970849));
#926 = VECTOR('',#927,1.);
#927 = DIRECTION('',(-0.865952173659,-0.500126816853));
#928 = ( GEOMETRIC_REPRESENTATION_CONTEXT(2) 
PARAMETRIC_REPRESENTATION_CONTEXT() REPRESENTATION_CONTEXT('2D SPACE',''
  ) );
#929 = ORIENTED_EDGE('',*,*,#862,.F.);
#930 = ADVANCED_FACE('',(#931),#128,.F.);
#931 = FACE_BOUND('',#932,.F.);
#932 = EDGE_LOOP('',(#933,#934,#935,#958));
#933 = ORIENTED_EDGE('',*,*,#112,.F.);
#934 = ORIENTED_EDGE('',*,*,#888,.T.);
#935 = ORIENTED_EDGE('',*,*,#936,.T.);
#936 = EDGE_CURVE('',#889,#937,#939,.T.);
#937 = VERTEX_POINT('',#938);
#938 = CARTESIAN_POINT('',(38.1,33.547712065626,145.91354629951));
#939 = SURFACE_CURVE('',#940,(#944,#951),.PCURVE_S1.);
#940 = LINE('',#941,#942);
#941 = CARTESIAN_POINT('',(38.1,33.547712065626,131.));
#942 = VECTOR('',#943,1.);
#943 = DIRECTION('',(0.,0.,1.));
#944 = PCURVE('',#128,#945);
#945 = DEFINITIONAL_REPRESENTATION('',(#946),#950);
#946 = LINE('',#947,#948);
#947 = CARTESIAN_POINT('',(0.,-38.1));
#948 = VECTOR('',#949,1.);
#949 = DIRECTION('',(1.,0.));
#950 = ( GEOMETRIC_REPRESENTATION_CONTEXT(2) 
PARAMETRIC_REPRESENTATION_CONTEXT() REPRESENTATION_CONTEXT('2D SPACE',''
  ) );
#951 = PCURVE('',#713,#952);
#952 = DEFINITIONAL_REPRESENTATION('',(#953),#957);
#953 = LINE('',#954,#955);
#954 = CARTESIAN_POINT('',(135.,8.957598970849));
#955 = VECTOR('',#956,1.);
#956 = DIRECTION('',(1.,0.));
#957 = ( GEOMETRIC_REPRESENTATION_CONTEXT(2) 
PARAMETRIC_REPRESENTATION_CONTEXT() REPRESENTATION_CONTEXT('2D SPACE',''
  ) );
#958 = ORIENTED_EDGE('',*,*,#959,.F.);
#959 = EDGE_CURVE('',#113,#937,#960,.T.);
#960 = SURFACE_CURVE('',#961,(#965,#972),.PCURVE_S1.);
#961 = LINE('',#962,#963);
#962 = CARTESIAN_POINT('',(0.,33.547712065626,145.91354629951));
#963 = VECTOR('',#964,1.);
#964 = DIRECTION('',(1.,0.,0.));
#965 = PCURVE('',#128,#966);
#966 = DEFINITIONAL_REPRESENTATION('',(#967),#971);
#967 = LINE('',#968,#969);
#968 = CARTESIAN_POINT('',(14.913546299515,0.));
#969 = VECTOR('',#970,1.);
#970 = DIRECTION('',(0.,-1.));
#971 = ( GEOMETRIC_REPRESENTATION_CONTEXT(2) 
PARAMETRIC_REPRESENTATION_CONTEXT() REPRESENTATION_CONTEXT('2D SPACE',''
  ) );
#972 = PCURVE('',#156,#973);
#973 = DEFINITIONAL_REPRESENTATION('',(#974),#978);
#974 = LINE('',#975,#976);
#975 = CARTESIAN_POINT('',(0.,-0.));
#976 = VECTOR('',#977,1.);
#977 = DIRECTION('',(0.,-1.));
#978 = ( GEOMETRIC_REPRESENTATION_CONTEXT(2) 
PARAMETRIC_REPRESENTATION_CONTEXT() REPRESENTATION_CONTEXT('2D SPACE',''
  ) );
#979 = ADVANCED_FACE('',(#980),#156,.F.);
#980 = FACE_BOUND('',#981,.F.);
#981 = EDGE_LOOP('',(#982,#983,#1006,#1027));
#982 = ORIENTED_EDGE('',*,*,#959,.T.);
#983 = ORIENTED_EDGE('',*,*,#984,.T.);
#984 = EDGE_CURVE('',#937,#985,#987,.T.);
#985 = VERTEX_POINT('',#986);
#986 = CARTESIAN_POINT('',(38.1,30.547712065626,145.91354629951));
#987 = SURFACE_CURVE('',#988,(#992,#999),.PCURVE_S1.);
#988 = LINE('',#989,#990);
#989 = CARTESIAN_POINT('',(38.1,33.547712065626,145.91354629951));
#990 = VECTOR('',#991,1.);
#991 = DIRECTION('',(0.,-1.,0.));
#992 = PCURVE('',#156,#993);
#993 = DEFINITIONAL_REPRESENTATION('',(#994),#998);
#994 = LINE('',#995,#996);
#995 = CARTESIAN_POINT('',(0.,-38.1));
#996 = VECTOR('',#997,1.);
#997 = DIRECTION('',(1.,0.));
#998 = ( GEOMETRIC_REPRESENTATION_CONTEXT(2) 
PARAMETRIC_REPRESENTATION_CONTEXT() REPRESENTATION_CONTEXT('2D SPACE',''
  ) );
#999 = PCURVE('',#713,#1000);
#1000 = DEFINITIONAL_REPRESENTATION('',(#1001),#1005);
#1001 = LINE('',#1002,#1003);
#1002 = CARTESIAN_POINT('',(149.91354629951,8.957598970849));
#1003 = VECTOR('',#1004,1.);
#1004 = DIRECTION('',(0.,1.));
#1005 = ( GEOMETRIC_REPRESENTATION_CONTEXT(2) 
PARAMETRIC_REPRESENTATION_CONTEXT() REPRESENTATION_CONTEXT('2D SPACE',''
  ) );
#1006 = ORIENTED_EDGE('',*,*,#1007,.F.);
#1007 = EDGE_CURVE('',#141,#985,#1008,.T.);
#1008 = SURFACE_CURVE('',#1009,(#1013,#1020),.PCURVE_S1.);
#1009 = LINE('',#1010,#1011);
#1010 = CARTESIAN_POINT('',(0.,30.547712065626,145.91354629951));
#1011 = VECTOR('',#1012,1.);
#1012 = DIRECTION('',(1.,0.,0.));
#1013 = PCURVE('',#156,#1014);
#1014 = DEFINITIONAL_REPRESENTATION('',(#1015),#1019);
#1015 = LINE('',#1016,#1017);
#1016 = CARTESIAN_POINT('',(3.,0.));
#1017 = VECTOR('',#1018,1.);
#1018 = DIRECTION('',(0.,-1.));
#1019 = ( GEOMETRIC_REPRESENTATION_CONTEXT(2) 
PARAMETRIC_REPRESENTATION_CONTEXT() REPRESENTATION_CONTEXT('2D SPACE',''
  ) );
#1020 = PCURVE('',#184,#1021);
#1021 = DEFINITIONAL_REPRESENTATION('',(#1022),#1026);
#1022 = LINE('',#1023,#1024);
#1023 = CARTESIAN_POINT('',(0.,0.));
#1024 = VECTOR('',#1025,1.);
#1025 = DIRECTION('',(0.,-1.));
#1026 = ( GEOMETRIC_REPRESENTATION_CONTEXT(2) 
PARAMETRIC_REPRESENTATION_CONTEXT() REPRESENTATION_CONTEXT('2D SPACE',''
  ) );
#1027 = ORIENTED_EDGE('',*,*,#140,.F.);
#1028 = ADVANCED_FACE('',(#1029),#184,.F.);
#1029 = FACE_BOUND('',#1030,.F.);
#1030 = EDGE_LOOP('',(#1031,#1032,#1033,#1056));
#1031 = ORIENTED_EDGE('',*,*,#168,.F.);
#1032 = ORIENTED_EDGE('',*,*,#1007,.T.);
#1033 = ORIENTED_EDGE('',*,*,#1034,.T.);
#1034 = EDGE_CURVE('',#985,#1035,#1037,.T.);
#1035 = VERTEX_POINT('',#1036);
#1036 = CARTESIAN_POINT('',(38.1,30.547712065626,131.91666666666));
#1037 = SURFACE_CURVE('',#1038,(#1042,#1049),.PCURVE_S1.);
#1038 = LINE('',#1039,#1040);
#1039 = CARTESIAN_POINT('',(38.1,30.547712065626,145.91354629951));
#1040 = VECTOR('',#1041,1.);
#1041 = DIRECTION('',(0.,0.,-1.));
#1042 = PCURVE('',#184,#1043);
#1043 = DEFINITIONAL_REPRESENTATION('',(#1044),#1048);
#1044 = LINE('',#1045,#1046);
#1045 = CARTESIAN_POINT('',(0.,-38.1));
#1046 = VECTOR('',#1047,1.);
#1047 = DIRECTION('',(1.,0.));
#1048 = ( GEOMETRIC_REPRESENTATION_CONTEXT(2) 
PARAMETRIC_REPRESENTATION_CONTEXT() REPRESENTATION_CONTEXT('2D SPACE',''
  ) );
#1049 = PCURVE('',#713,#1050);
#1050 = DEFINITIONAL_REPRESENTATION('',(#1051),#1055);
#1051 = LINE('',#1052,#1053);
#1052 = CARTESIAN_POINT('',(149.91354629951,11.957598970849));
#1053 = VECTOR('',#1054,1.);
#1054 = DIRECTION('',(-1.,0.));
#1055 = ( GEOMETRIC_REPRESENTATION_CONTEXT(2) 
PARAMETRIC_REPRESENTATION_CONTEXT() REPRESENTATION_CONTEXT('2D SPACE',''
  ) );
#1056 = ORIENTED_EDGE('',*,*,#1057,.T.);
#1057 = EDGE_CURVE('',#1035,#169,#1058,.T.);
#1058 = SURFACE_CURVE('',#1059,(#1063,#1069),.PCURVE_S1.);
#1059 = LINE('',#1060,#1061);
#1060 = CARTESIAN_POINT('',(0.,30.547712065626,131.91666666666));
#1061 = VECTOR('',#1062,1.);
#1062 = DIRECTION('',(-1.,-0.,0.));
#1063 = PCURVE('',#184,#1064);
#1064 = DEFINITIONAL_REPRESENTATION('',(#1065),#1068);
#1065 = B_SPLINE_CURVE_WITH_KNOTS('',1,(#1066,#1067),.UNSPECIFIED.,.F.,
  .F.,(2,2),(-38.1,0.),.PIECEWISE_BEZIER_KNOTS.);
#1066 = CARTESIAN_POINT('',(13.996879632848,-38.1));
#1067 = CARTESIAN_POINT('',(13.996879632848,0.));
#1068 = ( GEOMETRIC_REPRESENTATION_CONTEXT(2) 
PARAMETRIC_REPRESENTATION_CONTEXT() REPRESENTATION_CONTEXT('2D SPACE',''
  ) );
#1069 = PCURVE('',#212,#1070);
#1070 = DEFINITIONAL_REPRESENTATION('',(#1071),#1074);
#1071 = B_SPLINE_CURVE_WITH_KNOTS('',1,(#1072,#1073),.UNSPECIFIED.,.F.,
  .F.,(2,2),(-38.1,0.),.PIECEWISE_BEZIER_KNOTS.);
#1072 = CARTESIAN_POINT('',(4.555978977612,-38.1));
#1073 = CARTESIAN_POINT('',(4.555978977612,0.));
#1074 = ( GEOMETRIC_REPRESENTATION_CONTEXT(2) 
PARAMETRIC_REPRESENTATION_CONTEXT() REPRESENTATION_CONTEXT('2D SPACE',''
  ) );
#1075 = ADVANCED_FACE('',(#1076),#212,.T.);
#1076 = FACE_BOUND('',#1077,.T.);
#1077 = EDGE_LOOP('',(#1078,#1079,#1100,#1121));
#1078 = ORIENTED_EDGE('',*,*,#196,.F.);
#1079 = ORIENTED_EDGE('',*,*,#1080,.F.);
#1080 = EDGE_CURVE('',#1081,#197,#1083,.T.);
#1081 = VERTEX_POINT('',#1082);
#1082 = CARTESIAN_POINT('',(38.1,29.085858097366,130.69845502645));
#1083 = SURFACE_CURVE('',#1084,(#1088,#1094),.PCURVE_S1.);
#1084 = LINE('',#1085,#1086);
#1085 = CARTESIAN_POINT('',(0.,29.085858097366,130.69845502645));
#1086 = VECTOR('',#1087,1.);
#1087 = DIRECTION('',(-1.,-0.,0.));
#1088 = PCURVE('',#212,#1089);
#1089 = DEFINITIONAL_REPRESENTATION('',(#1090),#1093);
#1090 = B_SPLINE_CURVE_WITH_KNOTS('',1,(#1091,#1092),.UNSPECIFIED.,.F.,
  .F.,(2,2),(-38.1,0.),.PIECEWISE_BEZIER_KNOTS.);
#1091 = CARTESIAN_POINT('',(2.653071563975,-38.1));
#1092 = CARTESIAN_POINT('',(2.653071563975,0.));
#1093 = ( GEOMETRIC_REPRESENTATION_CONTEXT(2) 
PARAMETRIC_REPRESENTATION_CONTEXT() REPRESENTATION_CONTEXT('2D SPACE',''
  ) );
#1094 = PCURVE('',#240,#1095);
#1095 = DEFINITIONAL_REPRESENTATION('',(#1096),#1099);
#1096 = B_SPLINE_CURVE_WITH_KNOTS('',1,(#1097,#1098),.UNSPECIFIED.,.F.,
  .F.,(2,2),(-38.1,0.),.PIECEWISE_BEZIER_KNOTS.);
#1097 = CARTESIAN_POINT('',(2.456565299107,-38.1));
#1098 = CARTESIAN_POINT('',(2.456565299107,0.));
#1099 = ( GEOMETRIC_REPRESENTATION_CONTEXT(2) 
PARAMETRIC_REPRESENTATION_CONTEXT() REPRESENTATION_CONTEXT('2D SPACE',''
  ) );
#1100 = ORIENTED_EDGE('',*,*,#1101,.T.);
#1101 = EDGE_CURVE('',#1081,#1035,#1102,.T.);
#1102 = SURFACE_CURVE('',#1103,(#1107,#1114),.PCURVE_S1.);
#1103 = LINE('',#1104,#1105);
#1104 = CARTESIAN_POINT('',(38.1,27.047712065626,129.));
#1105 = VECTOR('',#1106,1.);
#1106 = DIRECTION('',(0.,0.768221279597,0.640184399664));
#1107 = PCURVE('',#212,#1108);
#1108 = DEFINITIONAL_REPRESENTATION('',(#1109),#1113);
#1109 = LINE('',#1110,#1111);
#1110 = CARTESIAN_POINT('',(0.,-38.1));
#1111 = VECTOR('',#1112,1.);
#1112 = DIRECTION('',(1.,0.));
#1113 = ( GEOMETRIC_REPRESENTATION_CONTEXT(2) 
PARAMETRIC_REPRESENTATION_CONTEXT() REPRESENTATION_CONTEXT('2D SPACE',''
  ) );
#1114 = PCURVE('',#713,#1115);
#1115 = DEFINITIONAL_REPRESENTATION('',(#1116),#1120);
#1116 = LINE('',#1117,#1118);
#1117 = CARTESIAN_POINT('',(133.,15.457598970849));
#1118 = VECTOR('',#1119,1.);
#1119 = DIRECTION('',(0.640184399664,-0.768221279597));
#1120 = ( GEOMETRIC_REPRESENTATION_CONTEXT(2) 
PARAMETRIC_REPRESENTATION_CONTEXT() REPRESENTATION_CONTEXT('2D SPACE',''
  ) );
#1121 = ORIENTED_EDGE('',*,*,#1057,.T.);
#1122 = ADVANCED_FACE('',(#1123),#240,.F.);
#1123 = FACE_BOUND('',#1124,.F.);
#1124 = EDGE_LOOP('',(#1125,#1126,#1127,#1150));
#1125 = ORIENTED_EDGE('',*,*,#224,.F.);
#1126 = ORIENTED_EDGE('',*,*,#1080,.F.);
#1127 = ORIENTED_EDGE('',*,*,#1128,.T.);
#1128 = EDGE_CURVE('',#1081,#1129,#1131,.T.);
#1129 = VERTEX_POINT('',#1130);
#1130 = CARTESIAN_POINT('',(38.1,25.576907859401,131.19160582182));
#1131 = SURFACE_CURVE('',#1132,(#1136,#1143),.PCURVE_S1.);
#1132 = LINE('',#1133,#1134);
#1133 = CARTESIAN_POINT('',(38.1,31.51851627185,130.35656721606));
#1134 = VECTOR('',#1135,1.);
#1135 = DIRECTION('',(0.,-0.990268068742,0.13917310096));
#1136 = PCURVE('',#240,#1137);
#1137 = DEFINITIONAL_REPRESENTATION('',(#1138),#1142);
#1138 = LINE('',#1139,#1140);
#1139 = CARTESIAN_POINT('',(0.,-38.1));
#1140 = VECTOR('',#1141,1.);
#1141 = DIRECTION('',(1.,0.));
#1142 = ( GEOMETRIC_REPRESENTATION_CONTEXT(2) 
PARAMETRIC_REPRESENTATION_CONTEXT() REPRESENTATION_CONTEXT('2D SPACE',''
  ) );
#1143 = PCURVE('',#713,#1144);
#1144 = DEFINITIONAL_REPRESENTATION('',(#1145),#1149);
#1145 = LINE('',#1146,#1147);
#1146 = CARTESIAN_POINT('',(134.35656721606,10.986794764624));
#1147 = VECTOR('',#1148,1.);
#1148 = DIRECTION('',(0.13917310096,0.990268068742));
#1149 = ( GEOMETRIC_REPRESENTATION_CONTEXT(2) 
PARAMETRIC_REPRESENTATION_CONTEXT() REPRESENTATION_CONTEXT('2D SPACE',''
  ) );
#1150 = ORIENTED_EDGE('',*,*,#1151,.F.);
#1151 = EDGE_CURVE('',#225,#1129,#1152,.T.);
#1152 = SURFACE_CURVE('',#1153,(#1157,#1164),.PCURVE_S1.);
#1153 = LINE('',#1154,#1155);
#1154 = CARTESIAN_POINT('',(0.,25.576907859401,131.19160582182));
#1155 = VECTOR('',#1156,1.);
#1156 = DIRECTION('',(1.,0.,0.));
#1157 = PCURVE('',#240,#1158);
#1158 = DEFINITIONAL_REPRESENTATION('',(#1159),#1163);
#1159 = LINE('',#1160,#1161);
#1160 = CARTESIAN_POINT('',(6.,0.));
#1161 = VECTOR('',#1162,1.);
#1162 = DIRECTION('',(0.,-1.));
#1163 = ( GEOMETRIC_REPRESENTATION_CONTEXT(2) 
PARAMETRIC_REPRESENTATION_CONTEXT() REPRESENTATION_CONTEXT('2D SPACE',''
  ) );
#1164 = PCURVE('',#268,#1165);
#1165 = DEFINITIONAL_REPRESENTATION('',(#1166),#1170);
#1166 = LINE('',#1167,#1168);
#1167 = CARTESIAN_POINT('',(0.,0.));
#1168 = VECTOR('',#1169,1.);
#1169 = DIRECTION('',(0.,-1.));
#1170 = ( GEOMETRIC_REPRESENTATION_CONTEXT(2) 
PARAMETRIC_REPRESENTATION_CONTEXT() REPRESENTATION_CONTEXT('2D SPACE',''
  ) );
#1171 = ADVANCED_FACE('',(#1172),#268,.F.);
#1172 = FACE_BOUND('',#1173,.F.);
#1173 = EDGE_LOOP('',(#1174,#1175,#1176,#1199));
#1174 = ORIENTED_EDGE('',*,*,#252,.F.);
#1175 = ORIENTED_EDGE('',*,*,#1151,.T.);
#1176 = ORIENTED_EDGE('',*,*,#1177,.T.);
#1177 = EDGE_CURVE('',#1129,#1178,#1180,.T.);
#1178 = VERTEX_POINT('',#1179);
#1179 = CARTESIAN_POINT('',(38.1,14.025540479716,48.999356116273));
#1180 = SURFACE_CURVE('',#1181,(#1185,#1192),.PCURVE_S1.);
#1181 = LINE('',#1182,#1183);
#1182 = CARTESIAN_POINT('',(38.1,25.576907859401,131.19160582182));
#1183 = VECTOR('',#1184,1.);
#1184 = DIRECTION('',(0.,-0.13917310096,-0.990268068742));
#1185 = PCURVE('',#268,#1186);
#1186 = DEFINITIONAL_REPRESENTATION('',(#1187),#1191);
#1187 = LINE('',#1188,#1189);
#1188 = CARTESIAN_POINT('',(0.,-38.1));
#1189 = VECTOR('',#1190,1.);
#1190 = DIRECTION('',(1.,0.));
#1191 = ( GEOMETRIC_REPRESENTATION_CONTEXT(2) 
PARAMETRIC_REPRESENTATION_CONTEXT() REPRESENTATION_CONTEXT('2D SPACE',''
  ) );
#1192 = PCURVE('',#713,#1193);
#1193 = DEFINITIONAL_REPRESENTATION('',(#1194),#1198);
#1194 = LINE('',#1195,#1196);
#1195 = CARTESIAN_POINT('',(135.19160582182,16.928403177074));
#1196 = VECTOR('',#1197,1.);
#1197 = DIRECTION('',(-0.990268068742,0.13917310096));
#1198 = ( GEOMETRIC_REPRESENTATION_CONTEXT(2) 
PARAMETRIC_REPRESENTATION_CONTEXT() REPRESENTATION_CONTEXT('2D SPACE',''
  ) );
#1199 = ORIENTED_EDGE('',*,*,#1200,.F.);
#1200 = EDGE_CURVE('',#253,#1178,#1201,.T.);
#1201 = SURFACE_CURVE('',#1202,(#1206,#1213),.PCURVE_S1.);
#1202 = LINE('',#1203,#1204);
#1203 = CARTESIAN_POINT('',(0.,14.025540479716,48.999356116273));
#1204 = VECTOR('',#1205,1.);
#1205 = DIRECTION('',(1.,0.,0.));
#1206 = PCURVE('',#268,#1207);
#1207 = DEFINITIONAL_REPRESENTATION('',(#1208),#1212);
#1208 = LINE('',#1209,#1210);
#1209 = CARTESIAN_POINT('',(83.,0.));
#1210 = VECTOR('',#1211,1.);
#1211 = DIRECTION('',(0.,-1.));
#1212 = ( GEOMETRIC_REPRESENTATION_CONTEXT(2) 
PARAMETRIC_REPRESENTATION_CONTEXT() REPRESENTATION_CONTEXT('2D SPACE',''
  ) );
#1213 = PCURVE('',#296,#1214);
#1214 = DEFINITIONAL_REPRESENTATION('',(#1215),#1219);
#1215 = LINE('',#1216,#1217);
#1216 = CARTESIAN_POINT('',(6.,0.));
#1217 = VECTOR('',#1218,1.);
#1218 = DIRECTION('',(0.,-1.));
#1219 = ( GEOMETRIC_REPRESENTATION_CONTEXT(2) 
PARAMETRIC_REPRESENTATION_CONTEXT() REPRESENTATION_CONTEXT('2D SPACE',''
  ) );
#1220 = ADVANCED_FACE('',(#1221),#296,.F.);
#1221 = FACE_BOUND('',#1222,.F.);
#1222 = EDGE_LOOP('',(#1223,#1224,#1225,#1248));
#1223 = ORIENTED_EDGE('',*,*,#280,.F.);
#1224 = ORIENTED_EDGE('',*,*,#1200,.T.);
#1225 = ORIENTED_EDGE('',*,*,#1226,.T.);
#1226 = EDGE_CURVE('',#1178,#1227,#1229,.T.);
#1227 = VERTEX_POINT('',#1228);
#1228 = CARTESIAN_POINT('',(38.1,7.504625247052,49.915810986095));
#1229 = SURFACE_CURVE('',#1230,(#1234,#1241),.PCURVE_S1.);
#1230 = LINE('',#1231,#1232);
#1231 = CARTESIAN_POINT('',(38.1,19.967148892165,48.164317510512));
#1232 = VECTOR('',#1233,1.);
#1233 = DIRECTION('',(0.,-0.990268068742,0.13917310096));
#1234 = PCURVE('',#296,#1235);
#1235 = DEFINITIONAL_REPRESENTATION('',(#1236),#1240);
#1236 = LINE('',#1237,#1238);
#1237 = CARTESIAN_POINT('',(0.,-38.1));
#1238 = VECTOR('',#1239,1.);
#1239 = DIRECTION('',(1.,0.));
#1240 = ( GEOMETRIC_REPRESENTATION_CONTEXT(2) 
PARAMETRIC_REPRESENTATION_CONTEXT() REPRESENTATION_CONTEXT('2D SPACE',''
  ) );
#1241 = PCURVE('',#713,#1242);
#1242 = DEFINITIONAL_REPRESENTATION('',(#1243),#1247);
#1243 = LINE('',#1244,#1245);
#1244 = CARTESIAN_POINT('',(52.164317510512,22.53816214431));
#1245 = VECTOR('',#1246,1.);
#1246 = DIRECTION('',(0.13917310096,0.990268068742));
#1247 = ( GEOMETRIC_REPRESENTATION_CONTEXT(2) 
PARAMETRIC_REPRESENTATION_CONTEXT() REPRESENTATION_CONTEXT('2D SPACE',''
  ) );
#1248 = ORIENTED_EDGE('',*,*,#1249,.T.);
#1249 = EDGE_CURVE('',#1227,#281,#1250,.T.);
#1250 = SURFACE_CURVE('',#1251,(#1255,#1261),.PCURVE_S1.);
#1251 = LINE('',#1252,#1253);
#1252 = CARTESIAN_POINT('',(0.,7.504625247052,49.915810986095));
#1253 = VECTOR('',#1254,1.);
#1254 = DIRECTION('',(-1.,-0.,0.));
#1255 = PCURVE('',#296,#1256);
#1256 = DEFINITIONAL_REPRESENTATION('',(#1257),#1260);
#1257 = B_SPLINE_CURVE_WITH_KNOTS('',1,(#1258,#1259),.UNSPECIFIED.,.F.,
  .F.,(2,2),(-38.1,0.),.PIECEWISE_BEZIER_KNOTS.);
#1258 = CARTESIAN_POINT('',(12.585,-38.1));
#1259 = CARTESIAN_POINT('',(12.585,0.));
#1260 = ( GEOMETRIC_REPRESENTATION_CONTEXT(2) 
PARAMETRIC_REPRESENTATION_CONTEXT() REPRESENTATION_CONTEXT('2D SPACE',''
  ) );
#1261 = PCURVE('',#324,#1262);
#1262 = DEFINITIONAL_REPRESENTATION('',(#1263),#1266);
#1263 = B_SPLINE_CURVE_WITH_KNOTS('',1,(#1264,#1265),.UNSPECIFIED.,.F.,
  .F.,(2,2),(-38.1,0.),.PIECEWISE_BEZIER_KNOTS.);
#1264 = CARTESIAN_POINT('',(22.,-38.1));
#1265 = CARTESIAN_POINT('',(22.,0.));
#1266 = ( GEOMETRIC_REPRESENTATION_CONTEXT(2) 
PARAMETRIC_REPRESENTATION_CONTEXT() REPRESENTATION_CONTEXT('2D SPACE',''
  ) );
#1267 = ADVANCED_FACE('',(#1268,#1316),#324,.T.);
#1268 = FACE_BOUND('',#1269,.T.);
#1269 = EDGE_LOOP('',(#1270,#1271,#1294,#1315));
#1270 = ORIENTED_EDGE('',*,*,#308,.F.);
#1271 = ORIENTED_EDGE('',*,*,#1272,.T.);
#1272 = EDGE_CURVE('',#309,#1273,#1275,.T.);
#1273 = VERTEX_POINT('',#1274);
#1274 = CARTESIAN_POINT('',(38.1,4.442817025931,28.12991347378));
#1275 = SURFACE_CURVE('',#1276,(#1280,#1287),.PCURVE_S1.);
#1276 = LINE('',#1277,#1278);
#1277 = CARTESIAN_POINT('',(0.,4.442817025931,28.12991347378));
#1278 = VECTOR('',#1279,1.);
#1279 = DIRECTION('',(1.,0.,0.));
#1280 = PCURVE('',#324,#1281);
#1281 = DEFINITIONAL_REPRESENTATION('',(#1282),#1286);
#1282 = LINE('',#1283,#1284);
#1283 = CARTESIAN_POINT('',(0.,0.));
#1284 = VECTOR('',#1285,1.);
#1285 = DIRECTION('',(0.,-1.));
#1286 = ( GEOMETRIC_REPRESENTATION_CONTEXT(2) 
PARAMETRIC_REPRESENTATION_CONTEXT() REPRESENTATION_CONTEXT('2D SPACE',''
  ) );
#1287 = PCURVE('',#352,#1288);
#1288 = DEFINITIONAL_REPRESENTATION('',(#1289),#1293);
#1289 = LINE('',#1290,#1291);
#1290 = CARTESIAN_POINT('',(13.,0.));
#1291 = VECTOR('',#1292,1.);
#1292 = DIRECTION('',(0.,-1.));
#1293 = ( GEOMETRIC_REPRESENTATION_CONTEXT(2) 
PARAMETRIC_REPRESENTATION_CONTEXT() REPRESENTATION_CONTEXT('2D SPACE',''
  ) );
#1294 = ORIENTED_EDGE('',*,*,#1295,.T.);
#1295 = EDGE_CURVE('',#1273,#1227,#1296,.T.);
#1296 = SURFACE_CURVE('',#1297,(#1301,#1308),.PCURVE_S1.);
#1297 = LINE('',#1298,#1299);
#1298 = CARTESIAN_POINT('',(38.1,4.442817025931,28.12991347378));
#1299 = VECTOR('',#1300,1.);
#1300 = DIRECTION('',(0.,0.13917310096,0.990268068742));
#1301 = PCURVE('',#324,#1302);
#1302 = DEFINITIONAL_REPRESENTATION('',(#1303),#1307);
#1303 = LINE('',#1304,#1305);
#1304 = CARTESIAN_POINT('',(0.,-38.1));
#1305 = VECTOR('',#1306,1.);
#1306 = DIRECTION('',(1.,0.));
#1307 = ( GEOMETRIC_REPRESENTATION_CONTEXT(2) 
PARAMETRIC_REPRESENTATION_CONTEXT() REPRESENTATION_CONTEXT('2D SPACE',''
  ) );
#1308 = PCURVE('',#713,#1309);
#1309 = DEFINITIONAL_REPRESENTATION('',(#1310),#1314);
#1310 = LINE('',#1311,#1312);
#1311 = CARTESIAN_POINT('',(32.12991347378,38.062494010544));
#1312 = VECTOR('',#1313,1.);
#1313 = DIRECTION('',(0.990268068742,-0.13917310096));
#1314 = ( GEOMETRIC_REPRESENTATION_CONTEXT(2) 
PARAMETRIC_REPRESENTATION_CONTEXT() REPRESENTATION_CONTEXT('2D SPACE',''
  ) );
#1315 = ORIENTED_EDGE('',*,*,#1249,.T.);
#1316 = FACE_BOUND('',#1317,.T.);
#1317 = EDGE_LOOP('',(#1318));
#1318 = ORIENTED_EDGE('',*,*,#1319,.T.);
#1319 = EDGE_CURVE('',#1320,#1320,#1322,.T.);
#1320 = VERTEX_POINT('',#1321);
#1321 = CARTESIAN_POINT('',(19.05,6.558248160524,43.181988118652));
#1322 = SURFACE_CURVE('',#1323,(#1328,#1339),.PCURVE_S1.);
#1323 = CIRCLE('',#1324,4.2);
#1324 = AXIS2_PLACEMENT_3D('',#1325,#1326,#1327);
#1325 = CARTESIAN_POINT('',(19.05,5.973721136492,39.022862229937));
#1326 = DIRECTION('',(0.,0.990268068742,-0.13917310096));
#1327 = DIRECTION('',(0.,0.13917310096,0.990268068742));
#1328 = PCURVE('',#324,#1329);
#1329 = DEFINITIONAL_REPRESENTATION('',(#1330),#1338);
#1330 = ( BOUNDED_CURVE() B_SPLINE_CURVE(2,(#1331,#1332,#1333,#1334,
#1335,#1336,#1337),.UNSPECIFIED.,.T.,.F.) B_SPLINE_CURVE_WITH_KNOTS((1,2
    ,2,2,2,1),(-2.094395102393,0.,2.094395102393,4.188790204786,
6.28318530718,8.377580409573),.UNSPECIFIED.) CURVE() 
GEOMETRIC_REPRESENTATION_ITEM() RATIONAL_B_SPLINE_CURVE((1.,0.5,1.,0.5,
1.,0.5,1.)) REPRESENTATION_ITEM('') );
#1331 = CARTESIAN_POINT('',(15.2,-19.05));
#1332 = CARTESIAN_POINT('',(15.2,-26.32461339178));
#1333 = CARTESIAN_POINT('',(8.9,-22.68730669589));
#1334 = CARTESIAN_POINT('',(2.6,-19.05));
#1335 = CARTESIAN_POINT('',(8.9,-15.4126933041));
#1336 = CARTESIAN_POINT('',(15.2,-11.77538660821));
#1337 = CARTESIAN_POINT('',(15.2,-19.05));
#1338 = ( GEOMETRIC_REPRESENTATION_CONTEXT(2) 
PARAMETRIC_REPRESENTATION_CONTEXT() REPRESENTATION_CONTEXT('2D SPACE',''
  ) );
#1339 = PCURVE('',#1340,#1345);
#1340 = CYLINDRICAL_SURFACE('',#1341,4.2);
#1341 = AXIS2_PLACEMENT_3D('',#1342,#1343,#1344);
#1342 = CARTESIAN_POINT('',(19.05,-28.02713300375,43.801370651401));
#1343 = DIRECTION('',(0.,0.990268068742,-0.13917310096));
#1344 = DIRECTION('',(0.,0.13917310096,0.990268068742));
#1345 = DEFINITIONAL_REPRESENTATION('',(#1346),#1350);
#1346 = LINE('',#1347,#1348);
#1347 = CARTESIAN_POINT('',(0.,34.335));
#1348 = VECTOR('',#1349,1.);
#1349 = DIRECTION('',(1.,0.));
#1350 = ( GEOMETRIC_REPRESENTATION_CONTEXT(2) 
PARAMETRIC_REPRESENTATION_CONTEXT() REPRESENTATION_CONTEXT('2D SPACE',''
  ) );
#1351 = ADVANCED_FACE('',(#1352),#352,.T.);
#1352 = FACE_BOUND('',#1353,.T.);
#1353 = EDGE_LOOP('',(#1354,#1377,#1398,#1399));
#1354 = ORIENTED_EDGE('',*,*,#1355,.T.);
#1355 = EDGE_CURVE('',#337,#1356,#1358,.T.);
#1356 = VERTEX_POINT('',#1357);
#1357 = CARTESIAN_POINT('',(38.1,-8.430667867709,29.939163786261));
#1358 = SURFACE_CURVE('',#1359,(#1363,#1370),.PCURVE_S1.);
#1359 = LINE('',#1360,#1361);
#1360 = CARTESIAN_POINT('',(0.,-8.430667867709,29.939163786261));
#1361 = VECTOR('',#1362,1.);
#1362 = DIRECTION('',(1.,0.,0.));
#1363 = PCURVE('',#352,#1364);
#1364 = DEFINITIONAL_REPRESENTATION('',(#1365),#1369);
#1365 = LINE('',#1366,#1367);
#1366 = CARTESIAN_POINT('',(0.,0.));
#1367 = VECTOR('',#1368,1.);
#1368 = DIRECTION('',(0.,-1.));
#1369 = ( GEOMETRIC_REPRESENTATION_CONTEXT(2) 
PARAMETRIC_REPRESENTATION_CONTEXT() REPRESENTATION_CONTEXT('2D SPACE',''
  ) );
#1370 = PCURVE('',#380,#1371);
#1371 = DEFINITIONAL_REPRESENTATION('',(#1372),#1376);
#1372 = LINE('',#1373,#1374);
#1373 = CARTESIAN_POINT('',(23.,0.));
#1374 = VECTOR('',#1375,1.);
#1375 = DIRECTION('',(0.,-1.));
#1376 = ( GEOMETRIC_REPRESENTATION_CONTEXT(2) 
PARAMETRIC_REPRESENTATION_CONTEXT() REPRESENTATION_CONTEXT('2D SPACE',''
  ) );
#1377 = ORIENTED_EDGE('',*,*,#1378,.T.);
#1378 = EDGE_CURVE('',#1356,#1273,#1379,.T.);
#1379 = SURFACE_CURVE('',#1380,(#1384,#1391),.PCURVE_S1.);
#1380 = LINE('',#1381,#1382);
#1381 = CARTESIAN_POINT('',(38.1,-8.430667867709,29.939163786261));
#1382 = VECTOR('',#1383,1.);
#1383 = DIRECTION('',(0.,0.990268068742,-0.13917310096));
#1384 = PCURVE('',#352,#1385);
#1385 = DEFINITIONAL_REPRESENTATION('',(#1386),#1390);
#1386 = LINE('',#1387,#1388);
#1387 = CARTESIAN_POINT('',(0.,-38.1));
#1388 = VECTOR('',#1389,1.);
#1389 = DIRECTION('',(1.,0.));
#1390 = ( GEOMETRIC_REPRESENTATION_CONTEXT(2) 
PARAMETRIC_REPRESENTATION_CONTEXT() REPRESENTATION_CONTEXT('2D SPACE',''
  ) );
#1391 = PCURVE('',#713,#1392);
#1392 = DEFINITIONAL_REPRESENTATION('',(#1393),#1397);
#1393 = LINE('',#1394,#1395);
#1394 = CARTESIAN_POINT('',(33.939163786261,50.935978904184));
#1395 = VECTOR('',#1396,1.);
#1396 = DIRECTION('',(-0.13917310096,-0.990268068742));
#1397 = ( GEOMETRIC_REPRESENTATION_CONTEXT(2) 
PARAMETRIC_REPRESENTATION_CONTEXT() REPRESENTATION_CONTEXT('2D SPACE',''
  ) );
#1398 = ORIENTED_EDGE('',*,*,#1272,.F.);
#1399 = ORIENTED_EDGE('',*,*,#336,.F.);
#1400 = ADVANCED_FACE('',(#1401,#1447),#380,.T.);
#1401 = FACE_BOUND('',#1402,.T.);
#1402 = EDGE_LOOP('',(#1403,#1404,#1425,#1446));
#1403 = ORIENTED_EDGE('',*,*,#364,.F.);
#1404 = ORIENTED_EDGE('',*,*,#1405,.T.);
#1405 = EDGE_CURVE('',#365,#1406,#1408,.T.);
#1406 = VERTEX_POINT('',#1407);
#1407 = CARTESIAN_POINT('',(38.1,-5.368859646588,51.725061298576));
#1408 = SURFACE_CURVE('',#1409,(#1413,#1419),.PCURVE_S1.);
#1409 = LINE('',#1410,#1411);
#1410 = CARTESIAN_POINT('',(0.,-5.368859646588,51.725061298576));
#1411 = VECTOR('',#1412,1.);
#1412 = DIRECTION('',(1.,0.,0.));
#1413 = PCURVE('',#380,#1414);
#1414 = DEFINITIONAL_REPRESENTATION('',(#1415),#1418);
#1415 = B_SPLINE_CURVE_WITH_KNOTS('',1,(#1416,#1417),.UNSPECIFIED.,.F.,
  .F.,(2,2),(0.,38.1),.PIECEWISE_BEZIER_KNOTS.);
#1416 = CARTESIAN_POINT('',(1.,0.));
#1417 = CARTESIAN_POINT('',(1.,-38.1));
#1418 = ( GEOMETRIC_REPRESENTATION_CONTEXT(2) 
PARAMETRIC_REPRESENTATION_CONTEXT() REPRESENTATION_CONTEXT('2D SPACE',''
  ) );
#1419 = PCURVE('',#408,#1420);
#1420 = DEFINITIONAL_REPRESENTATION('',(#1421),#1424);
#1421 = B_SPLINE_CURVE_WITH_KNOTS('',1,(#1422,#1423),.UNSPECIFIED.,.F.,
  .F.,(2,2),(0.,38.1),.PIECEWISE_BEZIER_KNOTS.);
#1422 = CARTESIAN_POINT('',(25.585,0.));
#1423 = CARTESIAN_POINT('',(25.585,-38.1));
#1424 = ( GEOMETRIC_REPRESENTATION_CONTEXT(2) 
PARAMETRIC_REPRESENTATION_CONTEXT() REPRESENTATION_CONTEXT('2D SPACE',''
  ) );
#1425 = ORIENTED_EDGE('',*,*,#1426,.T.);
#1426 = EDGE_CURVE('',#1406,#1356,#1427,.T.);
#1427 = SURFACE_CURVE('',#1428,(#1432,#1439),.PCURVE_S1.);
#1428 = LINE('',#1429,#1430);
#1429 = CARTESIAN_POINT('',(38.1,-5.229686545628,52.715329367317));
#1430 = VECTOR('',#1431,1.);
#1431 = DIRECTION('',(0.,-0.13917310096,-0.990268068742));
#1432 = PCURVE('',#380,#1433);
#1433 = DEFINITIONAL_REPRESENTATION('',(#1434),#1438);
#1434 = LINE('',#1435,#1436);
#1435 = CARTESIAN_POINT('',(0.,-38.1));
#1436 = VECTOR('',#1437,1.);
#1437 = DIRECTION('',(1.,0.));
#1438 = ( GEOMETRIC_REPRESENTATION_CONTEXT(2) 
PARAMETRIC_REPRESENTATION_CONTEXT() REPRESENTATION_CONTEXT('2D SPACE',''
  ) );
#1439 = PCURVE('',#713,#1440);
#1440 = DEFINITIONAL_REPRESENTATION('',(#1441),#1445);
#1441 = LINE('',#1442,#1443);
#1442 = CARTESIAN_POINT('',(56.715329367317,47.734997582103));
#1443 = VECTOR('',#1444,1.);
#1444 = DIRECTION('',(-0.990268068742,0.13917310096));
#1445 = ( GEOMETRIC_REPRESENTATION_CONTEXT(2) 
PARAMETRIC_REPRESENTATION_CONTEXT() REPRESENTATION_CONTEXT('2D SPACE',''
  ) );
#1446 = ORIENTED_EDGE('',*,*,#1355,.F.);
#1447 = FACE_BOUND('',#1448,.T.);
#1448 = EDGE_LOOP('',(#1449));
#1449 = ORIENTED_EDGE('',*,*,#1450,.F.);
#1450 = EDGE_CURVE('',#1451,#1451,#1453,.T.);
#1451 = VERTEX_POINT('',#1452);
#1452 = CARTESIAN_POINT('',(19.05,-6.315236733116,44.991238431133));
#1453 = SURFACE_CURVE('',#1454,(#1459,#1466),.PCURVE_S1.);
#1454 = CIRCLE('',#1455,4.2);
#1455 = AXIS2_PLACEMENT_3D('',#1456,#1457,#1458);
#1456 = CARTESIAN_POINT('',(19.05,-6.899763757149,40.832112542418));
#1457 = DIRECTION('',(0.,0.990268068742,-0.13917310096));
#1458 = DIRECTION('',(0.,0.13917310096,0.990268068742));
#1459 = PCURVE('',#380,#1460);
#1460 = DEFINITIONAL_REPRESENTATION('',(#1461),#1465);
#1461 = CIRCLE('',#1462,4.2);
#1462 = AXIS2_PLACEMENT_2D('',#1463,#1464);
#1463 = CARTESIAN_POINT('',(12.,-19.05));
#1464 = DIRECTION('',(-1.,0.));
#1465 = ( GEOMETRIC_REPRESENTATION_CONTEXT(2) 
PARAMETRIC_REPRESENTATION_CONTEXT() REPRESENTATION_CONTEXT('2D SPACE',''
  ) );
#1466 = PCURVE('',#1467,#1472);
#1467 = CYLINDRICAL_SURFACE('',#1468,4.2);
#1468 = AXIS2_PLACEMENT_3D('',#1469,#1470,#1471);
#1469 = CARTESIAN_POINT('',(19.05,-28.02713300375,43.801370651401));
#1470 = DIRECTION('',(0.,0.990268068742,-0.13917310096));
#1471 = DIRECTION('',(0.,0.13917310096,0.990268068742));
#1472 = DEFINITIONAL_REPRESENTATION('',(#1473),#1477);
#1473 = LINE('',#1474,#1475);
#1474 = CARTESIAN_POINT('',(0.,21.335));
#1475 = VECTOR('',#1476,1.);
#1476 = DIRECTION('',(1.,0.));
#1477 = ( GEOMETRIC_REPRESENTATION_CONTEXT(2) 
PARAMETRIC_REPRESENTATION_CONTEXT() REPRESENTATION_CONTEXT('2D SPACE',''
  ) );
#1478 = ADVANCED_FACE('',(#1479),#408,.F.);
#1479 = FACE_BOUND('',#1480,.F.);
#1480 = EDGE_LOOP('',(#1481,#1482,#1483,#1506));
#1481 = ORIENTED_EDGE('',*,*,#392,.F.);
#1482 = ORIENTED_EDGE('',*,*,#1405,.T.);
#1483 = ORIENTED_EDGE('',*,*,#1484,.T.);
#1484 = EDGE_CURVE('',#1406,#1485,#1487,.T.);
#1485 = VERTEX_POINT('',#1486);
#1486 = CARTESIAN_POINT('',(38.1,-13.62274399954,52.885069095078));
#1487 = SURFACE_CURVE('',#1488,(#1492,#1499),.PCURVE_S1.);
#1488 = LINE('',#1489,#1490);
#1489 = CARTESIAN_POINT('',(38.1,19.967148892165,48.164317510512));
#1490 = VECTOR('',#1491,1.);
#1491 = DIRECTION('',(0.,-0.990268068742,0.13917310096));
#1492 = PCURVE('',#408,#1493);
#1493 = DEFINITIONAL_REPRESENTATION('',(#1494),#1498);
#1494 = LINE('',#1495,#1496);
#1495 = CARTESIAN_POINT('',(0.,-38.1));
#1496 = VECTOR('',#1497,1.);
#1497 = DIRECTION('',(1.,0.));
#1498 = ( GEOMETRIC_REPRESENTATION_CONTEXT(2) 
PARAMETRIC_REPRESENTATION_CONTEXT() REPRESENTATION_CONTEXT('2D SPACE',''
  ) );
#1499 = PCURVE('',#713,#1500);
#1500 = DEFINITIONAL_REPRESENTATION('',(#1501),#1505);
#1501 = LINE('',#1502,#1503);
#1502 = CARTESIAN_POINT('',(52.164317510512,22.53816214431));
#1503 = VECTOR('',#1504,1.);
#1504 = DIRECTION('',(0.13917310096,0.990268068742));
#1505 = ( GEOMETRIC_REPRESENTATION_CONTEXT(2) 
PARAMETRIC_REPRESENTATION_CONTEXT() REPRESENTATION_CONTEXT('2D SPACE',''
  ) );
#1506 = ORIENTED_EDGE('',*,*,#1507,.T.);
#1507 = EDGE_CURVE('',#1485,#393,#1508,.T.);
#1508 = SURFACE_CURVE('',#1509,(#1513,#1519),.PCURVE_S1.);
#1509 = LINE('',#1510,#1511);
#1510 = CARTESIAN_POINT('',(0.,-13.62274399954,52.885069095078));
#1511 = VECTOR('',#1512,1.);
#1512 = DIRECTION('',(-1.,-0.,0.));
#1513 = PCURVE('',#408,#1514);
#1514 = DEFINITIONAL_REPRESENTATION('',(#1515),#1518);
#1515 = B_SPLINE_CURVE_WITH_KNOTS('',1,(#1516,#1517),.UNSPECIFIED.,.F.,
  .F.,(2,2),(-38.1,0.),.PIECEWISE_BEZIER_KNOTS.);
#1516 = CARTESIAN_POINT('',(33.92,-38.1));
#1517 = CARTESIAN_POINT('',(33.92,0.));
#1518 = ( GEOMETRIC_REPRESENTATION_CONTEXT(2) 
PARAMETRIC_REPRESENTATION_CONTEXT() REPRESENTATION_CONTEXT('2D SPACE',''
  ) );
#1519 = PCURVE('',#436,#1520);
#1520 = DEFINITIONAL_REPRESENTATION('',(#1521),#1524);
#1521 = B_SPLINE_CURVE_WITH_KNOTS('',1,(#1522,#1523),.UNSPECIFIED.,.F.,
  .F.,(2,2),(-38.1,0.),.PIECEWISE_BEZIER_KNOTS.);
#1522 = CARTESIAN_POINT('',(22.,-38.1));
#1523 = CARTESIAN_POINT('',(22.,0.));
#1524 = ( GEOMETRIC_REPRESENTATION_CONTEXT(2) 
PARAMETRIC_REPRESENTATION_CONTEXT() REPRESENTATION_CONTEXT('2D SPACE',''
  ) );
#1525 = ADVANCED_FACE('',(#1526,#1574),#436,.T.);
#1526 = FACE_BOUND('',#1527,.T.);
#1527 = EDGE_LOOP('',(#1528,#1529,#1552,#1573));
#1528 = ORIENTED_EDGE('',*,*,#420,.F.);
#1529 = ORIENTED_EDGE('',*,*,#1530,.T.);
#1530 = EDGE_CURVE('',#421,#1531,#1533,.T.);
#1531 = VERTEX_POINT('',#1532);
#1532 = CARTESIAN_POINT('',(38.1,-16.68455222067,31.099171582763));
#1533 = SURFACE_CURVE('',#1534,(#1538,#1545),.PCURVE_S1.);
#1534 = LINE('',#1535,#1536);
#1535 = CARTESIAN_POINT('',(0.,-16.68455222067,31.099171582763));
#1536 = VECTOR('',#1537,1.);
#1537 = DIRECTION('',(1.,0.,0.));
#1538 = PCURVE('',#436,#1539);
#1539 = DEFINITIONAL_REPRESENTATION('',(#1540),#1544);
#1540 = LINE('',#1541,#1542);
#1541 = CARTESIAN_POINT('',(0.,0.));
#1542 = VECTOR('',#1543,1.);
#1543 = DIRECTION('',(0.,-1.));
#1544 = ( GEOMETRIC_REPRESENTATION_CONTEXT(2) 
PARAMETRIC_REPRESENTATION_CONTEXT() REPRESENTATION_CONTEXT('2D SPACE',''
  ) );
#1545 = PCURVE('',#464,#1546);
#1546 = DEFINITIONAL_REPRESENTATION('',(#1547),#1551);
#1547 = LINE('',#1548,#1549);
#1548 = CARTESIAN_POINT('',(6.,0.));
#1549 = VECTOR('',#1550,1.);
#1550 = DIRECTION('',(0.,-1.));
#1551 = ( GEOMETRIC_REPRESENTATION_CONTEXT(2) 
PARAMETRIC_REPRESENTATION_CONTEXT() REPRESENTATION_CONTEXT('2D SPACE',''
  ) );
#1552 = ORIENTED_EDGE('',*,*,#1553,.T.);
#1553 = EDGE_CURVE('',#1531,#1485,#1554,.T.);
#1554 = SURFACE_CURVE('',#1555,(#1559,#1566),.PCURVE_S1.);
#1555 = LINE('',#1556,#1557);
#1556 = CARTESIAN_POINT('',(38.1,-16.68455222067,31.099171582763));
#1557 = VECTOR('',#1558,1.);
#1558 = DIRECTION('',(0.,0.13917310096,0.990268068742));
#1559 = PCURVE('',#436,#1560);
#1560 = DEFINITIONAL_REPRESENTATION('',(#1561),#1565);
#1561 = LINE('',#1562,#1563);
#1562 = CARTESIAN_POINT('',(0.,-38.1));
#1563 = VECTOR('',#1564,1.);
#1564 = DIRECTION('',(1.,0.));
#1565 = ( GEOMETRIC_REPRESENTATION_CONTEXT(2) 
PARAMETRIC_REPRESENTATION_CONTEXT() REPRESENTATION_CONTEXT('2D SPACE',''
  ) );
#1566 = PCURVE('',#713,#1567);
#1567 = DEFINITIONAL_REPRESENTATION('',(#1568),#1572);
#1568 = LINE('',#1569,#1570);
#1569 = CARTESIAN_POINT('',(35.099171582763,59.189863257145));
#1570 = VECTOR('',#1571,1.);
#1571 = DIRECTION('',(0.990268068742,-0.13917310096));
#1572 = ( GEOMETRIC_REPRESENTATION_CONTEXT(2) 
PARAMETRIC_REPRESENTATION_CONTEXT() REPRESENTATION_CONTEXT('2D SPACE',''
  ) );
#1573 = ORIENTED_EDGE('',*,*,#1507,.T.);
#1574 = FACE_BOUND('',#1575,.T.);
#1575 = EDGE_LOOP('',(#1576));
#1576 = ORIENTED_EDGE('',*,*,#1577,.T.);
#1577 = EDGE_CURVE('',#1578,#1578,#1580,.T.);
#1578 = VERTEX_POINT('',#1579);
#1579 = CARTESIAN_POINT('',(19.05,-14.56912108607,46.151246227635));
#1580 = SURFACE_CURVE('',#1581,(#1586,#1597),.PCURVE_S1.);
#1581 = CIRCLE('',#1582,4.2);
#1582 = AXIS2_PLACEMENT_3D('',#1583,#1584,#1585);
#1583 = CARTESIAN_POINT('',(19.05,-15.15364811011,41.99212033892));
#1584 = DIRECTION('',(0.,0.990268068742,-0.13917310096));
#1585 = DIRECTION('',(0.,0.13917310096,0.990268068742));
#1586 = PCURVE('',#436,#1587);
#1587 = DEFINITIONAL_REPRESENTATION('',(#1588),#1596);
#1588 = ( BOUNDED_CURVE() B_SPLINE_CURVE(2,(#1589,#1590,#1591,#1592,
#1593,#1594,#1595),.UNSPECIFIED.,.T.,.F.) B_SPLINE_CURVE_WITH_KNOTS((1,2
    ,2,2,2,1),(-2.094395102393,0.,2.094395102393,4.188790204786,
6.28318530718,8.377580409573),.UNSPECIFIED.) CURVE() 
GEOMETRIC_REPRESENTATION_ITEM() RATIONAL_B_SPLINE_CURVE((1.,0.5,1.,0.5,
1.,0.5,1.)) REPRESENTATION_ITEM('') );
#1589 = CARTESIAN_POINT('',(15.2,-19.05));
#1590 = CARTESIAN_POINT('',(15.2,-26.32461339178));
#1591 = CARTESIAN_POINT('',(8.9,-22.68730669589));
#1592 = CARTESIAN_POINT('',(2.6,-19.05));
#1593 = CARTESIAN_POINT('',(8.9,-15.4126933041));
#1594 = CARTESIAN_POINT('',(15.2,-11.77538660821));
#1595 = CARTESIAN_POINT('',(15.2,-19.05));
#1596 = ( GEOMETRIC_REPRESENTATION_CONTEXT(2) 
PARAMETRIC_REPRESENTATION_CONTEXT() REPRESENTATION_CONTEXT('2D SPACE',''
  ) );
#1597 = PCURVE('',#1467,#1598);
#1598 = DEFINITIONAL_REPRESENTATION('',(#1599),#1603);
#1599 = LINE('',#1600,#1601);
#1600 = CARTESIAN_POINT('',(0.,13.));
#1601 = VECTOR('',#1602,1.);
#1602 = DIRECTION('',(1.,0.));
#1603 = ( GEOMETRIC_REPRESENTATION_CONTEXT(2) 
PARAMETRIC_REPRESENTATION_CONTEXT() REPRESENTATION_CONTEXT('2D SPACE',''
  ) );
#1604 = ADVANCED_FACE('',(#1605),#464,.T.);
#1605 = FACE_BOUND('',#1606,.T.);
#1606 = EDGE_LOOP('',(#1607,#1630,#1651,#1652));
#1607 = ORIENTED_EDGE('',*,*,#1608,.T.);
#1608 = EDGE_CURVE('',#449,#1609,#1611,.T.);
#1609 = VERTEX_POINT('',#1610);
#1610 = CARTESIAN_POINT('',(38.1,-22.62616063312,31.934210188524));
#1611 = SURFACE_CURVE('',#1612,(#1616,#1623),.PCURVE_S1.);
#1612 = LINE('',#1613,#1614);
#1613 = CARTESIAN_POINT('',(0.,-22.62616063312,31.934210188524));
#1614 = VECTOR('',#1615,1.);
#1615 = DIRECTION('',(1.,0.,0.));
#1616 = PCURVE('',#464,#1617);
#1617 = DEFINITIONAL_REPRESENTATION('',(#1618),#1622);
#1618 = LINE('',#1619,#1620);
#1619 = CARTESIAN_POINT('',(0.,0.));
#1620 = VECTOR('',#1621,1.);
#1621 = DIRECTION('',(0.,-1.));
#1622 = ( GEOMETRIC_REPRESENTATION_CONTEXT(2) 
PARAMETRIC_REPRESENTATION_CONTEXT() REPRESENTATION_CONTEXT('2D SPACE',''
  ) );
#1623 = PCURVE('',#492,#1624);
#1624 = DEFINITIONAL_REPRESENTATION('',(#1625),#1629);
#1625 = LINE('',#1626,#1627);
#1626 = CARTESIAN_POINT('',(23.,0.));
#1627 = VECTOR('',#1628,1.);
#1628 = DIRECTION('',(0.,-1.));
#1629 = ( GEOMETRIC_REPRESENTATION_CONTEXT(2) 
PARAMETRIC_REPRESENTATION_CONTEXT() REPRESENTATION_CONTEXT('2D SPACE',''
  ) );
#1630 = ORIENTED_EDGE('',*,*,#1631,.T.);
#1631 = EDGE_CURVE('',#1609,#1531,#1632,.T.);
#1632 = SURFACE_CURVE('',#1633,(#1637,#1644),.PCURVE_S1.);
#1633 = LINE('',#1634,#1635);
#1634 = CARTESIAN_POINT('',(38.1,-22.62616063312,31.934210188524));
#1635 = VECTOR('',#1636,1.);
#1636 = DIRECTION('',(0.,0.990268068742,-0.13917310096));
#1637 = PCURVE('',#464,#1638);
#1638 = DEFINITIONAL_REPRESENTATION('',(#1639),#1643);
#1639 = LINE('',#1640,#1641);
#1640 = CARTESIAN_POINT('',(0.,-38.1));
#1641 = VECTOR('',#1642,1.);
#1642 = DIRECTION('',(1.,0.));
#1643 = ( GEOMETRIC_REPRESENTATION_CONTEXT(2) 
PARAMETRIC_REPRESENTATION_CONTEXT() REPRESENTATION_CONTEXT('2D SPACE',''
  ) );
#1644 = PCURVE('',#713,#1645);
#1645 = DEFINITIONAL_REPRESENTATION('',(#1646),#1650);
#1646 = LINE('',#1647,#1648);
#1647 = CARTESIAN_POINT('',(35.934210188524,65.131471669595));
#1648 = VECTOR('',#1649,1.);
#1649 = DIRECTION('',(-0.13917310096,-0.990268068742));
#1650 = ( GEOMETRIC_REPRESENTATION_CONTEXT(2) 
PARAMETRIC_REPRESENTATION_CONTEXT() REPRESENTATION_CONTEXT('2D SPACE',''
  ) );
#1651 = ORIENTED_EDGE('',*,*,#1530,.F.);
#1652 = ORIENTED_EDGE('',*,*,#448,.F.);
#1653 = ADVANCED_FACE('',(#1654,#1700),#492,.T.);
#1654 = FACE_BOUND('',#1655,.T.);
#1655 = EDGE_LOOP('',(#1656,#1657,#1678,#1699));
#1656 = ORIENTED_EDGE('',*,*,#476,.F.);
#1657 = ORIENTED_EDGE('',*,*,#1658,.T.);
#1658 = EDGE_CURVE('',#477,#1659,#1661,.T.);
#1659 = VERTEX_POINT('',#1660);
#1660 = CARTESIAN_POINT('',(38.1,-19.56435241199,53.720107700838));
#1661 = SURFACE_CURVE('',#1662,(#1666,#1672),.PCURVE_S1.);
#1662 = LINE('',#1663,#1664);
#1663 = CARTESIAN_POINT('',(0.,-19.56435241199,53.720107700838));
#1664 = VECTOR('',#1665,1.);
#1665 = DIRECTION('',(1.,0.,0.));
#1666 = PCURVE('',#492,#1667);
#1667 = DEFINITIONAL_REPRESENTATION('',(#1668),#1671);
#1668 = B_SPLINE_CURVE_WITH_KNOTS('',1,(#1669,#1670),.UNSPECIFIED.,.F.,
  .F.,(2,2),(0.,38.1),.PIECEWISE_BEZIER_KNOTS.);
#1669 = CARTESIAN_POINT('',(1.,0.));
#1670 = CARTESIAN_POINT('',(1.,-38.1));
#1671 = ( GEOMETRIC_REPRESENTATION_CONTEXT(2) 
PARAMETRIC_REPRESENTATION_CONTEXT() REPRESENTATION_CONTEXT('2D SPACE',''
  ) );
#1672 = PCURVE('',#520,#1673);
#1673 = DEFINITIONAL_REPRESENTATION('',(#1674),#1677);
#1674 = B_SPLINE_CURVE_WITH_KNOTS('',1,(#1675,#1676),.UNSPECIFIED.,.F.,
  .F.,(2,2),(0.,38.1),.PIECEWISE_BEZIER_KNOTS.);
#1675 = CARTESIAN_POINT('',(39.92,0.));
#1676 = CARTESIAN_POINT('',(39.92,-38.1));
#1677 = ( GEOMETRIC_REPRESENTATION_CONTEXT(2) 
PARAMETRIC_REPRESENTATION_CONTEXT() REPRESENTATION_CONTEXT('2D SPACE',''
  ) );
#1678 = ORIENTED_EDGE('',*,*,#1679,.T.);
#1679 = EDGE_CURVE('',#1659,#1609,#1680,.T.);
#1680 = SURFACE_CURVE('',#1681,(#1685,#1692),.PCURVE_S1.);
#1681 = LINE('',#1682,#1683);
#1682 = CARTESIAN_POINT('',(38.1,-19.42517931103,54.71037576958));
#1683 = VECTOR('',#1684,1.);
#1684 = DIRECTION('',(0.,-0.13917310096,-0.990268068742));
#1685 = PCURVE('',#492,#1686);
#1686 = DEFINITIONAL_REPRESENTATION('',(#1687),#1691);
#1687 = LINE('',#1688,#1689);
#1688 = CARTESIAN_POINT('',(0.,-38.1));
#1689 = VECTOR('',#1690,1.);
#1690 = DIRECTION('',(1.,0.));
#1691 = ( GEOMETRIC_REPRESENTATION_CONTEXT(2) 
PARAMETRIC_REPRESENTATION_CONTEXT() REPRESENTATION_CONTEXT('2D SPACE',''
  ) );
#1692 = PCURVE('',#713,#1693);
#1693 = DEFINITIONAL_REPRESENTATION('',(#1694),#1698);
#1694 = LINE('',#1695,#1696);
#1695 = CARTESIAN_POINT('',(58.71037576958,61.930490347513));
#1696 = VECTOR('',#1697,1.);
#1697 = DIRECTION('',(-0.990268068742,0.13917310096));
#1698 = ( GEOMETRIC_REPRESENTATION_CONTEXT(2) 
PARAMETRIC_REPRESENTATION_CONTEXT() REPRESENTATION_CONTEXT('2D SPACE',''
  ) );
#1699 = ORIENTED_EDGE('',*,*,#1608,.F.);
#1700 = FACE_BOUND('',#1701,.T.);
#1701 = EDGE_LOOP('',(#1702));
#1702 = ORIENTED_EDGE('',*,*,#1703,.F.);
#1703 = EDGE_CURVE('',#1704,#1704,#1706,.T.);
#1704 = VERTEX_POINT('',#1705);
#1705 = CARTESIAN_POINT('',(19.05,-20.51072949852,46.986284833395));
#1706 = SURFACE_CURVE('',#1707,(#1712,#1719),.PCURVE_S1.);
#1707 = CIRCLE('',#1708,4.2);
#1708 = AXIS2_PLACEMENT_3D('',#1709,#1710,#1711);
#1709 = CARTESIAN_POINT('',(19.05,-21.09525652255,42.827158944681));
#1710 = DIRECTION('',(0.,0.990268068742,-0.13917310096));
#1711 = DIRECTION('',(0.,0.13917310096,0.990268068742));
#1712 = PCURVE('',#492,#1713);
#1713 = DEFINITIONAL_REPRESENTATION('',(#1714),#1718);
#1714 = CIRCLE('',#1715,4.2);
#1715 = AXIS2_PLACEMENT_2D('',#1716,#1717);
#1716 = CARTESIAN_POINT('',(12.,-19.05));
#1717 = DIRECTION('',(-1.,0.));
#1718 = ( GEOMETRIC_REPRESENTATION_CONTEXT(2) 
PARAMETRIC_REPRESENTATION_CONTEXT() REPRESENTATION_CONTEXT('2D SPACE',''
  ) );
#1719 = PCURVE('',#1720,#1725);
#1720 = CYLINDRICAL_SURFACE('',#1721,4.2);
#1721 = AXIS2_PLACEMENT_3D('',#1722,#1723,#1724);
#1722 = CARTESIAN_POINT('',(19.05,-28.02713300375,43.801370651401));
#1723 = DIRECTION('',(0.,0.990268068742,-0.13917310096));
#1724 = DIRECTION('',(0.,0.13917310096,0.990268068742));
#1725 = DEFINITIONAL_REPRESENTATION('',(#1726),#1730);
#1726 = LINE('',#1727,#1728);
#1727 = CARTESIAN_POINT('',(0.,7.));
#1728 = VECTOR('',#1729,1.);
#1729 = DIRECTION('',(1.,0.));
#1730 = ( GEOMETRIC_REPRESENTATION_CONTEXT(2) 
PARAMETRIC_REPRESENTATION_CONTEXT() REPRESENTATION_CONTEXT('2D SPACE',''
  ) );
#1731 = ADVANCED_FACE('',(#1732),#520,.F.);
#1732 = FACE_BOUND('',#1733,.F.);
#1733 = EDGE_LOOP('',(#1734,#1735,#1736,#1759));
#1734 = ORIENTED_EDGE('',*,*,#504,.F.);
#1735 = ORIENTED_EDGE('',*,*,#1658,.T.);
#1736 = ORIENTED_EDGE('',*,*,#1737,.T.);
#1737 = EDGE_CURVE('',#1659,#1738,#1740,.T.);
#1738 = VERTEX_POINT('',#1739);
#1739 = CARTESIAN_POINT('',(38.1,-25.50596082444,54.555146306599));
#1740 = SURFACE_CURVE('',#1741,(#1745,#1752),.PCURVE_S1.);
#1741 = LINE('',#1742,#1743);
#1742 = CARTESIAN_POINT('',(38.1,19.967148892165,48.164317510512));
#1743 = VECTOR('',#1744,1.);
#1744 = DIRECTION('',(0.,-0.990268068742,0.13917310096));
#1745 = PCURVE('',#520,#1746);
#1746 = DEFINITIONAL_REPRESENTATION('',(#1747),#1751);
#1747 = LINE('',#1748,#1749);
#1748 = CARTESIAN_POINT('',(0.,-38.1));
#1749 = VECTOR('',#1750,1.);
#1750 = DIRECTION('',(1.,0.));
#1751 = ( GEOMETRIC_REPRESENTATION_CONTEXT(2) 
PARAMETRIC_REPRESENTATION_CONTEXT() REPRESENTATION_CONTEXT('2D SPACE',''
  ) );
#1752 = PCURVE('',#713,#1753);
#1753 = DEFINITIONAL_REPRESENTATION('',(#1754),#1758);
#1754 = LINE('',#1755,#1756);
#1755 = CARTESIAN_POINT('',(52.164317510512,22.53816214431));
#1756 = VECTOR('',#1757,1.);
#1757 = DIRECTION('',(0.13917310096,0.990268068742));
#1758 = ( GEOMETRIC_REPRESENTATION_CONTEXT(2) 
PARAMETRIC_REPRESENTATION_CONTEXT() REPRESENTATION_CONTEXT('2D SPACE',''
  ) );
#1759 = ORIENTED_EDGE('',*,*,#1760,.F.);
#1760 = EDGE_CURVE('',#505,#1738,#1761,.T.);
#1761 = SURFACE_CURVE('',#1762,(#1766,#1773),.PCURVE_S1.);
#1762 = LINE('',#1763,#1764);
#1763 = CARTESIAN_POINT('',(0.,-25.50596082444,54.555146306599));
#1764 = VECTOR('',#1765,1.);
#1765 = DIRECTION('',(1.,0.,0.));
#1766 = PCURVE('',#520,#1767);
#1767 = DEFINITIONAL_REPRESENTATION('',(#1768),#1772);
#1768 = LINE('',#1769,#1770);
#1769 = CARTESIAN_POINT('',(45.92,0.));
#1770 = VECTOR('',#1771,1.);
#1771 = DIRECTION('',(0.,-1.));
#1772 = ( GEOMETRIC_REPRESENTATION_CONTEXT(2) 
PARAMETRIC_REPRESENTATION_CONTEXT() REPRESENTATION_CONTEXT('2D SPACE',''
  ) );
#1773 = PCURVE('',#548,#1774);
#1774 = DEFINITIONAL_REPRESENTATION('',(#1775),#1779);
#1775 = LINE('',#1776,#1777);
#1776 = CARTESIAN_POINT('',(0.,0.));
#1777 = VECTOR('',#1778,1.);
#1778 = DIRECTION('',(0.,-1.));
#1779 = ( GEOMETRIC_REPRESENTATION_CONTEXT(2) 
PARAMETRIC_REPRESENTATION_CONTEXT() REPRESENTATION_CONTEXT('2D SPACE',''
  ) );
#1780 = ADVANCED_FACE('',(#1781,#1827),#548,.F.);
#1781 = FACE_BOUND('',#1782,.F.);
#1782 = EDGE_LOOP('',(#1783,#1784,#1785,#1808));
#1783 = ORIENTED_EDGE('',*,*,#532,.F.);
#1784 = ORIENTED_EDGE('',*,*,#1760,.T.);
#1785 = ORIENTED_EDGE('',*,*,#1786,.T.);
#1786 = EDGE_CURVE('',#1738,#1787,#1789,.T.);
#1787 = VERTEX_POINT('',#1788);
#1788 = CARTESIAN_POINT('',(38.1,-31.00573806472,15.422197851305));
#1789 = SURFACE_CURVE('',#1790,(#1794,#1801),.PCURVE_S1.);
#1790 = LINE('',#1791,#1792);
#1791 = CARTESIAN_POINT('',(38.1,-25.50596082444,54.555146306599));
#1792 = VECTOR('',#1793,1.);
#1793 = DIRECTION('',(0.,-0.13917310096,-0.990268068742));
#1794 = PCURVE('',#548,#1795);
#1795 = DEFINITIONAL_REPRESENTATION('',(#1796),#1800);
#1796 = LINE('',#1797,#1798);
#1797 = CARTESIAN_POINT('',(0.,-38.1));
#1798 = VECTOR('',#1799,1.);
#1799 = DIRECTION('',(1.,0.));
#1800 = ( GEOMETRIC_REPRESENTATION_CONTEXT(2) 
PARAMETRIC_REPRESENTATION_CONTEXT() REPRESENTATION_CONTEXT('2D SPACE',''
  ) );
#1801 = PCURVE('',#713,#1802);
#1802 = DEFINITIONAL_REPRESENTATION('',(#1803),#1807);
#1803 = LINE('',#1804,#1805);
#1804 = CARTESIAN_POINT('',(58.555146306599,68.011271860923));
#1805 = VECTOR('',#1806,1.);
#1806 = DIRECTION('',(-0.990268068742,0.13917310096));
#1807 = ( GEOMETRIC_REPRESENTATION_CONTEXT(2) 
PARAMETRIC_REPRESENTATION_CONTEXT() REPRESENTATION_CONTEXT('2D SPACE',''
  ) );
#1808 = ORIENTED_EDGE('',*,*,#1809,.F.);
#1809 = EDGE_CURVE('',#533,#1787,#1810,.T.);
#1810 = SURFACE_CURVE('',#1811,(#1815,#1821),.PCURVE_S1.);
#1811 = LINE('',#1812,#1813);
#1812 = CARTESIAN_POINT('',(-0.5,-31.00573806472,15.422197851304));
#1813 = VECTOR('',#1814,1.);
#1814 = DIRECTION('',(1.,0.,0.));
#1815 = PCURVE('',#548,#1816);
#1816 = DEFINITIONAL_REPRESENTATION('',(#1817),#1820);
#1817 = B_SPLINE_CURVE_WITH_KNOTS('',1,(#1818,#1819),.UNSPECIFIED.,.F.,
  .F.,(2,2),(0.5,38.6),.PIECEWISE_BEZIER_KNOTS.);
#1818 = CARTESIAN_POINT('',(39.517530344106,0.));
#1819 = CARTESIAN_POINT('',(39.517530344106,-38.1));
#1820 = ( GEOMETRIC_REPRESENTATION_CONTEXT(2) 
PARAMETRIC_REPRESENTATION_CONTEXT() REPRESENTATION_CONTEXT('2D SPACE',''
  ) );
#1821 = PCURVE('',#574,#1822);
#1822 = DEFINITIONAL_REPRESENTATION('',(#1823),#1826);
#1823 = B_SPLINE_CURVE_WITH_KNOTS('',1,(#1824,#1825),.UNSPECIFIED.,.F.,
  .F.,(2,2),(0.5,38.6),.PIECEWISE_BEZIER_KNOTS.);
#1824 = CARTESIAN_POINT('',(277.57780214869,-1.));
#1825 = CARTESIAN_POINT('',(277.57780214869,-39.1));
#1826 = ( GEOMETRIC_REPRESENTATION_CONTEXT(2) 
PARAMETRIC_REPRESENTATION_CONTEXT() REPRESENTATION_CONTEXT('2D SPACE',''
  ) );
#1827 = FACE_BOUND('',#1828,.F.);
#1828 = EDGE_LOOP('',(#1829));
#1829 = ORIENTED_EDGE('',*,*,#1830,.F.);
#1830 = EDGE_CURVE('',#1831,#1831,#1833,.T.);
#1831 = VERTEX_POINT('',#1832);
#1832 = CARTESIAN_POINT('',(19.05,-26.45233791097,47.821323439156));
#1833 = SURFACE_CURVE('',#1834,(#1839,#1846),.PCURVE_S1.);
#1834 = CIRCLE('',#1835,4.2);
#1835 = AXIS2_PLACEMENT_3D('',#1836,#1837,#1838);
#1836 = CARTESIAN_POINT('',(19.05,-27.036864935,43.662197550441));
#1837 = DIRECTION('',(0.,0.990268068742,-0.13917310096));
#1838 = DIRECTION('',(0.,0.13917310096,0.990268068742));
#1839 = PCURVE('',#548,#1840);
#1840 = DEFINITIONAL_REPRESENTATION('',(#1841),#1845);
#1841 = CIRCLE('',#1842,4.2);
#1842 = AXIS2_PLACEMENT_2D('',#1843,#1844);
#1843 = CARTESIAN_POINT('',(11.,-19.05));
#1844 = DIRECTION('',(-1.,0.));
#1845 = ( GEOMETRIC_REPRESENTATION_CONTEXT(2) 
PARAMETRIC_REPRESENTATION_CONTEXT() REPRESENTATION_CONTEXT('2D SPACE',''
  ) );
#1846 = PCURVE('',#1720,#1847);
#1847 = DEFINITIONAL_REPRESENTATION('',(#1848),#1852);
#1848 = LINE('',#1849,#1850);
#1849 = CARTESIAN_POINT('',(0.,1.));
#1850 = VECTOR('',#1851,1.);
#1851 = DIRECTION('',(1.,0.));
#1852 = ( GEOMETRIC_REPRESENTATION_CONTEXT(2) 
PARAMETRIC_REPRESENTATION_CONTEXT() REPRESENTATION_CONTEXT('2D SPACE',''
  ) );
#1853 = ADVANCED_FACE('',(#1854),#574,.F.);
#1854 = FACE_BOUND('',#1855,.F.);
#1855 = EDGE_LOOP('',(#1856,#1857,#1858,#1859));
#1856 = ORIENTED_EDGE('',*,*,#674,.F.);
#1857 = ORIENTED_EDGE('',*,*,#560,.T.);
#1858 = ORIENTED_EDGE('',*,*,#1809,.T.);
#1859 = ORIENTED_EDGE('',*,*,#1860,.F.);
#1860 = EDGE_CURVE('',#675,#1787,#1861,.T.);
#1861 = SURFACE_CURVE('',#1862,(#1866,#1872),.PCURVE_S1.);
#1862 = LINE('',#1863,#1864);
#1863 = CARTESIAN_POINT('',(38.1,-31.00573806472,156.58314387159));
#1864 = VECTOR('',#1865,1.);
#1865 = DIRECTION('',(0.,-0.,1.));
#1866 = PCURVE('',#574,#1867);
#1867 = DEFINITIONAL_REPRESENTATION('',(#1868),#1871);
#1868 = B_SPLINE_CURVE_WITH_KNOTS('',1,(#1869,#1870),.UNSPECIFIED.,.F.,
  .F.,(2,2),(-163.5831438715,-141.1609460202),.PIECEWISE_BEZIER_KNOTS.);
#1869 = CARTESIAN_POINT('',(300.,-39.1));
#1870 = CARTESIAN_POINT('',(277.57780214869,-39.1));
#1871 = ( GEOMETRIC_REPRESENTATION_CONTEXT(2) 
PARAMETRIC_REPRESENTATION_CONTEXT() REPRESENTATION_CONTEXT('2D SPACE',''
  ) );
#1872 = PCURVE('',#713,#1873);
#1873 = DEFINITIONAL_REPRESENTATION('',(#1874),#1878);
#1874 = LINE('',#1875,#1876);
#1875 = CARTESIAN_POINT('',(160.58314387159,73.511049101195));
#1876 = VECTOR('',#1877,1.);
#1877 = DIRECTION('',(1.,0.));
#1878 = ( GEOMETRIC_REPRESENTATION_CONTEXT(2) 
PARAMETRIC_REPRESENTATION_CONTEXT() REPRESENTATION_CONTEXT('2D SPACE',''
  ) );
#1879 = ADVANCED_FACE('',(#1880),#605,.F.);
#1880 = FACE_BOUND('',#1881,.F.);
#1881 = EDGE_LOOP('',(#1882,#1904,#1927,#1947));
#1882 = ORIENTED_EDGE('',*,*,#1883,.F.);
#1883 = EDGE_CURVE('',#1884,#590,#1886,.T.);
#1884 = VERTEX_POINT('',#1885);
#1885 = CARTESIAN_POINT('',(38.1,13.057554671664,-1.));
#1886 = SURFACE_CURVE('',#1887,(#1891,#1898),.PCURVE_S1.);
#1887 = LINE('',#1888,#1889);
#1888 = CARTESIAN_POINT('',(0.,13.057554671664,-1.));
#1889 = VECTOR('',#1890,1.);
#1890 = DIRECTION('',(-1.,-0.,-0.));
#1891 = PCURVE('',#605,#1892);
#1892 = DEFINITIONAL_REPRESENTATION('',(#1893),#1897);
#1893 = LINE('',#1894,#1895);
#1894 = CARTESIAN_POINT('',(13.352516593825,0.));
#1895 = VECTOR('',#1896,1.);
#1896 = DIRECTION('',(0.,1.));
#1897 = ( GEOMETRIC_REPRESENTATION_CONTEXT(2) 
PARAMETRIC_REPRESENTATION_CONTEXT() REPRESENTATION_CONTEXT('2D SPACE',''
  ) );
#1898 = PCURVE('',#659,#1899);
#1899 = DEFINITIONAL_REPRESENTATION('',(#1900),#1903);
#1900 = B_SPLINE_CURVE_WITH_KNOTS('',1,(#1901,#1902),.UNSPECIFIED.,.F.,
  .F.,(2,2),(-38.1,0.),.PIECEWISE_BEZIER_KNOTS.);
#1901 = CARTESIAN_POINT('',(97.958805466006,-38.1));
#1902 = CARTESIAN_POINT('',(97.958805466006,0.));
#1903 = ( GEOMETRIC_REPRESENTATION_CONTEXT(2) 
PARAMETRIC_REPRESENTATION_CONTEXT() REPRESENTATION_CONTEXT('2D SPACE',''
  ) );
#1904 = ORIENTED_EDGE('',*,*,#1905,.F.);
#1905 = EDGE_CURVE('',#1906,#1884,#1908,.T.);
#1906 = VERTEX_POINT('',#1907);
#1907 = CARTESIAN_POINT('',(38.1,30.498061111474,123.09565146486));
#1908 = SURFACE_CURVE('',#1909,(#1913,#1920),.PCURVE_S1.);
#1909 = LINE('',#1910,#1911);
#1910 = CARTESIAN_POINT('',(38.1,30.498061111474,123.09565146486));
#1911 = VECTOR('',#1912,1.);
#1912 = DIRECTION('',(0.,-0.13917310096,-0.990268068742));
#1913 = PCURVE('',#605,#1914);
#1914 = DEFINITIONAL_REPRESENTATION('',(#1915),#1919);
#1915 = LINE('',#1916,#1917);
#1916 = CARTESIAN_POINT('',(138.6677270727,-38.1));
#1917 = VECTOR('',#1918,1.);
#1918 = DIRECTION('',(-1.,-0.));
#1919 = ( GEOMETRIC_REPRESENTATION_CONTEXT(2) 
PARAMETRIC_REPRESENTATION_CONTEXT() REPRESENTATION_CONTEXT('2D SPACE',''
  ) );
#1920 = PCURVE('',#713,#1921);
#1921 = DEFINITIONAL_REPRESENTATION('',(#1922),#1926);
#1922 = LINE('',#1923,#1924);
#1923 = CARTESIAN_POINT('',(127.09565146486,12.007249925001));
#1924 = VECTOR('',#1925,1.);
#1925 = DIRECTION('',(-0.990268068742,0.13917310096));
#1926 = ( GEOMETRIC_REPRESENTATION_CONTEXT(2) 
PARAMETRIC_REPRESENTATION_CONTEXT() REPRESENTATION_CONTEXT('2D SPACE',''
  ) );
#1927 = ORIENTED_EDGE('',*,*,#1928,.F.);
#1928 = EDGE_CURVE('',#588,#1906,#1929,.T.);
#1929 = SURFACE_CURVE('',#1930,(#1934,#1941),.PCURVE_S1.);
#1930 = LINE('',#1931,#1932);
#1931 = CARTESIAN_POINT('',(0.,30.498061111474,123.09565146486));
#1932 = VECTOR('',#1933,1.);
#1933 = DIRECTION('',(1.,0.,0.));
#1934 = PCURVE('',#605,#1935);
#1935 = DEFINITIONAL_REPRESENTATION('',(#1936),#1940);
#1936 = LINE('',#1937,#1938);
#1937 = CARTESIAN_POINT('',(138.6677270727,0.));
#1938 = VECTOR('',#1939,1.);
#1939 = DIRECTION('',(0.,-1.));
#1940 = ( GEOMETRIC_REPRESENTATION_CONTEXT(2) 
PARAMETRIC_REPRESENTATION_CONTEXT() REPRESENTATION_CONTEXT('2D SPACE',''
  ) );
#1941 = PCURVE('',#633,#1942);
#1942 = DEFINITIONAL_REPRESENTATION('',(#1943),#1946);
#1943 = B_SPLINE_CURVE_WITH_KNOTS('',1,(#1944,#1945),.UNSPECIFIED.,.F.,
  .F.,(2,2),(0.,38.1),.PIECEWISE_BEZIER_KNOTS.);
#1944 = CARTESIAN_POINT('',(143.73111843349,0.));
#1945 = CARTESIAN_POINT('',(143.73111843349,-38.1));
#1946 = ( GEOMETRIC_REPRESENTATION_CONTEXT(2) 
PARAMETRIC_REPRESENTATION_CONTEXT() REPRESENTATION_CONTEXT('2D SPACE',''
  ) );
#1947 = ORIENTED_EDGE('',*,*,#587,.T.);
#1948 = ADVANCED_FACE('',(#1949),#633,.T.);
#1949 = FACE_BOUND('',#1950,.T.);
#1950 = EDGE_LOOP('',(#1951,#1952,#1975,#1996));
#1951 = ORIENTED_EDGE('',*,*,#617,.F.);
#1952 = ORIENTED_EDGE('',*,*,#1953,.T.);
#1953 = EDGE_CURVE('',#618,#1954,#1956,.T.);
#1954 = VERTEX_POINT('',#1955);
#1955 = CARTESIAN_POINT('',(38.1,103.01636013767,-1.));
#1956 = SURFACE_CURVE('',#1957,(#1961,#1968),.PCURVE_S1.);
#1957 = LINE('',#1958,#1959);
#1958 = CARTESIAN_POINT('',(0.,103.01636013767,-1.));
#1959 = VECTOR('',#1960,1.);
#1960 = DIRECTION('',(1.,0.,0.));
#1961 = PCURVE('',#633,#1962);
#1962 = DEFINITIONAL_REPRESENTATION('',(#1963),#1967);
#1963 = LINE('',#1964,#1965);
#1964 = CARTESIAN_POINT('',(0.,0.));
#1965 = VECTOR('',#1966,1.);
#1966 = DIRECTION('',(0.,-1.));
#1967 = ( GEOMETRIC_REPRESENTATION_CONTEXT(2) 
PARAMETRIC_REPRESENTATION_CONTEXT() REPRESENTATION_CONTEXT('2D SPACE',''
  ) );
#1968 = PCURVE('',#659,#1969);
#1969 = DEFINITIONAL_REPRESENTATION('',(#1970),#1974);
#1970 = LINE('',#1971,#1972);
#1971 = CARTESIAN_POINT('',(8.,0.));
#1972 = VECTOR('',#1973,1.);
#1973 = DIRECTION('',(0.,-1.));
#1974 = ( GEOMETRIC_REPRESENTATION_CONTEXT(2) 
PARAMETRIC_REPRESENTATION_CONTEXT() REPRESENTATION_CONTEXT('2D SPACE',''
  ) );
#1975 = ORIENTED_EDGE('',*,*,#1976,.T.);
#1976 = EDGE_CURVE('',#1954,#1906,#1977,.T.);
#1977 = SURFACE_CURVE('',#1978,(#1982,#1989),.PCURVE_S1.);
#1978 = LINE('',#1979,#1980);
#1979 = CARTESIAN_POINT('',(38.1,103.01636013767,-1.));
#1980 = VECTOR('',#1981,1.);
#1981 = DIRECTION('',(0.,-0.504541395187,0.86338750312));
#1982 = PCURVE('',#633,#1983);
#1983 = DEFINITIONAL_REPRESENTATION('',(#1984),#1988);
#1984 = LINE('',#1985,#1986);
#1985 = CARTESIAN_POINT('',(0.,-38.1));
#1986 = VECTOR('',#1987,1.);
#1987 = DIRECTION('',(1.,0.));
#1988 = ( GEOMETRIC_REPRESENTATION_CONTEXT(2) 
PARAMETRIC_REPRESENTATION_CONTEXT() REPRESENTATION_CONTEXT('2D SPACE',''
  ) );
#1989 = PCURVE('',#713,#1990);
#1990 = DEFINITIONAL_REPRESENTATION('',(#1991),#1995);
#1991 = LINE('',#1992,#1993);
#1992 = CARTESIAN_POINT('',(3.,-60.51104910119));
#1993 = VECTOR('',#1994,1.);
#1994 = DIRECTION('',(0.86338750312,0.504541395187));
#1995 = ( GEOMETRIC_REPRESENTATION_CONTEXT(2) 
PARAMETRIC_REPRESENTATION_CONTEXT() REPRESENTATION_CONTEXT('2D SPACE',''
  ) );
#1996 = ORIENTED_EDGE('',*,*,#1928,.F.);
#1997 = ADVANCED_FACE('',(#1998),#659,.F.);
#1998 = FACE_BOUND('',#1999,.F.);
#1999 = EDGE_LOOP('',(#2000,#2001,#2002,#2023));
#2000 = ORIENTED_EDGE('',*,*,#645,.F.);
#2001 = ORIENTED_EDGE('',*,*,#1953,.T.);
#2002 = ORIENTED_EDGE('',*,*,#2003,.T.);
#2003 = EDGE_CURVE('',#1954,#1884,#2004,.T.);
#2004 = SURFACE_CURVE('',#2005,(#2009,#2016),.PCURVE_S1.);
#2005 = LINE('',#2006,#2007);
#2006 = CARTESIAN_POINT('',(38.1,111.01636013767,-1.));
#2007 = VECTOR('',#2008,1.);
#2008 = DIRECTION('',(0.,-1.,0.));
#2009 = PCURVE('',#659,#2010);
#2010 = DEFINITIONAL_REPRESENTATION('',(#2011),#2015);
#2011 = LINE('',#2012,#2013);
#2012 = CARTESIAN_POINT('',(0.,-38.1));
#2013 = VECTOR('',#2014,1.);
#2014 = DIRECTION('',(1.,0.));
#2015 = ( GEOMETRIC_REPRESENTATION_CONTEXT(2) 
PARAMETRIC_REPRESENTATION_CONTEXT() REPRESENTATION_CONTEXT('2D SPACE',''
  ) );
#2016 = PCURVE('',#713,#2017);
#2017 = DEFINITIONAL_REPRESENTATION('',(#2018),#2022);
#2018 = LINE('',#2019,#2020);
#2019 = CARTESIAN_POINT('',(3.,-68.51104910119));
#2020 = VECTOR('',#2021,1.);
#2021 = DIRECTION('',(0.,1.));
#2022 = ( GEOMETRIC_REPRESENTATION_CONTEXT(2) 
PARAMETRIC_REPRESENTATION_CONTEXT() REPRESENTATION_CONTEXT('2D SPACE',''
  ) );
#2023 = ORIENTED_EDGE('',*,*,#1883,.T.);
#2024 = ADVANCED_FACE('',(#2025,#2047),#713,.T.);
#2025 = FACE_BOUND('',#2026,.T.);
#2026 = EDGE_LOOP('',(#2027,#2028,#2029,#2030,#2031,#2032,#2033,#2034,
    #2035,#2036,#2037,#2038,#2039,#2040,#2041,#2042,#2043,#2044,#2045,
    #2046));
#2027 = ORIENTED_EDGE('',*,*,#697,.F.);
#2028 = ORIENTED_EDGE('',*,*,#839,.T.);
#2029 = ORIENTED_EDGE('',*,*,#909,.F.);
#2030 = ORIENTED_EDGE('',*,*,#936,.T.);
#2031 = ORIENTED_EDGE('',*,*,#984,.T.);
#2032 = ORIENTED_EDGE('',*,*,#1034,.T.);
#2033 = ORIENTED_EDGE('',*,*,#1101,.F.);
#2034 = ORIENTED_EDGE('',*,*,#1128,.T.);
#2035 = ORIENTED_EDGE('',*,*,#1177,.T.);
#2036 = ORIENTED_EDGE('',*,*,#1226,.T.);
#2037 = ORIENTED_EDGE('',*,*,#1295,.F.);
#2038 = ORIENTED_EDGE('',*,*,#1378,.F.);
#2039 = ORIENTED_EDGE('',*,*,#1426,.F.);
#2040 = ORIENTED_EDGE('',*,*,#1484,.T.);
#2041 = ORIENTED_EDGE('',*,*,#1553,.F.);
#2042 = ORIENTED_EDGE('',*,*,#1631,.F.);
#2043 = ORIENTED_EDGE('',*,*,#1679,.F.);
#2044 = ORIENTED_EDGE('',*,*,#1737,.T.);
#2045 = ORIENTED_EDGE('',*,*,#1786,.T.);
#2046 = ORIENTED_EDGE('',*,*,#1860,.F.);
#2047 = FACE_BOUND('',#2048,.T.);
#2048 = EDGE_LOOP('',(#2049,#2050,#2051));
#2049 = ORIENTED_EDGE('',*,*,#1905,.F.);
#2050 = ORIENTED_EDGE('',*,*,#1976,.F.);
#2051 = ORIENTED_EDGE('',*,*,#2003,.T.);
#2052 = ADVANCED_FACE('',(#2053),#766,.F.);
#2053 = FACE_BOUND('',#2054,.F.);
#2054 = EDGE_LOOP('',(#2055,#2078,#2105,#2106));
#2055 = ORIENTED_EDGE('',*,*,#2056,.T.);
#2056 = EDGE_CURVE('',#750,#2057,#2059,.T.);
#2057 = VERTEX_POINT('',#2058);
#2058 = CARTESIAN_POINT('',(21.05,-20.76874123457,23.594546335711));
#2059 = SEAM_CURVE('',#2060,(#2064,#2071),.PCURVE_S1.);
#2060 = LINE('',#2061,#2062);
#2061 = CARTESIAN_POINT('',(21.05,-27.86656938353,-26.9091251701));
#2062 = VECTOR('',#2063,1.);
#2063 = DIRECTION('',(0.,0.13917310096,0.990268068742));
#2064 = PCURVE('',#766,#2065);
#2065 = DEFINITIONAL_REPRESENTATION('',(#2066),#2070);
#2066 = LINE('',#2067,#2068);
#2067 = CARTESIAN_POINT('',(6.28318530718,-0.));
#2068 = VECTOR('',#2069,1.);
#2069 = DIRECTION('',(0.,1.));
#2070 = ( GEOMETRIC_REPRESENTATION_CONTEXT(2) 
PARAMETRIC_REPRESENTATION_CONTEXT() REPRESENTATION_CONTEXT('2D SPACE',''
  ) );
#2071 = PCURVE('',#766,#2072);
#2072 = DEFINITIONAL_REPRESENTATION('',(#2073),#2077);
#2073 = LINE('',#2074,#2075);
#2074 = CARTESIAN_POINT('',(0.,-0.));
#2075 = VECTOR('',#2076,1.);
#2076 = DIRECTION('',(0.,1.));
#2077 = ( GEOMETRIC_REPRESENTATION_CONTEXT(2) 
PARAMETRIC_REPRESENTATION_CONTEXT() REPRESENTATION_CONTEXT('2D SPACE',''
  ) );
#2078 = ORIENTED_EDGE('',*,*,#2079,.F.);
#2079 = EDGE_CURVE('',#2057,#2057,#2080,.T.);
#2080 = SURFACE_CURVE('',#2081,(#2086,#2093),.PCURVE_S1.);
#2081 = CIRCLE('',#2082,2.);
#2082 = AXIS2_PLACEMENT_3D('',#2083,#2084,#2085);
#2083 = CARTESIAN_POINT('',(19.05,-20.76874123457,23.594546335711));
#2084 = DIRECTION('',(-0.,0.13917310096,0.990268068742));
#2085 = DIRECTION('',(1.,0.,0.));
#2086 = PCURVE('',#766,#2087);
#2087 = DEFINITIONAL_REPRESENTATION('',(#2088),#2092);
#2088 = LINE('',#2089,#2090);
#2089 = CARTESIAN_POINT('',(0.,51.));
#2090 = VECTOR('',#2091,1.);
#2091 = DIRECTION('',(1.,0.));
#2092 = ( GEOMETRIC_REPRESENTATION_CONTEXT(2) 
PARAMETRIC_REPRESENTATION_CONTEXT() REPRESENTATION_CONTEXT('2D SPACE',''
  ) );
#2093 = PCURVE('',#2094,#2099);
#2094 = PLANE('',#2095);
#2095 = AXIS2_PLACEMENT_3D('',#2096,#2097,#2098);
#2096 = CARTESIAN_POINT('',(19.05,-20.76874123457,23.594546335711));
#2097 = DIRECTION('',(0.,0.13917310096,0.990268068742));
#2098 = DIRECTION('',(1.,0.,0.));
#2099 = DEFINITIONAL_REPRESENTATION('',(#2100),#2104);
#2100 = CIRCLE('',#2101,2.);
#2101 = AXIS2_PLACEMENT_2D('',#2102,#2103);
#2102 = CARTESIAN_POINT('',(0.,0.));
#2103 = DIRECTION('',(1.,0.));
#2104 = ( GEOMETRIC_REPRESENTATION_CONTEXT(2) 
PARAMETRIC_REPRESENTATION_CONTEXT() REPRESENTATION_CONTEXT('2D SPACE',''
  ) );
#2105 = ORIENTED_EDGE('',*,*,#2056,.F.);
#2106 = ORIENTED_EDGE('',*,*,#749,.T.);
#2107 = ADVANCED_FACE('',(#2108),#810,.F.);
#2108 = FACE_BOUND('',#2109,.F.);
#2109 = EDGE_LOOP('',(#2110,#2133,#2160,#2161));
#2110 = ORIENTED_EDGE('',*,*,#2111,.T.);
#2111 = EDGE_CURVE('',#794,#2112,#2114,.T.);
#2112 = VERTEX_POINT('',#2113);
#2113 = CARTESIAN_POINT('',(21.05,-3.10731022857,21.112394080088));
#2114 = SEAM_CURVE('',#2115,(#2119,#2126),.PCURVE_S1.);
#2115 = LINE('',#2116,#2117);
#2116 = CARTESIAN_POINT('',(21.05,-10.20513837753,-29.39127742573));
#2117 = VECTOR('',#2118,1.);
#2118 = DIRECTION('',(0.,0.13917310096,0.990268068742));
#2119 = PCURVE('',#810,#2120);
#2120 = DEFINITIONAL_REPRESENTATION('',(#2121),#2125);
#2121 = LINE('',#2122,#2123);
#2122 = CARTESIAN_POINT('',(6.28318530718,-0.));
#2123 = VECTOR('',#2124,1.);
#2124 = DIRECTION('',(0.,1.));
#2125 = ( GEOMETRIC_REPRESENTATION_CONTEXT(2) 
PARAMETRIC_REPRESENTATION_CONTEXT() REPRESENTATION_CONTEXT('2D SPACE',''
  ) );
#2126 = PCURVE('',#810,#2127);
#2127 = DEFINITIONAL_REPRESENTATION('',(#2128),#2132);
#2128 = LINE('',#2129,#2130);
#2129 = CARTESIAN_POINT('',(0.,-0.));
#2130 = VECTOR('',#2131,1.);
#2131 = DIRECTION('',(0.,1.));
#2132 = ( GEOMETRIC_REPRESENTATION_CONTEXT(2) 
PARAMETRIC_REPRESENTATION_CONTEXT() REPRESENTATION_CONTEXT('2D SPACE',''
  ) );
#2133 = ORIENTED_EDGE('',*,*,#2134,.F.);
#2134 = EDGE_CURVE('',#2112,#2112,#2135,.T.);
#2135 = SURFACE_CURVE('',#2136,(#2141,#2148),.PCURVE_S1.);
#2136 = CIRCLE('',#2137,2.);
#2137 = AXIS2_PLACEMENT_3D('',#2138,#2139,#2140);
#2138 = CARTESIAN_POINT('',(19.05,-3.10731022857,21.112394080088));
#2139 = DIRECTION('',(-0.,0.13917310096,0.990268068742));
#2140 = DIRECTION('',(1.,0.,0.));
#2141 = PCURVE('',#810,#2142);
#2142 = DEFINITIONAL_REPRESENTATION('',(#2143),#2147);
#2143 = LINE('',#2144,#2145);
#2144 = CARTESIAN_POINT('',(0.,51.));
#2145 = VECTOR('',#2146,1.);
#2146 = DIRECTION('',(1.,0.));
#2147 = ( GEOMETRIC_REPRESENTATION_CONTEXT(2) 
PARAMETRIC_REPRESENTATION_CONTEXT() REPRESENTATION_CONTEXT('2D SPACE',''
  ) );
#2148 = PCURVE('',#2149,#2154);
#2149 = PLANE('',#2150);
#2150 = AXIS2_PLACEMENT_3D('',#2151,#2152,#2153);
#2151 = CARTESIAN_POINT('',(19.05,-3.10731022857,21.112394080088));
#2152 = DIRECTION('',(0.,0.13917310096,0.990268068742));
#2153 = DIRECTION('',(1.,0.,0.));
#2154 = DEFINITIONAL_REPRESENTATION('',(#2155),#2159);
#2155 = CIRCLE('',#2156,2.);
#2156 = AXIS2_PLACEMENT_2D('',#2157,#2158);
#2157 = CARTESIAN_POINT('',(0.,0.));
#2158 = DIRECTION('',(1.,0.));
#2159 = ( GEOMETRIC_REPRESENTATION_CONTEXT(2) 
PARAMETRIC_REPRESENTATION_CONTEXT() REPRESENTATION_CONTEXT('2D SPACE',''
  ) );
#2160 = ORIENTED_EDGE('',*,*,#2111,.F.);
#2161 = ORIENTED_EDGE('',*,*,#793,.T.);
#2162 = ADVANCED_FACE('',(#2163),#1340,.F.);
#2163 = FACE_BOUND('',#2164,.F.);
#2164 = EDGE_LOOP('',(#2165,#2188,#2215,#2216));
#2165 = ORIENTED_EDGE('',*,*,#2166,.T.);
#2166 = EDGE_CURVE('',#1320,#2167,#2169,.T.);
#2167 = VERTEX_POINT('',#2168);
#2168 = CARTESIAN_POINT('',(19.05,10.187580632462,42.671918703633));
#2169 = SEAM_CURVE('',#2170,(#2174,#2181),.PCURVE_S1.);
#2170 = LINE('',#2171,#2172);
#2171 = CARTESIAN_POINT('',(19.05,-27.44260597971,47.960496540116));
#2172 = VECTOR('',#2173,1.);
#2173 = DIRECTION('',(0.,0.990268068742,-0.13917310096));
#2174 = PCURVE('',#1340,#2175);
#2175 = DEFINITIONAL_REPRESENTATION('',(#2176),#2180);
#2176 = LINE('',#2177,#2178);
#2177 = CARTESIAN_POINT('',(6.28318530718,-0.));
#2178 = VECTOR('',#2179,1.);
#2179 = DIRECTION('',(0.,1.));
#2180 = ( GEOMETRIC_REPRESENTATION_CONTEXT(2) 
PARAMETRIC_REPRESENTATION_CONTEXT() REPRESENTATION_CONTEXT('2D SPACE',''
  ) );
#2181 = PCURVE('',#1340,#2182);
#2182 = DEFINITIONAL_REPRESENTATION('',(#2183),#2187);
#2183 = LINE('',#2184,#2185);
#2184 = CARTESIAN_POINT('',(0.,-0.));
#2185 = VECTOR('',#2186,1.);
#2186 = DIRECTION('',(0.,1.));
#2187 = ( GEOMETRIC_REPRESENTATION_CONTEXT(2) 
PARAMETRIC_REPRESENTATION_CONTEXT() REPRESENTATION_CONTEXT('2D SPACE',''
  ) );
#2188 = ORIENTED_EDGE('',*,*,#2189,.F.);
#2189 = EDGE_CURVE('',#2167,#2167,#2190,.T.);
#2190 = SURFACE_CURVE('',#2191,(#2196,#2203),.PCURVE_S1.);
#2191 = CIRCLE('',#2192,4.2);
#2192 = AXIS2_PLACEMENT_3D('',#2193,#2194,#2195);
#2193 = CARTESIAN_POINT('',(19.05,9.603053608429,38.512792814919));
#2194 = DIRECTION('',(0.,0.990268068742,-0.13917310096));
#2195 = DIRECTION('',(0.,0.13917310096,0.990268068742));
#2196 = PCURVE('',#1340,#2197);
#2197 = DEFINITIONAL_REPRESENTATION('',(#2198),#2202);
#2198 = LINE('',#2199,#2200);
#2199 = CARTESIAN_POINT('',(0.,38.));
#2200 = VECTOR('',#2201,1.);
#2201 = DIRECTION('',(1.,0.));
#2202 = ( GEOMETRIC_REPRESENTATION_CONTEXT(2) 
PARAMETRIC_REPRESENTATION_CONTEXT() REPRESENTATION_CONTEXT('2D SPACE',''
  ) );
#2203 = PCURVE('',#2204,#2209);
#2204 = PLANE('',#2205);
#2205 = AXIS2_PLACEMENT_3D('',#2206,#2207,#2208);
#2206 = CARTESIAN_POINT('',(19.05,9.603053608429,38.512792814919));
#2207 = DIRECTION('',(0.,0.990268068742,-0.13917310096));
#2208 = DIRECTION('',(0.,0.13917310096,0.990268068742));
#2209 = DEFINITIONAL_REPRESENTATION('',(#2210),#2214);
#2210 = CIRCLE('',#2211,4.2);
#2211 = AXIS2_PLACEMENT_2D('',#2212,#2213);
#2212 = CARTESIAN_POINT('',(0.,0.));
#2213 = DIRECTION('',(1.,0.));
#2214 = ( GEOMETRIC_REPRESENTATION_CONTEXT(2) 
PARAMETRIC_REPRESENTATION_CONTEXT() REPRESENTATION_CONTEXT('2D SPACE',''
  ) );
#2215 = ORIENTED_EDGE('',*,*,#2166,.F.);
#2216 = ORIENTED_EDGE('',*,*,#1319,.T.);
#2217 = ADVANCED_FACE('',(#2218),#1467,.F.);
#2218 = FACE_BOUND('',#2219,.F.);
#2219 = EDGE_LOOP('',(#2220,#2221,#2242,#2243));
#2220 = ORIENTED_EDGE('',*,*,#1450,.F.);
#2221 = ORIENTED_EDGE('',*,*,#2222,.F.);
#2222 = EDGE_CURVE('',#1578,#1451,#2223,.T.);
#2223 = SEAM_CURVE('',#2224,(#2228,#2235),.PCURVE_S1.);
#2224 = LINE('',#2225,#2226);
#2225 = CARTESIAN_POINT('',(19.05,-27.44260597971,47.960496540116));
#2226 = VECTOR('',#2227,1.);
#2227 = DIRECTION('',(0.,0.990268068742,-0.13917310096));
#2228 = PCURVE('',#1467,#2229);
#2229 = DEFINITIONAL_REPRESENTATION('',(#2230),#2234);
#2230 = LINE('',#2231,#2232);
#2231 = CARTESIAN_POINT('',(6.28318530718,-0.));
#2232 = VECTOR('',#2233,1.);
#2233 = DIRECTION('',(0.,1.));
#2234 = ( GEOMETRIC_REPRESENTATION_CONTEXT(2) 
PARAMETRIC_REPRESENTATION_CONTEXT() REPRESENTATION_CONTEXT('2D SPACE',''
  ) );
#2235 = PCURVE('',#1467,#2236);
#2236 = DEFINITIONAL_REPRESENTATION('',(#2237),#2241);
#2237 = LINE('',#2238,#2239);
#2238 = CARTESIAN_POINT('',(0.,-0.));
#2239 = VECTOR('',#2240,1.);
#2240 = DIRECTION('',(0.,1.));
#2241 = ( GEOMETRIC_REPRESENTATION_CONTEXT(2) 
PARAMETRIC_REPRESENTATION_CONTEXT() REPRESENTATION_CONTEXT('2D SPACE',''
  ) );
#2242 = ORIENTED_EDGE('',*,*,#1577,.T.);
#2243 = ORIENTED_EDGE('',*,*,#2222,.T.);
#2244 = ADVANCED_FACE('',(#2245),#1720,.F.);
#2245 = FACE_BOUND('',#2246,.F.);
#2246 = EDGE_LOOP('',(#2247,#2248,#2269,#2270));
#2247 = ORIENTED_EDGE('',*,*,#1703,.F.);
#2248 = ORIENTED_EDGE('',*,*,#2249,.F.);
#2249 = EDGE_CURVE('',#1831,#1704,#2250,.T.);
#2250 = SEAM_CURVE('',#2251,(#2255,#2262),.PCURVE_S1.);
#2251 = LINE('',#2252,#2253);
#2252 = CARTESIAN_POINT('',(19.05,-27.44260597971,47.960496540116));
#2253 = VECTOR('',#2254,1.);
#2254 = DIRECTION('',(0.,0.990268068742,-0.13917310096));
#2255 = PCURVE('',#1720,#2256);
#2256 = DEFINITIONAL_REPRESENTATION('',(#2257),#2261);
#2257 = LINE('',#2258,#2259);
#2258 = CARTESIAN_POINT('',(6.28318530718,-0.));
#2259 = VECTOR('',#2260,1.);
#2260 = DIRECTION('',(0.,1.));
#2261 = ( GEOMETRIC_REPRESENTATION_CONTEXT(2) 
PARAMETRIC_REPRESENTATION_CONTEXT() REPRESENTATION_CONTEXT('2D SPACE',''
  ) );
#2262 = PCURVE('',#1720,#2263);
#2263 = DEFINITIONAL_REPRESENTATION('',(#2264),#2268);
#2264 = LINE('',#2265,#2266);
#2265 = CARTESIAN_POINT('',(0.,-0.));
#2266 = VECTOR('',#2267,1.);
#2267 = DIRECTION('',(0.,1.));
#2268 = ( GEOMETRIC_REPRESENTATION_CONTEXT(2) 
PARAMETRIC_REPRESENTATION_CONTEXT() REPRESENTATION_CONTEXT('2D SPACE',''
  ) );
#2269 = ORIENTED_EDGE('',*,*,#1830,.T.);
#2270 = ORIENTED_EDGE('',*,*,#2249,.T.);
#2271 = ADVANCED_FACE('',(#2272),#2094,.F.);
#2272 = FACE_BOUND('',#2273,.F.);
#2273 = EDGE_LOOP('',(#2274));
#2274 = ORIENTED_EDGE('',*,*,#2079,.T.);
#2275 = ADVANCED_FACE('',(#2276),#2149,.F.);
#2276 = FACE_BOUND('',#2277,.F.);
#2277 = EDGE_LOOP('',(#2278));
#2278 = ORIENTED_EDGE('',*,*,#2134,.T.);
#2279 = ADVANCED_FACE('',(#2280),#2204,.F.);
#2280 = FACE_BOUND('',#2281,.F.);
#2281 = EDGE_LOOP('',(#2282));
#2282 = ORIENTED_EDGE('',*,*,#2189,.T.);
#2283 = ( GEOMETRIC_REPRESENTATION_CONTEXT(3) 
GLOBAL_UNCERTAINTY_ASSIGNED_CONTEXT((#2287)) 
GLOBAL_UNIT_ASSIGNED_CONTEXT((#2284,#2285,#2286)) REPRESENTATION_CONTEXT
('Context #1','3D Context with UNIT and UNCERTAINTY') );
#2284 = ( LENGTH_UNIT() NAMED_UNIT(*) SI_UNIT(.MILLI.,.METRE.) );
#2285 = ( NAMED_UNIT(*) PLANE_ANGLE_UNIT() SI_UNIT($,.RADIAN.) );
#2286 = ( NAMED_UNIT(*) SI_UNIT($,.STERADIAN.) SOLID_ANGLE_UNIT() );
#2287 = UNCERTAINTY_MEASURE_WITH_UNIT(LENGTH_MEASURE(1.E-07),#2284,
  'distance_accuracy_value','confusion accuracy');
#2288 = PRODUCT_RELATED_PRODUCT_CATEGORY('part',$,(#7));
ENDSEC;
END-ISO-10303-21;
