ISO-10303-21;
HEADER;
FILE_DESCRIPTION(('FreeCAD Model'),'2;1');
FILE_NAME('Open CASCADE Shape Model','2026-09-08T08:04:32',('FreeCAD'),(
    'FreeCAD'),'Open CASCADE STEP processor 7.8','FreeCAD','Unknown');
FILE_SCHEMA(('AUTOMOTIVE_DESIGN { 1 0 10303 214 1 1 1 1 }'));
ENDSEC;
DATA;
#1 = APPLICATION_PROTOCOL_DEFINITION('international standard',
  'automotive_design',2000,#2);
#2 = APPLICATION_CONTEXT(
  'core data for automotive mechanical design processes');
#3 = SHAPE_DEFINITION_REPRESENTATION(#4,#10);
#4 = PRODUCT_DEFINITION_SHAPE('','',#5);
#5 = PRODUCT_DEFINITION('design','',#6,#9);
#6 = PRODUCT_DEFINITION_FORMATION('','',#7);
#7 = PRODUCT('Open CASCADE STEP translator 7.8 1',
  'Open CASCADE STEP translator 7.8 1','',(#8));
#8 = PRODUCT_CONTEXT('',#2,'mechanical');
#9 = PRODUCT_DEFINITION_CONTEXT('part definition',#2,'design');
#10 = ADVANCED_BREP_SHAPE_REPRESENTATION('',(#11,#15),#4745);
#11 = AXIS2_PLACEMENT_3D('',#12,#13,#14);
#12 = CARTESIAN_POINT('',(0.,0.,0.));
#13 = DIRECTION('',(0.,0.,1.));
#14 = DIRECTION('',(1.,0.,-0.));
#15 = MANIFOLD_SOLID_BREP('',#16);
#16 = CLOSED_SHELL('',(#17,#57,#88,#269,#1300,#2277,#2294,#2318,#2335,
    #2359,#2383,#2407,#2424,#2448,#2472,#2496,#2520,#2537,#2568,#2592,
    #2610,#2641,#2665,#2683,#2702,#2721,#2754,#2778,#2802,#2833,#2850,
    #2867,#2884,#2901,#2918,#2935,#2952,#2969,#2986,#3003,#3020,#3032,
    #3054,#3071,#3088,#3100,#3122,#3139,#3156,#3168,#3190,#3207,#3224,
    #3241,#3258,#3275,#3292,#3304,#3326,#3343,#3360,#3372,#3394,#3411,
    #3423,#3445,#3462,#3479,#3491,#3513,#3530,#3547,#3564,#3581,#3598,
    #3615,#3627,#3649,#3666,#3683,#3700,#3717,#3734,#3751,#3763,#3785,
    #3802,#3819,#3831,#3853,#3870,#3887,#3899,#3921,#3938,#3955,#3967,
    #3989,#4006,#4023,#4035,#4057,#4074,#4091,#4103,#4125,#4142,#4159,
    #4176,#4193,#4210,#4227,#4239,#4261,#4278,#4295,#4312,#4329,#4346,
    #4363,#4375,#4397,#4414,#4431,#4443,#4465,#4482,#4499,#4511,#4533,
    #4550,#4567,#4579,#4601,#4618,#4635,#4647,#4669,#4686,#4703,#4715,
    #4732));
#17 = ADVANCED_FACE('',(#18),#52,.F.);
#18 = FACE_BOUND('',#19,.T.);
#19 = EDGE_LOOP('',(#20,#30,#38,#46));
#20 = ORIENTED_EDGE('',*,*,#21,.T.);
#21 = EDGE_CURVE('',#22,#24,#26,.T.);
#22 = VERTEX_POINT('',#23);
#23 = CARTESIAN_POINT('',(46.682720163547,28.297943852697,12.));
#24 = VERTEX_POINT('',#25);
#25 = CARTESIAN_POINT('',(46.682720163547,28.297943852697,
    2.84217094304E-14));
#26 = LINE('',#27,#28);
#27 = CARTESIAN_POINT('',(46.682720163547,28.297943852697,12.));
#28 = VECTOR('',#29,1.);
#29 = DIRECTION('',(-7.850462293419E-17,-7.850462293419E-17,-1.));
#30 = ORIENTED_EDGE('',*,*,#31,.T.);
#31 = EDGE_CURVE('',#24,#32,#34,.T.);
#32 = VERTEX_POINT('',#33);
#33 = CARTESIAN_POINT('',(49.511147288293,28.297943852697,
    2.84217094304E-14));
#34 = LINE('',#35,#36);
#35 = CARTESIAN_POINT('',(46.682720163547,28.297943852697,0.));
#36 = VECTOR('',#37,1.);
#37 = DIRECTION('',(1.,-2.43364331096E-32,-3.885046229342E-16));
#38 = ORIENTED_EDGE('',*,*,#39,.F.);
#39 = EDGE_CURVE('',#40,#32,#42,.T.);
#40 = VERTEX_POINT('',#41);
#41 = CARTESIAN_POINT('',(49.511147288293,28.297943852697,12.));
#42 = LINE('',#43,#44);
#43 = CARTESIAN_POINT('',(49.511147288293,28.297943852697,12.));
#44 = VECTOR('',#45,1.);
#45 = DIRECTION('',(-7.850462293419E-17,-7.850462293419E-17,-1.));
#46 = ORIENTED_EDGE('',*,*,#47,.F.);
#47 = EDGE_CURVE('',#22,#40,#48,.T.);
#48 = LINE('',#49,#50);
#49 = CARTESIAN_POINT('',(46.682720163547,28.297943852697,12.));
#50 = VECTOR('',#51,1.);
#51 = DIRECTION('',(1.,-2.43364331096E-32,-3.885046229342E-16));
#52 = PLANE('',#53);
#53 = AXIS2_PLACEMENT_3D('',#54,#55,#56);
#54 = CARTESIAN_POINT('',(46.682720163547,28.297943852697,12.));
#55 = DIRECTION('',(-1.110223024625E-16,1.,-7.850462293419E-17));
#56 = DIRECTION('',(-1.,-1.110223024625E-16,2.385046229342E-16));
#57 = ADVANCED_FACE('',(#58),#83,.F.);
#58 = FACE_BOUND('',#59,.T.);
#59 = EDGE_LOOP('',(#60,#70,#76,#77));
#60 = ORIENTED_EDGE('',*,*,#61,.T.);
#61 = EDGE_CURVE('',#62,#64,#66,.T.);
#62 = VERTEX_POINT('',#63);
#63 = CARTESIAN_POINT('',(22.641089603204,52.339574413039,12.));
#64 = VERTEX_POINT('',#65);
#65 = CARTESIAN_POINT('',(22.641089603204,52.339574413039,
    2.84217094304E-14));
#66 = LINE('',#67,#68);
#67 = CARTESIAN_POINT('',(22.641089603204,52.339574413039,12.));
#68 = VECTOR('',#69,1.);
#69 = DIRECTION('',(-7.850462293419E-17,-7.850462293419E-17,-1.));
#70 = ORIENTED_EDGE('',*,*,#71,.T.);
#71 = EDGE_CURVE('',#64,#24,#72,.T.);
#72 = LINE('',#73,#74);
#73 = CARTESIAN_POINT('',(22.641089603204,52.339574413039,
    2.84217094304E-14));
#74 = VECTOR('',#75,1.);
#75 = DIRECTION('',(0.707106781187,-0.707106781187,-8.9E-16));
#76 = ORIENTED_EDGE('',*,*,#21,.F.);
#77 = ORIENTED_EDGE('',*,*,#78,.F.);
#78 = EDGE_CURVE('',#62,#22,#79,.T.);
#79 = LINE('',#80,#81);
#80 = CARTESIAN_POINT('',(22.641089603204,52.339574413039,12.));
#81 = VECTOR('',#82,1.);
#82 = DIRECTION('',(0.707106781187,-0.707106781187,-8.9E-16));
#83 = PLANE('',#84);
#84 = AXIS2_PLACEMENT_3D('',#85,#86,#87);
#85 = CARTESIAN_POINT('',(22.641089603204,52.339574413039,12.));
#86 = DIRECTION('',(0.707106781187,0.707106781187,-1.110223024625E-16));
#87 = DIRECTION('',(-0.707106781187,0.707106781187,4.4E-16));
#88 = ADVANCED_FACE('',(#89,#210,#237),#264,.T.);
#89 = FACE_BOUND('',#90,.F.);
#90 = EDGE_LOOP('',(#91,#101,#109,#115,#116,#124,#132,#140,#148,#156,
    #164,#172,#180,#188,#196,#204));
#91 = ORIENTED_EDGE('',*,*,#92,.T.);
#92 = EDGE_CURVE('',#93,#95,#97,.T.);
#93 = VERTEX_POINT('',#94);
#94 = CARTESIAN_POINT('',(178.20458146424,156.99137802864,12.));
#95 = VERTEX_POINT('',#96);
#96 = CARTESIAN_POINT('',(233.35891039679,212.14570696119,12.));
#97 = LINE('',#98,#99);
#98 = CARTESIAN_POINT('',(49.511147288293,28.297943852697,12.));
#99 = VECTOR('',#100,1.);
#100 = DIRECTION('',(0.707106781187,0.707106781187,3.289776975375E-16));
#101 = ORIENTED_EDGE('',*,*,#102,.T.);
#102 = EDGE_CURVE('',#95,#103,#105,.T.);
#103 = VERTEX_POINT('',#104);
#104 = CARTESIAN_POINT('',(233.35891039679,212.14570696119,
    5.684341886081E-14));
#105 = LINE('',#106,#107);
#106 = CARTESIAN_POINT('',(233.35891039679,212.14570696119,12.));
#107 = VECTOR('',#108,1.);
#108 = DIRECTION('',(-7.850462293419E-17,-7.850462293419E-17,-1.));
#109 = ORIENTED_EDGE('',*,*,#110,.F.);
#110 = EDGE_CURVE('',#32,#103,#111,.T.);
#111 = LINE('',#112,#113);
#112 = CARTESIAN_POINT('',(49.511147288293,28.297943852697,
    2.84217094304E-14));
#113 = VECTOR('',#114,1.);
#114 = DIRECTION('',(0.707106781187,0.707106781187,1.089776975375E-16));
#115 = ORIENTED_EDGE('',*,*,#39,.F.);
#116 = ORIENTED_EDGE('',*,*,#117,.T.);
#117 = EDGE_CURVE('',#40,#118,#120,.T.);
#118 = VERTEX_POINT('',#119);
#119 = CARTESIAN_POINT('',(50.925360850666,29.71215741507,12.));
#120 = LINE('',#121,#122);
#121 = CARTESIAN_POINT('',(49.511147288293,28.297943852697,12.));
#122 = VECTOR('',#123,1.);
#123 = DIRECTION('',(0.707106781187,0.707106781187,3.289776975375E-16));
#124 = ORIENTED_EDGE('',*,*,#125,.T.);
#125 = EDGE_CURVE('',#118,#126,#128,.T.);
#126 = VERTEX_POINT('',#127);
#127 = CARTESIAN_POINT('',(50.925360850666,29.71215741507,27.));
#128 = LINE('',#129,#130);
#129 = CARTESIAN_POINT('',(50.925360850666,29.71215741507,3.));
#130 = VECTOR('',#131,1.);
#131 = DIRECTION('',(7.850462293419E-17,7.850462293419E-17,1.));
#132 = ORIENTED_EDGE('',*,*,#133,.T.);
#133 = EDGE_CURVE('',#126,#134,#136,.T.);
#134 = VERTEX_POINT('',#135);
#135 = CARTESIAN_POINT('',(53.046681194226,31.833477758629,30.));
#136 = LINE('',#137,#138);
#137 = CARTESIAN_POINT('',(50.925360850666,29.71215741507,27.));
#138 = VECTOR('',#139,1.);
#139 = DIRECTION('',(0.5,0.5,0.707106781187));
#140 = ORIENTED_EDGE('',*,*,#141,.T.);
#141 = EDGE_CURVE('',#134,#142,#144,.T.);
#142 = VERTEX_POINT('',#143);
#143 = CARTESIAN_POINT('',(65.774603255584,44.561399819987,30.));
#144 = LINE('',#145,#146);
#145 = CARTESIAN_POINT('',(53.046681194226,31.83347775863,30.));
#146 = VECTOR('',#147,1.);
#147 = DIRECTION('',(0.707106781187,0.707106781187,-1.110223024625E-16)
  );
#148 = ORIENTED_EDGE('',*,*,#149,.T.);
#149 = EDGE_CURVE('',#142,#150,#152,.T.);
#150 = VERTEX_POINT('',#151);
#151 = CARTESIAN_POINT('',(67.895923599143,46.682720163547,27.));
#152 = LINE('',#153,#154);
#153 = CARTESIAN_POINT('',(65.774603255584,44.561399819987,30.));
#154 = VECTOR('',#155,1.);
#155 = DIRECTION('',(0.5,0.5,-0.707106781187));
#156 = ORIENTED_EDGE('',*,*,#157,.T.);
#157 = EDGE_CURVE('',#150,#158,#160,.T.);
#158 = VERTEX_POINT('',#159);
#159 = CARTESIAN_POINT('',(67.895923599143,46.682720163547,12.));
#160 = LINE('',#161,#162);
#161 = CARTESIAN_POINT('',(67.895923599143,46.682720163547,27.));
#162 = VECTOR('',#163,1.);
#163 = DIRECTION('',(-7.850462293419E-17,-7.850462293419E-17,-1.));
#164 = ORIENTED_EDGE('',*,*,#165,.T.);
#165 = EDGE_CURVE('',#158,#166,#168,.T.);
#166 = VERTEX_POINT('',#167);
#167 = CARTESIAN_POINT('',(161.23401871576,140.02081528017,12.));
#168 = LINE('',#169,#170);
#169 = CARTESIAN_POINT('',(49.511147288293,28.297943852697,12.));
#170 = VECTOR('',#171,1.);
#171 = DIRECTION('',(0.707106781187,0.707106781187,3.289776975375E-16));
#172 = ORIENTED_EDGE('',*,*,#173,.T.);
#173 = EDGE_CURVE('',#166,#174,#176,.T.);
#174 = VERTEX_POINT('',#175);
#175 = CARTESIAN_POINT('',(161.23401871576,140.02081528017,27.));
#176 = LINE('',#177,#178);
#177 = CARTESIAN_POINT('',(161.23401871576,140.02081528017,3.));
#178 = VECTOR('',#179,1.);
#179 = DIRECTION('',(7.850462293419E-17,7.850462293419E-17,1.));
#180 = ORIENTED_EDGE('',*,*,#181,.T.);
#181 = EDGE_CURVE('',#174,#182,#184,.T.);
#182 = VERTEX_POINT('',#183);
#183 = CARTESIAN_POINT('',(163.35533905932,142.14213562373,30.));
#184 = LINE('',#185,#186);
#185 = CARTESIAN_POINT('',(161.23401871576,140.02081528017,27.));
#186 = VECTOR('',#187,1.);
#187 = DIRECTION('',(0.5,0.5,0.707106781187));
#188 = ORIENTED_EDGE('',*,*,#189,.T.);
#189 = EDGE_CURVE('',#182,#190,#192,.T.);
#190 = VERTEX_POINT('',#191);
#191 = CARTESIAN_POINT('',(176.08326112068,154.87005768508,30.));
#192 = LINE('',#193,#194);
#193 = CARTESIAN_POINT('',(163.35533905932,142.14213562373,30.));
#194 = VECTOR('',#195,1.);
#195 = DIRECTION('',(0.707106781187,0.707106781187,-1.110223024625E-16)
  );
#196 = ORIENTED_EDGE('',*,*,#197,.T.);
#197 = EDGE_CURVE('',#190,#198,#200,.T.);
#198 = VERTEX_POINT('',#199);
#199 = CARTESIAN_POINT('',(178.20458146424,156.99137802864,27.));
#200 = LINE('',#201,#202);
#201 = CARTESIAN_POINT('',(176.08326112068,154.87005768508,30.));
#202 = VECTOR('',#203,1.);
#203 = DIRECTION('',(0.5,0.5,-0.707106781187));
#204 = ORIENTED_EDGE('',*,*,#205,.T.);
#205 = EDGE_CURVE('',#198,#93,#206,.T.);
#206 = LINE('',#207,#208);
#207 = CARTESIAN_POINT('',(178.20458146424,156.99137802864,27.));
#208 = VECTOR('',#209,1.);
#209 = DIRECTION('',(-7.850462293419E-17,-7.850462293419E-17,-1.));
#210 = FACE_BOUND('',#211,.F.);
#211 = EDGE_LOOP('',(#212,#222,#231));
#212 = ORIENTED_EDGE('',*,*,#213,.F.);
#213 = EDGE_CURVE('',#214,#216,#218,.T.);
#214 = VERTEX_POINT('',#215);
#215 = CARTESIAN_POINT('',(57.610642224905,36.397438789308,
    20.545584412272));
#216 = VERTEX_POINT('',#217);
#217 = CARTESIAN_POINT('',(59.410642224905,38.197438789308,
    23.091168824543));
#218 = LINE('',#219,#220);
#219 = CARTESIAN_POINT('',(76.691914129925,55.478710694329,
    47.53057792768));
#220 = VECTOR('',#221,1.);
#221 = DIRECTION('',(0.5,0.5,0.707106781187));
#222 = ORIENTED_EDGE('',*,*,#223,.T.);
#223 = EDGE_CURVE('',#214,#224,#226,.T.);
#224 = VERTEX_POINT('',#225);
#225 = CARTESIAN_POINT('',(61.210642224905,39.997438789308,
    20.545584412272));
#226 = CIRCLE('',#227,3.6);
#227 = AXIS2_PLACEMENT_3D('',#228,#229,#230);
#228 = CARTESIAN_POINT('',(59.410642224905,38.197438789308,18.));
#229 = DIRECTION('',(0.707106781187,-0.707106781187,-1.232595164408E-32)
  );
#230 = DIRECTION('',(-7.850462293419E-17,-7.850462293419E-17,-1.));
#231 = ORIENTED_EDGE('',*,*,#232,.F.);
#232 = EDGE_CURVE('',#216,#224,#233,.T.);
#233 = LINE('',#234,#235);
#234 = CARTESIAN_POINT('',(82.608191577841,61.394988142244,
    -9.715120084198));
#235 = VECTOR('',#236,1.);
#236 = DIRECTION('',(0.5,0.5,-0.707106781187));
#237 = FACE_BOUND('',#238,.F.);
#238 = EDGE_LOOP('',(#239,#249,#258));
#239 = ORIENTED_EDGE('',*,*,#240,.F.);
#240 = EDGE_CURVE('',#241,#243,#245,.T.);
#241 = VERTEX_POINT('',#242);
#242 = CARTESIAN_POINT('',(167.91930009,146.70609665441,20.545584412272)
  );
#243 = VERTEX_POINT('',#244);
#244 = CARTESIAN_POINT('',(169.71930009,148.50609665441,23.091168824543)
  );
#245 = LINE('',#246,#247);
#246 = CARTESIAN_POINT('',(159.42340752875,138.21020409315,8.53057792768
    ));
#247 = VECTOR('',#248,1.);
#248 = DIRECTION('',(0.5,0.5,0.707106781187));
#249 = ORIENTED_EDGE('',*,*,#250,.T.);
#250 = EDGE_CURVE('',#241,#251,#253,.T.);
#251 = VERTEX_POINT('',#252);
#252 = CARTESIAN_POINT('',(171.51930009,150.30609665441,20.545584412272)
  );
#253 = CIRCLE('',#254,3.6);
#254 = AXIS2_PLACEMENT_3D('',#255,#256,#257);
#255 = CARTESIAN_POINT('',(169.71930009,148.50609665441,18.));
#256 = DIRECTION('',(0.707106781187,-0.707106781187,-1.232595164408E-32)
  );
#257 = DIRECTION('',(-7.850462293419E-17,-7.850462293419E-17,-1.));
#258 = ORIENTED_EDGE('',*,*,#259,.F.);
#259 = EDGE_CURVE('',#243,#251,#260,.T.);
#260 = LINE('',#261,#262);
#261 = CARTESIAN_POINT('',(165.33968497666,144.12648154107,
    29.284879915802));
#262 = VECTOR('',#263,1.);
#263 = DIRECTION('',(0.5,0.5,-0.707106781187));
#264 = PLANE('',#265);
#265 = AXIS2_PLACEMENT_3D('',#266,#267,#268);
#266 = CARTESIAN_POINT('',(138.56828474081,117.35508130522,
    8.902993625606));
#267 = DIRECTION('',(0.707106781187,-0.707106781187,0.));
#268 = DIRECTION('',(-0.707106781187,-0.707106781187,1.110223024625E-16)
  );
#269 = ADVANCED_FACE('',(#270,#463,#497,#531,#597,#631,#657,#691,#757,
    #823,#857,#891,#925,#959,#993,#1059,#1125,#1159,#1193,#1227,#1261),
  #1295,.F.);
#270 = FACE_BOUND('',#271,.T.);
#271 = EDGE_LOOP('',(#272,#280,#281,#289,#297,#305,#313,#321,#329,#337,
    #345,#353,#361,#369,#377,#385,#393,#401,#409,#417,#423,#424,#425,
    #426,#434,#442,#448,#449,#457));
#272 = ORIENTED_EDGE('',*,*,#273,.T.);
#273 = EDGE_CURVE('',#274,#93,#276,.T.);
#274 = VERTEX_POINT('',#275);
#275 = CARTESIAN_POINT('',(172.54772721475,162.64823227814,12.));
#276 = LINE('',#277,#278);
#277 = CARTESIAN_POINT('',(166.21271574152,168.98324375137,12.));
#278 = VECTOR('',#279,1.);
#279 = DIRECTION('',(0.707106781187,-0.707106781187,-4.4E-16));
#280 = ORIENTED_EDGE('',*,*,#92,.T.);
#281 = ORIENTED_EDGE('',*,*,#282,.T.);
#282 = EDGE_CURVE('',#95,#283,#285,.T.);
#283 = VERTEX_POINT('',#284);
#284 = CARTESIAN_POINT('',(233.35891039679,214.97413408594,12.));
#285 = LINE('',#286,#287);
#286 = CARTESIAN_POINT('',(233.35891039679,212.14570696119,12.));
#287 = VECTOR('',#288,1.);
#288 = DIRECTION('',(7.379434555814E-32,1.,8.614953770658E-16));
#289 = ORIENTED_EDGE('',*,*,#290,.T.);
#290 = EDGE_CURVE('',#283,#291,#293,.T.);
#291 = VERTEX_POINT('',#292);
#292 = CARTESIAN_POINT('',(229.11626970967,219.21677477306,12.));
#293 = LINE('',#294,#295);
#294 = CARTESIAN_POINT('',(233.35891039679,214.97413408594,12.));
#295 = VECTOR('',#296,1.);
#296 = DIRECTION('',(-0.707106781187,0.707106781187,8.9E-16));
#297 = ORIENTED_EDGE('',*,*,#298,.T.);
#298 = EDGE_CURVE('',#291,#299,#301,.T.);
#299 = VERTEX_POINT('',#300);
#300 = CARTESIAN_POINT('',(206.4888527117,227.7020561473,12.));
#301 = LINE('',#302,#303);
#302 = CARTESIAN_POINT('',(229.11626970967,219.21677477306,12.));
#303 = VECTOR('',#304,1.);
#304 = DIRECTION('',(-0.936329177569,0.351123441588,6.659413556421E-16)
  );
#305 = ORIENTED_EDGE('',*,*,#306,.T.);
#306 = EDGE_CURVE('',#299,#307,#309,.T.);
#307 = VERTEX_POINT('',#308);
#308 = CARTESIAN_POINT('',(198.06884273265,225.93972847726,12.));
#309 = LINE('',#310,#311);
#310 = CARTESIAN_POINT('',(206.4888527117,227.7020561473,12.));
#311 = VECTOR('',#312,1.);
#312 = DIRECTION('',(-0.978790625253,-0.204863154123,2.029222936345E-16)
  );
#313 = ORIENTED_EDGE('',*,*,#314,.T.);
#314 = EDGE_CURVE('',#307,#315,#317,.T.);
#315 = VERTEX_POINT('',#316);
#316 = CARTESIAN_POINT('',(203.73113626507,220.27743494484,12.));
#317 = LINE('',#318,#319);
#318 = CARTESIAN_POINT('',(204.00757319594,220.00099801398,12.));
#319 = VECTOR('',#320,1.);
#320 = DIRECTION('',(0.707106781187,-0.707106781187,-4.4E-16));
#321 = ORIENTED_EDGE('',*,*,#322,.T.);
#322 = EDGE_CURVE('',#315,#323,#325,.T.);
#323 = VERTEX_POINT('',#324);
#324 = CARTESIAN_POINT('',(199.77133829043,216.3176369702,12.));
#325 = LINE('',#326,#327);
#326 = CARTESIAN_POINT('',(162.76847030881,179.31476898857,12.));
#327 = VECTOR('',#328,1.);
#328 = DIRECTION('',(-0.707106781187,-0.707106781187,1.110223024625E-16)
  );
#329 = ORIENTED_EDGE('',*,*,#330,.T.);
#330 = EDGE_CURVE('',#323,#331,#333,.T.);
#331 = VERTEX_POINT('',#332);
#332 = CARTESIAN_POINT('',(193.69021997223,222.3987552884,12.));
#333 = LINE('',#334,#335);
#334 = CARTESIAN_POINT('',(197.00721606219,219.08175919843,12.));
#335 = VECTOR('',#336,1.);
#336 = DIRECTION('',(-0.707106781187,0.707106781187,4.4E-16));
#337 = ORIENTED_EDGE('',*,*,#338,.T.);
#338 = EDGE_CURVE('',#331,#339,#341,.T.);
#339 = VERTEX_POINT('',#340);
#340 = CARTESIAN_POINT('',(197.00946239215,225.71799770832,12.));
#341 = LINE('',#342,#343);
#342 = CARTESIAN_POINT('',(158.66725097792,187.3757862941,12.));
#343 = VECTOR('',#344,1.);
#344 = DIRECTION('',(0.707106781187,0.707106781187,-1.110223024625E-16)
  );
#345 = ORIENTED_EDGE('',*,*,#346,.T.);
#346 = EDGE_CURVE('',#339,#347,#349,.T.);
#347 = VERTEX_POINT('',#348);
#348 = CARTESIAN_POINT('',(145.67766952966,214.97413408594,12.));
#349 = LINE('',#350,#351);
#350 = CARTESIAN_POINT('',(206.4888527117,227.7020561473,12.));
#351 = VECTOR('',#352,1.);
#352 = DIRECTION('',(-0.978790625253,-0.204863154123,2.029222936345E-16)
  );
#353 = ORIENTED_EDGE('',*,*,#354,.T.);
#354 = EDGE_CURVE('',#347,#355,#357,.T.);
#355 = VERTEX_POINT('',#356);
#356 = CARTESIAN_POINT('',(110.32233047033,179.61879502661,12.));
#357 = LINE('',#358,#359);
#358 = CARTESIAN_POINT('',(145.67766952966,214.97413408594,12.));
#359 = VECTOR('',#360,1.);
#360 = DIRECTION('',(-0.707106781187,-0.707106781187,-3.289776975375E-16
    ));
#361 = ORIENTED_EDGE('',*,*,#362,.T.);
#362 = EDGE_CURVE('',#355,#363,#365,.T.);
#363 = VERTEX_POINT('',#364);
#364 = CARTESIAN_POINT('',(110.32233047033,176.79036790187,12.));
#365 = LINE('',#366,#367);
#366 = CARTESIAN_POINT('',(110.32233047033,179.61879502661,12.));
#367 = VECTOR('',#368,1.);
#368 = DIRECTION('',(-7.379434555814E-32,-1.,-8.614953770658E-16));
#369 = ORIENTED_EDGE('',*,*,#370,.T.);
#370 = EDGE_CURVE('',#363,#371,#373,.T.);
#371 = VERTEX_POINT('',#372);
#372 = CARTESIAN_POINT('',(111.7365440327,175.37615433949,12.));
#373 = LINE('',#374,#375);
#374 = CARTESIAN_POINT('',(110.32233047033,176.79036790187,12.));
#375 = VECTOR('',#376,1.);
#376 = DIRECTION('',(0.707106781187,-0.707106781187,-8.9E-16));
#377 = ORIENTED_EDGE('',*,*,#378,.T.);
#378 = EDGE_CURVE('',#371,#379,#381,.T.);
#379 = VERTEX_POINT('',#380);
#380 = CARTESIAN_POINT('',(114.56497115745,175.37615433949,12.));
#381 = LINE('',#382,#383);
#382 = CARTESIAN_POINT('',(111.7365440327,175.37615433949,12.));
#383 = VECTOR('',#384,1.);
#384 = DIRECTION('',(1.,-2.43364331096E-32,-3.885046229342E-16));
#385 = ORIENTED_EDGE('',*,*,#386,.T.);
#386 = EDGE_CURVE('',#379,#387,#389,.T.);
#387 = VERTEX_POINT('',#388);
#388 = CARTESIAN_POINT('',(140.02081528017,200.83199846221,12.));
#389 = LINE('',#390,#391);
#390 = CARTESIAN_POINT('',(114.56497115745,175.37615433949,12.));
#391 = VECTOR('',#392,1.);
#392 = DIRECTION('',(0.707106781187,0.707106781187,3.289776975375E-16));
#393 = ORIENTED_EDGE('',*,*,#394,.T.);
#394 = EDGE_CURVE('',#387,#395,#397,.T.);
#395 = VERTEX_POINT('',#396);
#396 = CARTESIAN_POINT('',(142.84924240491,200.83199846221,12.));
#397 = LINE('',#398,#399);
#398 = CARTESIAN_POINT('',(140.02081528017,200.83199846221,12.));
#399 = VECTOR('',#400,1.);
#400 = DIRECTION('',(1.,-2.43364331096E-32,-3.885046229342E-16));
#401 = ORIENTED_EDGE('',*,*,#402,.T.);
#402 = EDGE_CURVE('',#395,#403,#405,.T.);
#403 = VERTEX_POINT('',#404);
#404 = CARTESIAN_POINT('',(155.57716446627,188.10407640085,12.));
#405 = LINE('',#406,#407);
#406 = CARTESIAN_POINT('',(142.84924240491,200.83199846221,12.));
#407 = VECTOR('',#408,1.);
#408 = DIRECTION('',(0.707106781187,-0.707106781187,-8.9E-16));
#409 = ORIENTED_EDGE('',*,*,#410,.T.);
#410 = EDGE_CURVE('',#403,#411,#413,.T.);
#411 = VERTEX_POINT('',#412);
#412 = CARTESIAN_POINT('',(22.641089603204,55.168001537786,12.));
#413 = LINE('',#414,#415);
#414 = CARTESIAN_POINT('',(155.57716446627,188.10407640085,12.));
#415 = VECTOR('',#416,1.);
#416 = DIRECTION('',(-0.707106781187,-0.707106781187,-3.289776975375E-16
    ));
#417 = ORIENTED_EDGE('',*,*,#418,.T.);
#418 = EDGE_CURVE('',#411,#62,#419,.T.);
#419 = LINE('',#420,#421);
#420 = CARTESIAN_POINT('',(22.641089603204,55.168001537786,12.));
#421 = VECTOR('',#422,1.);
#422 = DIRECTION('',(-7.379434555814E-32,-1.,-8.614953770658E-16));
#423 = ORIENTED_EDGE('',*,*,#78,.T.);
#424 = ORIENTED_EDGE('',*,*,#47,.T.);
#425 = ORIENTED_EDGE('',*,*,#117,.T.);
#426 = ORIENTED_EDGE('',*,*,#427,.T.);
#427 = EDGE_CURVE('',#118,#428,#430,.T.);
#428 = VERTEX_POINT('',#429);
#429 = CARTESIAN_POINT('',(45.268506601174,35.369011664562,12.));
#430 = LINE('',#431,#432);
#431 = CARTESIAN_POINT('',(38.933495127944,41.704023137792,12.));
#432 = VECTOR('',#433,1.);
#433 = DIRECTION('',(-0.707106781187,0.707106781187,4.4E-16));
#434 = ORIENTED_EDGE('',*,*,#435,.F.);
#435 = EDGE_CURVE('',#436,#428,#438,.T.);
#436 = VERTEX_POINT('',#437);
#437 = CARTESIAN_POINT('',(62.239069349651,52.339574413039,12.));
#438 = LINE('',#439,#440);
#439 = CARTESIAN_POINT('',(96.371143555393,86.471648618781,12.));
#440 = VECTOR('',#441,1.);
#441 = DIRECTION('',(-0.707106781187,-0.707106781187,1.110223024625E-16)
  );
#442 = ORIENTED_EDGE('',*,*,#443,.T.);
#443 = EDGE_CURVE('',#436,#158,#444,.T.);
#444 = LINE('',#445,#446);
#445 = CARTESIAN_POINT('',(55.904057876421,58.67458588627,12.));
#446 = VECTOR('',#447,1.);
#447 = DIRECTION('',(0.707106781187,-0.707106781187,-4.4E-16));
#448 = ORIENTED_EDGE('',*,*,#165,.T.);
#449 = ORIENTED_EDGE('',*,*,#450,.T.);
#450 = EDGE_CURVE('',#166,#451,#453,.T.);
#451 = VERTEX_POINT('',#452);
#452 = CARTESIAN_POINT('',(155.57716446627,145.67766952966,12.));
#453 = LINE('',#454,#455);
#454 = CARTESIAN_POINT('',(149.24215299304,152.01268100289,12.));
#455 = VECTOR('',#456,1.);
#456 = DIRECTION('',(-0.707106781187,0.707106781187,4.4E-16));
#457 = ORIENTED_EDGE('',*,*,#458,.F.);
#458 = EDGE_CURVE('',#274,#451,#459,.T.);
#459 = LINE('',#460,#461);
#460 = CARTESIAN_POINT('',(151.52547248794,141.62597755133,12.));
#461 = VECTOR('',#462,1.);
#462 = DIRECTION('',(-0.707106781187,-0.707106781187,1.110223024625E-16)
  );
#463 = FACE_BOUND('',#464,.T.);
#464 = EDGE_LOOP('',(#465,#475,#483,#491));
#465 = ORIENTED_EDGE('',*,*,#466,.T.);
#466 = EDGE_CURVE('',#467,#469,#471,.T.);
#467 = VERTEX_POINT('',#468);
#468 = CARTESIAN_POINT('',(177.49747468305,188.81118318204,12.));
#469 = VERTEX_POINT('',#470);
#470 = CARTESIAN_POINT('',(203.66042558696,214.97413408594,12.));
#471 = LINE('',#472,#473);
#472 = CARTESIAN_POINT('',(166.02116150226,177.33487000125,12.));
#473 = VECTOR('',#474,1.);
#474 = DIRECTION('',(0.707106781187,0.707106781187,-1.110223024625E-16)
  );
#475 = ORIENTED_EDGE('',*,*,#476,.T.);
#476 = EDGE_CURVE('',#469,#477,#479,.T.);
#477 = VERTEX_POINT('',#478);
#478 = CARTESIAN_POINT('',(214.26702730475,210.02438661764,12.));
#479 = LINE('',#480,#481);
#480 = CARTESIAN_POINT('',(191.23680603384,220.77182321073,12.));
#481 = VECTOR('',#482,1.);
#482 = DIRECTION('',(0.906183139995,-0.422885465331,-4.579411017145E-16)
  );
#483 = ORIENTED_EDGE('',*,*,#484,.T.);
#484 = EDGE_CURVE('',#477,#485,#487,.T.);
#485 = VERTEX_POINT('',#486);
#486 = CARTESIAN_POINT('',(185.27564927611,181.03300858899,12.));
#487 = LINE('',#488,#489);
#488 = CARTESIAN_POINT('',(160.71786064336,156.47521995625,12.));
#489 = VECTOR('',#490,1.);
#490 = DIRECTION('',(-0.707106781187,-0.707106781187,1.110223024625E-16)
  );
#491 = ORIENTED_EDGE('',*,*,#492,.T.);
#492 = EDGE_CURVE('',#485,#467,#493,.T.);
#493 = LINE('',#494,#495);
#494 = CARTESIAN_POINT('',(176.46576406872,189.84289379637,12.));
#495 = VECTOR('',#496,1.);
#496 = DIRECTION('',(-0.707106781187,0.707106781187,4.4E-16));
#497 = FACE_BOUND('',#498,.T.);
#498 = EDGE_LOOP('',(#499,#509,#517,#525));
#499 = ORIENTED_EDGE('',*,*,#500,.T.);
#500 = EDGE_CURVE('',#501,#503,#505,.T.);
#501 = VERTEX_POINT('',#502);
#502 = CARTESIAN_POINT('',(176.71965722375,205.42819253992,12.));
#503 = VERTEX_POINT('',#504);
#504 = CARTESIAN_POINT('',(180.67945519839,209.38799051457,12.));
#505 = LINE('',#506,#507);
#506 = CARTESIAN_POINT('',(150.18196960368,178.89050491986,12.));
#507 = VECTOR('',#508,1.);
#508 = DIRECTION('',(0.707106781187,0.707106781187,-1.110223024625E-16)
  );
#509 = ORIENTED_EDGE('',*,*,#510,.T.);
#510 = EDGE_CURVE('',#503,#511,#513,.T.);
#511 = VERTEX_POINT('',#512);
#512 = CARTESIAN_POINT('',(186.7605735166,203.30687219636,12.));
#513 = LINE('',#514,#515);
#514 = CARTESIAN_POINT('',(187.03701044746,203.0304352655,12.));
#515 = VECTOR('',#516,1.);
#516 = DIRECTION('',(0.707106781187,-0.707106781187,-4.4E-16));
#517 = ORIENTED_EDGE('',*,*,#518,.T.);
#518 = EDGE_CURVE('',#511,#519,#521,.T.);
#519 = VERTEX_POINT('',#520);
#520 = CARTESIAN_POINT('',(182.80077554195,199.34707422172,12.));
#521 = LINE('',#522,#523);
#522 = CARTESIAN_POINT('',(154.28318893457,170.82948761433,12.));
#523 = VECTOR('',#524,1.);
#524 = DIRECTION('',(-0.707106781187,-0.707106781187,1.110223024625E-16)
  );
#525 = ORIENTED_EDGE('',*,*,#526,.T.);
#526 = EDGE_CURVE('',#519,#501,#527,.T.);
#527 = LINE('',#528,#529);
#528 = CARTESIAN_POINT('',(180.03665331371,202.11119644996,12.));
#529 = VECTOR('',#530,1.);
#530 = DIRECTION('',(-0.707106781187,0.707106781187,4.4E-16));
#531 = FACE_BOUND('',#532,.T.);
#532 = EDGE_LOOP('',(#533,#543,#551,#559,#567,#575,#583,#591));
#533 = ORIENTED_EDGE('',*,*,#534,.T.);
#534 = EDGE_CURVE('',#535,#537,#539,.T.);
#535 = VERTEX_POINT('',#536);
#536 = CARTESIAN_POINT('',(158.40559159102,165.47665940288,12.));
#537 = VERTEX_POINT('',#538);
#538 = CARTESIAN_POINT('',(164.06244584051,159.81980515339,12.));
#539 = LINE('',#540,#541);
#540 = CARTESIAN_POINT('',(159.14164792965,164.74060306425,12.));
#541 = VECTOR('',#542,1.);
#542 = DIRECTION('',(0.707106781187,-0.707106781187,-4.4E-16));
#543 = ORIENTED_EDGE('',*,*,#544,.T.);
#544 = EDGE_CURVE('',#537,#545,#547,.T.);
#545 = VERTEX_POINT('',#546);
#546 = CARTESIAN_POINT('',(164.06244584051,156.99137802864,12.));
#547 = LINE('',#548,#549);
#548 = CARTESIAN_POINT('',(164.06244584051,149.37520258693,12.));
#549 = VECTOR('',#550,1.);
#550 = DIRECTION('',(1.110223024625E-16,-1.,-2.314953770658E-16));
#551 = ORIENTED_EDGE('',*,*,#552,.T.);
#552 = EDGE_CURVE('',#545,#553,#555,.T.);
#553 = VERTEX_POINT('',#554);
#554 = CARTESIAN_POINT('',(149.92031021678,142.84924240491,12.));
#555 = LINE('',#556,#557);
#556 = CARTESIAN_POINT('',(143.74729789489,136.67623008302,12.));
#557 = VECTOR('',#558,1.);
#558 = DIRECTION('',(-0.707106781187,-0.707106781187,1.110223024625E-16)
  );
#559 = ORIENTED_EDGE('',*,*,#560,.T.);
#560 = EDGE_CURVE('',#553,#561,#563,.T.);
#561 = VERTEX_POINT('',#562);
#562 = CARTESIAN_POINT('',(147.09188309203,142.84924240491,12.));
#563 = LINE('',#564,#565);
#564 = CARTESIAN_POINT('',(136.70517964047,142.84924240491,12.));
#565 = VECTOR('',#566,1.);
#566 = DIRECTION('',(-1.,-1.110223024625E-16,3.885046229342E-16));
#567 = ORIENTED_EDGE('',*,*,#568,.T.);
#568 = EDGE_CURVE('',#561,#569,#571,.T.);
#569 = VERTEX_POINT('',#570);
#570 = CARTESIAN_POINT('',(141.43502884254,148.50609665441,12.));
#571 = LINE('',#572,#573);
#572 = CARTESIAN_POINT('',(139.34265805643,150.59846744052,12.));
#573 = VECTOR('',#574,1.);
#574 = DIRECTION('',(-0.707106781187,0.707106781187,4.4E-16));
#575 = ORIENTED_EDGE('',*,*,#576,.T.);
#576 = EDGE_CURVE('',#569,#577,#579,.T.);
#577 = VERTEX_POINT('',#578);
#578 = CARTESIAN_POINT('',(141.43502884254,151.33452377915,12.));
#579 = LINE('',#580,#581);
#580 = CARTESIAN_POINT('',(141.43502884254,146.54677546218,12.));
#581 = VECTOR('',#582,1.);
#582 = DIRECTION('',(-1.110223024625E-16,1.,2.314953770658E-16));
#583 = ORIENTED_EDGE('',*,*,#584,.T.);
#584 = EDGE_CURVE('',#577,#585,#587,.T.);
#585 = VERTEX_POINT('',#586);
#586 = CARTESIAN_POINT('',(155.57716446627,165.47665940288,12.));
#587 = LINE('',#588,#589);
#588 = CARTESIAN_POINT('',(142.33308433251,152.23257926913,12.));
#589 = VECTOR('',#590,1.);
#590 = DIRECTION('',(0.707106781187,0.707106781187,-1.110223024625E-16)
  );
#591 = ORIENTED_EDGE('',*,*,#592,.T.);
#592 = EDGE_CURVE('',#585,#535,#593,.T.);
#593 = LINE('',#594,#595);
#594 = CARTESIAN_POINT('',(142.36203388996,165.47665940288,12.));
#595 = VECTOR('',#596,1.);
#596 = DIRECTION('',(1.,1.110223024625E-16,-3.885046229342E-16));
#597 = FACE_BOUND('',#598,.T.);
#598 = EDGE_LOOP('',(#599,#609,#617,#625));
#599 = ORIENTED_EDGE('',*,*,#600,.T.);
#600 = EDGE_CURVE('',#601,#603,#605,.T.);
#601 = VERTEX_POINT('',#602);
#602 = CARTESIAN_POINT('',(120.15111472882,148.859650045,12.));
#603 = VERTEX_POINT('',#604);
#604 = CARTESIAN_POINT('',(124.11091270347,152.81944801964,12.));
#605 = LINE('',#606,#607);
#606 = CARTESIAN_POINT('',(121.89769835622,150.6062336724,12.));
#607 = VECTOR('',#608,1.);
#608 = DIRECTION('',(0.707106781187,0.707106781187,-1.110223024625E-16)
  );
#609 = ORIENTED_EDGE('',*,*,#610,.T.);
#610 = EDGE_CURVE('',#603,#611,#613,.T.);
#611 = VERTEX_POINT('',#612);
#612 = CARTESIAN_POINT('',(130.19203102167,146.73832970144,12.));
#613 = LINE('',#614,#615);
#614 = CARTESIAN_POINT('',(130.46846795254,146.46189277057,12.));
#615 = VECTOR('',#616,1.);
#616 = DIRECTION('',(0.707106781187,-0.707106781187,-4.4E-16));
#617 = ORIENTED_EDGE('',*,*,#618,.T.);
#618 = EDGE_CURVE('',#611,#619,#621,.T.);
#619 = VERTEX_POINT('',#620);
#620 = CARTESIAN_POINT('',(126.23223304703,142.77853172679,12.));
#621 = LINE('',#622,#623);
#622 = CARTESIAN_POINT('',(125.9989176871,142.54521636687,12.));
#623 = VECTOR('',#624,1.);
#624 = DIRECTION('',(-0.707106781187,-0.707106781187,1.110223024625E-16)
  );
#625 = ORIENTED_EDGE('',*,*,#626,.T.);
#626 = EDGE_CURVE('',#619,#601,#627,.T.);
#627 = LINE('',#628,#629);
#628 = CARTESIAN_POINT('',(123.46811081879,145.54265395503,12.));
#629 = VECTOR('',#630,1.);
#630 = DIRECTION('',(-0.707106781187,0.707106781187,4.4E-16));
#631 = FACE_BOUND('',#632,.T.);
#632 = EDGE_LOOP('',(#633,#643,#651));
#633 = ORIENTED_EDGE('',*,*,#634,.T.);
#634 = EDGE_CURVE('',#635,#637,#639,.T.);
#635 = VERTEX_POINT('',#636);
#636 = CARTESIAN_POINT('',(168.30508652763,198.00357133746,12.));
#637 = VERTEX_POINT('',#638);
#638 = CARTESIAN_POINT('',(154.87005768508,211.43860018001,12.));
#639 = LINE('',#640,#641);
#640 = CARTESIAN_POINT('',(165.15205556974,201.15660229535,12.));
#641 = VECTOR('',#642,1.);
#642 = DIRECTION('',(-0.707106781187,0.707106781187,4.4E-16));
#643 = ORIENTED_EDGE('',*,*,#644,.T.);
#644 = EDGE_CURVE('',#637,#645,#647,.T.);
#645 = VERTEX_POINT('',#646);
#646 = CARTESIAN_POINT('',(185.27564927611,214.97413408594,12.));
#647 = LINE('',#648,#649);
#648 = CARTESIAN_POINT('',(151.99041420927,211.10375791538,12.));
#649 = VECTOR('',#650,1.);
#650 = DIRECTION('',(0.993307380301,0.115500858175,-3.570465726679E-16)
  );
#651 = ORIENTED_EDGE('',*,*,#652,.T.);
#652 = EDGE_CURVE('',#645,#635,#653,.T.);
#653 = LINE('',#654,#655);
#654 = CARTESIAN_POINT('',(143.74729789489,173.44578270472,12.));
#655 = VECTOR('',#656,1.);
#656 = DIRECTION('',(-0.707106781187,-0.707106781187,1.110223024625E-16)
  );
#657 = FACE_BOUND('',#658,.T.);
#658 = EDGE_LOOP('',(#659,#669,#677,#685));
#659 = ORIENTED_EDGE('',*,*,#660,.T.);
#660 = EDGE_CURVE('',#661,#663,#665,.T.);
#661 = VERTEX_POINT('',#662);
#662 = CARTESIAN_POINT('',(116.54487014477,183.29575028878,12.));
#663 = VERTEX_POINT('',#664);
#664 = CARTESIAN_POINT('',(129.97989898732,196.73077913133,12.));
#665 = LINE('',#666,#667);
#666 = CARTESIAN_POINT('',(115.32160529119,182.0724854352,12.));
#667 = VECTOR('',#668,1.);
#668 = DIRECTION('',(0.707106781187,0.707106781187,-1.110223024625E-16)
  );
#669 = ORIENTED_EDGE('',*,*,#670,.T.);
#670 = EDGE_CURVE('',#663,#671,#673,.T.);
#671 = VERTEX_POINT('',#672);
#672 = CARTESIAN_POINT('',(131.67695526217,195.03372285648,12.));
#673 = LINE('',#674,#675);
#674 = CARTESIAN_POINT('',(143.65600942167,183.05466869698,12.));
#675 = VECTOR('',#676,1.);
#676 = DIRECTION('',(0.707106781187,-0.707106781187,-4.4E-16));
#677 = ORIENTED_EDGE('',*,*,#678,.T.);
#678 = EDGE_CURVE('',#671,#679,#681,.T.);
#679 = VERTEX_POINT('',#680);
#680 = CARTESIAN_POINT('',(118.24192641962,181.59869401394,12.));
#681 = LINE('',#682,#683);
#682 = CARTESIAN_POINT('',(110.30114714476,173.65791473908,12.));
#683 = VECTOR('',#684,1.);
#684 = DIRECTION('',(-0.707106781187,-0.707106781187,1.110223024625E-16)
  );
#685 = ORIENTED_EDGE('',*,*,#686,.T.);
#686 = EDGE_CURVE('',#679,#661,#687,.T.);
#687 = LINE('',#688,#689);
#688 = CARTESIAN_POINT('',(129.3724524417,170.46816799186,12.));
#689 = VECTOR('',#690,1.);
#690 = DIRECTION('',(-0.707106781187,0.707106781187,4.4E-16));
#691 = FACE_BOUND('',#692,.T.);
#692 = EDGE_LOOP('',(#693,#703,#711,#719,#727,#735,#743,#751));
#693 = ORIENTED_EDGE('',*,*,#694,.T.);
#694 = EDGE_CURVE('',#695,#697,#699,.T.);
#695 = VERTEX_POINT('',#696);
#696 = CARTESIAN_POINT('',(135.77817459305,142.84924240491,12.));
#697 = VERTEX_POINT('',#698);
#698 = CARTESIAN_POINT('',(141.43502884254,137.19238815542,12.));
#699 = LINE('',#700,#701);
#700 = CARTESIAN_POINT('',(136.51423093168,142.11318606628,12.));
#701 = VECTOR('',#702,1.);
#702 = DIRECTION('',(0.707106781187,-0.707106781187,-4.4E-16));
#703 = ORIENTED_EDGE('',*,*,#704,.T.);
#704 = EDGE_CURVE('',#697,#705,#707,.T.);
#705 = VERTEX_POINT('',#706);
#706 = CARTESIAN_POINT('',(141.43502884254,134.36396103067,12.));
#707 = LINE('',#708,#709);
#708 = CARTESIAN_POINT('',(141.43502884254,138.06149408795,12.));
#709 = VECTOR('',#710,1.);
#710 = DIRECTION('',(1.110223024625E-16,-1.,-2.314953770658E-16));
#711 = ORIENTED_EDGE('',*,*,#712,.T.);
#712 = EDGE_CURVE('',#705,#713,#715,.T.);
#713 = VERTEX_POINT('',#714);
#714 = CARTESIAN_POINT('',(127.29289321881,120.22182540694,12.));
#715 = LINE('',#716,#717);
#716 = CARTESIAN_POINT('',(132.4335893959,125.36252158404,12.));
#717 = VECTOR('',#718,1.);
#718 = DIRECTION('',(-0.707106781187,-0.707106781187,1.110223024625E-16)
  );
#719 = ORIENTED_EDGE('',*,*,#720,.T.);
#720 = EDGE_CURVE('',#713,#721,#723,.T.);
#721 = VERTEX_POINT('',#722);
#722 = CARTESIAN_POINT('',(124.46446609406,120.22182540694,12.));
#723 = LINE('',#724,#725);
#724 = CARTESIAN_POINT('',(125.39147114149,120.22182540694,12.));
#725 = VECTOR('',#726,1.);
#726 = DIRECTION('',(-1.,-1.110223024625E-16,3.885046229342E-16));
#727 = ORIENTED_EDGE('',*,*,#728,.T.);
#728 = EDGE_CURVE('',#721,#729,#731,.T.);
#729 = VERTEX_POINT('',#730);
#730 = CARTESIAN_POINT('',(118.80761184457,125.87867965644,12.));
#731 = LINE('',#732,#733);
#732 = CARTESIAN_POINT('',(116.71524105846,127.97105044255,12.));
#733 = VECTOR('',#734,1.);
#734 = DIRECTION('',(-0.707106781187,0.707106781187,4.4E-16));
#735 = ORIENTED_EDGE('',*,*,#736,.T.);
#736 = EDGE_CURVE('',#729,#737,#739,.T.);
#737 = VERTEX_POINT('',#738);
#738 = CARTESIAN_POINT('',(118.80761184457,128.70710678118,12.));
#739 = LINE('',#740,#741);
#740 = CARTESIAN_POINT('',(118.80761184457,135.2330669632,12.));
#741 = VECTOR('',#742,1.);
#742 = DIRECTION('',(-1.110223024625E-16,1.,2.314953770658E-16));
#743 = ORIENTED_EDGE('',*,*,#744,.T.);
#744 = EDGE_CURVE('',#737,#745,#747,.T.);
#745 = VERTEX_POINT('',#746);
#746 = CARTESIAN_POINT('',(132.9497474683,142.84924240491,12.));
#747 = LINE('',#748,#749);
#748 = CARTESIAN_POINT('',(131.01937583353,140.91887077014,12.));
#749 = VECTOR('',#750,1.);
#750 = DIRECTION('',(0.707106781187,0.707106781187,-1.110223024625E-16)
  );
#751 = ORIENTED_EDGE('',*,*,#752,.T.);
#752 = EDGE_CURVE('',#745,#695,#753,.T.);
#753 = LINE('',#754,#755);
#754 = CARTESIAN_POINT('',(131.04832539098,142.84924240491,12.));
#755 = VECTOR('',#756,1.);
#756 = DIRECTION('',(1.,1.110223024625E-16,-3.885046229342E-16));
#757 = FACE_BOUND('',#758,.T.);
#758 = EDGE_LOOP('',(#759,#769,#777,#785,#793,#801,#809,#817));
#759 = ORIENTED_EDGE('',*,*,#760,.T.);
#760 = EDGE_CURVE('',#761,#763,#765,.T.);
#761 = VERTEX_POINT('',#762);
#762 = CARTESIAN_POINT('',(113.15075759508,120.22182540694,12.));
#763 = VERTEX_POINT('',#764);
#764 = CARTESIAN_POINT('',(118.80761184457,114.56497115745,12.));
#765 = LINE('',#766,#767);
#766 = CARTESIAN_POINT('',(113.88681393371,119.48576906831,12.));
#767 = VECTOR('',#768,1.);
#768 = DIRECTION('',(0.707106781187,-0.707106781187,-4.4E-16));
#769 = ORIENTED_EDGE('',*,*,#770,.T.);
#770 = EDGE_CURVE('',#763,#771,#773,.T.);
#771 = VERTEX_POINT('',#772);
#772 = CARTESIAN_POINT('',(118.80761184457,111.7365440327,12.));
#773 = LINE('',#774,#775);
#774 = CARTESIAN_POINT('',(118.80761184457,126.74778558896,12.));
#775 = VECTOR('',#776,1.);
#776 = DIRECTION('',(1.110223024625E-16,-1.,-2.314953770658E-16));
#777 = ORIENTED_EDGE('',*,*,#778,.T.);
#778 = EDGE_CURVE('',#771,#779,#781,.T.);
#779 = VERTEX_POINT('',#780);
#780 = CARTESIAN_POINT('',(104.66547622084,97.594408408978,12.));
#781 = LINE('',#782,#783);
#782 = CARTESIAN_POINT('',(121.11988089692,114.04881308505,12.));
#783 = VECTOR('',#784,1.);
#784 = DIRECTION('',(-0.707106781187,-0.707106781187,1.110223024625E-16)
  );
#785 = ORIENTED_EDGE('',*,*,#786,.T.);
#786 = EDGE_CURVE('',#779,#787,#789,.T.);
#787 = VERTEX_POINT('',#788);
#788 = CARTESIAN_POINT('',(101.83704909609,97.594408408978,12.));
#789 = LINE('',#790,#791);
#790 = CARTESIAN_POINT('',(114.0777626425,97.594408408978,12.));
#791 = VECTOR('',#792,1.);
#792 = DIRECTION('',(-1.,-1.110223024625E-16,3.885046229342E-16));
#793 = ORIENTED_EDGE('',*,*,#794,.T.);
#794 = EDGE_CURVE('',#787,#795,#797,.T.);
#795 = VERTEX_POINT('',#796);
#796 = CARTESIAN_POINT('',(96.180194846605,103.25126265847,12.));
#797 = LINE('',#798,#799);
#798 = CARTESIAN_POINT('',(94.087824060494,105.34363344458,12.));
#799 = VECTOR('',#800,1.);
#800 = DIRECTION('',(-0.707106781187,0.707106781187,4.4E-16));
#801 = ORIENTED_EDGE('',*,*,#802,.T.);
#802 = EDGE_CURVE('',#795,#803,#805,.T.);
#803 = VERTEX_POINT('',#804);
#804 = CARTESIAN_POINT('',(96.180194846605,106.07968978321,12.));
#805 = LINE('',#806,#807);
#806 = CARTESIAN_POINT('',(96.180194846605,123.91935846422,12.));
#807 = VECTOR('',#808,1.);
#808 = DIRECTION('',(-1.110223024625E-16,1.,2.314953770658E-16));
#809 = ORIENTED_EDGE('',*,*,#810,.T.);
#810 = EDGE_CURVE('',#803,#811,#813,.T.);
#811 = VERTEX_POINT('',#812);
#812 = CARTESIAN_POINT('',(110.32233047033,120.22182540694,12.));
#813 = LINE('',#814,#815);
#814 = CARTESIAN_POINT('',(119.70566733454,129.60516227116,12.));
#815 = VECTOR('',#816,1.);
#816 = DIRECTION('',(0.707106781187,0.707106781187,-1.110223024625E-16)
  );
#817 = ORIENTED_EDGE('',*,*,#818,.T.);
#818 = EDGE_CURVE('',#811,#761,#819,.T.);
#819 = LINE('',#820,#821);
#820 = CARTESIAN_POINT('',(119.73461689199,120.22182540694,12.));
#821 = VECTOR('',#822,1.);
#822 = DIRECTION('',(1.,1.110223024625E-16,-3.885046229342E-16));
#823 = FACE_BOUND('',#824,.T.);
#824 = EDGE_LOOP('',(#825,#835,#843,#851));
#825 = ORIENTED_EDGE('',*,*,#826,.T.);
#826 = EDGE_CURVE('',#827,#829,#831,.T.);
#827 = VERTEX_POINT('',#828);
#828 = CARTESIAN_POINT('',(111.66583335459,140.37436867076,12.));
#829 = VERTEX_POINT('',#830);
#830 = CARTESIAN_POINT('',(115.62563132923,144.3341666454,12.));
#831 = LINE('',#832,#833);
#832 = CARTESIAN_POINT('',(117.6550576691,146.36359298528,12.));
#833 = VECTOR('',#834,1.);
#834 = DIRECTION('',(0.707106781187,0.707106781187,-1.110223024625E-16)
  );
#835 = ORIENTED_EDGE('',*,*,#836,.T.);
#836 = EDGE_CURVE('',#829,#837,#839,.T.);
#837 = VERTEX_POINT('',#838);
#838 = CARTESIAN_POINT('',(121.70674964744,138.2530483272,12.));
#839 = LINE('',#840,#841);
#840 = CARTESIAN_POINT('',(121.9831865783,137.97661139634,12.));
#841 = VECTOR('',#842,1.);
#842 = DIRECTION('',(0.707106781187,-0.707106781187,-4.4E-16));
#843 = ORIENTED_EDGE('',*,*,#844,.T.);
#844 = EDGE_CURVE('',#837,#845,#847,.T.);
#845 = VERTEX_POINT('',#846);
#846 = CARTESIAN_POINT('',(117.74695167279,134.29325035256,12.));
#847 = LINE('',#848,#849);
#848 = CARTESIAN_POINT('',(121.75627699999,138.30257567975,12.));
#849 = VECTOR('',#850,1.);
#850 = DIRECTION('',(-0.707106781187,-0.707106781187,1.110223024625E-16)
  );
#851 = ORIENTED_EDGE('',*,*,#852,.T.);
#852 = EDGE_CURVE('',#845,#827,#853,.T.);
#853 = LINE('',#854,#855);
#854 = CARTESIAN_POINT('',(114.98282944455,137.05737258079,12.));
#855 = VECTOR('',#856,1.);
#856 = DIRECTION('',(-0.707106781187,0.707106781187,4.4E-16));
#857 = FACE_BOUND('',#858,.T.);
#858 = EDGE_LOOP('',(#859,#869,#877,#885));
#859 = ORIENTED_EDGE('',*,*,#860,.T.);
#860 = EDGE_CURVE('',#861,#863,#865,.T.);
#861 = VERTEX_POINT('',#862);
#862 = CARTESIAN_POINT('',(103.18055198035,131.88908729652,12.));
#863 = VERTEX_POINT('',#864);
#864 = CARTESIAN_POINT('',(107.14034995499,135.84888527117,12.));
#865 = LINE('',#866,#867);
#866 = CARTESIAN_POINT('',(113.41241698198,142.12095229816,12.));
#867 = VECTOR('',#868,1.);
#868 = DIRECTION('',(0.707106781187,0.707106781187,-1.110223024625E-16)
  );
#869 = ORIENTED_EDGE('',*,*,#870,.T.);
#870 = EDGE_CURVE('',#863,#871,#873,.T.);
#871 = VERTEX_POINT('',#872);
#872 = CARTESIAN_POINT('',(113.2214682732,129.76776695296,12.));
#873 = LINE('',#874,#875);
#874 = CARTESIAN_POINT('',(113.49790520406,129.4913300221,12.));
#875 = VECTOR('',#876,1.);
#876 = DIRECTION('',(0.707106781187,-0.707106781187,-4.4E-16));
#877 = ORIENTED_EDGE('',*,*,#878,.T.);
#878 = EDGE_CURVE('',#871,#879,#881,.T.);
#879 = VERTEX_POINT('',#880);
#880 = CARTESIAN_POINT('',(109.26167029855,125.80796897832,12.));
#881 = LINE('',#882,#883);
#882 = CARTESIAN_POINT('',(117.51363631287,134.05993499263,12.));
#883 = VECTOR('',#884,1.);
#884 = DIRECTION('',(-0.707106781187,-0.707106781187,1.110223024625E-16)
  );
#885 = ORIENTED_EDGE('',*,*,#886,.T.);
#886 = EDGE_CURVE('',#879,#861,#887,.T.);
#887 = LINE('',#888,#889);
#888 = CARTESIAN_POINT('',(106.49754807031,128.57209120656,12.));
#889 = VECTOR('',#890,1.);
#890 = DIRECTION('',(-0.707106781187,0.707106781187,4.4E-16));
#891 = FACE_BOUND('',#892,.T.);
#892 = EDGE_LOOP('',(#893,#903,#911,#919));
#893 = ORIENTED_EDGE('',*,*,#894,.T.);
#894 = EDGE_CURVE('',#895,#897,#899,.T.);
#895 = VERTEX_POINT('',#896);
#896 = CARTESIAN_POINT('',(94.695270606114,123.40380592228,12.));
#897 = VERTEX_POINT('',#898);
#898 = CARTESIAN_POINT('',(98.655068580758,127.36360389693,12.));
#899 = LINE('',#900,#901);
#900 = CARTESIAN_POINT('',(109.16977629487,137.87831161104,12.));
#901 = VECTOR('',#902,1.);
#902 = DIRECTION('',(0.707106781187,0.707106781187,-1.110223024625E-16)
  );
#903 = ORIENTED_EDGE('',*,*,#904,.T.);
#904 = EDGE_CURVE('',#897,#905,#907,.T.);
#905 = VERTEX_POINT('',#906);
#906 = CARTESIAN_POINT('',(104.73618689896,121.28248557872,12.));
#907 = LINE('',#908,#909);
#908 = CARTESIAN_POINT('',(105.01262382982,121.00604864786,12.));
#909 = VECTOR('',#910,1.);
#910 = DIRECTION('',(0.707106781187,-0.707106781187,-4.4E-16));
#911 = ORIENTED_EDGE('',*,*,#912,.T.);
#912 = EDGE_CURVE('',#905,#913,#915,.T.);
#913 = VERTEX_POINT('',#914);
#914 = CARTESIAN_POINT('',(100.77638892431,117.32268760408,12.));
#915 = LINE('',#916,#917);
#916 = CARTESIAN_POINT('',(113.27099562575,129.81729430551,12.));
#917 = VECTOR('',#918,1.);
#918 = DIRECTION('',(-0.707106781187,-0.707106781187,1.110223024625E-16)
  );
#919 = ORIENTED_EDGE('',*,*,#920,.T.);
#920 = EDGE_CURVE('',#913,#895,#921,.T.);
#921 = LINE('',#922,#923);
#922 = CARTESIAN_POINT('',(98.01226669608,120.08680983232,12.));
#923 = VECTOR('',#924,1.);
#924 = DIRECTION('',(-0.707106781187,0.707106781187,4.4E-16));
#925 = FACE_BOUND('',#926,.T.);
#926 = EDGE_LOOP('',(#927,#937,#945,#953));
#927 = ORIENTED_EDGE('',*,*,#928,.T.);
#928 = EDGE_CURVE('',#929,#931,#933,.T.);
#929 = VERTEX_POINT('',#930);
#930 = CARTESIAN_POINT('',(86.209989231875,114.91852454804,12.));
#931 = VERTEX_POINT('',#932);
#932 = CARTESIAN_POINT('',(90.16978720652,118.87832252269,12.));
#933 = LINE('',#934,#935);
#934 = CARTESIAN_POINT('',(104.92713560775,133.63567092392,12.));
#935 = VECTOR('',#936,1.);
#936 = DIRECTION('',(0.707106781187,0.707106781187,-1.110223024625E-16)
  );
#937 = ORIENTED_EDGE('',*,*,#938,.T.);
#938 = EDGE_CURVE('',#931,#939,#941,.T.);
#939 = VERTEX_POINT('',#940);
#940 = CARTESIAN_POINT('',(96.250905524724,112.79720420448,12.));
#941 = LINE('',#942,#943);
#942 = CARTESIAN_POINT('',(96.527342455588,112.52076727362,12.));
#943 = VECTOR('',#944,1.);
#944 = DIRECTION('',(0.707106781187,-0.707106781187,-4.4E-16));
#945 = ORIENTED_EDGE('',*,*,#946,.T.);
#946 = EDGE_CURVE('',#939,#947,#949,.T.);
#947 = VERTEX_POINT('',#948);
#948 = CARTESIAN_POINT('',(92.291107550079,108.83740622984,12.));
#949 = LINE('',#950,#951);
#950 = CARTESIAN_POINT('',(109.02835493863,125.57465361839,12.));
#951 = VECTOR('',#952,1.);
#952 = DIRECTION('',(-0.707106781187,-0.707106781187,1.110223024625E-16)
  );
#953 = ORIENTED_EDGE('',*,*,#954,.T.);
#954 = EDGE_CURVE('',#947,#929,#955,.T.);
#955 = LINE('',#956,#957);
#956 = CARTESIAN_POINT('',(89.526985321841,111.60152845808,12.));
#957 = VECTOR('',#958,1.);
#958 = DIRECTION('',(-0.707106781187,0.707106781187,4.4E-16));
#959 = FACE_BOUND('',#960,.T.);
#960 = EDGE_LOOP('',(#961,#971,#979,#987));
#961 = ORIENTED_EDGE('',*,*,#962,.T.);
#962 = EDGE_CURVE('',#963,#965,#967,.T.);
#963 = VERTEX_POINT('',#964);
#964 = CARTESIAN_POINT('',(77.724707857636,106.43324317381,12.));
#965 = VERTEX_POINT('',#966);
#966 = CARTESIAN_POINT('',(81.684505832281,110.39304114845,12.));
#967 = LINE('',#968,#969);
#968 = CARTESIAN_POINT('',(100.68449492063,129.3930302368,12.));
#969 = VECTOR('',#970,1.);
#970 = DIRECTION('',(0.707106781187,0.707106781187,-1.110223024625E-16)
  );
#971 = ORIENTED_EDGE('',*,*,#972,.T.);
#972 = EDGE_CURVE('',#965,#973,#975,.T.);
#973 = VERTEX_POINT('',#974);
#974 = CARTESIAN_POINT('',(87.765624150485,104.31192283025,12.));
#975 = LINE('',#976,#977);
#976 = CARTESIAN_POINT('',(88.042061081349,104.03548589938,12.));
#977 = VECTOR('',#978,1.);
#978 = DIRECTION('',(0.707106781187,-0.707106781187,-4.4E-16));
#979 = ORIENTED_EDGE('',*,*,#980,.T.);
#980 = EDGE_CURVE('',#973,#981,#983,.T.);
#981 = VERTEX_POINT('',#982);
#982 = CARTESIAN_POINT('',(83.805826175841,100.3521248556,12.));
#983 = LINE('',#984,#985);
#984 = CARTESIAN_POINT('',(104.78571425151,121.33201293127,12.));
#985 = VECTOR('',#986,1.);
#986 = DIRECTION('',(-0.707106781187,-0.707106781187,1.110223024625E-16)
  );
#987 = ORIENTED_EDGE('',*,*,#988,.T.);
#988 = EDGE_CURVE('',#981,#963,#989,.T.);
#989 = LINE('',#990,#991);
#990 = CARTESIAN_POINT('',(81.041703947603,103.11624708384,12.));
#991 = VECTOR('',#992,1.);
#992 = DIRECTION('',(-0.707106781187,0.707106781187,4.4E-16));
#993 = FACE_BOUND('',#994,.T.);
#994 = EDGE_LOOP('',(#995,#1005,#1013,#1021,#1029,#1037,#1045,#1053));
#995 = ORIENTED_EDGE('',*,*,#996,.T.);
#996 = EDGE_CURVE('',#997,#999,#1001,.T.);
#997 = VERTEX_POINT('',#998);
#998 = CARTESIAN_POINT('',(90.523340597113,97.594408408978,12.));
#999 = VERTEX_POINT('',#1000);
#1000 = CARTESIAN_POINT('',(96.180194846605,91.937554159486,12.));
#1001 = LINE('',#1002,#1003);
#1002 = CARTESIAN_POINT('',(91.259396935748,96.858352070343,12.));
#1003 = VECTOR('',#1004,1.);
#1004 = DIRECTION('',(0.707106781187,-0.707106781187,-4.4E-16));
#1005 = ORIENTED_EDGE('',*,*,#1006,.T.);
#1006 = EDGE_CURVE('',#999,#1007,#1009,.T.);
#1007 = VERTEX_POINT('',#1008);
#1008 = CARTESIAN_POINT('',(96.180194846605,89.10912703474,12.));
#1009 = LINE('',#1010,#1011);
#1010 = CARTESIAN_POINT('',(96.180194846605,115.43407708998,12.));
#1011 = VECTOR('',#1012,1.);
#1012 = DIRECTION('',(1.110223024625E-16,-1.,-2.314953770658E-16));
#1013 = ORIENTED_EDGE('',*,*,#1014,.T.);
#1014 = EDGE_CURVE('',#1007,#1015,#1017,.T.);
#1015 = VERTEX_POINT('',#1016);
#1016 = CARTESIAN_POINT('',(82.038059222874,74.966991411009,12.));
#1017 = LINE('',#1018,#1019);
#1018 = CARTESIAN_POINT('',(109.80617239793,102.73510458607,12.));
#1019 = VECTOR('',#1020,1.);
#1020 = DIRECTION('',(-0.707106781187,-0.707106781187,1.110223024625E-16
    ));
#1021 = ORIENTED_EDGE('',*,*,#1022,.T.);
#1022 = EDGE_CURVE('',#1015,#1023,#1025,.T.);
#1023 = VERTEX_POINT('',#1024);
#1024 = CARTESIAN_POINT('',(79.209632098128,74.966991411009,12.));
#1025 = LINE('',#1026,#1027);
#1026 = CARTESIAN_POINT('',(102.76405414352,74.966991411009,12.));
#1027 = VECTOR('',#1028,1.);
#1028 = DIRECTION('',(-1.,-1.110223024625E-16,3.885046229342E-16));
#1029 = ORIENTED_EDGE('',*,*,#1030,.T.);
#1030 = EDGE_CURVE('',#1023,#1031,#1033,.T.);
#1031 = VERTEX_POINT('',#1032);
#1032 = CARTESIAN_POINT('',(73.552777848636,80.623845660501,12.));
#1033 = LINE('',#1034,#1035);
#1034 = CARTESIAN_POINT('',(71.460407062525,82.716216446612,12.));
#1035 = VECTOR('',#1036,1.);
#1036 = DIRECTION('',(-0.707106781187,0.707106781187,4.4E-16));
#1037 = ORIENTED_EDGE('',*,*,#1038,.T.);
#1038 = EDGE_CURVE('',#1031,#1039,#1041,.T.);
#1039 = VERTEX_POINT('',#1040);
#1040 = CARTESIAN_POINT('',(73.552777848636,83.452272785247,12.));
#1041 = LINE('',#1042,#1043);
#1042 = CARTESIAN_POINT('',(73.552777848636,112.60564996523,12.));
#1043 = VECTOR('',#1044,1.);
#1044 = DIRECTION('',(-1.110223024625E-16,1.,2.314953770658E-16));
#1045 = ORIENTED_EDGE('',*,*,#1046,.T.);
#1046 = EDGE_CURVE('',#1039,#1047,#1049,.T.);
#1047 = VERTEX_POINT('',#1048);
#1048 = CARTESIAN_POINT('',(87.694913472367,97.594408408978,12.));
#1049 = LINE('',#1050,#1051);
#1050 = CARTESIAN_POINT('',(108.39195883556,118.29145377217,12.));
#1051 = VECTOR('',#1052,1.);
#1052 = DIRECTION('',(0.707106781187,0.707106781187,-1.110223024625E-16)
  );
#1053 = ORIENTED_EDGE('',*,*,#1054,.T.);
#1054 = EDGE_CURVE('',#1047,#997,#1055,.T.);
#1055 = LINE('',#1056,#1057);
#1056 = CARTESIAN_POINT('',(108.42090839301,97.594408408978,12.));
#1057 = VECTOR('',#1058,1.);
#1058 = DIRECTION('',(1.,1.110223024625E-16,-3.885046229342E-16));
#1059 = FACE_BOUND('',#1060,.T.);
#1060 = EDGE_LOOP('',(#1061,#1071,#1079,#1087,#1095,#1103,#1111,#1119));
#1061 = ORIENTED_EDGE('',*,*,#1062,.T.);
#1062 = EDGE_CURVE('',#1063,#1065,#1067,.T.);
#1063 = VERTEX_POINT('',#1064);
#1064 = CARTESIAN_POINT('',(67.895923599143,74.966991411009,12.));
#1065 = VERTEX_POINT('',#1066);
#1066 = CARTESIAN_POINT('',(73.552777848636,69.310137161517,12.));
#1067 = LINE('',#1068,#1069);
#1068 = CARTESIAN_POINT('',(68.631979937779,74.230935072374,12.));
#1069 = VECTOR('',#1070,1.);
#1070 = DIRECTION('',(0.707106781187,-0.707106781187,-4.4E-16));
#1071 = ORIENTED_EDGE('',*,*,#1072,.T.);
#1072 = EDGE_CURVE('',#1065,#1073,#1075,.T.);
#1073 = VERTEX_POINT('',#1074);
#1074 = CARTESIAN_POINT('',(73.552777848636,66.48171003677,12.));
#1075 = LINE('',#1076,#1077);
#1076 = CARTESIAN_POINT('',(73.552777848636,104.12036859099,12.));
#1077 = VECTOR('',#1078,1.);
#1078 = DIRECTION('',(1.110223024625E-16,-1.,-2.314953770658E-16));
#1079 = ORIENTED_EDGE('',*,*,#1080,.T.);
#1080 = EDGE_CURVE('',#1073,#1081,#1083,.T.);
#1081 = VERTEX_POINT('',#1082);
#1082 = CARTESIAN_POINT('',(59.410642224905,52.339574413039,12.));
#1083 = LINE('',#1084,#1085);
#1084 = CARTESIAN_POINT('',(98.492463898953,91.421396087087,12.));
#1085 = VECTOR('',#1086,1.);
#1086 = DIRECTION('',(-0.707106781187,-0.707106781187,1.110223024625E-16
    ));
#1087 = ORIENTED_EDGE('',*,*,#1088,.T.);
#1088 = EDGE_CURVE('',#1081,#1089,#1091,.T.);
#1089 = VERTEX_POINT('',#1090);
#1090 = CARTESIAN_POINT('',(56.582215100159,52.339574413039,12.));
#1091 = LINE('',#1092,#1093);
#1092 = CARTESIAN_POINT('',(91.450345644536,52.339574413039,12.));
#1093 = VECTOR('',#1094,1.);
#1094 = DIRECTION('',(-1.,-1.110223024625E-16,3.885046229342E-16));
#1095 = ORIENTED_EDGE('',*,*,#1096,.T.);
#1096 = EDGE_CURVE('',#1089,#1097,#1099,.T.);
#1097 = VERTEX_POINT('',#1098);
#1098 = CARTESIAN_POINT('',(50.925360850666,57.996428662532,12.));
#1099 = LINE('',#1100,#1101);
#1100 = CARTESIAN_POINT('',(48.832990064555,60.088799448643,12.));
#1101 = VECTOR('',#1102,1.);
#1102 = DIRECTION('',(-0.707106781187,0.707106781187,4.4E-16));
#1103 = ORIENTED_EDGE('',*,*,#1104,.T.);
#1104 = EDGE_CURVE('',#1097,#1105,#1107,.T.);
#1105 = VERTEX_POINT('',#1106);
#1106 = CARTESIAN_POINT('',(50.925360850666,60.824855787278,12.));
#1107 = LINE('',#1108,#1109);
#1108 = CARTESIAN_POINT('',(50.925360850666,101.29194146625,12.));
#1109 = VECTOR('',#1110,1.);
#1110 = DIRECTION('',(-1.110223024625E-16,1.,2.314953770658E-16));
#1111 = ORIENTED_EDGE('',*,*,#1112,.T.);
#1112 = EDGE_CURVE('',#1105,#1113,#1115,.T.);
#1113 = VERTEX_POINT('',#1114);
#1114 = CARTESIAN_POINT('',(65.067496474397,74.966991411009,12.));
#1115 = LINE('',#1116,#1117);
#1116 = CARTESIAN_POINT('',(97.07825033658,106.97774527319,12.));
#1117 = VECTOR('',#1118,1.);
#1118 = DIRECTION('',(0.707106781187,0.707106781187,-1.110223024625E-16)
  );
#1119 = ORIENTED_EDGE('',*,*,#1120,.T.);
#1120 = EDGE_CURVE('',#1113,#1063,#1121,.T.);
#1121 = LINE('',#1122,#1123);
#1122 = CARTESIAN_POINT('',(97.107199894028,74.966991411009,12.));
#1123 = VECTOR('',#1124,1.);
#1124 = DIRECTION('',(1.,1.110223024625E-16,-3.885046229342E-16));
#1125 = FACE_BOUND('',#1126,.T.);
#1126 = EDGE_LOOP('',(#1127,#1137,#1145,#1153));
#1127 = ORIENTED_EDGE('',*,*,#1128,.T.);
#1128 = EDGE_CURVE('',#1129,#1131,#1133,.T.);
#1129 = VERTEX_POINT('',#1130);
#1130 = CARTESIAN_POINT('',(69.239426483398,97.947961799572,12.));
#1131 = VERTEX_POINT('',#1132);
#1132 = CARTESIAN_POINT('',(73.199224458043,101.90775977421,12.));
#1133 = LINE('',#1134,#1135);
#1134 = CARTESIAN_POINT('',(96.441854233512,125.15038954968,12.));
#1135 = VECTOR('',#1136,1.);
#1136 = DIRECTION('',(0.707106781187,0.707106781187,-1.110223024625E-16)
  );
#1137 = ORIENTED_EDGE('',*,*,#1138,.T.);
#1138 = EDGE_CURVE('',#1131,#1139,#1141,.T.);
#1139 = VERTEX_POINT('',#1140);
#1140 = CARTESIAN_POINT('',(79.280342776247,95.826641456012,12.));
#1141 = LINE('',#1142,#1143);
#1142 = CARTESIAN_POINT('',(79.556779707111,95.550204525148,12.));
#1143 = VECTOR('',#1144,1.);
#1144 = DIRECTION('',(0.707106781187,-0.707106781187,-4.4E-16));
#1145 = ORIENTED_EDGE('',*,*,#1146,.T.);
#1146 = EDGE_CURVE('',#1139,#1147,#1149,.T.);
#1147 = VERTEX_POINT('',#1148);
#1148 = CARTESIAN_POINT('',(75.320544801602,91.866843481367,12.));
#1149 = LINE('',#1150,#1151);
#1150 = CARTESIAN_POINT('',(100.54307356439,117.08937224415,12.));
#1151 = VECTOR('',#1152,1.);
#1152 = DIRECTION('',(-0.707106781187,-0.707106781187,1.110223024625E-16
    ));
#1153 = ORIENTED_EDGE('',*,*,#1154,.T.);
#1154 = EDGE_CURVE('',#1147,#1129,#1155,.T.);
#1155 = LINE('',#1156,#1157);
#1156 = CARTESIAN_POINT('',(72.556422573364,94.630965709605,12.));
#1157 = VECTOR('',#1158,1.);
#1158 = DIRECTION('',(-0.707106781187,0.707106781187,4.4E-16));
#1159 = FACE_BOUND('',#1160,.T.);
#1160 = EDGE_LOOP('',(#1161,#1171,#1179,#1187));
#1161 = ORIENTED_EDGE('',*,*,#1162,.T.);
#1162 = EDGE_CURVE('',#1163,#1165,#1167,.T.);
#1163 = VERTEX_POINT('',#1164);
#1164 = CARTESIAN_POINT('',(60.754145109159,89.462680425333,12.));
#1165 = VERTEX_POINT('',#1166);
#1166 = CARTESIAN_POINT('',(64.713943083804,93.422478399978,12.));
#1167 = LINE('',#1168,#1169);
#1168 = CARTESIAN_POINT('',(92.199213546392,120.90774886256,12.));
#1169 = VECTOR('',#1170,1.);
#1170 = DIRECTION('',(0.707106781187,0.707106781187,-1.110223024625E-16)
  );
#1171 = ORIENTED_EDGE('',*,*,#1172,.T.);
#1172 = EDGE_CURVE('',#1165,#1173,#1175,.T.);
#1173 = VERTEX_POINT('',#1174);
#1174 = CARTESIAN_POINT('',(70.795061402008,87.341360081773,12.));
#1175 = LINE('',#1176,#1177);
#1176 = CARTESIAN_POINT('',(71.071498332872,87.064923150909,12.));
#1177 = VECTOR('',#1178,1.);
#1178 = DIRECTION('',(0.707106781187,-0.707106781187,-4.4E-16));
#1179 = ORIENTED_EDGE('',*,*,#1180,.T.);
#1180 = EDGE_CURVE('',#1173,#1181,#1183,.T.);
#1181 = VERTEX_POINT('',#1182);
#1182 = CARTESIAN_POINT('',(66.835263427364,83.381562107129,12.));
#1183 = LINE('',#1184,#1185);
#1184 = CARTESIAN_POINT('',(96.300432877274,112.84673155704,12.));
#1185 = VECTOR('',#1186,1.);
#1186 = DIRECTION('',(-0.707106781187,-0.707106781187,1.110223024625E-16
    ));
#1187 = ORIENTED_EDGE('',*,*,#1188,.T.);
#1188 = EDGE_CURVE('',#1181,#1163,#1189,.T.);
#1189 = LINE('',#1190,#1191);
#1190 = CARTESIAN_POINT('',(64.071141199125,86.145684335367,12.));
#1191 = VECTOR('',#1192,1.);
#1192 = DIRECTION('',(-0.707106781187,0.707106781187,4.4E-16));
#1193 = FACE_BOUND('',#1194,.T.);
#1194 = EDGE_LOOP('',(#1195,#1205,#1213,#1221));
#1195 = ORIENTED_EDGE('',*,*,#1196,.T.);
#1196 = EDGE_CURVE('',#1197,#1199,#1201,.T.);
#1197 = VERTEX_POINT('',#1198);
#1198 = CARTESIAN_POINT('',(52.268863734921,80.977399051095,12.));
#1199 = VERTEX_POINT('',#1200);
#1200 = CARTESIAN_POINT('',(56.228661709565,84.937197025739,12.));
#1201 = LINE('',#1202,#1203);
#1202 = CARTESIAN_POINT('',(87.956572859273,116.66510817544,12.));
#1203 = VECTOR('',#1204,1.);
#1204 = DIRECTION('',(0.707106781187,0.707106781187,-1.110223024625E-16)
  );
#1205 = ORIENTED_EDGE('',*,*,#1206,.T.);
#1206 = EDGE_CURVE('',#1199,#1207,#1209,.T.);
#1207 = VERTEX_POINT('',#1208);
#1208 = CARTESIAN_POINT('',(62.30978002777,78.856078707535,12.));
#1209 = LINE('',#1210,#1211);
#1210 = CARTESIAN_POINT('',(62.586216958634,78.579641776671,12.));
#1211 = VECTOR('',#1212,1.);
#1212 = DIRECTION('',(0.707106781187,-0.707106781187,-4.4E-16));
#1213 = ORIENTED_EDGE('',*,*,#1214,.T.);
#1214 = EDGE_CURVE('',#1207,#1215,#1217,.T.);
#1215 = VERTEX_POINT('',#1216);
#1216 = CARTESIAN_POINT('',(58.349982053125,74.89628073289,12.));
#1217 = LINE('',#1218,#1219);
#1218 = CARTESIAN_POINT('',(92.057792190155,108.60409086992,12.));
#1219 = VECTOR('',#1220,1.);
#1220 = DIRECTION('',(-0.707106781187,-0.707106781187,1.110223024625E-16
    ));
#1221 = ORIENTED_EDGE('',*,*,#1222,.T.);
#1222 = EDGE_CURVE('',#1215,#1197,#1223,.T.);
#1223 = LINE('',#1224,#1225);
#1224 = CARTESIAN_POINT('',(55.585859824887,77.660402961128,12.));
#1225 = VECTOR('',#1226,1.);
#1226 = DIRECTION('',(-0.707106781187,0.707106781187,4.4E-16));
#1227 = FACE_BOUND('',#1228,.T.);
#1228 = EDGE_LOOP('',(#1229,#1239,#1247,#1255));
#1229 = ORIENTED_EDGE('',*,*,#1230,.T.);
#1230 = EDGE_CURVE('',#1231,#1233,#1235,.T.);
#1231 = VERTEX_POINT('',#1232);
#1232 = CARTESIAN_POINT('',(43.783582360682,72.492117676856,12.));
#1233 = VERTEX_POINT('',#1234);
#1234 = CARTESIAN_POINT('',(47.743380335327,76.451915651501,12.));
#1235 = LINE('',#1236,#1237);
#1236 = CARTESIAN_POINT('',(83.713932172154,112.42246748832,12.));
#1237 = VECTOR('',#1238,1.);
#1238 = DIRECTION('',(0.707106781187,0.707106781187,-1.110223024625E-16)
  );
#1239 = ORIENTED_EDGE('',*,*,#1240,.T.);
#1240 = EDGE_CURVE('',#1233,#1241,#1243,.T.);
#1241 = VERTEX_POINT('',#1242);
#1242 = CARTESIAN_POINT('',(53.824498653531,70.370797333296,12.));
#1243 = LINE('',#1244,#1245);
#1244 = CARTESIAN_POINT('',(54.100935584395,70.094360402432,12.));
#1245 = VECTOR('',#1246,1.);
#1246 = DIRECTION('',(0.707106781187,-0.707106781187,-4.4E-16));
#1247 = ORIENTED_EDGE('',*,*,#1248,.T.);
#1248 = EDGE_CURVE('',#1241,#1249,#1251,.T.);
#1249 = VERTEX_POINT('',#1250);
#1250 = CARTESIAN_POINT('',(49.864700678886,66.410999358652,12.));
#1251 = LINE('',#1252,#1253);
#1252 = CARTESIAN_POINT('',(87.815151503036,104.3614501828,12.));
#1253 = VECTOR('',#1254,1.);
#1254 = DIRECTION('',(-0.707106781187,-0.707106781187,1.110223024625E-16
    ));
#1255 = ORIENTED_EDGE('',*,*,#1256,.T.);
#1256 = EDGE_CURVE('',#1249,#1231,#1257,.T.);
#1257 = LINE('',#1258,#1259);
#1258 = CARTESIAN_POINT('',(47.100578450648,69.17512158689,12.));
#1259 = VECTOR('',#1260,1.);
#1260 = DIRECTION('',(-0.707106781187,0.707106781187,4.4E-16));
#1261 = FACE_BOUND('',#1262,.T.);
#1262 = EDGE_LOOP('',(#1263,#1273,#1281,#1289));
#1263 = ORIENTED_EDGE('',*,*,#1264,.T.);
#1264 = EDGE_CURVE('',#1265,#1267,#1269,.T.);
#1265 = VERTEX_POINT('',#1266);
#1266 = CARTESIAN_POINT('',(35.298300986444,64.006836302617,12.));
#1267 = VERTEX_POINT('',#1268);
#1268 = CARTESIAN_POINT('',(39.258098961088,67.966634277262,12.));
#1269 = LINE('',#1270,#1271);
#1270 = CARTESIAN_POINT('',(79.471291485035,108.1798268012,12.));
#1271 = VECTOR('',#1272,1.);
#1272 = DIRECTION('',(0.707106781187,0.707106781187,-1.110223024625E-16)
  );
#1273 = ORIENTED_EDGE('',*,*,#1274,.T.);
#1274 = EDGE_CURVE('',#1267,#1275,#1277,.T.);
#1275 = VERTEX_POINT('',#1276);
#1276 = CARTESIAN_POINT('',(45.339217279293,61.885515959058,12.));
#1277 = LINE('',#1278,#1279);
#1278 = CARTESIAN_POINT('',(45.615654210157,61.609079028194,12.));
#1279 = VECTOR('',#1280,1.);
#1280 = DIRECTION('',(0.707106781187,-0.707106781187,-4.4E-16));
#1281 = ORIENTED_EDGE('',*,*,#1282,.T.);
#1282 = EDGE_CURVE('',#1275,#1283,#1285,.T.);
#1283 = VERTEX_POINT('',#1284);
#1284 = CARTESIAN_POINT('',(41.379419304648,57.925717984413,12.));
#1285 = LINE('',#1286,#1287);
#1286 = CARTESIAN_POINT('',(83.572510815917,100.11880949568,12.));
#1287 = VECTOR('',#1288,1.);
#1288 = DIRECTION('',(-0.707106781187,-0.707106781187,1.110223024625E-16
    ));
#1289 = ORIENTED_EDGE('',*,*,#1290,.T.);
#1290 = EDGE_CURVE('',#1283,#1265,#1291,.T.);
#1291 = LINE('',#1292,#1293);
#1292 = CARTESIAN_POINT('',(38.61529707641,60.689840212651,12.));
#1293 = VECTOR('',#1294,1.);
#1294 = DIRECTION('',(-0.707106781187,0.707106781187,4.4E-16));
#1295 = PLANE('',#1296);
#1296 = AXIS2_PLACEMENT_3D('',#1297,#1298,#1299);
#1297 = CARTESIAN_POINT('',(126.31847618891,141.75902714522,12.));
#1298 = DIRECTION('',(-3.896316066563E-16,2.326223607879E-16,-1.));
#1299 = DIRECTION('',(0.707106781187,-0.707106781187,-4.4E-16));
#1300 = ADVANCED_FACE('',(#1301,#1440,#1474,#1508,#1574,#1608,#1634,
    #1668,#1734,#1800,#1834,#1868,#1902,#1936,#1970,#2036,#2102,#2136,
    #2170,#2204,#2238),#2272,.T.);
#1301 = FACE_BOUND('',#1302,.F.);
#1302 = EDGE_LOOP('',(#1303,#1304,#1312,#1320,#1328,#1336,#1344,#1352,
    #1360,#1368,#1376,#1384,#1392,#1400,#1408,#1416,#1424,#1432,#1438,
    #1439));
#1303 = ORIENTED_EDGE('',*,*,#110,.T.);
#1304 = ORIENTED_EDGE('',*,*,#1305,.T.);
#1305 = EDGE_CURVE('',#103,#1306,#1308,.T.);
#1306 = VERTEX_POINT('',#1307);
#1307 = CARTESIAN_POINT('',(233.35891039679,214.97413408594,
    5.684341886081E-14));
#1308 = LINE('',#1309,#1310);
#1309 = CARTESIAN_POINT('',(233.35891039679,212.14570696119,
    8.526512829121E-14));
#1310 = VECTOR('',#1311,1.);
#1311 = DIRECTION('',(7.379434555814E-32,1.,8.614953770658E-16));
#1312 = ORIENTED_EDGE('',*,*,#1313,.T.);
#1313 = EDGE_CURVE('',#1306,#1314,#1316,.T.);
#1314 = VERTEX_POINT('',#1315);
#1315 = CARTESIAN_POINT('',(229.11626970967,219.21677477306,
    5.684341886081E-14));
#1316 = LINE('',#1317,#1318);
#1317 = CARTESIAN_POINT('',(233.35891039679,214.97413408594,
    8.526512829121E-14));
#1318 = VECTOR('',#1319,1.);
#1319 = DIRECTION('',(-0.707106781187,0.707106781187,8.9E-16));
#1320 = ORIENTED_EDGE('',*,*,#1321,.T.);
#1321 = EDGE_CURVE('',#1314,#1322,#1324,.T.);
#1322 = VERTEX_POINT('',#1323);
#1323 = CARTESIAN_POINT('',(206.4888527117,227.7020561473,
    5.684341886081E-14));
#1324 = LINE('',#1325,#1326);
#1325 = CARTESIAN_POINT('',(229.11626970967,219.21677477306,
    8.526512829121E-14));
#1326 = VECTOR('',#1327,1.);
#1327 = DIRECTION('',(-0.936329177569,0.351123441588,6.659413556421E-16)
  );
#1328 = ORIENTED_EDGE('',*,*,#1329,.T.);
#1329 = EDGE_CURVE('',#1322,#1330,#1332,.T.);
#1330 = VERTEX_POINT('',#1331);
#1331 = CARTESIAN_POINT('',(198.06884273265,225.93972847726,
    5.684341886081E-14));
#1332 = LINE('',#1333,#1334);
#1333 = CARTESIAN_POINT('',(206.4888527117,227.7020561473,
    1.136868377216E-13));
#1334 = VECTOR('',#1335,1.);
#1335 = DIRECTION('',(-0.978790625253,-0.204863154123,2.029222936345E-16
    ));
#1336 = ORIENTED_EDGE('',*,*,#1337,.T.);
#1337 = EDGE_CURVE('',#1330,#1338,#1340,.T.);
#1338 = VERTEX_POINT('',#1339);
#1339 = CARTESIAN_POINT('',(203.73113626507,220.27743494484,
    2.84217094304E-14));
#1340 = LINE('',#1341,#1342);
#1341 = CARTESIAN_POINT('',(204.31337045057,219.69520075935,
    2.84217094304E-14));
#1342 = VECTOR('',#1343,1.);
#1343 = DIRECTION('',(0.707106781187,-0.707106781187,-4.2E-16));
#1344 = ORIENTED_EDGE('',*,*,#1345,.T.);
#1345 = EDGE_CURVE('',#1338,#1346,#1348,.T.);
#1346 = VERTEX_POINT('',#1347);
#1347 = CARTESIAN_POINT('',(199.77133829043,216.3176369702,
    2.84217094304E-14));
#1348 = LINE('',#1349,#1350);
#1349 = CARTESIAN_POINT('',(161.96826412749,178.51456280725,
    2.84217094304E-14));
#1350 = VECTOR('',#1351,1.);
#1351 = DIRECTION('',(-0.707106781187,-0.707106781187,1.110223024625E-16
    ));
#1352 = ORIENTED_EDGE('',*,*,#1353,.T.);
#1353 = EDGE_CURVE('',#1346,#1354,#1356,.T.);
#1354 = VERTEX_POINT('',#1355);
#1355 = CARTESIAN_POINT('',(193.69021997223,222.3987552884,
    2.84217094304E-14));
#1356 = LINE('',#1357,#1358);
#1357 = CARTESIAN_POINT('',(197.31301331682,218.7759619438,
    2.84217094304E-14));
#1358 = VECTOR('',#1359,1.);
#1359 = DIRECTION('',(-0.707106781187,0.707106781187,4.2E-16));
#1360 = ORIENTED_EDGE('',*,*,#1361,.T.);
#1361 = EDGE_CURVE('',#1354,#1362,#1364,.T.);
#1362 = VERTEX_POINT('',#1363);
#1363 = CARTESIAN_POINT('',(197.00946239215,225.71799770832,
    5.684341886081E-14));
#1364 = LINE('',#1365,#1366);
#1365 = CARTESIAN_POINT('',(157.86704479661,186.57558011278,
    2.84217094304E-14));
#1366 = VECTOR('',#1367,1.);
#1367 = DIRECTION('',(0.707106781187,0.707106781187,-1.110223024625E-16)
  );
#1368 = ORIENTED_EDGE('',*,*,#1369,.T.);
#1369 = EDGE_CURVE('',#1362,#1370,#1372,.T.);
#1370 = VERTEX_POINT('',#1371);
#1371 = CARTESIAN_POINT('',(145.67766952966,214.97413408594,
    5.684341886081E-14));
#1372 = LINE('',#1373,#1374);
#1373 = CARTESIAN_POINT('',(206.4888527117,227.7020561473,
    1.136868377216E-13));
#1374 = VECTOR('',#1375,1.);
#1375 = DIRECTION('',(-0.978790625253,-0.204863154123,2.029222936345E-16
    ));
#1376 = ORIENTED_EDGE('',*,*,#1377,.T.);
#1377 = EDGE_CURVE('',#1370,#1378,#1380,.T.);
#1378 = VERTEX_POINT('',#1379);
#1379 = CARTESIAN_POINT('',(110.32233047033,179.61879502661,
    5.684341886081E-14));
#1380 = LINE('',#1381,#1382);
#1381 = CARTESIAN_POINT('',(145.67766952966,214.97413408594,
    1.136868377216E-13));
#1382 = VECTOR('',#1383,1.);
#1383 = DIRECTION('',(-0.707106781187,-0.707106781187,
    -3.289776975375E-16));
#1384 = ORIENTED_EDGE('',*,*,#1385,.T.);
#1385 = EDGE_CURVE('',#1378,#1386,#1388,.T.);
#1386 = VERTEX_POINT('',#1387);
#1387 = CARTESIAN_POINT('',(110.32233047033,176.79036790187,
    5.684341886081E-14));
#1388 = LINE('',#1389,#1390);
#1389 = CARTESIAN_POINT('',(110.32233047033,179.61879502661,
    8.526512829121E-14));
#1390 = VECTOR('',#1391,1.);
#1391 = DIRECTION('',(-7.379434555814E-32,-1.,-8.614953770658E-16));
#1392 = ORIENTED_EDGE('',*,*,#1393,.T.);
#1393 = EDGE_CURVE('',#1386,#1394,#1396,.T.);
#1394 = VERTEX_POINT('',#1395);
#1395 = CARTESIAN_POINT('',(111.7365440327,175.37615433949,
    5.684341886081E-14));
#1396 = LINE('',#1397,#1398);
#1397 = CARTESIAN_POINT('',(110.32233047033,176.79036790187,
    8.526512829121E-14));
#1398 = VECTOR('',#1399,1.);
#1399 = DIRECTION('',(0.707106781187,-0.707106781187,-8.9E-16));
#1400 = ORIENTED_EDGE('',*,*,#1401,.T.);
#1401 = EDGE_CURVE('',#1394,#1402,#1404,.T.);
#1402 = VERTEX_POINT('',#1403);
#1403 = CARTESIAN_POINT('',(114.56497115745,175.37615433949,
    5.684341886081E-14));
#1404 = LINE('',#1405,#1406);
#1405 = CARTESIAN_POINT('',(111.7365440327,175.37615433949,
    8.526512829121E-14));
#1406 = VECTOR('',#1407,1.);
#1407 = DIRECTION('',(1.,-2.43364331096E-32,-3.885046229342E-16));
#1408 = ORIENTED_EDGE('',*,*,#1409,.T.);
#1409 = EDGE_CURVE('',#1402,#1410,#1412,.T.);
#1410 = VERTEX_POINT('',#1411);
#1411 = CARTESIAN_POINT('',(131.53553390593,192.34671708797,
    2.84217094304E-14));
#1412 = LINE('',#1413,#1414);
#1413 = CARTESIAN_POINT('',(114.56497115745,175.37615433949,
    8.526512829121E-14));
#1414 = VECTOR('',#1415,1.);
#1415 = DIRECTION('',(0.707106781187,0.707106781187,3.289776975375E-16)
  );
#1416 = ORIENTED_EDGE('',*,*,#1417,.F.);
#1417 = EDGE_CURVE('',#1418,#1410,#1420,.T.);
#1418 = VERTEX_POINT('',#1419);
#1419 = CARTESIAN_POINT('',(145.67766952966,178.20458146424,
    2.84217094304E-14));
#1420 = LINE('',#1421,#1422);
#1421 = CARTESIAN_POINT('',(145.67766952966,178.20458146424,
    2.84217094304E-14));
#1422 = VECTOR('',#1423,1.);
#1423 = DIRECTION('',(-0.707106781187,0.707106781187,0.));
#1424 = ORIENTED_EDGE('',*,*,#1425,.T.);
#1425 = EDGE_CURVE('',#1418,#1426,#1428,.T.);
#1426 = VERTEX_POINT('',#1427);
#1427 = CARTESIAN_POINT('',(22.641089603204,55.168001537786,
    2.84217094304E-14));
#1428 = LINE('',#1429,#1430);
#1429 = CARTESIAN_POINT('',(155.57716446627,188.10407640085,
    8.526512829121E-14));
#1430 = VECTOR('',#1431,1.);
#1431 = DIRECTION('',(-0.707106781187,-0.707106781187,
    -3.289776975375E-16));
#1432 = ORIENTED_EDGE('',*,*,#1433,.T.);
#1433 = EDGE_CURVE('',#1426,#64,#1434,.T.);
#1434 = LINE('',#1435,#1436);
#1435 = CARTESIAN_POINT('',(22.641089603204,55.168001537786,
    2.84217094304E-14));
#1436 = VECTOR('',#1437,1.);
#1437 = DIRECTION('',(-7.379434555814E-32,-1.,-8.614953770658E-16));
#1438 = ORIENTED_EDGE('',*,*,#71,.T.);
#1439 = ORIENTED_EDGE('',*,*,#31,.T.);
#1440 = FACE_BOUND('',#1441,.F.);
#1441 = EDGE_LOOP('',(#1442,#1452,#1460,#1468));
#1442 = ORIENTED_EDGE('',*,*,#1443,.T.);
#1443 = EDGE_CURVE('',#1444,#1446,#1448,.T.);
#1444 = VERTEX_POINT('',#1445);
#1445 = CARTESIAN_POINT('',(177.49747468305,188.81118318204,
    2.84217094304E-14));
#1446 = VERTEX_POINT('',#1447);
#1447 = CARTESIAN_POINT('',(203.66042558696,214.97413408594,
    2.84217094304E-14));
#1448 = LINE('',#1449,#1450);
#1449 = CARTESIAN_POINT('',(166.02116150226,177.33487000125,
    2.84217094304E-14));
#1450 = VECTOR('',#1451,1.);
#1451 = DIRECTION('',(0.707106781187,0.707106781187,-1.110223024625E-16)
  );
#1452 = ORIENTED_EDGE('',*,*,#1453,.T.);
#1453 = EDGE_CURVE('',#1446,#1454,#1456,.T.);
#1454 = VERTEX_POINT('',#1455);
#1455 = CARTESIAN_POINT('',(214.26702730475,210.02438661764,
    2.84217094304E-14));
#1456 = LINE('',#1457,#1458);
#1457 = CARTESIAN_POINT('',(191.23680603384,220.77182321073,
    2.84217094304E-14));
#1458 = VECTOR('',#1459,1.);
#1459 = DIRECTION('',(0.906183139995,-0.422885465331,-4.579411017145E-16
    ));
#1460 = ORIENTED_EDGE('',*,*,#1461,.T.);
#1461 = EDGE_CURVE('',#1454,#1462,#1464,.T.);
#1462 = VERTEX_POINT('',#1463);
#1463 = CARTESIAN_POINT('',(185.27564927611,181.03300858899,
    2.84217094304E-14));
#1464 = LINE('',#1465,#1466);
#1465 = CARTESIAN_POINT('',(160.71786064336,156.47521995625,
    2.84217094304E-14));
#1466 = VECTOR('',#1467,1.);
#1467 = DIRECTION('',(-0.707106781187,-0.707106781187,1.110223024625E-16
    ));
#1468 = ORIENTED_EDGE('',*,*,#1469,.T.);
#1469 = EDGE_CURVE('',#1462,#1444,#1470,.T.);
#1470 = LINE('',#1471,#1472);
#1471 = CARTESIAN_POINT('',(176.46576406872,189.84289379637,
    2.84217094304E-14));
#1472 = VECTOR('',#1473,1.);
#1473 = DIRECTION('',(-0.707106781187,0.707106781187,4.4E-16));
#1474 = FACE_BOUND('',#1475,.F.);
#1475 = EDGE_LOOP('',(#1476,#1486,#1494,#1502));
#1476 = ORIENTED_EDGE('',*,*,#1477,.T.);
#1477 = EDGE_CURVE('',#1478,#1480,#1482,.T.);
#1478 = VERTEX_POINT('',#1479);
#1479 = CARTESIAN_POINT('',(176.71965722375,205.42819253992,
    2.84217094304E-14));
#1480 = VERTEX_POINT('',#1481);
#1481 = CARTESIAN_POINT('',(180.67945519839,209.38799051457,
    2.84217094304E-14));
#1482 = LINE('',#1483,#1484);
#1483 = CARTESIAN_POINT('',(149.38176342237,178.09029873854,
    2.84217094304E-14));
#1484 = VECTOR('',#1485,1.);
#1485 = DIRECTION('',(0.707106781187,0.707106781187,-1.110223024625E-16)
  );
#1486 = ORIENTED_EDGE('',*,*,#1487,.T.);
#1487 = EDGE_CURVE('',#1480,#1488,#1490,.T.);
#1488 = VERTEX_POINT('',#1489);
#1489 = CARTESIAN_POINT('',(186.7605735166,203.30687219636,
    2.84217094304E-14));
#1490 = LINE('',#1491,#1492);
#1491 = CARTESIAN_POINT('',(187.34280770209,202.72463801087,
    2.84217094304E-14));
#1492 = VECTOR('',#1493,1.);
#1493 = DIRECTION('',(0.707106781187,-0.707106781187,-4.2E-16));
#1494 = ORIENTED_EDGE('',*,*,#1495,.T.);
#1495 = EDGE_CURVE('',#1488,#1496,#1498,.T.);
#1496 = VERTEX_POINT('',#1497);
#1497 = CARTESIAN_POINT('',(182.80077554195,199.34707422172,
    2.84217094304E-14));
#1498 = LINE('',#1499,#1500);
#1499 = CARTESIAN_POINT('',(153.48298275325,170.02928143301,
    2.84217094304E-14));
#1500 = VECTOR('',#1501,1.);
#1501 = DIRECTION('',(-0.707106781187,-0.707106781187,1.110223024625E-16
    ));
#1502 = ORIENTED_EDGE('',*,*,#1503,.T.);
#1503 = EDGE_CURVE('',#1496,#1478,#1504,.T.);
#1504 = LINE('',#1505,#1506);
#1505 = CARTESIAN_POINT('',(180.34245056834,201.80539919533,
    2.84217094304E-14));
#1506 = VECTOR('',#1507,1.);
#1507 = DIRECTION('',(-0.707106781187,0.707106781187,4.2E-16));
#1508 = FACE_BOUND('',#1509,.F.);
#1509 = EDGE_LOOP('',(#1510,#1520,#1528,#1536,#1544,#1552,#1560,#1568));
#1510 = ORIENTED_EDGE('',*,*,#1511,.T.);
#1511 = EDGE_CURVE('',#1512,#1514,#1516,.T.);
#1512 = VERTEX_POINT('',#1513);
#1513 = CARTESIAN_POINT('',(158.40559159102,165.47665940288,
    2.84217094304E-14));
#1514 = VERTEX_POINT('',#1515);
#1515 = CARTESIAN_POINT('',(164.06244584051,159.81980515339,
    2.84217094304E-14));
#1516 = LINE('',#1517,#1518);
#1517 = CARTESIAN_POINT('',(159.14164792965,164.74060306425,
    2.84217094304E-14));
#1518 = VECTOR('',#1519,1.);
#1519 = DIRECTION('',(0.707106781187,-0.707106781187,-4.4E-16));
#1520 = ORIENTED_EDGE('',*,*,#1521,.T.);
#1521 = EDGE_CURVE('',#1514,#1522,#1524,.T.);
#1522 = VERTEX_POINT('',#1523);
#1523 = CARTESIAN_POINT('',(164.06244584051,156.99137802864,
    2.84217094304E-14));
#1524 = LINE('',#1525,#1526);
#1525 = CARTESIAN_POINT('',(164.06244584051,149.37520258693,
    2.84217094304E-14));
#1526 = VECTOR('',#1527,1.);
#1527 = DIRECTION('',(1.110223024625E-16,-1.,-2.314953770658E-16));
#1528 = ORIENTED_EDGE('',*,*,#1529,.T.);
#1529 = EDGE_CURVE('',#1522,#1530,#1532,.T.);
#1530 = VERTEX_POINT('',#1531);
#1531 = CARTESIAN_POINT('',(149.92031021678,142.84924240491,
    2.84217094304E-14));
#1532 = LINE('',#1533,#1534);
#1533 = CARTESIAN_POINT('',(143.74729789489,136.67623008302,
    2.84217094304E-14));
#1534 = VECTOR('',#1535,1.);
#1535 = DIRECTION('',(-0.707106781187,-0.707106781187,1.110223024625E-16
    ));
#1536 = ORIENTED_EDGE('',*,*,#1537,.T.);
#1537 = EDGE_CURVE('',#1530,#1538,#1540,.T.);
#1538 = VERTEX_POINT('',#1539);
#1539 = CARTESIAN_POINT('',(147.09188309203,142.84924240491,
    2.84217094304E-14));
#1540 = LINE('',#1541,#1542);
#1541 = CARTESIAN_POINT('',(136.70517964047,142.84924240491,
    2.84217094304E-14));
#1542 = VECTOR('',#1543,1.);
#1543 = DIRECTION('',(-1.,-1.110223024625E-16,3.885046229342E-16));
#1544 = ORIENTED_EDGE('',*,*,#1545,.T.);
#1545 = EDGE_CURVE('',#1538,#1546,#1548,.T.);
#1546 = VERTEX_POINT('',#1547);
#1547 = CARTESIAN_POINT('',(141.43502884254,148.50609665441,
    2.84217094304E-14));
#1548 = LINE('',#1549,#1550);
#1549 = CARTESIAN_POINT('',(139.34265805643,150.59846744052,
    2.84217094304E-14));
#1550 = VECTOR('',#1551,1.);
#1551 = DIRECTION('',(-0.707106781187,0.707106781187,4.4E-16));
#1552 = ORIENTED_EDGE('',*,*,#1553,.T.);
#1553 = EDGE_CURVE('',#1546,#1554,#1556,.T.);
#1554 = VERTEX_POINT('',#1555);
#1555 = CARTESIAN_POINT('',(141.43502884254,151.33452377915,
    2.84217094304E-14));
#1556 = LINE('',#1557,#1558);
#1557 = CARTESIAN_POINT('',(141.43502884254,146.54677546218,
    2.84217094304E-14));
#1558 = VECTOR('',#1559,1.);
#1559 = DIRECTION('',(-1.110223024625E-16,1.,2.314953770658E-16));
#1560 = ORIENTED_EDGE('',*,*,#1561,.T.);
#1561 = EDGE_CURVE('',#1554,#1562,#1564,.T.);
#1562 = VERTEX_POINT('',#1563);
#1563 = CARTESIAN_POINT('',(155.57716446627,165.47665940288,
    2.84217094304E-14));
#1564 = LINE('',#1565,#1566);
#1565 = CARTESIAN_POINT('',(142.33308433251,152.23257926913,
    2.84217094304E-14));
#1566 = VECTOR('',#1567,1.);
#1567 = DIRECTION('',(0.707106781187,0.707106781187,-1.110223024625E-16)
  );
#1568 = ORIENTED_EDGE('',*,*,#1569,.T.);
#1569 = EDGE_CURVE('',#1562,#1512,#1570,.T.);
#1570 = LINE('',#1571,#1572);
#1571 = CARTESIAN_POINT('',(142.36203388996,165.47665940288,
    2.84217094304E-14));
#1572 = VECTOR('',#1573,1.);
#1573 = DIRECTION('',(1.,1.110223024625E-16,-3.885046229342E-16));
#1574 = FACE_BOUND('',#1575,.F.);
#1575 = EDGE_LOOP('',(#1576,#1586,#1594,#1602));
#1576 = ORIENTED_EDGE('',*,*,#1577,.T.);
#1577 = EDGE_CURVE('',#1578,#1580,#1582,.T.);
#1578 = VERTEX_POINT('',#1579);
#1579 = CARTESIAN_POINT('',(120.15111472882,148.859650045,
    2.84217094304E-14));
#1580 = VERTEX_POINT('',#1581);
#1581 = CARTESIAN_POINT('',(124.11091270347,152.81944801964,
    2.84217094304E-14));
#1582 = LINE('',#1583,#1584);
#1583 = CARTESIAN_POINT('',(121.0974921749,149.80602749108,
    2.84217094304E-14));
#1584 = VECTOR('',#1585,1.);
#1585 = DIRECTION('',(0.707106781187,0.707106781187,-1.110223024625E-16)
  );
#1586 = ORIENTED_EDGE('',*,*,#1587,.T.);
#1587 = EDGE_CURVE('',#1580,#1588,#1590,.T.);
#1588 = VERTEX_POINT('',#1589);
#1589 = CARTESIAN_POINT('',(130.19203102167,146.73832970144,
    2.84217094304E-14));
#1590 = LINE('',#1591,#1592);
#1591 = CARTESIAN_POINT('',(130.77426520717,146.15609551595,
    2.84217094304E-14));
#1592 = VECTOR('',#1593,1.);
#1593 = DIRECTION('',(0.707106781187,-0.707106781187,-4.2E-16));
#1594 = ORIENTED_EDGE('',*,*,#1595,.T.);
#1595 = EDGE_CURVE('',#1588,#1596,#1598,.T.);
#1596 = VERTEX_POINT('',#1597);
#1597 = CARTESIAN_POINT('',(126.23223304703,142.77853172679,
    2.84217094304E-14));
#1598 = LINE('',#1599,#1600);
#1599 = CARTESIAN_POINT('',(125.19871150579,141.74501018555,
    2.84217094304E-14));
#1600 = VECTOR('',#1601,1.);
#1601 = DIRECTION('',(-0.707106781187,-0.707106781187,1.110223024625E-16
    ));
#1602 = ORIENTED_EDGE('',*,*,#1603,.T.);
#1603 = EDGE_CURVE('',#1596,#1578,#1604,.T.);
#1604 = LINE('',#1605,#1606);
#1605 = CARTESIAN_POINT('',(123.77390807342,145.2368567004,
    2.84217094304E-14));
#1606 = VECTOR('',#1607,1.);
#1607 = DIRECTION('',(-0.707106781187,0.707106781187,4.2E-16));
#1608 = FACE_BOUND('',#1609,.F.);
#1609 = EDGE_LOOP('',(#1610,#1620,#1628));
#1610 = ORIENTED_EDGE('',*,*,#1611,.T.);
#1611 = EDGE_CURVE('',#1612,#1614,#1616,.T.);
#1612 = VERTEX_POINT('',#1613);
#1613 = CARTESIAN_POINT('',(168.30508652763,198.00357133746,
    2.84217094304E-14));
#1614 = VERTEX_POINT('',#1615);
#1615 = CARTESIAN_POINT('',(154.87005768508,211.43860018001,
    2.84217094304E-14));
#1616 = LINE('',#1617,#1618);
#1617 = CARTESIAN_POINT('',(165.15205556974,201.15660229535,
    2.84217094304E-14));
#1618 = VECTOR('',#1619,1.);
#1619 = DIRECTION('',(-0.707106781187,0.707106781187,4.4E-16));
#1620 = ORIENTED_EDGE('',*,*,#1621,.T.);
#1621 = EDGE_CURVE('',#1614,#1622,#1624,.T.);
#1622 = VERTEX_POINT('',#1623);
#1623 = CARTESIAN_POINT('',(185.27564927611,214.97413408594,
    2.84217094304E-14));
#1624 = LINE('',#1625,#1626);
#1625 = CARTESIAN_POINT('',(151.99041420927,211.10375791538,
    2.84217094304E-14));
#1626 = VECTOR('',#1627,1.);
#1627 = DIRECTION('',(0.993307380301,0.115500858175,-3.570465726679E-16)
  );
#1628 = ORIENTED_EDGE('',*,*,#1629,.T.);
#1629 = EDGE_CURVE('',#1622,#1612,#1630,.T.);
#1630 = LINE('',#1631,#1632);
#1631 = CARTESIAN_POINT('',(143.74729789489,173.44578270472,
    2.84217094304E-14));
#1632 = VECTOR('',#1633,1.);
#1633 = DIRECTION('',(-0.707106781187,-0.707106781187,1.110223024625E-16
    ));
#1634 = FACE_BOUND('',#1635,.F.);
#1635 = EDGE_LOOP('',(#1636,#1646,#1654,#1662));
#1636 = ORIENTED_EDGE('',*,*,#1637,.T.);
#1637 = EDGE_CURVE('',#1638,#1640,#1642,.T.);
#1638 = VERTEX_POINT('',#1639);
#1639 = CARTESIAN_POINT('',(116.54487014477,183.29575028878,
    5.684341886081E-14));
#1640 = VERTEX_POINT('',#1641);
#1641 = CARTESIAN_POINT('',(129.97989898732,196.73077913133,
    5.684341886081E-14));
#1642 = LINE('',#1643,#1644);
#1643 = CARTESIAN_POINT('',(115.32160529119,182.0724854352,
    5.684341886081E-14));
#1644 = VECTOR('',#1645,1.);
#1645 = DIRECTION('',(0.707106781187,0.707106781187,-1.110223024625E-16)
  );
#1646 = ORIENTED_EDGE('',*,*,#1647,.T.);
#1647 = EDGE_CURVE('',#1640,#1648,#1650,.T.);
#1648 = VERTEX_POINT('',#1649);
#1649 = CARTESIAN_POINT('',(131.67695526217,195.03372285648,
    5.684341886081E-14));
#1650 = LINE('',#1651,#1652);
#1651 = CARTESIAN_POINT('',(143.65600942167,183.05466869698,
    2.84217094304E-14));
#1652 = VECTOR('',#1653,1.);
#1653 = DIRECTION('',(0.707106781187,-0.707106781187,-4.4E-16));
#1654 = ORIENTED_EDGE('',*,*,#1655,.T.);
#1655 = EDGE_CURVE('',#1648,#1656,#1658,.T.);
#1656 = VERTEX_POINT('',#1657);
#1657 = CARTESIAN_POINT('',(118.24192641962,181.59869401394,
    2.84217094304E-14));
#1658 = LINE('',#1659,#1660);
#1659 = CARTESIAN_POINT('',(110.30114714476,173.65791473908,
    5.684341886081E-14));
#1660 = VECTOR('',#1661,1.);
#1661 = DIRECTION('',(-0.707106781187,-0.707106781187,1.110223024625E-16
    ));
#1662 = ORIENTED_EDGE('',*,*,#1663,.T.);
#1663 = EDGE_CURVE('',#1656,#1638,#1664,.T.);
#1664 = LINE('',#1665,#1666);
#1665 = CARTESIAN_POINT('',(129.3724524417,170.46816799186,
    2.84217094304E-14));
#1666 = VECTOR('',#1667,1.);
#1667 = DIRECTION('',(-0.707106781187,0.707106781187,4.4E-16));
#1668 = FACE_BOUND('',#1669,.F.);
#1669 = EDGE_LOOP('',(#1670,#1680,#1688,#1696,#1704,#1712,#1720,#1728));
#1670 = ORIENTED_EDGE('',*,*,#1671,.T.);
#1671 = EDGE_CURVE('',#1672,#1674,#1676,.T.);
#1672 = VERTEX_POINT('',#1673);
#1673 = CARTESIAN_POINT('',(135.77817459305,142.84924240491,
    2.84217094304E-14));
#1674 = VERTEX_POINT('',#1675);
#1675 = CARTESIAN_POINT('',(141.43502884254,137.19238815542,
    2.84217094304E-14));
#1676 = LINE('',#1677,#1678);
#1677 = CARTESIAN_POINT('',(136.51423093168,142.11318606628,
    2.84217094304E-14));
#1678 = VECTOR('',#1679,1.);
#1679 = DIRECTION('',(0.707106781187,-0.707106781187,-4.4E-16));
#1680 = ORIENTED_EDGE('',*,*,#1681,.T.);
#1681 = EDGE_CURVE('',#1674,#1682,#1684,.T.);
#1682 = VERTEX_POINT('',#1683);
#1683 = CARTESIAN_POINT('',(141.43502884254,134.36396103067,
    2.84217094304E-14));
#1684 = LINE('',#1685,#1686);
#1685 = CARTESIAN_POINT('',(141.43502884254,138.06149408795,
    2.84217094304E-14));
#1686 = VECTOR('',#1687,1.);
#1687 = DIRECTION('',(1.110223024625E-16,-1.,-2.314953770658E-16));
#1688 = ORIENTED_EDGE('',*,*,#1689,.T.);
#1689 = EDGE_CURVE('',#1682,#1690,#1692,.T.);
#1690 = VERTEX_POINT('',#1691);
#1691 = CARTESIAN_POINT('',(127.29289321881,120.22182540694,
    2.84217094304E-14));
#1692 = LINE('',#1693,#1694);
#1693 = CARTESIAN_POINT('',(132.4335893959,125.36252158404,
    2.84217094304E-14));
#1694 = VECTOR('',#1695,1.);
#1695 = DIRECTION('',(-0.707106781187,-0.707106781187,1.110223024625E-16
    ));
#1696 = ORIENTED_EDGE('',*,*,#1697,.T.);
#1697 = EDGE_CURVE('',#1690,#1698,#1700,.T.);
#1698 = VERTEX_POINT('',#1699);
#1699 = CARTESIAN_POINT('',(124.46446609406,120.22182540694,
    2.84217094304E-14));
#1700 = LINE('',#1701,#1702);
#1701 = CARTESIAN_POINT('',(125.39147114149,120.22182540694,
    2.84217094304E-14));
#1702 = VECTOR('',#1703,1.);
#1703 = DIRECTION('',(-1.,-1.110223024625E-16,3.885046229342E-16));
#1704 = ORIENTED_EDGE('',*,*,#1705,.T.);
#1705 = EDGE_CURVE('',#1698,#1706,#1708,.T.);
#1706 = VERTEX_POINT('',#1707);
#1707 = CARTESIAN_POINT('',(118.80761184457,125.87867965644,
    2.84217094304E-14));
#1708 = LINE('',#1709,#1710);
#1709 = CARTESIAN_POINT('',(116.71524105846,127.97105044255,
    2.84217094304E-14));
#1710 = VECTOR('',#1711,1.);
#1711 = DIRECTION('',(-0.707106781187,0.707106781187,4.4E-16));
#1712 = ORIENTED_EDGE('',*,*,#1713,.T.);
#1713 = EDGE_CURVE('',#1706,#1714,#1716,.T.);
#1714 = VERTEX_POINT('',#1715);
#1715 = CARTESIAN_POINT('',(118.80761184457,128.70710678118,
    2.84217094304E-14));
#1716 = LINE('',#1717,#1718);
#1717 = CARTESIAN_POINT('',(118.80761184457,135.2330669632,
    2.84217094304E-14));
#1718 = VECTOR('',#1719,1.);
#1719 = DIRECTION('',(-1.110223024625E-16,1.,2.314953770658E-16));
#1720 = ORIENTED_EDGE('',*,*,#1721,.T.);
#1721 = EDGE_CURVE('',#1714,#1722,#1724,.T.);
#1722 = VERTEX_POINT('',#1723);
#1723 = CARTESIAN_POINT('',(132.9497474683,142.84924240491,
    2.84217094304E-14));
#1724 = LINE('',#1725,#1726);
#1725 = CARTESIAN_POINT('',(131.01937583353,140.91887077014,
    2.84217094304E-14));
#1726 = VECTOR('',#1727,1.);
#1727 = DIRECTION('',(0.707106781187,0.707106781187,-1.110223024625E-16)
  );
#1728 = ORIENTED_EDGE('',*,*,#1729,.T.);
#1729 = EDGE_CURVE('',#1722,#1672,#1730,.T.);
#1730 = LINE('',#1731,#1732);
#1731 = CARTESIAN_POINT('',(131.04832539098,142.84924240491,
    2.84217094304E-14));
#1732 = VECTOR('',#1733,1.);
#1733 = DIRECTION('',(1.,1.110223024625E-16,-3.885046229342E-16));
#1734 = FACE_BOUND('',#1735,.F.);
#1735 = EDGE_LOOP('',(#1736,#1746,#1754,#1762,#1770,#1778,#1786,#1794));
#1736 = ORIENTED_EDGE('',*,*,#1737,.T.);
#1737 = EDGE_CURVE('',#1738,#1740,#1742,.T.);
#1738 = VERTEX_POINT('',#1739);
#1739 = CARTESIAN_POINT('',(113.15075759508,120.22182540694,
    2.84217094304E-14));
#1740 = VERTEX_POINT('',#1741);
#1741 = CARTESIAN_POINT('',(118.80761184457,114.56497115745,
    2.84217094304E-14));
#1742 = LINE('',#1743,#1744);
#1743 = CARTESIAN_POINT('',(113.88681393371,119.48576906831,
    2.84217094304E-14));
#1744 = VECTOR('',#1745,1.);
#1745 = DIRECTION('',(0.707106781187,-0.707106781187,-4.4E-16));
#1746 = ORIENTED_EDGE('',*,*,#1747,.T.);
#1747 = EDGE_CURVE('',#1740,#1748,#1750,.T.);
#1748 = VERTEX_POINT('',#1749);
#1749 = CARTESIAN_POINT('',(118.80761184457,111.7365440327,
    2.84217094304E-14));
#1750 = LINE('',#1751,#1752);
#1751 = CARTESIAN_POINT('',(118.80761184457,126.74778558896,
    2.84217094304E-14));
#1752 = VECTOR('',#1753,1.);
#1753 = DIRECTION('',(1.110223024625E-16,-1.,-2.314953770658E-16));
#1754 = ORIENTED_EDGE('',*,*,#1755,.T.);
#1755 = EDGE_CURVE('',#1748,#1756,#1758,.T.);
#1756 = VERTEX_POINT('',#1757);
#1757 = CARTESIAN_POINT('',(104.66547622084,97.594408408978,
    2.84217094304E-14));
#1758 = LINE('',#1759,#1760);
#1759 = CARTESIAN_POINT('',(121.11988089692,114.04881308505,
    2.84217094304E-14));
#1760 = VECTOR('',#1761,1.);
#1761 = DIRECTION('',(-0.707106781187,-0.707106781187,1.110223024625E-16
    ));
#1762 = ORIENTED_EDGE('',*,*,#1763,.T.);
#1763 = EDGE_CURVE('',#1756,#1764,#1766,.T.);
#1764 = VERTEX_POINT('',#1765);
#1765 = CARTESIAN_POINT('',(101.83704909609,97.594408408978,
    2.84217094304E-14));
#1766 = LINE('',#1767,#1768);
#1767 = CARTESIAN_POINT('',(114.0777626425,97.594408408978,
    2.84217094304E-14));
#1768 = VECTOR('',#1769,1.);
#1769 = DIRECTION('',(-1.,-1.110223024625E-16,3.885046229342E-16));
#1770 = ORIENTED_EDGE('',*,*,#1771,.T.);
#1771 = EDGE_CURVE('',#1764,#1772,#1774,.T.);
#1772 = VERTEX_POINT('',#1773);
#1773 = CARTESIAN_POINT('',(96.180194846605,103.25126265847,
    2.84217094304E-14));
#1774 = LINE('',#1775,#1776);
#1775 = CARTESIAN_POINT('',(94.087824060494,105.34363344458,
    2.84217094304E-14));
#1776 = VECTOR('',#1777,1.);
#1777 = DIRECTION('',(-0.707106781187,0.707106781187,4.4E-16));
#1778 = ORIENTED_EDGE('',*,*,#1779,.T.);
#1779 = EDGE_CURVE('',#1772,#1780,#1782,.T.);
#1780 = VERTEX_POINT('',#1781);
#1781 = CARTESIAN_POINT('',(96.180194846605,106.07968978321,
    2.84217094304E-14));
#1782 = LINE('',#1783,#1784);
#1783 = CARTESIAN_POINT('',(96.180194846605,123.91935846422,
    2.84217094304E-14));
#1784 = VECTOR('',#1785,1.);
#1785 = DIRECTION('',(-1.110223024625E-16,1.,2.314953770658E-16));
#1786 = ORIENTED_EDGE('',*,*,#1787,.T.);
#1787 = EDGE_CURVE('',#1780,#1788,#1790,.T.);
#1788 = VERTEX_POINT('',#1789);
#1789 = CARTESIAN_POINT('',(110.32233047033,120.22182540694,
    2.84217094304E-14));
#1790 = LINE('',#1791,#1792);
#1791 = CARTESIAN_POINT('',(119.70566733454,129.60516227116,
    2.84217094304E-14));
#1792 = VECTOR('',#1793,1.);
#1793 = DIRECTION('',(0.707106781187,0.707106781187,-1.110223024625E-16)
  );
#1794 = ORIENTED_EDGE('',*,*,#1795,.T.);
#1795 = EDGE_CURVE('',#1788,#1738,#1796,.T.);
#1796 = LINE('',#1797,#1798);
#1797 = CARTESIAN_POINT('',(119.73461689199,120.22182540694,
    2.84217094304E-14));
#1798 = VECTOR('',#1799,1.);
#1799 = DIRECTION('',(1.,1.110223024625E-16,-3.885046229342E-16));
#1800 = FACE_BOUND('',#1801,.F.);
#1801 = EDGE_LOOP('',(#1802,#1812,#1820,#1828));
#1802 = ORIENTED_EDGE('',*,*,#1803,.T.);
#1803 = EDGE_CURVE('',#1804,#1806,#1808,.T.);
#1804 = VERTEX_POINT('',#1805);
#1805 = CARTESIAN_POINT('',(111.66583335459,140.37436867076,
    2.84217094304E-14));
#1806 = VERTEX_POINT('',#1807);
#1807 = CARTESIAN_POINT('',(115.62563132923,144.3341666454,
    2.84217094304E-14));
#1808 = LINE('',#1809,#1810);
#1809 = CARTESIAN_POINT('',(116.85485148779,145.56338680396,
    2.84217094304E-14));
#1810 = VECTOR('',#1811,1.);
#1811 = DIRECTION('',(0.707106781187,0.707106781187,-1.110223024625E-16)
  );
#1812 = ORIENTED_EDGE('',*,*,#1813,.T.);
#1813 = EDGE_CURVE('',#1806,#1814,#1816,.T.);
#1814 = VERTEX_POINT('',#1815);
#1815 = CARTESIAN_POINT('',(121.70674964744,138.2530483272,
    2.84217094304E-14));
#1816 = LINE('',#1817,#1818);
#1817 = CARTESIAN_POINT('',(122.28898383293,137.67081414171,
    2.84217094304E-14));
#1818 = VECTOR('',#1819,1.);
#1819 = DIRECTION('',(0.707106781187,-0.707106781187,-4.2E-16));
#1820 = ORIENTED_EDGE('',*,*,#1821,.T.);
#1821 = EDGE_CURVE('',#1814,#1822,#1824,.T.);
#1822 = VERTEX_POINT('',#1823);
#1823 = CARTESIAN_POINT('',(117.74695167279,134.29325035256,
    2.84217094304E-14));
#1824 = LINE('',#1825,#1826);
#1825 = CARTESIAN_POINT('',(120.95607081867,137.50236949843,
    2.84217094304E-14));
#1826 = VECTOR('',#1827,1.);
#1827 = DIRECTION('',(-0.707106781187,-0.707106781187,1.110223024625E-16
    ));
#1828 = ORIENTED_EDGE('',*,*,#1829,.T.);
#1829 = EDGE_CURVE('',#1822,#1804,#1830,.T.);
#1830 = LINE('',#1831,#1832);
#1831 = CARTESIAN_POINT('',(115.28862669918,136.75157532616,
    2.84217094304E-14));
#1832 = VECTOR('',#1833,1.);
#1833 = DIRECTION('',(-0.707106781187,0.707106781187,4.2E-16));
#1834 = FACE_BOUND('',#1835,.F.);
#1835 = EDGE_LOOP('',(#1836,#1846,#1854,#1862));
#1836 = ORIENTED_EDGE('',*,*,#1837,.T.);
#1837 = EDGE_CURVE('',#1838,#1840,#1842,.T.);
#1838 = VERTEX_POINT('',#1839);
#1839 = CARTESIAN_POINT('',(103.18055198035,131.88908729652,
    2.84217094304E-14));
#1840 = VERTEX_POINT('',#1841);
#1841 = CARTESIAN_POINT('',(107.14034995499,135.84888527117,
    2.84217094304E-14));
#1842 = LINE('',#1843,#1844);
#1843 = CARTESIAN_POINT('',(112.61221080067,141.32074611684,
    2.84217094304E-14));
#1844 = VECTOR('',#1845,1.);
#1845 = DIRECTION('',(0.707106781187,0.707106781187,-1.110223024625E-16)
  );
#1846 = ORIENTED_EDGE('',*,*,#1847,.T.);
#1847 = EDGE_CURVE('',#1840,#1848,#1850,.T.);
#1848 = VERTEX_POINT('',#1849);
#1849 = CARTESIAN_POINT('',(113.2214682732,129.76776695296,
    2.84217094304E-14));
#1850 = LINE('',#1851,#1852);
#1851 = CARTESIAN_POINT('',(113.80370245869,129.18553276747,
    2.84217094304E-14));
#1852 = VECTOR('',#1853,1.);
#1853 = DIRECTION('',(0.707106781187,-0.707106781187,-4.2E-16));
#1854 = ORIENTED_EDGE('',*,*,#1855,.T.);
#1855 = EDGE_CURVE('',#1848,#1856,#1858,.T.);
#1856 = VERTEX_POINT('',#1857);
#1857 = CARTESIAN_POINT('',(109.26167029855,125.80796897832,
    2.84217094304E-14));
#1858 = LINE('',#1859,#1860);
#1859 = CARTESIAN_POINT('',(116.71343013155,133.25972881131,
    2.84217094304E-14));
#1860 = VECTOR('',#1861,1.);
#1861 = DIRECTION('',(-0.707106781187,-0.707106781187,1.110223024625E-16
    ));
#1862 = ORIENTED_EDGE('',*,*,#1863,.T.);
#1863 = EDGE_CURVE('',#1856,#1838,#1864,.T.);
#1864 = LINE('',#1865,#1866);
#1865 = CARTESIAN_POINT('',(106.80334532494,128.26629395193,
    2.84217094304E-14));
#1866 = VECTOR('',#1867,1.);
#1867 = DIRECTION('',(-0.707106781187,0.707106781187,4.2E-16));
#1868 = FACE_BOUND('',#1869,.F.);
#1869 = EDGE_LOOP('',(#1870,#1880,#1888,#1896));
#1870 = ORIENTED_EDGE('',*,*,#1871,.T.);
#1871 = EDGE_CURVE('',#1872,#1874,#1876,.T.);
#1872 = VERTEX_POINT('',#1873);
#1873 = CARTESIAN_POINT('',(94.695270606114,123.40380592228,
    2.84217094304E-14));
#1874 = VERTEX_POINT('',#1875);
#1875 = CARTESIAN_POINT('',(98.655068580758,127.36360389693,
    2.84217094304E-14));
#1876 = LINE('',#1877,#1878);
#1877 = CARTESIAN_POINT('',(108.36957011355,137.07810542972,
    2.84217094304E-14));
#1878 = VECTOR('',#1879,1.);
#1879 = DIRECTION('',(0.707106781187,0.707106781187,-1.110223024625E-16)
  );
#1880 = ORIENTED_EDGE('',*,*,#1881,.T.);
#1881 = EDGE_CURVE('',#1874,#1882,#1884,.T.);
#1882 = VERTEX_POINT('',#1883);
#1883 = CARTESIAN_POINT('',(104.73618689896,121.28248557872,
    2.84217094304E-14));
#1884 = LINE('',#1885,#1886);
#1885 = CARTESIAN_POINT('',(105.31842108445,120.70025139323,
    2.84217094304E-14));
#1886 = VECTOR('',#1887,1.);
#1887 = DIRECTION('',(0.707106781187,-0.707106781187,-4.2E-16));
#1888 = ORIENTED_EDGE('',*,*,#1889,.T.);
#1889 = EDGE_CURVE('',#1882,#1890,#1892,.T.);
#1890 = VERTEX_POINT('',#1891);
#1891 = CARTESIAN_POINT('',(100.77638892431,117.32268760408,
    2.84217094304E-14));
#1892 = LINE('',#1893,#1894);
#1893 = CARTESIAN_POINT('',(112.47078944443,129.01708812419,
    2.84217094304E-14));
#1894 = VECTOR('',#1895,1.);
#1895 = DIRECTION('',(-0.707106781187,-0.707106781187,1.110223024625E-16
    ));
#1896 = ORIENTED_EDGE('',*,*,#1897,.T.);
#1897 = EDGE_CURVE('',#1890,#1872,#1898,.T.);
#1898 = LINE('',#1899,#1900);
#1899 = CARTESIAN_POINT('',(98.318063950709,119.78101257769,
    2.84217094304E-14));
#1900 = VECTOR('',#1901,1.);
#1901 = DIRECTION('',(-0.707106781187,0.707106781187,4.2E-16));
#1902 = FACE_BOUND('',#1903,.F.);
#1903 = EDGE_LOOP('',(#1904,#1914,#1922,#1930));
#1904 = ORIENTED_EDGE('',*,*,#1905,.T.);
#1905 = EDGE_CURVE('',#1906,#1908,#1910,.T.);
#1906 = VERTEX_POINT('',#1907);
#1907 = CARTESIAN_POINT('',(86.209989231875,114.91852454804,
    2.84217094304E-14));
#1908 = VERTEX_POINT('',#1909);
#1909 = CARTESIAN_POINT('',(90.16978720652,118.87832252269,
    2.84217094304E-14));
#1910 = LINE('',#1911,#1912);
#1911 = CARTESIAN_POINT('',(104.12692942643,132.8354647426,
    2.84217094304E-14));
#1912 = VECTOR('',#1913,1.);
#1913 = DIRECTION('',(0.707106781187,0.707106781187,-1.110223024625E-16)
  );
#1914 = ORIENTED_EDGE('',*,*,#1915,.T.);
#1915 = EDGE_CURVE('',#1908,#1916,#1918,.T.);
#1916 = VERTEX_POINT('',#1917);
#1917 = CARTESIAN_POINT('',(96.250905524724,112.79720420448,
    2.84217094304E-14));
#1918 = LINE('',#1919,#1920);
#1919 = CARTESIAN_POINT('',(96.833139710217,112.21497001899,
    2.84217094304E-14));
#1920 = VECTOR('',#1921,1.);
#1921 = DIRECTION('',(0.707106781187,-0.707106781187,-4.2E-16));
#1922 = ORIENTED_EDGE('',*,*,#1923,.T.);
#1923 = EDGE_CURVE('',#1916,#1924,#1926,.T.);
#1924 = VERTEX_POINT('',#1925);
#1925 = CARTESIAN_POINT('',(92.291107550079,108.83740622984,
    2.84217094304E-14));
#1926 = LINE('',#1927,#1928);
#1927 = CARTESIAN_POINT('',(108.22814875731,124.77444743707,
    2.84217094304E-14));
#1928 = VECTOR('',#1929,1.);
#1929 = DIRECTION('',(-0.707106781187,-0.707106781187,1.110223024625E-16
    ));
#1930 = ORIENTED_EDGE('',*,*,#1931,.T.);
#1931 = EDGE_CURVE('',#1924,#1906,#1932,.T.);
#1932 = LINE('',#1933,#1934);
#1933 = CARTESIAN_POINT('',(89.83278257647,111.29573120345,
    2.84217094304E-14));
#1934 = VECTOR('',#1935,1.);
#1935 = DIRECTION('',(-0.707106781187,0.707106781187,4.2E-16));
#1936 = FACE_BOUND('',#1937,.F.);
#1937 = EDGE_LOOP('',(#1938,#1948,#1956,#1964));
#1938 = ORIENTED_EDGE('',*,*,#1939,.T.);
#1939 = EDGE_CURVE('',#1940,#1942,#1944,.T.);
#1940 = VERTEX_POINT('',#1941);
#1941 = CARTESIAN_POINT('',(77.724707857636,106.43324317381,
    2.84217094304E-14));
#1942 = VERTEX_POINT('',#1943);
#1943 = CARTESIAN_POINT('',(81.684505832281,110.39304114845,
    2.84217094304E-14));
#1944 = LINE('',#1945,#1946);
#1945 = CARTESIAN_POINT('',(99.884288739313,128.59282405548,
    2.84217094304E-14));
#1946 = VECTOR('',#1947,1.);
#1947 = DIRECTION('',(0.707106781187,0.707106781187,-1.110223024625E-16)
  );
#1948 = ORIENTED_EDGE('',*,*,#1949,.T.);
#1949 = EDGE_CURVE('',#1942,#1950,#1952,.T.);
#1950 = VERTEX_POINT('',#1951);
#1951 = CARTESIAN_POINT('',(87.765624150485,104.31192283025,
    2.84217094304E-14));
#1952 = LINE('',#1953,#1954);
#1953 = CARTESIAN_POINT('',(88.347858335979,103.72968864475,
    2.84217094304E-14));
#1954 = VECTOR('',#1955,1.);
#1955 = DIRECTION('',(0.707106781187,-0.707106781187,-4.2E-16));
#1956 = ORIENTED_EDGE('',*,*,#1957,.T.);
#1957 = EDGE_CURVE('',#1950,#1958,#1960,.T.);
#1958 = VERTEX_POINT('',#1959);
#1959 = CARTESIAN_POINT('',(83.805826175841,100.3521248556,
    2.84217094304E-14));
#1960 = LINE('',#1961,#1962);
#1961 = CARTESIAN_POINT('',(103.98550807019,120.53180674996,
    2.84217094304E-14));
#1962 = VECTOR('',#1963,1.);
#1963 = DIRECTION('',(-0.707106781187,-0.707106781187,1.110223024625E-16
    ));
#1964 = ORIENTED_EDGE('',*,*,#1965,.T.);
#1965 = EDGE_CURVE('',#1958,#1940,#1966,.T.);
#1966 = LINE('',#1967,#1968);
#1967 = CARTESIAN_POINT('',(81.347501202232,102.81044982921,
    2.84217094304E-14));
#1968 = VECTOR('',#1969,1.);
#1969 = DIRECTION('',(-0.707106781187,0.707106781187,4.2E-16));
#1970 = FACE_BOUND('',#1971,.F.);
#1971 = EDGE_LOOP('',(#1972,#1982,#1990,#1998,#2006,#2014,#2022,#2030));
#1972 = ORIENTED_EDGE('',*,*,#1973,.T.);
#1973 = EDGE_CURVE('',#1974,#1976,#1978,.T.);
#1974 = VERTEX_POINT('',#1975);
#1975 = CARTESIAN_POINT('',(90.523340597113,97.594408408978,
    2.84217094304E-14));
#1976 = VERTEX_POINT('',#1977);
#1977 = CARTESIAN_POINT('',(96.180194846605,91.937554159486,
    2.84217094304E-14));
#1978 = LINE('',#1979,#1980);
#1979 = CARTESIAN_POINT('',(91.259396935748,96.858352070343,
    2.84217094304E-14));
#1980 = VECTOR('',#1981,1.);
#1981 = DIRECTION('',(0.707106781187,-0.707106781187,-4.4E-16));
#1982 = ORIENTED_EDGE('',*,*,#1983,.T.);
#1983 = EDGE_CURVE('',#1976,#1984,#1986,.T.);
#1984 = VERTEX_POINT('',#1985);
#1985 = CARTESIAN_POINT('',(96.180194846605,89.10912703474,
    2.84217094304E-14));
#1986 = LINE('',#1987,#1988);
#1987 = CARTESIAN_POINT('',(96.180194846605,115.43407708998,
    2.84217094304E-14));
#1988 = VECTOR('',#1989,1.);
#1989 = DIRECTION('',(1.110223024625E-16,-1.,-2.314953770658E-16));
#1990 = ORIENTED_EDGE('',*,*,#1991,.T.);
#1991 = EDGE_CURVE('',#1984,#1992,#1994,.T.);
#1992 = VERTEX_POINT('',#1993);
#1993 = CARTESIAN_POINT('',(82.038059222874,74.966991411009,
    5.684341886081E-14));
#1994 = LINE('',#1995,#1996);
#1995 = CARTESIAN_POINT('',(109.80617239793,102.73510458607,
    2.84217094304E-14));
#1996 = VECTOR('',#1997,1.);
#1997 = DIRECTION('',(-0.707106781187,-0.707106781187,1.110223024625E-16
    ));
#1998 = ORIENTED_EDGE('',*,*,#1999,.T.);
#1999 = EDGE_CURVE('',#1992,#2000,#2002,.T.);
#2000 = VERTEX_POINT('',#2001);
#2001 = CARTESIAN_POINT('',(79.209632098128,74.966991411009,
    5.684341886081E-14));
#2002 = LINE('',#2003,#2004);
#2003 = CARTESIAN_POINT('',(102.76405414352,74.966991411009,
    2.84217094304E-14));
#2004 = VECTOR('',#2005,1.);
#2005 = DIRECTION('',(-1.,-1.110223024625E-16,3.885046229342E-16));
#2006 = ORIENTED_EDGE('',*,*,#2007,.T.);
#2007 = EDGE_CURVE('',#2000,#2008,#2010,.T.);
#2008 = VERTEX_POINT('',#2009);
#2009 = CARTESIAN_POINT('',(73.552777848636,80.623845660501,
    5.684341886081E-14));
#2010 = LINE('',#2011,#2012);
#2011 = CARTESIAN_POINT('',(71.460407062525,82.716216446612,
    5.684341886081E-14));
#2012 = VECTOR('',#2013,1.);
#2013 = DIRECTION('',(-0.707106781187,0.707106781187,4.4E-16));
#2014 = ORIENTED_EDGE('',*,*,#2015,.T.);
#2015 = EDGE_CURVE('',#2008,#2016,#2018,.T.);
#2016 = VERTEX_POINT('',#2017);
#2017 = CARTESIAN_POINT('',(73.552777848636,83.452272785247,
    5.684341886081E-14));
#2018 = LINE('',#2019,#2020);
#2019 = CARTESIAN_POINT('',(73.552777848636,112.60564996523,
    2.84217094304E-14));
#2020 = VECTOR('',#2021,1.);
#2021 = DIRECTION('',(-1.110223024625E-16,1.,2.314953770658E-16));
#2022 = ORIENTED_EDGE('',*,*,#2023,.T.);
#2023 = EDGE_CURVE('',#2016,#2024,#2026,.T.);
#2024 = VERTEX_POINT('',#2025);
#2025 = CARTESIAN_POINT('',(87.694913472367,97.594408408978,
    2.84217094304E-14));
#2026 = LINE('',#2027,#2028);
#2027 = CARTESIAN_POINT('',(108.39195883556,118.29145377217,
    2.84217094304E-14));
#2028 = VECTOR('',#2029,1.);
#2029 = DIRECTION('',(0.707106781187,0.707106781187,-1.110223024625E-16)
  );
#2030 = ORIENTED_EDGE('',*,*,#2031,.T.);
#2031 = EDGE_CURVE('',#2024,#1974,#2032,.T.);
#2032 = LINE('',#2033,#2034);
#2033 = CARTESIAN_POINT('',(108.42090839301,97.594408408978,
    2.84217094304E-14));
#2034 = VECTOR('',#2035,1.);
#2035 = DIRECTION('',(1.,1.110223024625E-16,-3.885046229342E-16));
#2036 = FACE_BOUND('',#2037,.F.);
#2037 = EDGE_LOOP('',(#2038,#2048,#2056,#2064,#2072,#2080,#2088,#2096));
#2038 = ORIENTED_EDGE('',*,*,#2039,.T.);
#2039 = EDGE_CURVE('',#2040,#2042,#2044,.T.);
#2040 = VERTEX_POINT('',#2041);
#2041 = CARTESIAN_POINT('',(67.895923599143,74.966991411009,
    5.684341886081E-14));
#2042 = VERTEX_POINT('',#2043);
#2043 = CARTESIAN_POINT('',(73.552777848636,69.310137161517,
    5.684341886081E-14));
#2044 = LINE('',#2045,#2046);
#2045 = CARTESIAN_POINT('',(68.631979937779,74.230935072374,
    5.684341886081E-14));
#2046 = VECTOR('',#2047,1.);
#2047 = DIRECTION('',(0.707106781187,-0.707106781187,-4.4E-16));
#2048 = ORIENTED_EDGE('',*,*,#2049,.T.);
#2049 = EDGE_CURVE('',#2042,#2050,#2052,.T.);
#2050 = VERTEX_POINT('',#2051);
#2051 = CARTESIAN_POINT('',(73.552777848636,66.48171003677,
    5.684341886081E-14));
#2052 = LINE('',#2053,#2054);
#2053 = CARTESIAN_POINT('',(73.552777848636,104.12036859099,
    2.84217094304E-14));
#2054 = VECTOR('',#2055,1.);
#2055 = DIRECTION('',(1.110223024625E-16,-1.,-2.314953770658E-16));
#2056 = ORIENTED_EDGE('',*,*,#2057,.T.);
#2057 = EDGE_CURVE('',#2050,#2058,#2060,.T.);
#2058 = VERTEX_POINT('',#2059);
#2059 = CARTESIAN_POINT('',(59.410642224905,52.339574413039,
    5.684341886081E-14));
#2060 = LINE('',#2061,#2062);
#2061 = CARTESIAN_POINT('',(98.492463898953,91.421396087087,
    2.84217094304E-14));
#2062 = VECTOR('',#2063,1.);
#2063 = DIRECTION('',(-0.707106781187,-0.707106781187,1.110223024625E-16
    ));
#2064 = ORIENTED_EDGE('',*,*,#2065,.T.);
#2065 = EDGE_CURVE('',#2058,#2066,#2068,.T.);
#2066 = VERTEX_POINT('',#2067);
#2067 = CARTESIAN_POINT('',(56.582215100159,52.339574413039,
    5.684341886081E-14));
#2068 = LINE('',#2069,#2070);
#2069 = CARTESIAN_POINT('',(91.450345644536,52.339574413039,
    2.84217094304E-14));
#2070 = VECTOR('',#2071,1.);
#2071 = DIRECTION('',(-1.,-1.110223024625E-16,3.885046229342E-16));
#2072 = ORIENTED_EDGE('',*,*,#2073,.T.);
#2073 = EDGE_CURVE('',#2066,#2074,#2076,.T.);
#2074 = VERTEX_POINT('',#2075);
#2075 = CARTESIAN_POINT('',(50.925360850666,57.996428662532,
    5.684341886081E-14));
#2076 = LINE('',#2077,#2078);
#2077 = CARTESIAN_POINT('',(48.832990064555,60.088799448643,
    5.684341886081E-14));
#2078 = VECTOR('',#2079,1.);
#2079 = DIRECTION('',(-0.707106781187,0.707106781187,4.4E-16));
#2080 = ORIENTED_EDGE('',*,*,#2081,.T.);
#2081 = EDGE_CURVE('',#2074,#2082,#2084,.T.);
#2082 = VERTEX_POINT('',#2083);
#2083 = CARTESIAN_POINT('',(50.925360850666,60.824855787278,
    5.684341886081E-14));
#2084 = LINE('',#2085,#2086);
#2085 = CARTESIAN_POINT('',(50.925360850666,101.29194146625,
    5.684341886081E-14));
#2086 = VECTOR('',#2087,1.);
#2087 = DIRECTION('',(-1.110223024625E-16,1.,2.314953770658E-16));
#2088 = ORIENTED_EDGE('',*,*,#2089,.T.);
#2089 = EDGE_CURVE('',#2082,#2090,#2092,.T.);
#2090 = VERTEX_POINT('',#2091);
#2091 = CARTESIAN_POINT('',(65.067496474397,74.966991411009,
    5.684341886081E-14));
#2092 = LINE('',#2093,#2094);
#2093 = CARTESIAN_POINT('',(97.07825033658,106.97774527319,
    2.84217094304E-14));
#2094 = VECTOR('',#2095,1.);
#2095 = DIRECTION('',(0.707106781187,0.707106781187,-1.110223024625E-16)
  );
#2096 = ORIENTED_EDGE('',*,*,#2097,.T.);
#2097 = EDGE_CURVE('',#2090,#2040,#2098,.T.);
#2098 = LINE('',#2099,#2100);
#2099 = CARTESIAN_POINT('',(97.107199894028,74.966991411009,
    2.84217094304E-14));
#2100 = VECTOR('',#2101,1.);
#2101 = DIRECTION('',(1.,1.110223024625E-16,-3.885046229342E-16));
#2102 = FACE_BOUND('',#2103,.F.);
#2103 = EDGE_LOOP('',(#2104,#2114,#2122,#2130));
#2104 = ORIENTED_EDGE('',*,*,#2105,.T.);
#2105 = EDGE_CURVE('',#2106,#2108,#2110,.T.);
#2106 = VERTEX_POINT('',#2107);
#2107 = CARTESIAN_POINT('',(69.239426483398,97.947961799572,
    2.84217094304E-14));
#2108 = VERTEX_POINT('',#2109);
#2109 = CARTESIAN_POINT('',(73.199224458043,101.90775977421,
    2.84217094304E-14));
#2110 = LINE('',#2111,#2112);
#2111 = CARTESIAN_POINT('',(95.641648052193,124.35018336836,
    2.84217094304E-14));
#2112 = VECTOR('',#2113,1.);
#2113 = DIRECTION('',(0.707106781187,0.707106781187,-1.110223024625E-16)
  );
#2114 = ORIENTED_EDGE('',*,*,#2115,.T.);
#2115 = EDGE_CURVE('',#2108,#2116,#2118,.T.);
#2116 = VERTEX_POINT('',#2117);
#2117 = CARTESIAN_POINT('',(79.280342776247,95.826641456012,
    2.84217094304E-14));
#2118 = LINE('',#2119,#2120);
#2119 = CARTESIAN_POINT('',(79.86257696174,95.244407270519,
    2.84217094304E-14));
#2120 = VECTOR('',#2121,1.);
#2121 = DIRECTION('',(0.707106781187,-0.707106781187,-4.2E-16));
#2122 = ORIENTED_EDGE('',*,*,#2123,.T.);
#2123 = EDGE_CURVE('',#2116,#2124,#2126,.T.);
#2124 = VERTEX_POINT('',#2125);
#2125 = CARTESIAN_POINT('',(75.320544801602,91.866843481367,
    2.84217094304E-14));
#2126 = LINE('',#2127,#2128);
#2127 = CARTESIAN_POINT('',(99.742867383075,116.28916606284,
    2.84217094304E-14));
#2128 = VECTOR('',#2129,1.);
#2129 = DIRECTION('',(-0.707106781187,-0.707106781187,1.110223024625E-16
    ));
#2130 = ORIENTED_EDGE('',*,*,#2131,.T.);
#2131 = EDGE_CURVE('',#2124,#2106,#2132,.T.);
#2132 = LINE('',#2133,#2134);
#2133 = CARTESIAN_POINT('',(72.862219827993,94.325168454976,
    2.84217094304E-14));
#2134 = VECTOR('',#2135,1.);
#2135 = DIRECTION('',(-0.707106781187,0.707106781187,4.2E-16));
#2136 = FACE_BOUND('',#2137,.F.);
#2137 = EDGE_LOOP('',(#2138,#2148,#2156,#2164));
#2138 = ORIENTED_EDGE('',*,*,#2139,.T.);
#2139 = EDGE_CURVE('',#2140,#2142,#2144,.T.);
#2140 = VERTEX_POINT('',#2141);
#2141 = CARTESIAN_POINT('',(60.754145109159,89.462680425333,
    5.684341886081E-14));
#2142 = VERTEX_POINT('',#2143);
#2143 = CARTESIAN_POINT('',(64.713943083804,93.422478399978,
    5.684341886081E-14));
#2144 = LINE('',#2145,#2146);
#2145 = CARTESIAN_POINT('',(91.399007365074,120.10754268124,
    2.84217094304E-14));
#2146 = VECTOR('',#2147,1.);
#2147 = DIRECTION('',(0.707106781187,0.707106781187,-1.110223024625E-16)
  );
#2148 = ORIENTED_EDGE('',*,*,#2149,.T.);
#2149 = EDGE_CURVE('',#2142,#2150,#2152,.T.);
#2150 = VERTEX_POINT('',#2151);
#2151 = CARTESIAN_POINT('',(70.795061402008,87.341360081773,
    5.684341886081E-14));
#2152 = LINE('',#2153,#2154);
#2153 = CARTESIAN_POINT('',(71.377295587501,86.75912589628,
    5.684341886081E-14));
#2154 = VECTOR('',#2155,1.);
#2155 = DIRECTION('',(0.707106781187,-0.707106781187,-4.2E-16));
#2156 = ORIENTED_EDGE('',*,*,#2157,.T.);
#2157 = EDGE_CURVE('',#2150,#2158,#2160,.T.);
#2158 = VERTEX_POINT('',#2159);
#2159 = CARTESIAN_POINT('',(66.835263427364,83.381562107129,
    5.684341886081E-14));
#2160 = LINE('',#2161,#2162);
#2161 = CARTESIAN_POINT('',(95.500226695956,112.04652537572,
    2.84217094304E-14));
#2162 = VECTOR('',#2163,1.);
#2163 = DIRECTION('',(-0.707106781187,-0.707106781187,1.110223024625E-16
    ));
#2164 = ORIENTED_EDGE('',*,*,#2165,.T.);
#2165 = EDGE_CURVE('',#2158,#2140,#2166,.T.);
#2166 = LINE('',#2167,#2168);
#2167 = CARTESIAN_POINT('',(64.376938453755,85.839887080738,
    5.684341886081E-14));
#2168 = VECTOR('',#2169,1.);
#2169 = DIRECTION('',(-0.707106781187,0.707106781187,4.2E-16));
#2170 = FACE_BOUND('',#2171,.F.);
#2171 = EDGE_LOOP('',(#2172,#2182,#2190,#2198));
#2172 = ORIENTED_EDGE('',*,*,#2173,.T.);
#2173 = EDGE_CURVE('',#2174,#2176,#2178,.T.);
#2174 = VERTEX_POINT('',#2175);
#2175 = CARTESIAN_POINT('',(52.268863734921,80.977399051095,
    5.684341886081E-14));
#2176 = VERTEX_POINT('',#2177);
#2177 = CARTESIAN_POINT('',(56.228661709565,84.937197025739,
    5.684341886081E-14));
#2178 = LINE('',#2179,#2180);
#2179 = CARTESIAN_POINT('',(87.156366677955,115.86490199412,
    2.84217094304E-14));
#2180 = VECTOR('',#2181,1.);
#2181 = DIRECTION('',(0.707106781187,0.707106781187,-1.110223024625E-16)
  );
#2182 = ORIENTED_EDGE('',*,*,#2183,.T.);
#2183 = EDGE_CURVE('',#2176,#2184,#2186,.T.);
#2184 = VERTEX_POINT('',#2185);
#2185 = CARTESIAN_POINT('',(62.30978002777,78.856078707535,
    5.684341886081E-14));
#2186 = LINE('',#2187,#2188);
#2187 = CARTESIAN_POINT('',(62.892014213263,78.273844522042,
    5.684341886081E-14));
#2188 = VECTOR('',#2189,1.);
#2189 = DIRECTION('',(0.707106781187,-0.707106781187,-4.2E-16));
#2190 = ORIENTED_EDGE('',*,*,#2191,.T.);
#2191 = EDGE_CURVE('',#2184,#2192,#2194,.T.);
#2192 = VERTEX_POINT('',#2193);
#2193 = CARTESIAN_POINT('',(58.349982053125,74.89628073289,
    5.684341886081E-14));
#2194 = LINE('',#2195,#2196);
#2195 = CARTESIAN_POINT('',(91.257586008837,107.8038846886,
    2.84217094304E-14));
#2196 = VECTOR('',#2197,1.);
#2197 = DIRECTION('',(-0.707106781187,-0.707106781187,1.110223024625E-16
    ));
#2198 = ORIENTED_EDGE('',*,*,#2199,.T.);
#2199 = EDGE_CURVE('',#2192,#2174,#2200,.T.);
#2200 = LINE('',#2201,#2202);
#2201 = CARTESIAN_POINT('',(55.891657079516,77.354605706499,
    5.684341886081E-14));
#2202 = VECTOR('',#2203,1.);
#2203 = DIRECTION('',(-0.707106781187,0.707106781187,4.2E-16));
#2204 = FACE_BOUND('',#2205,.F.);
#2205 = EDGE_LOOP('',(#2206,#2216,#2224,#2232));
#2206 = ORIENTED_EDGE('',*,*,#2207,.T.);
#2207 = EDGE_CURVE('',#2208,#2210,#2212,.T.);
#2208 = VERTEX_POINT('',#2209);
#2209 = CARTESIAN_POINT('',(43.783582360682,72.492117676856,
    5.684341886081E-14));
#2210 = VERTEX_POINT('',#2211);
#2211 = CARTESIAN_POINT('',(47.743380335327,76.451915651501,
    5.684341886081E-14));
#2212 = LINE('',#2213,#2214);
#2213 = CARTESIAN_POINT('',(82.913725990836,111.622261307,
    2.84217094304E-14));
#2214 = VECTOR('',#2215,1.);
#2215 = DIRECTION('',(0.707106781187,0.707106781187,-1.110223024625E-16)
  );
#2216 = ORIENTED_EDGE('',*,*,#2217,.T.);
#2217 = EDGE_CURVE('',#2210,#2218,#2220,.T.);
#2218 = VERTEX_POINT('',#2219);
#2219 = CARTESIAN_POINT('',(53.824498653531,70.370797333296,
    5.684341886081E-14));
#2220 = LINE('',#2221,#2222);
#2221 = CARTESIAN_POINT('',(54.406732839024,69.788563147803,
    5.684341886081E-14));
#2222 = VECTOR('',#2223,1.);
#2223 = DIRECTION('',(0.707106781187,-0.707106781187,-4.2E-16));
#2224 = ORIENTED_EDGE('',*,*,#2225,.T.);
#2225 = EDGE_CURVE('',#2218,#2226,#2228,.T.);
#2226 = VERTEX_POINT('',#2227);
#2227 = CARTESIAN_POINT('',(49.864700678886,66.410999358652,
    5.684341886081E-14));
#2228 = LINE('',#2229,#2230);
#2229 = CARTESIAN_POINT('',(87.014945321718,103.56124400148,
    2.84217094304E-14));
#2230 = VECTOR('',#2231,1.);
#2231 = DIRECTION('',(-0.707106781187,-0.707106781187,1.110223024625E-16
    ));
#2232 = ORIENTED_EDGE('',*,*,#2233,.T.);
#2233 = EDGE_CURVE('',#2226,#2208,#2234,.T.);
#2234 = LINE('',#2235,#2236);
#2235 = CARTESIAN_POINT('',(47.406375705277,68.869324332261,
    5.684341886081E-14));
#2236 = VECTOR('',#2237,1.);
#2237 = DIRECTION('',(-0.707106781187,0.707106781187,4.2E-16));
#2238 = FACE_BOUND('',#2239,.F.);
#2239 = EDGE_LOOP('',(#2240,#2250,#2258,#2266));
#2240 = ORIENTED_EDGE('',*,*,#2241,.T.);
#2241 = EDGE_CURVE('',#2242,#2244,#2246,.T.);
#2242 = VERTEX_POINT('',#2243);
#2243 = CARTESIAN_POINT('',(35.298300986444,64.006836302617,
    5.684341886081E-14));
#2244 = VERTEX_POINT('',#2245);
#2245 = CARTESIAN_POINT('',(39.258098961088,67.966634277262,
    5.684341886081E-14));
#2246 = LINE('',#2247,#2248);
#2247 = CARTESIAN_POINT('',(78.671085303716,107.37962061989,
    2.84217094304E-14));
#2248 = VECTOR('',#2249,1.);
#2249 = DIRECTION('',(0.707106781187,0.707106781187,-1.110223024625E-16)
  );
#2250 = ORIENTED_EDGE('',*,*,#2251,.T.);
#2251 = EDGE_CURVE('',#2244,#2252,#2254,.T.);
#2252 = VERTEX_POINT('',#2253);
#2253 = CARTESIAN_POINT('',(45.339217279293,61.885515959058,
    5.684341886081E-14));
#2254 = LINE('',#2255,#2256);
#2255 = CARTESIAN_POINT('',(45.921451464786,61.303281773565,
    5.684341886081E-14));
#2256 = VECTOR('',#2257,1.);
#2257 = DIRECTION('',(0.707106781187,-0.707106781187,-4.2E-16));
#2258 = ORIENTED_EDGE('',*,*,#2259,.T.);
#2259 = EDGE_CURVE('',#2252,#2260,#2262,.T.);
#2260 = VERTEX_POINT('',#2261);
#2261 = CARTESIAN_POINT('',(41.379419304648,57.925717984413,
    5.684341886081E-14));
#2262 = LINE('',#2263,#2264);
#2263 = CARTESIAN_POINT('',(82.772304634598,99.318603314363,
    2.84217094304E-14));
#2264 = VECTOR('',#2265,1.);
#2265 = DIRECTION('',(-0.707106781187,-0.707106781187,1.110223024625E-16
    ));
#2266 = ORIENTED_EDGE('',*,*,#2267,.T.);
#2267 = EDGE_CURVE('',#2260,#2242,#2268,.T.);
#2268 = LINE('',#2269,#2270);
#2269 = CARTESIAN_POINT('',(38.921094331039,60.384042958022,
    5.684341886081E-14));
#2270 = VECTOR('',#2271,1.);
#2271 = DIRECTION('',(-0.707106781187,0.707106781187,4.2E-16));
#2272 = PLANE('',#2273);
#2273 = AXIS2_PLACEMENT_3D('',#2274,#2275,#2276);
#2274 = CARTESIAN_POINT('',(125.32965833553,139.54702027332,
    2.84217094304E-14));
#2275 = DIRECTION('',(-3.754894710325E-16,2.184802251642E-16,-1.));
#2276 = DIRECTION('',(0.707106781187,-0.707106781187,-4.2E-16));
#2277 = ADVANCED_FACE('',(#2278),#2289,.F.);
#2278 = FACE_BOUND('',#2279,.T.);
#2279 = EDGE_LOOP('',(#2280,#2286,#2287,#2288));
#2280 = ORIENTED_EDGE('',*,*,#2281,.T.);
#2281 = EDGE_CURVE('',#411,#1426,#2282,.T.);
#2282 = LINE('',#2283,#2284);
#2283 = CARTESIAN_POINT('',(22.641089603204,55.168001537786,12.));
#2284 = VECTOR('',#2285,1.);
#2285 = DIRECTION('',(-7.850462293419E-17,-7.850462293419E-17,-1.));
#2286 = ORIENTED_EDGE('',*,*,#1433,.T.);
#2287 = ORIENTED_EDGE('',*,*,#61,.F.);
#2288 = ORIENTED_EDGE('',*,*,#418,.F.);
#2289 = PLANE('',#2290);
#2290 = AXIS2_PLACEMENT_3D('',#2291,#2292,#2293);
#2291 = CARTESIAN_POINT('',(22.641089603204,55.168001537786,12.));
#2292 = DIRECTION('',(1.,1.110223024625E-16,-7.850462293419E-17));
#2293 = DIRECTION('',(-1.110223024625E-16,1.,3.914953770658E-16));
#2294 = ADVANCED_FACE('',(#2295),#2313,.F.);
#2295 = FACE_BOUND('',#2296,.T.);
#2296 = EDGE_LOOP('',(#2297,#2305,#2311,#2312));
#2297 = ORIENTED_EDGE('',*,*,#2298,.F.);
#2298 = EDGE_CURVE('',#2299,#274,#2301,.T.);
#2299 = VERTEX_POINT('',#2300);
#2300 = CARTESIAN_POINT('',(172.54772721475,162.64823227814,27.));
#2301 = LINE('',#2302,#2303);
#2302 = CARTESIAN_POINT('',(172.54772721475,162.64823227814,27.));
#2303 = VECTOR('',#2304,1.);
#2304 = DIRECTION('',(-7.850462293419E-17,-7.850462293419E-17,-1.));
#2305 = ORIENTED_EDGE('',*,*,#2306,.T.);
#2306 = EDGE_CURVE('',#2299,#198,#2307,.T.);
#2307 = LINE('',#2308,#2309);
#2308 = CARTESIAN_POINT('',(172.54772721475,162.64823227814,27.));
#2309 = VECTOR('',#2310,1.);
#2310 = DIRECTION('',(0.707106781187,-0.707106781187,2.442490654175E-32)
  );
#2311 = ORIENTED_EDGE('',*,*,#205,.T.);
#2312 = ORIENTED_EDGE('',*,*,#273,.F.);
#2313 = PLANE('',#2314);
#2314 = AXIS2_PLACEMENT_3D('',#2315,#2316,#2317);
#2315 = CARTESIAN_POINT('',(172.54772721475,162.64823227814,27.));
#2316 = DIRECTION('',(-0.707106781187,-0.707106781187,1.110223024625E-16
    ));
#2317 = DIRECTION('',(7.850462293419E-17,7.850462293419E-17,1.));
#2318 = ADVANCED_FACE('',(#2319),#2330,.F.);
#2319 = FACE_BOUND('',#2320,.T.);
#2320 = EDGE_LOOP('',(#2321,#2322,#2323,#2329));
#2321 = ORIENTED_EDGE('',*,*,#102,.T.);
#2322 = ORIENTED_EDGE('',*,*,#1305,.T.);
#2323 = ORIENTED_EDGE('',*,*,#2324,.F.);
#2324 = EDGE_CURVE('',#283,#1306,#2325,.T.);
#2325 = LINE('',#2326,#2327);
#2326 = CARTESIAN_POINT('',(233.35891039679,214.97413408594,12.));
#2327 = VECTOR('',#2328,1.);
#2328 = DIRECTION('',(-7.850462293419E-17,-7.850462293419E-17,-1.));
#2329 = ORIENTED_EDGE('',*,*,#282,.F.);
#2330 = PLANE('',#2331);
#2331 = AXIS2_PLACEMENT_3D('',#2332,#2333,#2334);
#2332 = CARTESIAN_POINT('',(233.35891039679,212.14570696119,12.));
#2333 = DIRECTION('',(-1.,-1.110223024625E-16,7.850462293419E-17));
#2334 = DIRECTION('',(1.110223024625E-16,-1.,-3.914953770658E-16));
#2335 = ADVANCED_FACE('',(#2336),#2354,.F.);
#2336 = FACE_BOUND('',#2337,.T.);
#2337 = EDGE_LOOP('',(#2338,#2346,#2347,#2348));
#2338 = ORIENTED_EDGE('',*,*,#2339,.T.);
#2339 = EDGE_CURVE('',#2340,#190,#2342,.T.);
#2340 = VERTEX_POINT('',#2341);
#2341 = CARTESIAN_POINT('',(170.42640687119,160.52691193458,30.));
#2342 = LINE('',#2343,#2344);
#2343 = CARTESIAN_POINT('',(170.42640687119,160.52691193458,30.));
#2344 = VECTOR('',#2345,1.);
#2345 = DIRECTION('',(0.707106781187,-0.707106781187,2.442490654175E-32)
  );
#2346 = ORIENTED_EDGE('',*,*,#197,.T.);
#2347 = ORIENTED_EDGE('',*,*,#2306,.F.);
#2348 = ORIENTED_EDGE('',*,*,#2349,.F.);
#2349 = EDGE_CURVE('',#2340,#2299,#2350,.T.);
#2350 = LINE('',#2351,#2352);
#2351 = CARTESIAN_POINT('',(170.42640687119,160.52691193458,30.));
#2352 = VECTOR('',#2353,1.);
#2353 = DIRECTION('',(0.5,0.5,-0.707106781187));
#2354 = PLANE('',#2355);
#2355 = AXIS2_PLACEMENT_3D('',#2356,#2357,#2358);
#2356 = CARTESIAN_POINT('',(170.42640687119,160.52691193458,30.));
#2357 = DIRECTION('',(-0.5,-0.5,-0.707106781187));
#2358 = DIRECTION('',(-0.5,-0.5,0.707106781187));
#2359 = ADVANCED_FACE('',(#2360),#2378,.F.);
#2360 = FACE_BOUND('',#2361,.T.);
#2361 = EDGE_LOOP('',(#2362,#2370,#2371,#2372));
#2362 = ORIENTED_EDGE('',*,*,#2363,.T.);
#2363 = EDGE_CURVE('',#2364,#182,#2366,.T.);
#2364 = VERTEX_POINT('',#2365);
#2365 = CARTESIAN_POINT('',(157.69848480983,147.79898987322,30.));
#2366 = LINE('',#2367,#2368);
#2367 = CARTESIAN_POINT('',(157.69848480983,147.79898987322,30.));
#2368 = VECTOR('',#2369,1.);
#2369 = DIRECTION('',(0.707106781187,-0.707106781187,2.442490654175E-32)
  );
#2370 = ORIENTED_EDGE('',*,*,#189,.T.);
#2371 = ORIENTED_EDGE('',*,*,#2339,.F.);
#2372 = ORIENTED_EDGE('',*,*,#2373,.F.);
#2373 = EDGE_CURVE('',#2364,#2340,#2374,.T.);
#2374 = LINE('',#2375,#2376);
#2375 = CARTESIAN_POINT('',(157.69848480983,147.79898987322,30.));
#2376 = VECTOR('',#2377,1.);
#2377 = DIRECTION('',(0.707106781187,0.707106781187,-1.110223024625E-16)
  );
#2378 = PLANE('',#2379);
#2379 = AXIS2_PLACEMENT_3D('',#2380,#2381,#2382);
#2380 = CARTESIAN_POINT('',(157.69848480983,147.79898987322,30.));
#2381 = DIRECTION('',(-7.850462293419E-17,-7.850462293419E-17,-1.));
#2382 = DIRECTION('',(-0.707106781187,-0.707106781187,1.110223024625E-16
    ));
#2383 = ADVANCED_FACE('',(#2384),#2402,.F.);
#2384 = FACE_BOUND('',#2385,.T.);
#2385 = EDGE_LOOP('',(#2386,#2394,#2395,#2396));
#2386 = ORIENTED_EDGE('',*,*,#2387,.T.);
#2387 = EDGE_CURVE('',#2388,#174,#2390,.T.);
#2388 = VERTEX_POINT('',#2389);
#2389 = CARTESIAN_POINT('',(155.57716446627,145.67766952966,27.));
#2390 = LINE('',#2391,#2392);
#2391 = CARTESIAN_POINT('',(155.57716446627,145.67766952966,27.));
#2392 = VECTOR('',#2393,1.);
#2393 = DIRECTION('',(0.707106781187,-0.707106781187,2.442490654175E-32)
  );
#2394 = ORIENTED_EDGE('',*,*,#181,.T.);
#2395 = ORIENTED_EDGE('',*,*,#2363,.F.);
#2396 = ORIENTED_EDGE('',*,*,#2397,.F.);
#2397 = EDGE_CURVE('',#2388,#2364,#2398,.T.);
#2398 = LINE('',#2399,#2400);
#2399 = CARTESIAN_POINT('',(155.57716446627,145.67766952966,27.));
#2400 = VECTOR('',#2401,1.);
#2401 = DIRECTION('',(0.5,0.5,0.707106781187));
#2402 = PLANE('',#2403);
#2403 = AXIS2_PLACEMENT_3D('',#2404,#2405,#2406);
#2404 = CARTESIAN_POINT('',(155.57716446627,145.67766952966,27.));
#2405 = DIRECTION('',(0.5,0.5,-0.707106781187));
#2406 = DIRECTION('',(-0.5,-0.5,-0.707106781187));
#2407 = ADVANCED_FACE('',(#2408),#2419,.F.);
#2408 = FACE_BOUND('',#2409,.T.);
#2409 = EDGE_LOOP('',(#2410,#2416,#2417,#2418));
#2410 = ORIENTED_EDGE('',*,*,#2411,.F.);
#2411 = EDGE_CURVE('',#451,#2388,#2412,.T.);
#2412 = LINE('',#2413,#2414);
#2413 = CARTESIAN_POINT('',(155.57716446627,145.67766952966,3.));
#2414 = VECTOR('',#2415,1.);
#2415 = DIRECTION('',(7.850462293419E-17,7.850462293419E-17,1.));
#2416 = ORIENTED_EDGE('',*,*,#450,.F.);
#2417 = ORIENTED_EDGE('',*,*,#173,.T.);
#2418 = ORIENTED_EDGE('',*,*,#2387,.F.);
#2419 = PLANE('',#2420);
#2420 = AXIS2_PLACEMENT_3D('',#2421,#2422,#2423);
#2421 = CARTESIAN_POINT('',(155.57716446627,145.67766952966,3.));
#2422 = DIRECTION('',(0.707106781187,0.707106781187,-1.110223024625E-16)
  );
#2423 = DIRECTION('',(-7.850462293419E-17,-7.850462293419E-17,-1.));
#2424 = ADVANCED_FACE('',(#2425),#2443,.F.);
#2425 = FACE_BOUND('',#2426,.T.);
#2426 = EDGE_LOOP('',(#2427,#2435,#2436,#2437));
#2427 = ORIENTED_EDGE('',*,*,#2428,.F.);
#2428 = EDGE_CURVE('',#428,#2429,#2431,.T.);
#2429 = VERTEX_POINT('',#2430);
#2430 = CARTESIAN_POINT('',(45.268506601174,35.369011664562,27.));
#2431 = LINE('',#2432,#2433);
#2432 = CARTESIAN_POINT('',(45.268506601174,35.369011664562,3.));
#2433 = VECTOR('',#2434,1.);
#2434 = DIRECTION('',(7.850462293419E-17,7.850462293419E-17,1.));
#2435 = ORIENTED_EDGE('',*,*,#427,.F.);
#2436 = ORIENTED_EDGE('',*,*,#125,.T.);
#2437 = ORIENTED_EDGE('',*,*,#2438,.F.);
#2438 = EDGE_CURVE('',#2429,#126,#2439,.T.);
#2439 = LINE('',#2440,#2441);
#2440 = CARTESIAN_POINT('',(45.268506601174,35.369011664562,27.));
#2441 = VECTOR('',#2442,1.);
#2442 = DIRECTION('',(0.707106781187,-0.707106781187,2.442490654175E-32)
  );
#2443 = PLANE('',#2444);
#2444 = AXIS2_PLACEMENT_3D('',#2445,#2446,#2447);
#2445 = CARTESIAN_POINT('',(45.268506601174,35.369011664562,3.));
#2446 = DIRECTION('',(0.707106781187,0.707106781187,-1.110223024625E-16)
  );
#2447 = DIRECTION('',(-7.850462293419E-17,-7.850462293419E-17,-1.));
#2448 = ADVANCED_FACE('',(#2449),#2467,.F.);
#2449 = FACE_BOUND('',#2450,.T.);
#2450 = EDGE_LOOP('',(#2451,#2452,#2453,#2461));
#2451 = ORIENTED_EDGE('',*,*,#2438,.T.);
#2452 = ORIENTED_EDGE('',*,*,#133,.T.);
#2453 = ORIENTED_EDGE('',*,*,#2454,.F.);
#2454 = EDGE_CURVE('',#2455,#134,#2457,.T.);
#2455 = VERTEX_POINT('',#2456);
#2456 = CARTESIAN_POINT('',(47.389826944734,37.490332008122,30.));
#2457 = LINE('',#2458,#2459);
#2458 = CARTESIAN_POINT('',(47.389826944734,37.490332008122,30.));
#2459 = VECTOR('',#2460,1.);
#2460 = DIRECTION('',(0.707106781187,-0.707106781187,2.442490654175E-32)
  );
#2461 = ORIENTED_EDGE('',*,*,#2462,.F.);
#2462 = EDGE_CURVE('',#2429,#2455,#2463,.T.);
#2463 = LINE('',#2464,#2465);
#2464 = CARTESIAN_POINT('',(45.268506601174,35.369011664562,27.));
#2465 = VECTOR('',#2466,1.);
#2466 = DIRECTION('',(0.5,0.5,0.707106781187));
#2467 = PLANE('',#2468);
#2468 = AXIS2_PLACEMENT_3D('',#2469,#2470,#2471);
#2469 = CARTESIAN_POINT('',(45.268506601174,35.369011664562,27.));
#2470 = DIRECTION('',(0.5,0.5,-0.707106781187));
#2471 = DIRECTION('',(-0.5,-0.5,-0.707106781187));
#2472 = ADVANCED_FACE('',(#2473),#2491,.F.);
#2473 = FACE_BOUND('',#2474,.T.);
#2474 = EDGE_LOOP('',(#2475,#2483,#2489,#2490));
#2475 = ORIENTED_EDGE('',*,*,#2476,.F.);
#2476 = EDGE_CURVE('',#2477,#436,#2479,.T.);
#2477 = VERTEX_POINT('',#2478);
#2478 = CARTESIAN_POINT('',(62.239069349651,52.339574413039,27.));
#2479 = LINE('',#2480,#2481);
#2480 = CARTESIAN_POINT('',(62.239069349651,52.339574413039,27.));
#2481 = VECTOR('',#2482,1.);
#2482 = DIRECTION('',(-7.850462293419E-17,-7.850462293419E-17,-1.));
#2483 = ORIENTED_EDGE('',*,*,#2484,.T.);
#2484 = EDGE_CURVE('',#2477,#150,#2485,.T.);
#2485 = LINE('',#2486,#2487);
#2486 = CARTESIAN_POINT('',(62.239069349651,52.339574413039,27.));
#2487 = VECTOR('',#2488,1.);
#2488 = DIRECTION('',(0.707106781187,-0.707106781187,2.442490654175E-32)
  );
#2489 = ORIENTED_EDGE('',*,*,#157,.T.);
#2490 = ORIENTED_EDGE('',*,*,#443,.F.);
#2491 = PLANE('',#2492);
#2492 = AXIS2_PLACEMENT_3D('',#2493,#2494,#2495);
#2493 = CARTESIAN_POINT('',(62.239069349651,52.339574413039,27.));
#2494 = DIRECTION('',(-0.707106781187,-0.707106781187,1.110223024625E-16
    ));
#2495 = DIRECTION('',(7.850462293419E-17,7.850462293419E-17,1.));
#2496 = ADVANCED_FACE('',(#2497),#2515,.F.);
#2497 = FACE_BOUND('',#2498,.T.);
#2498 = EDGE_LOOP('',(#2499,#2500,#2501,#2509));
#2499 = ORIENTED_EDGE('',*,*,#2454,.T.);
#2500 = ORIENTED_EDGE('',*,*,#141,.T.);
#2501 = ORIENTED_EDGE('',*,*,#2502,.F.);
#2502 = EDGE_CURVE('',#2503,#142,#2505,.T.);
#2503 = VERTEX_POINT('',#2504);
#2504 = CARTESIAN_POINT('',(60.117749006091,50.21825406948,30.));
#2505 = LINE('',#2506,#2507);
#2506 = CARTESIAN_POINT('',(60.117749006091,50.21825406948,30.));
#2507 = VECTOR('',#2508,1.);
#2508 = DIRECTION('',(0.707106781187,-0.707106781187,2.442490654175E-32)
  );
#2509 = ORIENTED_EDGE('',*,*,#2510,.F.);
#2510 = EDGE_CURVE('',#2455,#2503,#2511,.T.);
#2511 = LINE('',#2512,#2513);
#2512 = CARTESIAN_POINT('',(47.389826944734,37.490332008122,30.));
#2513 = VECTOR('',#2514,1.);
#2514 = DIRECTION('',(0.707106781187,0.707106781187,-1.110223024625E-16)
  );
#2515 = PLANE('',#2516);
#2516 = AXIS2_PLACEMENT_3D('',#2517,#2518,#2519);
#2517 = CARTESIAN_POINT('',(47.389826944734,37.490332008122,30.));
#2518 = DIRECTION('',(-7.850462293419E-17,-7.850462293419E-17,-1.));
#2519 = DIRECTION('',(-0.707106781187,-0.707106781187,1.110223024625E-16
    ));
#2520 = ADVANCED_FACE('',(#2521),#2532,.F.);
#2521 = FACE_BOUND('',#2522,.T.);
#2522 = EDGE_LOOP('',(#2523,#2524,#2525,#2526));
#2523 = ORIENTED_EDGE('',*,*,#2502,.T.);
#2524 = ORIENTED_EDGE('',*,*,#149,.T.);
#2525 = ORIENTED_EDGE('',*,*,#2484,.F.);
#2526 = ORIENTED_EDGE('',*,*,#2527,.F.);
#2527 = EDGE_CURVE('',#2503,#2477,#2528,.T.);
#2528 = LINE('',#2529,#2530);
#2529 = CARTESIAN_POINT('',(60.117749006091,50.21825406948,30.));
#2530 = VECTOR('',#2531,1.);
#2531 = DIRECTION('',(0.5,0.5,-0.707106781187));
#2532 = PLANE('',#2533);
#2533 = AXIS2_PLACEMENT_3D('',#2534,#2535,#2536);
#2534 = CARTESIAN_POINT('',(60.117749006091,50.21825406948,30.));
#2535 = DIRECTION('',(-0.5,-0.5,-0.707106781187));
#2536 = DIRECTION('',(-0.5,-0.5,0.707106781187));
#2537 = ADVANCED_FACE('',(#2538),#2563,.F.);
#2538 = FACE_BOUND('',#2539,.T.);
#2539 = EDGE_LOOP('',(#2540,#2550,#2556,#2557));
#2540 = ORIENTED_EDGE('',*,*,#2541,.F.);
#2541 = EDGE_CURVE('',#2542,#2544,#2546,.T.);
#2542 = VERTEX_POINT('',#2543);
#2543 = CARTESIAN_POINT('',(53.753787975412,43.854293038801,
    23.091168824543));
#2544 = VERTEX_POINT('',#2545);
#2545 = CARTESIAN_POINT('',(51.953787975412,42.054293038801,
    20.545584412272));
#2546 = LINE('',#2547,#2548);
#2547 = CARTESIAN_POINT('',(52.323457889523,42.423962952911,
    21.068376618407));
#2548 = VECTOR('',#2549,1.);
#2549 = DIRECTION('',(-0.5,-0.5,-0.707106781187));
#2550 = ORIENTED_EDGE('',*,*,#2551,.T.);
#2551 = EDGE_CURVE('',#2542,#216,#2552,.T.);
#2552 = LINE('',#2553,#2554);
#2553 = CARTESIAN_POINT('',(53.046681194226,44.561399819987,
    23.091168824543));
#2554 = VECTOR('',#2555,1.);
#2555 = DIRECTION('',(0.707106781187,-0.707106781187,2.442490654175E-32)
  );
#2556 = ORIENTED_EDGE('',*,*,#213,.F.);
#2557 = ORIENTED_EDGE('',*,*,#2558,.F.);
#2558 = EDGE_CURVE('',#2544,#214,#2559,.T.);
#2559 = LINE('',#2560,#2561);
#2560 = CARTESIAN_POINT('',(51.246681194226,42.761399819987,
    20.545584412272));
#2561 = VECTOR('',#2562,1.);
#2562 = DIRECTION('',(0.707106781187,-0.707106781187,2.442490654175E-32)
  );
#2563 = PLANE('',#2564);
#2564 = AXIS2_PLACEMENT_3D('',#2565,#2566,#2567);
#2565 = CARTESIAN_POINT('',(53.046681194226,44.561399819987,
    23.091168824543));
#2566 = DIRECTION('',(-0.5,-0.5,0.707106781187));
#2567 = DIRECTION('',(0.5,0.5,0.707106781187));
#2568 = ADVANCED_FACE('',(#2569),#2587,.F.);
#2569 = FACE_BOUND('',#2570,.T.);
#2570 = EDGE_LOOP('',(#2571,#2579,#2585,#2586));
#2571 = ORIENTED_EDGE('',*,*,#2572,.F.);
#2572 = EDGE_CURVE('',#2573,#2542,#2575,.T.);
#2573 = VERTEX_POINT('',#2574);
#2574 = CARTESIAN_POINT('',(55.553787975412,45.654293038801,
    20.545584412272));
#2575 = LINE('',#2576,#2577);
#2576 = CARTESIAN_POINT('',(56.084118061302,46.184623124691,
    19.795584412272));
#2577 = VECTOR('',#2578,1.);
#2578 = DIRECTION('',(-0.5,-0.5,0.707106781187));
#2579 = ORIENTED_EDGE('',*,*,#2580,.T.);
#2580 = EDGE_CURVE('',#2573,#224,#2581,.T.);
#2581 = LINE('',#2582,#2583);
#2582 = CARTESIAN_POINT('',(54.846681194226,46.361399819987,
    20.545584412272));
#2583 = VECTOR('',#2584,1.);
#2584 = DIRECTION('',(0.707106781187,-0.707106781187,2.442490654175E-32)
  );
#2585 = ORIENTED_EDGE('',*,*,#232,.F.);
#2586 = ORIENTED_EDGE('',*,*,#2551,.F.);
#2587 = PLANE('',#2588);
#2588 = AXIS2_PLACEMENT_3D('',#2589,#2590,#2591);
#2589 = CARTESIAN_POINT('',(54.846681194226,46.361399819987,
    20.545584412272));
#2590 = DIRECTION('',(0.5,0.5,0.707106781187));
#2591 = DIRECTION('',(0.5,0.5,-0.707106781187));
#2592 = ADVANCED_FACE('',(#2593),#2605,.F.);
#2593 = FACE_BOUND('',#2594,.F.);
#2594 = EDGE_LOOP('',(#2595,#2602,#2603,#2604));
#2595 = ORIENTED_EDGE('',*,*,#2596,.T.);
#2596 = EDGE_CURVE('',#2544,#2573,#2597,.T.);
#2597 = CIRCLE('',#2598,3.6);
#2598 = AXIS2_PLACEMENT_3D('',#2599,#2600,#2601);
#2599 = CARTESIAN_POINT('',(53.753787975412,43.854293038801,18.));
#2600 = DIRECTION('',(0.707106781187,-0.707106781187,-1.232595164408E-32
    ));
#2601 = DIRECTION('',(-7.850462293419E-17,-7.850462293419E-17,-1.));
#2602 = ORIENTED_EDGE('',*,*,#2580,.T.);
#2603 = ORIENTED_EDGE('',*,*,#223,.F.);
#2604 = ORIENTED_EDGE('',*,*,#2558,.F.);
#2605 = CYLINDRICAL_SURFACE('',#2606,3.6);
#2606 = AXIS2_PLACEMENT_3D('',#2607,#2608,#2609);
#2607 = CARTESIAN_POINT('',(53.046681194226,44.561399819987,18.));
#2608 = DIRECTION('',(-0.707106781187,0.707106781187,2.442490654175E-32)
  );
#2609 = DIRECTION('',(-7.850462293419E-17,-7.850462293419E-17,-1.));
#2610 = ADVANCED_FACE('',(#2611),#2636,.F.);
#2611 = FACE_BOUND('',#2612,.T.);
#2612 = EDGE_LOOP('',(#2613,#2623,#2629,#2630));
#2613 = ORIENTED_EDGE('',*,*,#2614,.F.);
#2614 = EDGE_CURVE('',#2615,#2617,#2619,.T.);
#2615 = VERTEX_POINT('',#2616);
#2616 = CARTESIAN_POINT('',(164.06244584051,154.1629509039,
    23.091168824543));
#2617 = VERTEX_POINT('',#2618);
#2618 = CARTESIAN_POINT('',(162.26244584051,152.3629509039,
    20.545584412272));
#2619 = LINE('',#2620,#2621);
#2620 = CARTESIAN_POINT('',(162.63211575462,152.73262081801,
    21.068376618407));
#2621 = VECTOR('',#2622,1.);
#2622 = DIRECTION('',(-0.5,-0.5,-0.707106781187));
#2623 = ORIENTED_EDGE('',*,*,#2624,.T.);
#2624 = EDGE_CURVE('',#2615,#243,#2625,.T.);
#2625 = LINE('',#2626,#2627);
#2626 = CARTESIAN_POINT('',(163.35533905932,154.87005768508,
    23.091168824543));
#2627 = VECTOR('',#2628,1.);
#2628 = DIRECTION('',(0.707106781187,-0.707106781187,2.442490654175E-32)
  );
#2629 = ORIENTED_EDGE('',*,*,#240,.F.);
#2630 = ORIENTED_EDGE('',*,*,#2631,.F.);
#2631 = EDGE_CURVE('',#2617,#241,#2632,.T.);
#2632 = LINE('',#2633,#2634);
#2633 = CARTESIAN_POINT('',(161.55533905932,153.07005768508,
    20.545584412272));
#2634 = VECTOR('',#2635,1.);
#2635 = DIRECTION('',(0.707106781187,-0.707106781187,2.442490654175E-32)
  );
#2636 = PLANE('',#2637);
#2637 = AXIS2_PLACEMENT_3D('',#2638,#2639,#2640);
#2638 = CARTESIAN_POINT('',(163.35533905932,154.87005768508,
    23.091168824543));
#2639 = DIRECTION('',(-0.5,-0.5,0.707106781187));
#2640 = DIRECTION('',(0.5,0.5,0.707106781187));
#2641 = ADVANCED_FACE('',(#2642),#2660,.F.);
#2642 = FACE_BOUND('',#2643,.T.);
#2643 = EDGE_LOOP('',(#2644,#2652,#2658,#2659));
#2644 = ORIENTED_EDGE('',*,*,#2645,.F.);
#2645 = EDGE_CURVE('',#2646,#2615,#2648,.T.);
#2646 = VERTEX_POINT('',#2647);
#2647 = CARTESIAN_POINT('',(165.86244584051,155.9629509039,
    20.545584412272));
#2648 = LINE('',#2649,#2650);
#2649 = CARTESIAN_POINT('',(166.3927759264,156.49328098979,
    19.795584412272));
#2650 = VECTOR('',#2651,1.);
#2651 = DIRECTION('',(-0.5,-0.5,0.707106781187));
#2652 = ORIENTED_EDGE('',*,*,#2653,.T.);
#2653 = EDGE_CURVE('',#2646,#251,#2654,.T.);
#2654 = LINE('',#2655,#2656);
#2655 = CARTESIAN_POINT('',(165.15533905932,156.67005768508,
    20.545584412272));
#2656 = VECTOR('',#2657,1.);
#2657 = DIRECTION('',(0.707106781187,-0.707106781187,2.442490654175E-32)
  );
#2658 = ORIENTED_EDGE('',*,*,#259,.F.);
#2659 = ORIENTED_EDGE('',*,*,#2624,.F.);
#2660 = PLANE('',#2661);
#2661 = AXIS2_PLACEMENT_3D('',#2662,#2663,#2664);
#2662 = CARTESIAN_POINT('',(165.15533905932,156.67005768508,
    20.545584412272));
#2663 = DIRECTION('',(0.5,0.5,0.707106781187));
#2664 = DIRECTION('',(0.5,0.5,-0.707106781187));
#2665 = ADVANCED_FACE('',(#2666),#2678,.F.);
#2666 = FACE_BOUND('',#2667,.F.);
#2667 = EDGE_LOOP('',(#2668,#2675,#2676,#2677));
#2668 = ORIENTED_EDGE('',*,*,#2669,.T.);
#2669 = EDGE_CURVE('',#2617,#2646,#2670,.T.);
#2670 = CIRCLE('',#2671,3.6);
#2671 = AXIS2_PLACEMENT_3D('',#2672,#2673,#2674);
#2672 = CARTESIAN_POINT('',(164.06244584051,154.1629509039,18.));
#2673 = DIRECTION('',(0.707106781187,-0.707106781187,-1.232595164408E-32
    ));
#2674 = DIRECTION('',(-7.850462293419E-17,-7.850462293419E-17,-1.));
#2675 = ORIENTED_EDGE('',*,*,#2653,.T.);
#2676 = ORIENTED_EDGE('',*,*,#250,.F.);
#2677 = ORIENTED_EDGE('',*,*,#2631,.F.);
#2678 = CYLINDRICAL_SURFACE('',#2679,3.6);
#2679 = AXIS2_PLACEMENT_3D('',#2680,#2681,#2682);
#2680 = CARTESIAN_POINT('',(163.35533905932,154.87005768508,18.));
#2681 = DIRECTION('',(-0.707106781187,0.707106781187,2.442490654175E-32)
  );
#2682 = DIRECTION('',(-7.850462293419E-17,-7.850462293419E-17,-1.));
#2683 = ADVANCED_FACE('',(#2684,#2692),#2697,.T.);
#2684 = FACE_BOUND('',#2685,.F.);
#2685 = EDGE_LOOP('',(#2686,#2687,#2688,#2689,#2690,#2691));
#2686 = ORIENTED_EDGE('',*,*,#2349,.F.);
#2687 = ORIENTED_EDGE('',*,*,#2373,.F.);
#2688 = ORIENTED_EDGE('',*,*,#2397,.F.);
#2689 = ORIENTED_EDGE('',*,*,#2411,.F.);
#2690 = ORIENTED_EDGE('',*,*,#458,.F.);
#2691 = ORIENTED_EDGE('',*,*,#2298,.F.);
#2692 = FACE_BOUND('',#2693,.F.);
#2693 = EDGE_LOOP('',(#2694,#2695,#2696));
#2694 = ORIENTED_EDGE('',*,*,#2614,.F.);
#2695 = ORIENTED_EDGE('',*,*,#2645,.F.);
#2696 = ORIENTED_EDGE('',*,*,#2669,.F.);
#2697 = PLANE('',#2698);
#2698 = AXIS2_PLACEMENT_3D('',#2699,#2700,#2701);
#2699 = CARTESIAN_POINT('',(164.06244584051,154.1629509039,15.));
#2700 = DIRECTION('',(-0.707106781187,0.707106781187,2.886579864025E-32)
  );
#2701 = DIRECTION('',(0.707106781187,0.707106781187,-1.110223024625E-16)
  );
#2702 = ADVANCED_FACE('',(#2703,#2711),#2716,.T.);
#2703 = FACE_BOUND('',#2704,.F.);
#2704 = EDGE_LOOP('',(#2705,#2706,#2707,#2708,#2709,#2710));
#2705 = ORIENTED_EDGE('',*,*,#2527,.F.);
#2706 = ORIENTED_EDGE('',*,*,#2510,.F.);
#2707 = ORIENTED_EDGE('',*,*,#2462,.F.);
#2708 = ORIENTED_EDGE('',*,*,#2428,.F.);
#2709 = ORIENTED_EDGE('',*,*,#435,.F.);
#2710 = ORIENTED_EDGE('',*,*,#2476,.F.);
#2711 = FACE_BOUND('',#2712,.F.);
#2712 = EDGE_LOOP('',(#2713,#2714,#2715));
#2713 = ORIENTED_EDGE('',*,*,#2541,.F.);
#2714 = ORIENTED_EDGE('',*,*,#2572,.F.);
#2715 = ORIENTED_EDGE('',*,*,#2596,.F.);
#2716 = PLANE('',#2717);
#2717 = AXIS2_PLACEMENT_3D('',#2718,#2719,#2720);
#2718 = CARTESIAN_POINT('',(53.753787975413,43.854293038801,15.));
#2719 = DIRECTION('',(-0.707106781187,0.707106781187,2.553512956638E-32)
  );
#2720 = DIRECTION('',(0.707106781187,0.707106781187,-1.110223024625E-16)
  );
#2721 = ADVANCED_FACE('',(#2722),#2749,.F.);
#2722 = FACE_BOUND('',#2723,.T.);
#2723 = EDGE_LOOP('',(#2724,#2725,#2733,#2741,#2747,#2748));
#2724 = ORIENTED_EDGE('',*,*,#410,.F.);
#2725 = ORIENTED_EDGE('',*,*,#2726,.T.);
#2726 = EDGE_CURVE('',#403,#2727,#2729,.T.);
#2727 = VERTEX_POINT('',#2728);
#2728 = CARTESIAN_POINT('',(155.57716446627,188.10407640085,3.));
#2729 = LINE('',#2730,#2731);
#2730 = CARTESIAN_POINT('',(155.57716446627,188.10407640085,12.));
#2731 = VECTOR('',#2732,1.);
#2732 = DIRECTION('',(-7.850462293419E-17,-7.850462293419E-17,-1.));
#2733 = ORIENTED_EDGE('',*,*,#2734,.T.);
#2734 = EDGE_CURVE('',#2727,#2735,#2737,.T.);
#2735 = VERTEX_POINT('',#2736);
#2736 = CARTESIAN_POINT('',(145.67766952966,178.20458146424,3.));
#2737 = LINE('',#2738,#2739);
#2738 = CARTESIAN_POINT('',(156.99137802864,189.51828996323,3.));
#2739 = VECTOR('',#2740,1.);
#2740 = DIRECTION('',(-0.707106781187,-0.707106781187,1.110223024625E-16
    ));
#2741 = ORIENTED_EDGE('',*,*,#2742,.T.);
#2742 = EDGE_CURVE('',#2735,#1418,#2743,.T.);
#2743 = LINE('',#2744,#2745);
#2744 = CARTESIAN_POINT('',(145.67766952966,178.20458146424,3.));
#2745 = VECTOR('',#2746,1.);
#2746 = DIRECTION('',(-7.850462293419E-17,-7.850462293419E-17,-1.));
#2747 = ORIENTED_EDGE('',*,*,#1425,.T.);
#2748 = ORIENTED_EDGE('',*,*,#2281,.F.);
#2749 = PLANE('',#2750);
#2750 = AXIS2_PLACEMENT_3D('',#2751,#2752,#2753);
#2751 = CARTESIAN_POINT('',(155.57716446627,188.10407640085,12.));
#2752 = DIRECTION('',(0.707106781187,-0.707106781187,-2.442490654175E-32
    ));
#2753 = DIRECTION('',(0.707106781187,0.707106781187,1.089776975375E-16)
  );
#2754 = ADVANCED_FACE('',(#2755),#2773,.F.);
#2755 = FACE_BOUND('',#2756,.T.);
#2756 = EDGE_LOOP('',(#2757,#2758,#2766,#2772));
#2757 = ORIENTED_EDGE('',*,*,#402,.F.);
#2758 = ORIENTED_EDGE('',*,*,#2759,.T.);
#2759 = EDGE_CURVE('',#395,#2760,#2762,.T.);
#2760 = VERTEX_POINT('',#2761);
#2761 = CARTESIAN_POINT('',(142.84924240491,200.83199846221,3.));
#2762 = LINE('',#2763,#2764);
#2763 = CARTESIAN_POINT('',(142.84924240491,200.83199846221,12.));
#2764 = VECTOR('',#2765,1.);
#2765 = DIRECTION('',(-7.850462293419E-17,-7.850462293419E-17,-1.));
#2766 = ORIENTED_EDGE('',*,*,#2767,.T.);
#2767 = EDGE_CURVE('',#2760,#2727,#2768,.T.);
#2768 = LINE('',#2769,#2770);
#2769 = CARTESIAN_POINT('',(142.14213562373,201.5391052434,3.));
#2770 = VECTOR('',#2771,1.);
#2771 = DIRECTION('',(0.707106781187,-0.707106781187,-2.442490654175E-32
    ));
#2772 = ORIENTED_EDGE('',*,*,#2726,.F.);
#2773 = PLANE('',#2774);
#2774 = AXIS2_PLACEMENT_3D('',#2775,#2776,#2777);
#2775 = CARTESIAN_POINT('',(142.84924240491,200.83199846221,12.));
#2776 = DIRECTION('',(0.707106781187,0.707106781187,-1.110223024625E-16)
  );
#2777 = DIRECTION('',(-0.707106781187,0.707106781187,4.4E-16));
#2778 = ADVANCED_FACE('',(#2779),#2797,.F.);
#2779 = FACE_BOUND('',#2780,.T.);
#2780 = EDGE_LOOP('',(#2781,#2782,#2790,#2796));
#2781 = ORIENTED_EDGE('',*,*,#394,.F.);
#2782 = ORIENTED_EDGE('',*,*,#2783,.T.);
#2783 = EDGE_CURVE('',#387,#2784,#2786,.T.);
#2784 = VERTEX_POINT('',#2785);
#2785 = CARTESIAN_POINT('',(140.02081528017,200.83199846221,3.));
#2786 = LINE('',#2787,#2788);
#2787 = CARTESIAN_POINT('',(140.02081528017,200.83199846221,12.));
#2788 = VECTOR('',#2789,1.);
#2789 = DIRECTION('',(-7.850462293419E-17,-7.850462293419E-17,-1.));
#2790 = ORIENTED_EDGE('',*,*,#2791,.T.);
#2791 = EDGE_CURVE('',#2784,#2760,#2792,.T.);
#2792 = LINE('',#2793,#2794);
#2793 = CARTESIAN_POINT('',(141.43502884254,200.83199846221,3.));
#2794 = VECTOR('',#2795,1.);
#2795 = DIRECTION('',(1.,1.110223024625E-16,-7.850462293419E-17));
#2796 = ORIENTED_EDGE('',*,*,#2759,.F.);
#2797 = PLANE('',#2798);
#2798 = AXIS2_PLACEMENT_3D('',#2799,#2800,#2801);
#2799 = CARTESIAN_POINT('',(140.02081528017,200.83199846221,12.));
#2800 = DIRECTION('',(-1.110223024625E-16,1.,-7.850462293419E-17));
#2801 = DIRECTION('',(-1.,-1.110223024625E-16,2.385046229342E-16));
#2802 = ADVANCED_FACE('',(#2803),#2828,.F.);
#2803 = FACE_BOUND('',#2804,.T.);
#2804 = EDGE_LOOP('',(#2805,#2806,#2812,#2813,#2821,#2827));
#2805 = ORIENTED_EDGE('',*,*,#386,.F.);
#2806 = ORIENTED_EDGE('',*,*,#2807,.T.);
#2807 = EDGE_CURVE('',#379,#1402,#2808,.T.);
#2808 = LINE('',#2809,#2810);
#2809 = CARTESIAN_POINT('',(114.56497115745,175.37615433949,12.));
#2810 = VECTOR('',#2811,1.);
#2811 = DIRECTION('',(-7.850462293419E-17,-7.850462293419E-17,-1.));
#2812 = ORIENTED_EDGE('',*,*,#1409,.T.);
#2813 = ORIENTED_EDGE('',*,*,#2814,.T.);
#2814 = EDGE_CURVE('',#1410,#2815,#2817,.T.);
#2815 = VERTEX_POINT('',#2816);
#2816 = CARTESIAN_POINT('',(131.53553390593,192.34671708797,3.));
#2817 = LINE('',#2818,#2819);
#2818 = CARTESIAN_POINT('',(131.53553390593,192.34671708797,
    2.84217094304E-14));
#2819 = VECTOR('',#2820,1.);
#2820 = DIRECTION('',(7.850462293419E-17,7.850462293419E-17,1.));
#2821 = ORIENTED_EDGE('',*,*,#2822,.F.);
#2822 = EDGE_CURVE('',#2784,#2815,#2823,.T.);
#2823 = LINE('',#2824,#2825);
#2824 = CARTESIAN_POINT('',(142.84924240491,203.66042558696,3.));
#2825 = VECTOR('',#2826,1.);
#2826 = DIRECTION('',(-0.707106781187,-0.707106781187,1.110223024625E-16
    ));
#2827 = ORIENTED_EDGE('',*,*,#2783,.F.);
#2828 = PLANE('',#2829);
#2829 = AXIS2_PLACEMENT_3D('',#2830,#2831,#2832);
#2830 = CARTESIAN_POINT('',(114.56497115745,175.37615433949,12.));
#2831 = DIRECTION('',(-0.707106781187,0.707106781187,2.442490654175E-32)
  );
#2832 = DIRECTION('',(-0.707106781187,-0.707106781187,
    -1.089776975375E-16));
#2833 = ADVANCED_FACE('',(#2834),#2845,.F.);
#2834 = FACE_BOUND('',#2835,.T.);
#2835 = EDGE_LOOP('',(#2836,#2842,#2843,#2844));
#2836 = ORIENTED_EDGE('',*,*,#2837,.T.);
#2837 = EDGE_CURVE('',#371,#1394,#2838,.T.);
#2838 = LINE('',#2839,#2840);
#2839 = CARTESIAN_POINT('',(111.7365440327,175.37615433949,12.));
#2840 = VECTOR('',#2841,1.);
#2841 = DIRECTION('',(-7.850462293419E-17,-7.850462293419E-17,-1.));
#2842 = ORIENTED_EDGE('',*,*,#1401,.T.);
#2843 = ORIENTED_EDGE('',*,*,#2807,.F.);
#2844 = ORIENTED_EDGE('',*,*,#378,.F.);
#2845 = PLANE('',#2846);
#2846 = AXIS2_PLACEMENT_3D('',#2847,#2848,#2849);
#2847 = CARTESIAN_POINT('',(111.7365440327,175.37615433949,12.));
#2848 = DIRECTION('',(-1.110223024625E-16,1.,-7.850462293419E-17));
#2849 = DIRECTION('',(-1.,-1.110223024625E-16,2.385046229342E-16));
#2850 = ADVANCED_FACE('',(#2851),#2862,.F.);
#2851 = FACE_BOUND('',#2852,.T.);
#2852 = EDGE_LOOP('',(#2853,#2859,#2860,#2861));
#2853 = ORIENTED_EDGE('',*,*,#2854,.T.);
#2854 = EDGE_CURVE('',#363,#1386,#2855,.T.);
#2855 = LINE('',#2856,#2857);
#2856 = CARTESIAN_POINT('',(110.32233047033,176.79036790187,12.));
#2857 = VECTOR('',#2858,1.);
#2858 = DIRECTION('',(-7.850462293419E-17,-7.850462293419E-17,-1.));
#2859 = ORIENTED_EDGE('',*,*,#1393,.T.);
#2860 = ORIENTED_EDGE('',*,*,#2837,.F.);
#2861 = ORIENTED_EDGE('',*,*,#370,.F.);
#2862 = PLANE('',#2863);
#2863 = AXIS2_PLACEMENT_3D('',#2864,#2865,#2866);
#2864 = CARTESIAN_POINT('',(110.32233047033,176.79036790187,12.));
#2865 = DIRECTION('',(0.707106781187,0.707106781187,-1.110223024625E-16)
  );
#2866 = DIRECTION('',(-0.707106781187,0.707106781187,4.4E-16));
#2867 = ADVANCED_FACE('',(#2868),#2879,.F.);
#2868 = FACE_BOUND('',#2869,.T.);
#2869 = EDGE_LOOP('',(#2870,#2876,#2877,#2878));
#2870 = ORIENTED_EDGE('',*,*,#2871,.T.);
#2871 = EDGE_CURVE('',#355,#1378,#2872,.T.);
#2872 = LINE('',#2873,#2874);
#2873 = CARTESIAN_POINT('',(110.32233047033,179.61879502661,12.));
#2874 = VECTOR('',#2875,1.);
#2875 = DIRECTION('',(-7.850462293419E-17,-7.850462293419E-17,-1.));
#2876 = ORIENTED_EDGE('',*,*,#1385,.T.);
#2877 = ORIENTED_EDGE('',*,*,#2854,.F.);
#2878 = ORIENTED_EDGE('',*,*,#362,.F.);
#2879 = PLANE('',#2880);
#2880 = AXIS2_PLACEMENT_3D('',#2881,#2882,#2883);
#2881 = CARTESIAN_POINT('',(110.32233047033,179.61879502661,12.));
#2882 = DIRECTION('',(1.,1.110223024625E-16,-7.850462293419E-17));
#2883 = DIRECTION('',(-1.110223024625E-16,1.,3.914953770658E-16));
#2884 = ADVANCED_FACE('',(#2885),#2896,.F.);
#2885 = FACE_BOUND('',#2886,.T.);
#2886 = EDGE_LOOP('',(#2887,#2893,#2894,#2895));
#2887 = ORIENTED_EDGE('',*,*,#2888,.T.);
#2888 = EDGE_CURVE('',#347,#1370,#2889,.T.);
#2889 = LINE('',#2890,#2891);
#2890 = CARTESIAN_POINT('',(145.67766952966,214.97413408594,12.));
#2891 = VECTOR('',#2892,1.);
#2892 = DIRECTION('',(-7.850462293419E-17,-7.850462293419E-17,-1.));
#2893 = ORIENTED_EDGE('',*,*,#1377,.T.);
#2894 = ORIENTED_EDGE('',*,*,#2871,.F.);
#2895 = ORIENTED_EDGE('',*,*,#354,.F.);
#2896 = PLANE('',#2897);
#2897 = AXIS2_PLACEMENT_3D('',#2898,#2899,#2900);
#2898 = CARTESIAN_POINT('',(145.67766952966,214.97413408594,12.));
#2899 = DIRECTION('',(0.707106781187,-0.707106781187,-2.442490654175E-32
    ));
#2900 = DIRECTION('',(0.707106781187,0.707106781187,1.089776975375E-16)
  );
#2901 = ADVANCED_FACE('',(#2902),#2913,.F.);
#2902 = FACE_BOUND('',#2903,.T.);
#2903 = EDGE_LOOP('',(#2904,#2905,#2911,#2912));
#2904 = ORIENTED_EDGE('',*,*,#346,.F.);
#2905 = ORIENTED_EDGE('',*,*,#2906,.T.);
#2906 = EDGE_CURVE('',#339,#1362,#2907,.T.);
#2907 = LINE('',#2908,#2909);
#2908 = CARTESIAN_POINT('',(197.00946239215,225.71799770832,12.5));
#2909 = VECTOR('',#2910,1.);
#2910 = DIRECTION('',(-7.850462293419E-17,-7.850462293419E-17,-1.));
#2911 = ORIENTED_EDGE('',*,*,#1369,.T.);
#2912 = ORIENTED_EDGE('',*,*,#2888,.F.);
#2913 = PLANE('',#2914);
#2914 = AXIS2_PLACEMENT_3D('',#2915,#2916,#2917);
#2915 = CARTESIAN_POINT('',(206.4888527117,227.7020561473,12.));
#2916 = DIRECTION('',(0.204863154123,-0.978790625253,6.075688429948E-17)
  );
#2917 = DIRECTION('',(0.978790625253,0.204863154123,-1.529222936345E-16)
  );
#2918 = ADVANCED_FACE('',(#2919),#2930,.T.);
#2919 = FACE_BOUND('',#2920,.F.);
#2920 = EDGE_LOOP('',(#2921,#2927,#2928,#2929));
#2921 = ORIENTED_EDGE('',*,*,#2922,.F.);
#2922 = EDGE_CURVE('',#331,#1354,#2923,.T.);
#2923 = LINE('',#2924,#2925);
#2924 = CARTESIAN_POINT('',(193.69021997223,222.3987552884,13.));
#2925 = VECTOR('',#2926,1.);
#2926 = DIRECTION('',(-7.850462293419E-17,-7.850462293419E-17,-1.));
#2927 = ORIENTED_EDGE('',*,*,#338,.T.);
#2928 = ORIENTED_EDGE('',*,*,#2906,.T.);
#2929 = ORIENTED_EDGE('',*,*,#1361,.F.);
#2930 = PLANE('',#2931);
#2931 = AXIS2_PLACEMENT_3D('',#2932,#2933,#2934);
#2932 = CARTESIAN_POINT('',(197.65001794687,226.35855326304,13.));
#2933 = DIRECTION('',(0.707106781187,-0.707106781187,-2.442490654175E-32
    ));
#2934 = DIRECTION('',(0.707106781187,0.707106781187,1.089776975375E-16)
  );
#2935 = ADVANCED_FACE('',(#2936),#2947,.T.);
#2936 = FACE_BOUND('',#2937,.F.);
#2937 = EDGE_LOOP('',(#2938,#2939,#2940,#2941));
#2938 = ORIENTED_EDGE('',*,*,#330,.T.);
#2939 = ORIENTED_EDGE('',*,*,#2922,.T.);
#2940 = ORIENTED_EDGE('',*,*,#1353,.F.);
#2941 = ORIENTED_EDGE('',*,*,#2942,.F.);
#2942 = EDGE_CURVE('',#323,#1346,#2943,.T.);
#2943 = LINE('',#2944,#2945);
#2944 = CARTESIAN_POINT('',(199.77133829043,216.3176369702,13.));
#2945 = VECTOR('',#2946,1.);
#2946 = DIRECTION('',(-7.850462293419E-17,-7.850462293419E-17,-1.));
#2947 = PLANE('',#2948);
#2948 = AXIS2_PLACEMENT_3D('',#2949,#2950,#2951);
#2949 = CARTESIAN_POINT('',(193.69021997223,222.3987552884,13.));
#2950 = DIRECTION('',(0.707106781187,0.707106781187,-1.110223024625E-16)
  );
#2951 = DIRECTION('',(-0.707106781187,0.707106781187,4.4E-16));
#2952 = ADVANCED_FACE('',(#2953),#2964,.T.);
#2953 = FACE_BOUND('',#2954,.F.);
#2954 = EDGE_LOOP('',(#2955,#2956,#2957,#2958));
#2955 = ORIENTED_EDGE('',*,*,#322,.T.);
#2956 = ORIENTED_EDGE('',*,*,#2942,.T.);
#2957 = ORIENTED_EDGE('',*,*,#1345,.F.);
#2958 = ORIENTED_EDGE('',*,*,#2959,.F.);
#2959 = EDGE_CURVE('',#315,#1338,#2960,.T.);
#2960 = LINE('',#2961,#2962);
#2961 = CARTESIAN_POINT('',(203.73113626507,220.27743494484,13.));
#2962 = VECTOR('',#2963,1.);
#2963 = DIRECTION('',(-7.850462293419E-17,-7.850462293419E-17,-1.));
#2964 = PLANE('',#2965);
#2965 = AXIS2_PLACEMENT_3D('',#2966,#2967,#2968);
#2966 = CARTESIAN_POINT('',(199.77133829043,216.3176369702,13.));
#2967 = DIRECTION('',(-0.707106781187,0.707106781187,2.442490654175E-32)
  );
#2968 = DIRECTION('',(-0.707106781187,-0.707106781187,
    -1.089776975375E-16));
#2969 = ADVANCED_FACE('',(#2970),#2981,.T.);
#2970 = FACE_BOUND('',#2971,.F.);
#2971 = EDGE_LOOP('',(#2972,#2973,#2974,#2975));
#2972 = ORIENTED_EDGE('',*,*,#314,.T.);
#2973 = ORIENTED_EDGE('',*,*,#2959,.T.);
#2974 = ORIENTED_EDGE('',*,*,#1337,.F.);
#2975 = ORIENTED_EDGE('',*,*,#2976,.T.);
#2976 = EDGE_CURVE('',#1330,#307,#2977,.T.);
#2977 = LINE('',#2978,#2979);
#2978 = CARTESIAN_POINT('',(198.06884273265,225.93972847726,12.5));
#2979 = VECTOR('',#2980,1.);
#2980 = DIRECTION('',(7.850462293419E-17,7.850462293419E-17,1.));
#2981 = PLANE('',#2982);
#2982 = AXIS2_PLACEMENT_3D('',#2983,#2984,#2985);
#2983 = CARTESIAN_POINT('',(203.73113626507,220.27743494484,13.));
#2984 = DIRECTION('',(-0.707106781187,-0.707106781187,1.110223024625E-16
    ));
#2985 = DIRECTION('',(0.707106781187,-0.707106781187,-4.4E-16));
#2986 = ADVANCED_FACE('',(#2987),#2998,.F.);
#2987 = FACE_BOUND('',#2988,.T.);
#2988 = EDGE_LOOP('',(#2989,#2990,#2996,#2997));
#2989 = ORIENTED_EDGE('',*,*,#306,.F.);
#2990 = ORIENTED_EDGE('',*,*,#2991,.T.);
#2991 = EDGE_CURVE('',#299,#1322,#2992,.T.);
#2992 = LINE('',#2993,#2994);
#2993 = CARTESIAN_POINT('',(206.4888527117,227.7020561473,12.));
#2994 = VECTOR('',#2995,1.);
#2995 = DIRECTION('',(-7.850462293419E-17,-7.850462293419E-17,-1.));
#2996 = ORIENTED_EDGE('',*,*,#1329,.T.);
#2997 = ORIENTED_EDGE('',*,*,#2976,.T.);
#2998 = PLANE('',#2999);
#2999 = AXIS2_PLACEMENT_3D('',#3000,#3001,#3002);
#3000 = CARTESIAN_POINT('',(206.4888527117,227.7020561473,12.));
#3001 = DIRECTION('',(0.204863154123,-0.978790625253,6.075688429948E-17)
  );
#3002 = DIRECTION('',(0.978790625253,0.204863154123,-1.529222936345E-16)
  );
#3003 = ADVANCED_FACE('',(#3004),#3015,.F.);
#3004 = FACE_BOUND('',#3005,.T.);
#3005 = EDGE_LOOP('',(#3006,#3012,#3013,#3014));
#3006 = ORIENTED_EDGE('',*,*,#3007,.T.);
#3007 = EDGE_CURVE('',#291,#1314,#3008,.T.);
#3008 = LINE('',#3009,#3010);
#3009 = CARTESIAN_POINT('',(229.11626970967,219.21677477306,12.));
#3010 = VECTOR('',#3011,1.);
#3011 = DIRECTION('',(-7.850462293419E-17,-7.850462293419E-17,-1.));
#3012 = ORIENTED_EDGE('',*,*,#1321,.T.);
#3013 = ORIENTED_EDGE('',*,*,#2991,.F.);
#3014 = ORIENTED_EDGE('',*,*,#298,.F.);
#3015 = PLANE('',#3016);
#3016 = AXIS2_PLACEMENT_3D('',#3017,#3018,#3019);
#3017 = CARTESIAN_POINT('',(229.11626970967,219.21677477306,12.));
#3018 = DIRECTION('',(-0.351123441588,-0.936329177569,1.010709824126E-16
    ));
#3019 = DIRECTION('',(0.936329177569,-0.351123441588,-3.559413556421E-16
    ));
#3020 = ADVANCED_FACE('',(#3021),#3027,.F.);
#3021 = FACE_BOUND('',#3022,.T.);
#3022 = EDGE_LOOP('',(#3023,#3024,#3025,#3026));
#3023 = ORIENTED_EDGE('',*,*,#2324,.T.);
#3024 = ORIENTED_EDGE('',*,*,#1313,.T.);
#3025 = ORIENTED_EDGE('',*,*,#3007,.F.);
#3026 = ORIENTED_EDGE('',*,*,#290,.F.);
#3027 = PLANE('',#3028);
#3028 = AXIS2_PLACEMENT_3D('',#3029,#3030,#3031);
#3029 = CARTESIAN_POINT('',(233.35891039679,214.97413408594,12.));
#3030 = DIRECTION('',(-0.707106781187,-0.707106781187,1.110223024625E-16
    ));
#3031 = DIRECTION('',(0.707106781187,-0.707106781187,-4.4E-16));
#3032 = ADVANCED_FACE('',(#3033),#3049,.T.);
#3033 = FACE_BOUND('',#3034,.F.);
#3034 = EDGE_LOOP('',(#3035,#3036,#3042,#3043));
#3035 = ORIENTED_EDGE('',*,*,#466,.T.);
#3036 = ORIENTED_EDGE('',*,*,#3037,.T.);
#3037 = EDGE_CURVE('',#469,#1446,#3038,.T.);
#3038 = LINE('',#3039,#3040);
#3039 = CARTESIAN_POINT('',(203.66042558696,214.97413408594,13.));
#3040 = VECTOR('',#3041,1.);
#3041 = DIRECTION('',(-7.850462293419E-17,-7.850462293419E-17,-1.));
#3042 = ORIENTED_EDGE('',*,*,#1443,.F.);
#3043 = ORIENTED_EDGE('',*,*,#3044,.F.);
#3044 = EDGE_CURVE('',#467,#1444,#3045,.T.);
#3045 = LINE('',#3046,#3047);
#3046 = CARTESIAN_POINT('',(177.49747468305,188.81118318204,13.));
#3047 = VECTOR('',#3048,1.);
#3048 = DIRECTION('',(-7.850462293419E-17,-7.850462293419E-17,-1.));
#3049 = PLANE('',#3050);
#3050 = AXIS2_PLACEMENT_3D('',#3051,#3052,#3053);
#3051 = CARTESIAN_POINT('',(203.66042558696,214.97413408594,13.));
#3052 = DIRECTION('',(0.707106781187,-0.707106781187,-2.442490654175E-32
    ));
#3053 = DIRECTION('',(0.707106781187,0.707106781187,1.089776975375E-16)
  );
#3054 = ADVANCED_FACE('',(#3055),#3066,.T.);
#3055 = FACE_BOUND('',#3056,.F.);
#3056 = EDGE_LOOP('',(#3057,#3058,#3059,#3060));
#3057 = ORIENTED_EDGE('',*,*,#492,.T.);
#3058 = ORIENTED_EDGE('',*,*,#3044,.T.);
#3059 = ORIENTED_EDGE('',*,*,#1469,.F.);
#3060 = ORIENTED_EDGE('',*,*,#3061,.F.);
#3061 = EDGE_CURVE('',#485,#1462,#3062,.T.);
#3062 = LINE('',#3063,#3064);
#3063 = CARTESIAN_POINT('',(185.27564927611,181.03300858899,13.));
#3064 = VECTOR('',#3065,1.);
#3065 = DIRECTION('',(-7.850462293419E-17,-7.850462293419E-17,-1.));
#3066 = PLANE('',#3067);
#3067 = AXIS2_PLACEMENT_3D('',#3068,#3069,#3070);
#3068 = CARTESIAN_POINT('',(177.49747468305,188.81118318204,13.));
#3069 = DIRECTION('',(0.707106781187,0.707106781187,-1.110223024625E-16)
  );
#3070 = DIRECTION('',(-0.707106781187,0.707106781187,4.4E-16));
#3071 = ADVANCED_FACE('',(#3072),#3083,.T.);
#3072 = FACE_BOUND('',#3073,.F.);
#3073 = EDGE_LOOP('',(#3074,#3075,#3081,#3082));
#3074 = ORIENTED_EDGE('',*,*,#476,.T.);
#3075 = ORIENTED_EDGE('',*,*,#3076,.T.);
#3076 = EDGE_CURVE('',#477,#1454,#3077,.T.);
#3077 = LINE('',#3078,#3079);
#3078 = CARTESIAN_POINT('',(214.26702730475,210.02438661764,13.));
#3079 = VECTOR('',#3080,1.);
#3080 = DIRECTION('',(-7.850462293419E-17,-7.850462293419E-17,-1.));
#3081 = ORIENTED_EDGE('',*,*,#1453,.F.);
#3082 = ORIENTED_EDGE('',*,*,#3037,.F.);
#3083 = PLANE('',#3084);
#3084 = AXIS2_PLACEMENT_3D('',#3085,#3086,#3087);
#3085 = CARTESIAN_POINT('',(214.26702730475,210.02438661764,13.));
#3086 = DIRECTION('',(-0.422885465331,-0.906183139995,1.043380297148E-16
    ));
#3087 = DIRECTION('',(0.906183139995,-0.422885465331,-3.779411017145E-16
    ));
#3088 = ADVANCED_FACE('',(#3089),#3095,.T.);
#3089 = FACE_BOUND('',#3090,.F.);
#3090 = EDGE_LOOP('',(#3091,#3092,#3093,#3094));
#3091 = ORIENTED_EDGE('',*,*,#484,.T.);
#3092 = ORIENTED_EDGE('',*,*,#3061,.T.);
#3093 = ORIENTED_EDGE('',*,*,#1461,.F.);
#3094 = ORIENTED_EDGE('',*,*,#3076,.F.);
#3095 = PLANE('',#3096);
#3096 = AXIS2_PLACEMENT_3D('',#3097,#3098,#3099);
#3097 = CARTESIAN_POINT('',(185.27564927611,181.03300858899,13.));
#3098 = DIRECTION('',(-0.707106781187,0.707106781187,2.442490654175E-32)
  );
#3099 = DIRECTION('',(-0.707106781187,-0.707106781187,
    -1.089776975375E-16));
#3100 = ADVANCED_FACE('',(#3101),#3117,.T.);
#3101 = FACE_BOUND('',#3102,.F.);
#3102 = EDGE_LOOP('',(#3103,#3104,#3110,#3111));
#3103 = ORIENTED_EDGE('',*,*,#500,.T.);
#3104 = ORIENTED_EDGE('',*,*,#3105,.T.);
#3105 = EDGE_CURVE('',#503,#1480,#3106,.T.);
#3106 = LINE('',#3107,#3108);
#3107 = CARTESIAN_POINT('',(180.67945519839,209.38799051457,13.));
#3108 = VECTOR('',#3109,1.);
#3109 = DIRECTION('',(-7.850462293419E-17,-7.850462293419E-17,-1.));
#3110 = ORIENTED_EDGE('',*,*,#1477,.F.);
#3111 = ORIENTED_EDGE('',*,*,#3112,.F.);
#3112 = EDGE_CURVE('',#501,#1478,#3113,.T.);
#3113 = LINE('',#3114,#3115);
#3114 = CARTESIAN_POINT('',(176.71965722375,205.42819253992,13.));
#3115 = VECTOR('',#3116,1.);
#3116 = DIRECTION('',(-7.850462293419E-17,-7.850462293419E-17,-1.));
#3117 = PLANE('',#3118);
#3118 = AXIS2_PLACEMENT_3D('',#3119,#3120,#3121);
#3119 = CARTESIAN_POINT('',(180.67945519839,209.38799051457,13.));
#3120 = DIRECTION('',(0.707106781187,-0.707106781187,-2.442490654175E-32
    ));
#3121 = DIRECTION('',(0.707106781187,0.707106781187,1.089776975375E-16)
  );
#3122 = ADVANCED_FACE('',(#3123),#3134,.T.);
#3123 = FACE_BOUND('',#3124,.F.);
#3124 = EDGE_LOOP('',(#3125,#3126,#3127,#3128));
#3125 = ORIENTED_EDGE('',*,*,#526,.T.);
#3126 = ORIENTED_EDGE('',*,*,#3112,.T.);
#3127 = ORIENTED_EDGE('',*,*,#1503,.F.);
#3128 = ORIENTED_EDGE('',*,*,#3129,.F.);
#3129 = EDGE_CURVE('',#519,#1496,#3130,.T.);
#3130 = LINE('',#3131,#3132);
#3131 = CARTESIAN_POINT('',(182.80077554195,199.34707422172,13.));
#3132 = VECTOR('',#3133,1.);
#3133 = DIRECTION('',(-7.850462293419E-17,-7.850462293419E-17,-1.));
#3134 = PLANE('',#3135);
#3135 = AXIS2_PLACEMENT_3D('',#3136,#3137,#3138);
#3136 = CARTESIAN_POINT('',(176.71965722375,205.42819253992,13.));
#3137 = DIRECTION('',(0.707106781187,0.707106781187,-1.110223024625E-16)
  );
#3138 = DIRECTION('',(-0.707106781187,0.707106781187,4.4E-16));
#3139 = ADVANCED_FACE('',(#3140),#3151,.T.);
#3140 = FACE_BOUND('',#3141,.F.);
#3141 = EDGE_LOOP('',(#3142,#3143,#3144,#3145));
#3142 = ORIENTED_EDGE('',*,*,#518,.T.);
#3143 = ORIENTED_EDGE('',*,*,#3129,.T.);
#3144 = ORIENTED_EDGE('',*,*,#1495,.F.);
#3145 = ORIENTED_EDGE('',*,*,#3146,.F.);
#3146 = EDGE_CURVE('',#511,#1488,#3147,.T.);
#3147 = LINE('',#3148,#3149);
#3148 = CARTESIAN_POINT('',(186.7605735166,203.30687219636,13.));
#3149 = VECTOR('',#3150,1.);
#3150 = DIRECTION('',(-7.850462293419E-17,-7.850462293419E-17,-1.));
#3151 = PLANE('',#3152);
#3152 = AXIS2_PLACEMENT_3D('',#3153,#3154,#3155);
#3153 = CARTESIAN_POINT('',(182.80077554195,199.34707422172,13.));
#3154 = DIRECTION('',(-0.707106781187,0.707106781187,2.442490654175E-32)
  );
#3155 = DIRECTION('',(-0.707106781187,-0.707106781187,
    -1.089776975375E-16));
#3156 = ADVANCED_FACE('',(#3157),#3163,.T.);
#3157 = FACE_BOUND('',#3158,.F.);
#3158 = EDGE_LOOP('',(#3159,#3160,#3161,#3162));
#3159 = ORIENTED_EDGE('',*,*,#510,.T.);
#3160 = ORIENTED_EDGE('',*,*,#3146,.T.);
#3161 = ORIENTED_EDGE('',*,*,#1487,.F.);
#3162 = ORIENTED_EDGE('',*,*,#3105,.F.);
#3163 = PLANE('',#3164);
#3164 = AXIS2_PLACEMENT_3D('',#3165,#3166,#3167);
#3165 = CARTESIAN_POINT('',(186.7605735166,203.30687219636,13.));
#3166 = DIRECTION('',(-0.707106781187,-0.707106781187,1.110223024625E-16
    ));
#3167 = DIRECTION('',(0.707106781187,-0.707106781187,-4.4E-16));
#3168 = ADVANCED_FACE('',(#3169),#3185,.T.);
#3169 = FACE_BOUND('',#3170,.F.);
#3170 = EDGE_LOOP('',(#3171,#3172,#3178,#3179));
#3171 = ORIENTED_EDGE('',*,*,#534,.T.);
#3172 = ORIENTED_EDGE('',*,*,#3173,.T.);
#3173 = EDGE_CURVE('',#537,#1514,#3174,.T.);
#3174 = LINE('',#3175,#3176);
#3175 = CARTESIAN_POINT('',(164.06244584051,159.81980515339,13.));
#3176 = VECTOR('',#3177,1.);
#3177 = DIRECTION('',(-7.850462293419E-17,-7.850462293419E-17,-1.));
#3178 = ORIENTED_EDGE('',*,*,#1511,.F.);
#3179 = ORIENTED_EDGE('',*,*,#3180,.F.);
#3180 = EDGE_CURVE('',#535,#1512,#3181,.T.);
#3181 = LINE('',#3182,#3183);
#3182 = CARTESIAN_POINT('',(158.40559159102,165.47665940288,13.));
#3183 = VECTOR('',#3184,1.);
#3184 = DIRECTION('',(-7.850462293419E-17,-7.850462293419E-17,-1.));
#3185 = PLANE('',#3186);
#3186 = AXIS2_PLACEMENT_3D('',#3187,#3188,#3189);
#3187 = CARTESIAN_POINT('',(164.06244584051,159.81980515339,13.));
#3188 = DIRECTION('',(-0.707106781187,-0.707106781187,1.110223024625E-16
    ));
#3189 = DIRECTION('',(0.707106781187,-0.707106781187,-4.4E-16));
#3190 = ADVANCED_FACE('',(#3191),#3202,.T.);
#3191 = FACE_BOUND('',#3192,.F.);
#3192 = EDGE_LOOP('',(#3193,#3194,#3195,#3196));
#3193 = ORIENTED_EDGE('',*,*,#592,.T.);
#3194 = ORIENTED_EDGE('',*,*,#3180,.T.);
#3195 = ORIENTED_EDGE('',*,*,#1569,.F.);
#3196 = ORIENTED_EDGE('',*,*,#3197,.F.);
#3197 = EDGE_CURVE('',#585,#1562,#3198,.T.);
#3198 = LINE('',#3199,#3200);
#3199 = CARTESIAN_POINT('',(155.57716446627,165.47665940288,13.));
#3200 = VECTOR('',#3201,1.);
#3201 = DIRECTION('',(-7.850462293419E-17,-7.850462293419E-17,-1.));
#3202 = PLANE('',#3203);
#3203 = AXIS2_PLACEMENT_3D('',#3204,#3205,#3206);
#3204 = CARTESIAN_POINT('',(158.40559159102,165.47665940288,13.));
#3205 = DIRECTION('',(1.110223024625E-16,-1.,7.850462293419E-17));
#3206 = DIRECTION('',(1.,1.110223024625E-16,-2.385046229342E-16));
#3207 = ADVANCED_FACE('',(#3208),#3219,.T.);
#3208 = FACE_BOUND('',#3209,.F.);
#3209 = EDGE_LOOP('',(#3210,#3211,#3217,#3218));
#3210 = ORIENTED_EDGE('',*,*,#544,.T.);
#3211 = ORIENTED_EDGE('',*,*,#3212,.T.);
#3212 = EDGE_CURVE('',#545,#1522,#3213,.T.);
#3213 = LINE('',#3214,#3215);
#3214 = CARTESIAN_POINT('',(164.06244584051,156.99137802864,13.));
#3215 = VECTOR('',#3216,1.);
#3216 = DIRECTION('',(-7.850462293419E-17,-7.850462293419E-17,-1.));
#3217 = ORIENTED_EDGE('',*,*,#1521,.F.);
#3218 = ORIENTED_EDGE('',*,*,#3173,.F.);
#3219 = PLANE('',#3220);
#3220 = AXIS2_PLACEMENT_3D('',#3221,#3222,#3223);
#3221 = CARTESIAN_POINT('',(164.06244584051,156.99137802864,13.));
#3222 = DIRECTION('',(-1.,-1.110223024625E-16,7.850462293419E-17));
#3223 = DIRECTION('',(1.110223024625E-16,-1.,-3.914953770658E-16));
#3224 = ADVANCED_FACE('',(#3225),#3236,.T.);
#3225 = FACE_BOUND('',#3226,.F.);
#3226 = EDGE_LOOP('',(#3227,#3228,#3229,#3230));
#3227 = ORIENTED_EDGE('',*,*,#584,.T.);
#3228 = ORIENTED_EDGE('',*,*,#3197,.T.);
#3229 = ORIENTED_EDGE('',*,*,#1561,.F.);
#3230 = ORIENTED_EDGE('',*,*,#3231,.F.);
#3231 = EDGE_CURVE('',#577,#1554,#3232,.T.);
#3232 = LINE('',#3233,#3234);
#3233 = CARTESIAN_POINT('',(141.43502884254,151.33452377915,13.));
#3234 = VECTOR('',#3235,1.);
#3235 = DIRECTION('',(-7.850462293419E-17,-7.850462293419E-17,-1.));
#3236 = PLANE('',#3237);
#3237 = AXIS2_PLACEMENT_3D('',#3238,#3239,#3240);
#3238 = CARTESIAN_POINT('',(155.57716446627,165.47665940288,13.));
#3239 = DIRECTION('',(0.707106781187,-0.707106781187,-2.442490654175E-32
    ));
#3240 = DIRECTION('',(0.707106781187,0.707106781187,1.089776975375E-16)
  );
#3241 = ADVANCED_FACE('',(#3242),#3253,.T.);
#3242 = FACE_BOUND('',#3243,.F.);
#3243 = EDGE_LOOP('',(#3244,#3245,#3251,#3252));
#3244 = ORIENTED_EDGE('',*,*,#552,.T.);
#3245 = ORIENTED_EDGE('',*,*,#3246,.T.);
#3246 = EDGE_CURVE('',#553,#1530,#3247,.T.);
#3247 = LINE('',#3248,#3249);
#3248 = CARTESIAN_POINT('',(149.92031021678,142.84924240491,13.));
#3249 = VECTOR('',#3250,1.);
#3250 = DIRECTION('',(-7.850462293419E-17,-7.850462293419E-17,-1.));
#3251 = ORIENTED_EDGE('',*,*,#1529,.F.);
#3252 = ORIENTED_EDGE('',*,*,#3212,.F.);
#3253 = PLANE('',#3254);
#3254 = AXIS2_PLACEMENT_3D('',#3255,#3256,#3257);
#3255 = CARTESIAN_POINT('',(149.92031021678,142.84924240491,13.));
#3256 = DIRECTION('',(-0.707106781187,0.707106781187,2.442490654175E-32)
  );
#3257 = DIRECTION('',(-0.707106781187,-0.707106781187,
    -1.089776975375E-16));
#3258 = ADVANCED_FACE('',(#3259),#3270,.T.);
#3259 = FACE_BOUND('',#3260,.F.);
#3260 = EDGE_LOOP('',(#3261,#3262,#3263,#3264));
#3261 = ORIENTED_EDGE('',*,*,#576,.T.);
#3262 = ORIENTED_EDGE('',*,*,#3231,.T.);
#3263 = ORIENTED_EDGE('',*,*,#1553,.F.);
#3264 = ORIENTED_EDGE('',*,*,#3265,.F.);
#3265 = EDGE_CURVE('',#569,#1546,#3266,.T.);
#3266 = LINE('',#3267,#3268);
#3267 = CARTESIAN_POINT('',(141.43502884254,148.50609665441,13.));
#3268 = VECTOR('',#3269,1.);
#3269 = DIRECTION('',(-7.850462293419E-17,-7.850462293419E-17,-1.));
#3270 = PLANE('',#3271);
#3271 = AXIS2_PLACEMENT_3D('',#3272,#3273,#3274);
#3272 = CARTESIAN_POINT('',(141.43502884254,151.33452377915,13.));
#3273 = DIRECTION('',(1.,1.110223024625E-16,-7.850462293419E-17));
#3274 = DIRECTION('',(-1.110223024625E-16,1.,3.914953770658E-16));
#3275 = ADVANCED_FACE('',(#3276),#3287,.T.);
#3276 = FACE_BOUND('',#3277,.F.);
#3277 = EDGE_LOOP('',(#3278,#3279,#3285,#3286));
#3278 = ORIENTED_EDGE('',*,*,#560,.T.);
#3279 = ORIENTED_EDGE('',*,*,#3280,.T.);
#3280 = EDGE_CURVE('',#561,#1538,#3281,.T.);
#3281 = LINE('',#3282,#3283);
#3282 = CARTESIAN_POINT('',(147.09188309203,142.84924240491,13.));
#3283 = VECTOR('',#3284,1.);
#3284 = DIRECTION('',(-7.850462293419E-17,-7.850462293419E-17,-1.));
#3285 = ORIENTED_EDGE('',*,*,#1537,.F.);
#3286 = ORIENTED_EDGE('',*,*,#3246,.F.);
#3287 = PLANE('',#3288);
#3288 = AXIS2_PLACEMENT_3D('',#3289,#3290,#3291);
#3289 = CARTESIAN_POINT('',(147.09188309203,142.84924240491,13.));
#3290 = DIRECTION('',(-1.110223024625E-16,1.,-7.850462293419E-17));
#3291 = DIRECTION('',(-1.,-1.110223024625E-16,2.385046229342E-16));
#3292 = ADVANCED_FACE('',(#3293),#3299,.T.);
#3293 = FACE_BOUND('',#3294,.F.);
#3294 = EDGE_LOOP('',(#3295,#3296,#3297,#3298));
#3295 = ORIENTED_EDGE('',*,*,#568,.T.);
#3296 = ORIENTED_EDGE('',*,*,#3265,.T.);
#3297 = ORIENTED_EDGE('',*,*,#1545,.F.);
#3298 = ORIENTED_EDGE('',*,*,#3280,.F.);
#3299 = PLANE('',#3300);
#3300 = AXIS2_PLACEMENT_3D('',#3301,#3302,#3303);
#3301 = CARTESIAN_POINT('',(141.43502884254,148.50609665441,13.));
#3302 = DIRECTION('',(0.707106781187,0.707106781187,-1.110223024625E-16)
  );
#3303 = DIRECTION('',(-0.707106781187,0.707106781187,4.4E-16));
#3304 = ADVANCED_FACE('',(#3305),#3321,.T.);
#3305 = FACE_BOUND('',#3306,.F.);
#3306 = EDGE_LOOP('',(#3307,#3308,#3314,#3315));
#3307 = ORIENTED_EDGE('',*,*,#600,.T.);
#3308 = ORIENTED_EDGE('',*,*,#3309,.T.);
#3309 = EDGE_CURVE('',#603,#1580,#3310,.T.);
#3310 = LINE('',#3311,#3312);
#3311 = CARTESIAN_POINT('',(124.11091270347,152.81944801964,13.));
#3312 = VECTOR('',#3313,1.);
#3313 = DIRECTION('',(-7.850462293419E-17,-7.850462293419E-17,-1.));
#3314 = ORIENTED_EDGE('',*,*,#1577,.F.);
#3315 = ORIENTED_EDGE('',*,*,#3316,.F.);
#3316 = EDGE_CURVE('',#601,#1578,#3317,.T.);
#3317 = LINE('',#3318,#3319);
#3318 = CARTESIAN_POINT('',(120.15111472882,148.859650045,13.));
#3319 = VECTOR('',#3320,1.);
#3320 = DIRECTION('',(-7.850462293419E-17,-7.850462293419E-17,-1.));
#3321 = PLANE('',#3322);
#3322 = AXIS2_PLACEMENT_3D('',#3323,#3324,#3325);
#3323 = CARTESIAN_POINT('',(124.11091270347,152.81944801964,13.));
#3324 = DIRECTION('',(0.707106781187,-0.707106781187,-2.442490654175E-32
    ));
#3325 = DIRECTION('',(0.707106781187,0.707106781187,1.089776975375E-16)
  );
#3326 = ADVANCED_FACE('',(#3327),#3338,.T.);
#3327 = FACE_BOUND('',#3328,.F.);
#3328 = EDGE_LOOP('',(#3329,#3330,#3331,#3332));
#3329 = ORIENTED_EDGE('',*,*,#626,.T.);
#3330 = ORIENTED_EDGE('',*,*,#3316,.T.);
#3331 = ORIENTED_EDGE('',*,*,#1603,.F.);
#3332 = ORIENTED_EDGE('',*,*,#3333,.F.);
#3333 = EDGE_CURVE('',#619,#1596,#3334,.T.);
#3334 = LINE('',#3335,#3336);
#3335 = CARTESIAN_POINT('',(126.23223304703,142.77853172679,13.));
#3336 = VECTOR('',#3337,1.);
#3337 = DIRECTION('',(-7.850462293419E-17,-7.850462293419E-17,-1.));
#3338 = PLANE('',#3339);
#3339 = AXIS2_PLACEMENT_3D('',#3340,#3341,#3342);
#3340 = CARTESIAN_POINT('',(120.15111472882,148.859650045,13.));
#3341 = DIRECTION('',(0.707106781187,0.707106781187,-1.110223024625E-16)
  );
#3342 = DIRECTION('',(-0.707106781187,0.707106781187,4.4E-16));
#3343 = ADVANCED_FACE('',(#3344),#3355,.T.);
#3344 = FACE_BOUND('',#3345,.F.);
#3345 = EDGE_LOOP('',(#3346,#3347,#3348,#3349));
#3346 = ORIENTED_EDGE('',*,*,#618,.T.);
#3347 = ORIENTED_EDGE('',*,*,#3333,.T.);
#3348 = ORIENTED_EDGE('',*,*,#1595,.F.);
#3349 = ORIENTED_EDGE('',*,*,#3350,.F.);
#3350 = EDGE_CURVE('',#611,#1588,#3351,.T.);
#3351 = LINE('',#3352,#3353);
#3352 = CARTESIAN_POINT('',(130.19203102167,146.73832970144,13.));
#3353 = VECTOR('',#3354,1.);
#3354 = DIRECTION('',(-7.850462293419E-17,-7.850462293419E-17,-1.));
#3355 = PLANE('',#3356);
#3356 = AXIS2_PLACEMENT_3D('',#3357,#3358,#3359);
#3357 = CARTESIAN_POINT('',(126.23223304703,142.77853172679,13.));
#3358 = DIRECTION('',(-0.707106781187,0.707106781187,2.442490654175E-32)
  );
#3359 = DIRECTION('',(-0.707106781187,-0.707106781187,
    -1.089776975375E-16));
#3360 = ADVANCED_FACE('',(#3361),#3367,.T.);
#3361 = FACE_BOUND('',#3362,.F.);
#3362 = EDGE_LOOP('',(#3363,#3364,#3365,#3366));
#3363 = ORIENTED_EDGE('',*,*,#610,.T.);
#3364 = ORIENTED_EDGE('',*,*,#3350,.T.);
#3365 = ORIENTED_EDGE('',*,*,#1587,.F.);
#3366 = ORIENTED_EDGE('',*,*,#3309,.F.);
#3367 = PLANE('',#3368);
#3368 = AXIS2_PLACEMENT_3D('',#3369,#3370,#3371);
#3369 = CARTESIAN_POINT('',(130.19203102167,146.73832970144,13.));
#3370 = DIRECTION('',(-0.707106781187,-0.707106781187,1.110223024625E-16
    ));
#3371 = DIRECTION('',(0.707106781187,-0.707106781187,-4.4E-16));
#3372 = ADVANCED_FACE('',(#3373),#3389,.T.);
#3373 = FACE_BOUND('',#3374,.F.);
#3374 = EDGE_LOOP('',(#3375,#3376,#3382,#3383));
#3375 = ORIENTED_EDGE('',*,*,#634,.T.);
#3376 = ORIENTED_EDGE('',*,*,#3377,.T.);
#3377 = EDGE_CURVE('',#637,#1614,#3378,.T.);
#3378 = LINE('',#3379,#3380);
#3379 = CARTESIAN_POINT('',(154.87005768508,211.43860018001,13.));
#3380 = VECTOR('',#3381,1.);
#3381 = DIRECTION('',(-7.850462293419E-17,-7.850462293419E-17,-1.));
#3382 = ORIENTED_EDGE('',*,*,#1611,.F.);
#3383 = ORIENTED_EDGE('',*,*,#3384,.F.);
#3384 = EDGE_CURVE('',#635,#1612,#3385,.T.);
#3385 = LINE('',#3386,#3387);
#3386 = CARTESIAN_POINT('',(168.30508652763,198.00357133746,13.));
#3387 = VECTOR('',#3388,1.);
#3388 = DIRECTION('',(-7.850462293419E-17,-7.850462293419E-17,-1.));
#3389 = PLANE('',#3390);
#3390 = AXIS2_PLACEMENT_3D('',#3391,#3392,#3393);
#3391 = CARTESIAN_POINT('',(154.87005768508,211.43860018001,13.));
#3392 = DIRECTION('',(0.707106781187,0.707106781187,-1.110223024625E-16)
  );
#3393 = DIRECTION('',(-0.707106781187,0.707106781187,4.4E-16));
#3394 = ADVANCED_FACE('',(#3395),#3406,.T.);
#3395 = FACE_BOUND('',#3396,.F.);
#3396 = EDGE_LOOP('',(#3397,#3398,#3399,#3400));
#3397 = ORIENTED_EDGE('',*,*,#652,.T.);
#3398 = ORIENTED_EDGE('',*,*,#3384,.T.);
#3399 = ORIENTED_EDGE('',*,*,#1629,.F.);
#3400 = ORIENTED_EDGE('',*,*,#3401,.F.);
#3401 = EDGE_CURVE('',#645,#1622,#3402,.T.);
#3402 = LINE('',#3403,#3404);
#3403 = CARTESIAN_POINT('',(185.27564927611,214.97413408594,13.));
#3404 = VECTOR('',#3405,1.);
#3405 = DIRECTION('',(-7.850462293419E-17,-7.850462293419E-17,-1.));
#3406 = PLANE('',#3407);
#3407 = AXIS2_PLACEMENT_3D('',#3408,#3409,#3410);
#3408 = CARTESIAN_POINT('',(168.30508652763,198.00357133746,13.));
#3409 = DIRECTION('',(-0.707106781187,0.707106781187,2.442490654175E-32)
  );
#3410 = DIRECTION('',(-0.707106781187,-0.707106781187,
    -1.089776975375E-16));
#3411 = ADVANCED_FACE('',(#3412),#3418,.T.);
#3412 = FACE_BOUND('',#3413,.F.);
#3413 = EDGE_LOOP('',(#3414,#3415,#3416,#3417));
#3414 = ORIENTED_EDGE('',*,*,#644,.T.);
#3415 = ORIENTED_EDGE('',*,*,#3401,.T.);
#3416 = ORIENTED_EDGE('',*,*,#1621,.F.);
#3417 = ORIENTED_EDGE('',*,*,#3377,.F.);
#3418 = PLANE('',#3419);
#3419 = AXIS2_PLACEMENT_3D('',#3420,#3421,#3422);
#3420 = CARTESIAN_POINT('',(185.27564927611,214.97413408594,13.));
#3421 = DIRECTION('',(0.115500858175,-0.993307380301,6.891187002873E-17)
  );
#3422 = DIRECTION('',(0.993307380301,0.115500858175,-1.870465726679E-16)
  );
#3423 = ADVANCED_FACE('',(#3424),#3440,.T.);
#3424 = FACE_BOUND('',#3425,.F.);
#3425 = EDGE_LOOP('',(#3426,#3427,#3433,#3434));
#3426 = ORIENTED_EDGE('',*,*,#660,.T.);
#3427 = ORIENTED_EDGE('',*,*,#3428,.T.);
#3428 = EDGE_CURVE('',#663,#1640,#3429,.T.);
#3429 = LINE('',#3430,#3431);
#3430 = CARTESIAN_POINT('',(129.97989898732,196.73077913133,13.));
#3431 = VECTOR('',#3432,1.);
#3432 = DIRECTION('',(-7.850462293419E-17,-7.850462293419E-17,-1.));
#3433 = ORIENTED_EDGE('',*,*,#1637,.F.);
#3434 = ORIENTED_EDGE('',*,*,#3435,.F.);
#3435 = EDGE_CURVE('',#661,#1638,#3436,.T.);
#3436 = LINE('',#3437,#3438);
#3437 = CARTESIAN_POINT('',(116.54487014477,183.29575028878,13.));
#3438 = VECTOR('',#3439,1.);
#3439 = DIRECTION('',(-7.850462293419E-17,-7.850462293419E-17,-1.));
#3440 = PLANE('',#3441);
#3441 = AXIS2_PLACEMENT_3D('',#3442,#3443,#3444);
#3442 = CARTESIAN_POINT('',(129.97989898732,196.73077913133,13.));
#3443 = DIRECTION('',(0.707106781187,-0.707106781187,-2.442490654175E-32
    ));
#3444 = DIRECTION('',(0.707106781187,0.707106781187,1.089776975375E-16)
  );
#3445 = ADVANCED_FACE('',(#3446),#3457,.T.);
#3446 = FACE_BOUND('',#3447,.F.);
#3447 = EDGE_LOOP('',(#3448,#3449,#3450,#3451));
#3448 = ORIENTED_EDGE('',*,*,#686,.T.);
#3449 = ORIENTED_EDGE('',*,*,#3435,.T.);
#3450 = ORIENTED_EDGE('',*,*,#1663,.F.);
#3451 = ORIENTED_EDGE('',*,*,#3452,.F.);
#3452 = EDGE_CURVE('',#679,#1656,#3453,.T.);
#3453 = LINE('',#3454,#3455);
#3454 = CARTESIAN_POINT('',(118.24192641962,181.59869401394,13.));
#3455 = VECTOR('',#3456,1.);
#3456 = DIRECTION('',(-7.850462293419E-17,-7.850462293419E-17,-1.));
#3457 = PLANE('',#3458);
#3458 = AXIS2_PLACEMENT_3D('',#3459,#3460,#3461);
#3459 = CARTESIAN_POINT('',(116.54487014477,183.29575028878,13.));
#3460 = DIRECTION('',(0.707106781187,0.707106781187,-1.110223024625E-16)
  );
#3461 = DIRECTION('',(-0.707106781187,0.707106781187,4.4E-16));
#3462 = ADVANCED_FACE('',(#3463),#3474,.T.);
#3463 = FACE_BOUND('',#3464,.F.);
#3464 = EDGE_LOOP('',(#3465,#3466,#3472,#3473));
#3465 = ORIENTED_EDGE('',*,*,#670,.T.);
#3466 = ORIENTED_EDGE('',*,*,#3467,.T.);
#3467 = EDGE_CURVE('',#671,#1648,#3468,.T.);
#3468 = LINE('',#3469,#3470);
#3469 = CARTESIAN_POINT('',(131.67695526217,195.03372285648,13.));
#3470 = VECTOR('',#3471,1.);
#3471 = DIRECTION('',(-7.850462293419E-17,-7.850462293419E-17,-1.));
#3472 = ORIENTED_EDGE('',*,*,#1647,.F.);
#3473 = ORIENTED_EDGE('',*,*,#3428,.F.);
#3474 = PLANE('',#3475);
#3475 = AXIS2_PLACEMENT_3D('',#3476,#3477,#3478);
#3476 = CARTESIAN_POINT('',(131.67695526217,195.03372285648,13.));
#3477 = DIRECTION('',(-0.707106781187,-0.707106781187,1.110223024625E-16
    ));
#3478 = DIRECTION('',(0.707106781187,-0.707106781187,-4.4E-16));
#3479 = ADVANCED_FACE('',(#3480),#3486,.T.);
#3480 = FACE_BOUND('',#3481,.F.);
#3481 = EDGE_LOOP('',(#3482,#3483,#3484,#3485));
#3482 = ORIENTED_EDGE('',*,*,#678,.T.);
#3483 = ORIENTED_EDGE('',*,*,#3452,.T.);
#3484 = ORIENTED_EDGE('',*,*,#1655,.F.);
#3485 = ORIENTED_EDGE('',*,*,#3467,.F.);
#3486 = PLANE('',#3487);
#3487 = AXIS2_PLACEMENT_3D('',#3488,#3489,#3490);
#3488 = CARTESIAN_POINT('',(118.24192641962,181.59869401394,13.));
#3489 = DIRECTION('',(-0.707106781187,0.707106781187,2.442490654175E-32)
  );
#3490 = DIRECTION('',(-0.707106781187,-0.707106781187,
    -1.089776975375E-16));
#3491 = ADVANCED_FACE('',(#3492),#3508,.T.);
#3492 = FACE_BOUND('',#3493,.F.);
#3493 = EDGE_LOOP('',(#3494,#3495,#3501,#3502));
#3494 = ORIENTED_EDGE('',*,*,#694,.T.);
#3495 = ORIENTED_EDGE('',*,*,#3496,.T.);
#3496 = EDGE_CURVE('',#697,#1674,#3497,.T.);
#3497 = LINE('',#3498,#3499);
#3498 = CARTESIAN_POINT('',(141.43502884254,137.19238815542,13.));
#3499 = VECTOR('',#3500,1.);
#3500 = DIRECTION('',(-7.850462293419E-17,-7.850462293419E-17,-1.));
#3501 = ORIENTED_EDGE('',*,*,#1671,.F.);
#3502 = ORIENTED_EDGE('',*,*,#3503,.F.);
#3503 = EDGE_CURVE('',#695,#1672,#3504,.T.);
#3504 = LINE('',#3505,#3506);
#3505 = CARTESIAN_POINT('',(135.77817459305,142.84924240491,13.));
#3506 = VECTOR('',#3507,1.);
#3507 = DIRECTION('',(-7.850462293419E-17,-7.850462293419E-17,-1.));
#3508 = PLANE('',#3509);
#3509 = AXIS2_PLACEMENT_3D('',#3510,#3511,#3512);
#3510 = CARTESIAN_POINT('',(141.43502884254,137.19238815542,13.));
#3511 = DIRECTION('',(-0.707106781187,-0.707106781187,1.110223024625E-16
    ));
#3512 = DIRECTION('',(0.707106781187,-0.707106781187,-4.4E-16));
#3513 = ADVANCED_FACE('',(#3514),#3525,.T.);
#3514 = FACE_BOUND('',#3515,.F.);
#3515 = EDGE_LOOP('',(#3516,#3517,#3518,#3519));
#3516 = ORIENTED_EDGE('',*,*,#752,.T.);
#3517 = ORIENTED_EDGE('',*,*,#3503,.T.);
#3518 = ORIENTED_EDGE('',*,*,#1729,.F.);
#3519 = ORIENTED_EDGE('',*,*,#3520,.F.);
#3520 = EDGE_CURVE('',#745,#1722,#3521,.T.);
#3521 = LINE('',#3522,#3523);
#3522 = CARTESIAN_POINT('',(132.9497474683,142.84924240491,13.));
#3523 = VECTOR('',#3524,1.);
#3524 = DIRECTION('',(-7.850462293419E-17,-7.850462293419E-17,-1.));
#3525 = PLANE('',#3526);
#3526 = AXIS2_PLACEMENT_3D('',#3527,#3528,#3529);
#3527 = CARTESIAN_POINT('',(135.77817459305,142.84924240491,13.));
#3528 = DIRECTION('',(1.110223024625E-16,-1.,7.850462293419E-17));
#3529 = DIRECTION('',(1.,1.110223024625E-16,-2.385046229342E-16));
#3530 = ADVANCED_FACE('',(#3531),#3542,.T.);
#3531 = FACE_BOUND('',#3532,.F.);
#3532 = EDGE_LOOP('',(#3533,#3534,#3540,#3541));
#3533 = ORIENTED_EDGE('',*,*,#704,.T.);
#3534 = ORIENTED_EDGE('',*,*,#3535,.T.);
#3535 = EDGE_CURVE('',#705,#1682,#3536,.T.);
#3536 = LINE('',#3537,#3538);
#3537 = CARTESIAN_POINT('',(141.43502884254,134.36396103067,13.));
#3538 = VECTOR('',#3539,1.);
#3539 = DIRECTION('',(-7.850462293419E-17,-7.850462293419E-17,-1.));
#3540 = ORIENTED_EDGE('',*,*,#1681,.F.);
#3541 = ORIENTED_EDGE('',*,*,#3496,.F.);
#3542 = PLANE('',#3543);
#3543 = AXIS2_PLACEMENT_3D('',#3544,#3545,#3546);
#3544 = CARTESIAN_POINT('',(141.43502884254,134.36396103067,13.));
#3545 = DIRECTION('',(-1.,-1.110223024625E-16,7.850462293419E-17));
#3546 = DIRECTION('',(1.110223024625E-16,-1.,-3.914953770658E-16));
#3547 = ADVANCED_FACE('',(#3548),#3559,.T.);
#3548 = FACE_BOUND('',#3549,.F.);
#3549 = EDGE_LOOP('',(#3550,#3551,#3552,#3553));
#3550 = ORIENTED_EDGE('',*,*,#744,.T.);
#3551 = ORIENTED_EDGE('',*,*,#3520,.T.);
#3552 = ORIENTED_EDGE('',*,*,#1721,.F.);
#3553 = ORIENTED_EDGE('',*,*,#3554,.F.);
#3554 = EDGE_CURVE('',#737,#1714,#3555,.T.);
#3555 = LINE('',#3556,#3557);
#3556 = CARTESIAN_POINT('',(118.80761184457,128.70710678118,13.));
#3557 = VECTOR('',#3558,1.);
#3558 = DIRECTION('',(-7.850462293419E-17,-7.850462293419E-17,-1.));
#3559 = PLANE('',#3560);
#3560 = AXIS2_PLACEMENT_3D('',#3561,#3562,#3563);
#3561 = CARTESIAN_POINT('',(132.9497474683,142.84924240491,13.));
#3562 = DIRECTION('',(0.707106781187,-0.707106781187,-2.442490654175E-32
    ));
#3563 = DIRECTION('',(0.707106781187,0.707106781187,1.089776975375E-16)
  );
#3564 = ADVANCED_FACE('',(#3565),#3576,.T.);
#3565 = FACE_BOUND('',#3566,.F.);
#3566 = EDGE_LOOP('',(#3567,#3568,#3574,#3575));
#3567 = ORIENTED_EDGE('',*,*,#712,.T.);
#3568 = ORIENTED_EDGE('',*,*,#3569,.T.);
#3569 = EDGE_CURVE('',#713,#1690,#3570,.T.);
#3570 = LINE('',#3571,#3572);
#3571 = CARTESIAN_POINT('',(127.29289321881,120.22182540694,13.));
#3572 = VECTOR('',#3573,1.);
#3573 = DIRECTION('',(-7.850462293419E-17,-7.850462293419E-17,-1.));
#3574 = ORIENTED_EDGE('',*,*,#1689,.F.);
#3575 = ORIENTED_EDGE('',*,*,#3535,.F.);
#3576 = PLANE('',#3577);
#3577 = AXIS2_PLACEMENT_3D('',#3578,#3579,#3580);
#3578 = CARTESIAN_POINT('',(127.29289321881,120.22182540694,13.));
#3579 = DIRECTION('',(-0.707106781187,0.707106781187,2.442490654175E-32)
  );
#3580 = DIRECTION('',(-0.707106781187,-0.707106781187,
    -1.089776975375E-16));
#3581 = ADVANCED_FACE('',(#3582),#3593,.T.);
#3582 = FACE_BOUND('',#3583,.F.);
#3583 = EDGE_LOOP('',(#3584,#3585,#3586,#3587));
#3584 = ORIENTED_EDGE('',*,*,#736,.T.);
#3585 = ORIENTED_EDGE('',*,*,#3554,.T.);
#3586 = ORIENTED_EDGE('',*,*,#1713,.F.);
#3587 = ORIENTED_EDGE('',*,*,#3588,.F.);
#3588 = EDGE_CURVE('',#729,#1706,#3589,.T.);
#3589 = LINE('',#3590,#3591);
#3590 = CARTESIAN_POINT('',(118.80761184457,125.87867965644,13.));
#3591 = VECTOR('',#3592,1.);
#3592 = DIRECTION('',(-7.850462293419E-17,-7.850462293419E-17,-1.));
#3593 = PLANE('',#3594);
#3594 = AXIS2_PLACEMENT_3D('',#3595,#3596,#3597);
#3595 = CARTESIAN_POINT('',(118.80761184457,128.70710678118,13.));
#3596 = DIRECTION('',(1.,1.110223024625E-16,-7.850462293419E-17));
#3597 = DIRECTION('',(-1.110223024625E-16,1.,3.914953770658E-16));
#3598 = ADVANCED_FACE('',(#3599),#3610,.T.);
#3599 = FACE_BOUND('',#3600,.F.);
#3600 = EDGE_LOOP('',(#3601,#3602,#3608,#3609));
#3601 = ORIENTED_EDGE('',*,*,#720,.T.);
#3602 = ORIENTED_EDGE('',*,*,#3603,.T.);
#3603 = EDGE_CURVE('',#721,#1698,#3604,.T.);
#3604 = LINE('',#3605,#3606);
#3605 = CARTESIAN_POINT('',(124.46446609406,120.22182540694,13.));
#3606 = VECTOR('',#3607,1.);
#3607 = DIRECTION('',(-7.850462293419E-17,-7.850462293419E-17,-1.));
#3608 = ORIENTED_EDGE('',*,*,#1697,.F.);
#3609 = ORIENTED_EDGE('',*,*,#3569,.F.);
#3610 = PLANE('',#3611);
#3611 = AXIS2_PLACEMENT_3D('',#3612,#3613,#3614);
#3612 = CARTESIAN_POINT('',(124.46446609406,120.22182540694,13.));
#3613 = DIRECTION('',(-1.110223024625E-16,1.,-7.850462293419E-17));
#3614 = DIRECTION('',(-1.,-1.110223024625E-16,2.385046229342E-16));
#3615 = ADVANCED_FACE('',(#3616),#3622,.T.);
#3616 = FACE_BOUND('',#3617,.F.);
#3617 = EDGE_LOOP('',(#3618,#3619,#3620,#3621));
#3618 = ORIENTED_EDGE('',*,*,#728,.T.);
#3619 = ORIENTED_EDGE('',*,*,#3588,.T.);
#3620 = ORIENTED_EDGE('',*,*,#1705,.F.);
#3621 = ORIENTED_EDGE('',*,*,#3603,.F.);
#3622 = PLANE('',#3623);
#3623 = AXIS2_PLACEMENT_3D('',#3624,#3625,#3626);
#3624 = CARTESIAN_POINT('',(118.80761184457,125.87867965644,13.));
#3625 = DIRECTION('',(0.707106781187,0.707106781187,-1.110223024625E-16)
  );
#3626 = DIRECTION('',(-0.707106781187,0.707106781187,4.4E-16));
#3627 = ADVANCED_FACE('',(#3628),#3644,.T.);
#3628 = FACE_BOUND('',#3629,.F.);
#3629 = EDGE_LOOP('',(#3630,#3631,#3637,#3638));
#3630 = ORIENTED_EDGE('',*,*,#760,.T.);
#3631 = ORIENTED_EDGE('',*,*,#3632,.T.);
#3632 = EDGE_CURVE('',#763,#1740,#3633,.T.);
#3633 = LINE('',#3634,#3635);
#3634 = CARTESIAN_POINT('',(118.80761184457,114.56497115745,13.));
#3635 = VECTOR('',#3636,1.);
#3636 = DIRECTION('',(-7.850462293419E-17,-7.850462293419E-17,-1.));
#3637 = ORIENTED_EDGE('',*,*,#1737,.F.);
#3638 = ORIENTED_EDGE('',*,*,#3639,.F.);
#3639 = EDGE_CURVE('',#761,#1738,#3640,.T.);
#3640 = LINE('',#3641,#3642);
#3641 = CARTESIAN_POINT('',(113.15075759508,120.22182540694,13.));
#3642 = VECTOR('',#3643,1.);
#3643 = DIRECTION('',(-7.850462293419E-17,-7.850462293419E-17,-1.));
#3644 = PLANE('',#3645);
#3645 = AXIS2_PLACEMENT_3D('',#3646,#3647,#3648);
#3646 = CARTESIAN_POINT('',(118.80761184457,114.56497115745,13.));
#3647 = DIRECTION('',(-0.707106781187,-0.707106781187,1.110223024625E-16
    ));
#3648 = DIRECTION('',(0.707106781187,-0.707106781187,-4.4E-16));
#3649 = ADVANCED_FACE('',(#3650),#3661,.T.);
#3650 = FACE_BOUND('',#3651,.F.);
#3651 = EDGE_LOOP('',(#3652,#3653,#3654,#3655));
#3652 = ORIENTED_EDGE('',*,*,#818,.T.);
#3653 = ORIENTED_EDGE('',*,*,#3639,.T.);
#3654 = ORIENTED_EDGE('',*,*,#1795,.F.);
#3655 = ORIENTED_EDGE('',*,*,#3656,.F.);
#3656 = EDGE_CURVE('',#811,#1788,#3657,.T.);
#3657 = LINE('',#3658,#3659);
#3658 = CARTESIAN_POINT('',(110.32233047033,120.22182540694,13.));
#3659 = VECTOR('',#3660,1.);
#3660 = DIRECTION('',(-7.850462293419E-17,-7.850462293419E-17,-1.));
#3661 = PLANE('',#3662);
#3662 = AXIS2_PLACEMENT_3D('',#3663,#3664,#3665);
#3663 = CARTESIAN_POINT('',(113.15075759508,120.22182540694,13.));
#3664 = DIRECTION('',(1.110223024625E-16,-1.,7.850462293419E-17));
#3665 = DIRECTION('',(1.,1.110223024625E-16,-2.385046229342E-16));
#3666 = ADVANCED_FACE('',(#3667),#3678,.T.);
#3667 = FACE_BOUND('',#3668,.F.);
#3668 = EDGE_LOOP('',(#3669,#3670,#3676,#3677));
#3669 = ORIENTED_EDGE('',*,*,#770,.T.);
#3670 = ORIENTED_EDGE('',*,*,#3671,.T.);
#3671 = EDGE_CURVE('',#771,#1748,#3672,.T.);
#3672 = LINE('',#3673,#3674);
#3673 = CARTESIAN_POINT('',(118.80761184457,111.7365440327,13.));
#3674 = VECTOR('',#3675,1.);
#3675 = DIRECTION('',(-7.850462293419E-17,-7.850462293419E-17,-1.));
#3676 = ORIENTED_EDGE('',*,*,#1747,.F.);
#3677 = ORIENTED_EDGE('',*,*,#3632,.F.);
#3678 = PLANE('',#3679);
#3679 = AXIS2_PLACEMENT_3D('',#3680,#3681,#3682);
#3680 = CARTESIAN_POINT('',(118.80761184457,111.7365440327,13.));
#3681 = DIRECTION('',(-1.,-1.110223024625E-16,7.850462293419E-17));
#3682 = DIRECTION('',(1.110223024625E-16,-1.,-3.914953770658E-16));
#3683 = ADVANCED_FACE('',(#3684),#3695,.T.);
#3684 = FACE_BOUND('',#3685,.F.);
#3685 = EDGE_LOOP('',(#3686,#3687,#3688,#3689));
#3686 = ORIENTED_EDGE('',*,*,#810,.T.);
#3687 = ORIENTED_EDGE('',*,*,#3656,.T.);
#3688 = ORIENTED_EDGE('',*,*,#1787,.F.);
#3689 = ORIENTED_EDGE('',*,*,#3690,.F.);
#3690 = EDGE_CURVE('',#803,#1780,#3691,.T.);
#3691 = LINE('',#3692,#3693);
#3692 = CARTESIAN_POINT('',(96.180194846605,106.07968978321,13.));
#3693 = VECTOR('',#3694,1.);
#3694 = DIRECTION('',(-7.850462293419E-17,-7.850462293419E-17,-1.));
#3695 = PLANE('',#3696);
#3696 = AXIS2_PLACEMENT_3D('',#3697,#3698,#3699);
#3697 = CARTESIAN_POINT('',(110.32233047033,120.22182540694,13.));
#3698 = DIRECTION('',(0.707106781187,-0.707106781187,-2.442490654175E-32
    ));
#3699 = DIRECTION('',(0.707106781187,0.707106781187,1.089776975375E-16)
  );
#3700 = ADVANCED_FACE('',(#3701),#3712,.T.);
#3701 = FACE_BOUND('',#3702,.F.);
#3702 = EDGE_LOOP('',(#3703,#3704,#3710,#3711));
#3703 = ORIENTED_EDGE('',*,*,#778,.T.);
#3704 = ORIENTED_EDGE('',*,*,#3705,.T.);
#3705 = EDGE_CURVE('',#779,#1756,#3706,.T.);
#3706 = LINE('',#3707,#3708);
#3707 = CARTESIAN_POINT('',(104.66547622084,97.594408408978,13.));
#3708 = VECTOR('',#3709,1.);
#3709 = DIRECTION('',(-7.850462293419E-17,-7.850462293419E-17,-1.));
#3710 = ORIENTED_EDGE('',*,*,#1755,.F.);
#3711 = ORIENTED_EDGE('',*,*,#3671,.F.);
#3712 = PLANE('',#3713);
#3713 = AXIS2_PLACEMENT_3D('',#3714,#3715,#3716);
#3714 = CARTESIAN_POINT('',(104.66547622084,97.594408408978,13.));
#3715 = DIRECTION('',(-0.707106781187,0.707106781187,2.442490654175E-32)
  );
#3716 = DIRECTION('',(-0.707106781187,-0.707106781187,
    -1.089776975375E-16));
#3717 = ADVANCED_FACE('',(#3718),#3729,.T.);
#3718 = FACE_BOUND('',#3719,.F.);
#3719 = EDGE_LOOP('',(#3720,#3721,#3722,#3723));
#3720 = ORIENTED_EDGE('',*,*,#802,.T.);
#3721 = ORIENTED_EDGE('',*,*,#3690,.T.);
#3722 = ORIENTED_EDGE('',*,*,#1779,.F.);
#3723 = ORIENTED_EDGE('',*,*,#3724,.F.);
#3724 = EDGE_CURVE('',#795,#1772,#3725,.T.);
#3725 = LINE('',#3726,#3727);
#3726 = CARTESIAN_POINT('',(96.180194846605,103.25126265847,13.));
#3727 = VECTOR('',#3728,1.);
#3728 = DIRECTION('',(-7.850462293419E-17,-7.850462293419E-17,-1.));
#3729 = PLANE('',#3730);
#3730 = AXIS2_PLACEMENT_3D('',#3731,#3732,#3733);
#3731 = CARTESIAN_POINT('',(96.180194846605,106.07968978321,13.));
#3732 = DIRECTION('',(1.,1.110223024625E-16,-7.850462293419E-17));
#3733 = DIRECTION('',(-1.110223024625E-16,1.,3.914953770658E-16));
#3734 = ADVANCED_FACE('',(#3735),#3746,.T.);
#3735 = FACE_BOUND('',#3736,.F.);
#3736 = EDGE_LOOP('',(#3737,#3738,#3744,#3745));
#3737 = ORIENTED_EDGE('',*,*,#786,.T.);
#3738 = ORIENTED_EDGE('',*,*,#3739,.T.);
#3739 = EDGE_CURVE('',#787,#1764,#3740,.T.);
#3740 = LINE('',#3741,#3742);
#3741 = CARTESIAN_POINT('',(101.83704909609,97.594408408978,13.));
#3742 = VECTOR('',#3743,1.);
#3743 = DIRECTION('',(-7.850462293419E-17,-7.850462293419E-17,-1.));
#3744 = ORIENTED_EDGE('',*,*,#1763,.F.);
#3745 = ORIENTED_EDGE('',*,*,#3705,.F.);
#3746 = PLANE('',#3747);
#3747 = AXIS2_PLACEMENT_3D('',#3748,#3749,#3750);
#3748 = CARTESIAN_POINT('',(101.83704909609,97.594408408978,13.));
#3749 = DIRECTION('',(-1.110223024625E-16,1.,-7.850462293419E-17));
#3750 = DIRECTION('',(-1.,-1.110223024625E-16,2.385046229342E-16));
#3751 = ADVANCED_FACE('',(#3752),#3758,.T.);
#3752 = FACE_BOUND('',#3753,.F.);
#3753 = EDGE_LOOP('',(#3754,#3755,#3756,#3757));
#3754 = ORIENTED_EDGE('',*,*,#794,.T.);
#3755 = ORIENTED_EDGE('',*,*,#3724,.T.);
#3756 = ORIENTED_EDGE('',*,*,#1771,.F.);
#3757 = ORIENTED_EDGE('',*,*,#3739,.F.);
#3758 = PLANE('',#3759);
#3759 = AXIS2_PLACEMENT_3D('',#3760,#3761,#3762);
#3760 = CARTESIAN_POINT('',(96.180194846605,103.25126265847,13.));
#3761 = DIRECTION('',(0.707106781187,0.707106781187,-1.110223024625E-16)
  );
#3762 = DIRECTION('',(-0.707106781187,0.707106781187,4.4E-16));
#3763 = ADVANCED_FACE('',(#3764),#3780,.T.);
#3764 = FACE_BOUND('',#3765,.F.);
#3765 = EDGE_LOOP('',(#3766,#3767,#3773,#3774));
#3766 = ORIENTED_EDGE('',*,*,#826,.T.);
#3767 = ORIENTED_EDGE('',*,*,#3768,.T.);
#3768 = EDGE_CURVE('',#829,#1806,#3769,.T.);
#3769 = LINE('',#3770,#3771);
#3770 = CARTESIAN_POINT('',(115.62563132923,144.3341666454,13.));
#3771 = VECTOR('',#3772,1.);
#3772 = DIRECTION('',(-7.850462293419E-17,-7.850462293419E-17,-1.));
#3773 = ORIENTED_EDGE('',*,*,#1803,.F.);
#3774 = ORIENTED_EDGE('',*,*,#3775,.F.);
#3775 = EDGE_CURVE('',#827,#1804,#3776,.T.);
#3776 = LINE('',#3777,#3778);
#3777 = CARTESIAN_POINT('',(111.66583335459,140.37436867076,13.));
#3778 = VECTOR('',#3779,1.);
#3779 = DIRECTION('',(-7.850462293419E-17,-7.850462293419E-17,-1.));
#3780 = PLANE('',#3781);
#3781 = AXIS2_PLACEMENT_3D('',#3782,#3783,#3784);
#3782 = CARTESIAN_POINT('',(115.62563132923,144.3341666454,13.));
#3783 = DIRECTION('',(0.707106781187,-0.707106781187,-2.442490654175E-32
    ));
#3784 = DIRECTION('',(0.707106781187,0.707106781187,1.089776975375E-16)
  );
#3785 = ADVANCED_FACE('',(#3786),#3797,.T.);
#3786 = FACE_BOUND('',#3787,.F.);
#3787 = EDGE_LOOP('',(#3788,#3789,#3790,#3791));
#3788 = ORIENTED_EDGE('',*,*,#852,.T.);
#3789 = ORIENTED_EDGE('',*,*,#3775,.T.);
#3790 = ORIENTED_EDGE('',*,*,#1829,.F.);
#3791 = ORIENTED_EDGE('',*,*,#3792,.F.);
#3792 = EDGE_CURVE('',#845,#1822,#3793,.T.);
#3793 = LINE('',#3794,#3795);
#3794 = CARTESIAN_POINT('',(117.74695167279,134.29325035256,13.));
#3795 = VECTOR('',#3796,1.);
#3796 = DIRECTION('',(-7.850462293419E-17,-7.850462293419E-17,-1.));
#3797 = PLANE('',#3798);
#3798 = AXIS2_PLACEMENT_3D('',#3799,#3800,#3801);
#3799 = CARTESIAN_POINT('',(111.66583335459,140.37436867076,13.));
#3800 = DIRECTION('',(0.707106781187,0.707106781187,-1.110223024625E-16)
  );
#3801 = DIRECTION('',(-0.707106781187,0.707106781187,4.4E-16));
#3802 = ADVANCED_FACE('',(#3803),#3814,.T.);
#3803 = FACE_BOUND('',#3804,.F.);
#3804 = EDGE_LOOP('',(#3805,#3806,#3807,#3808));
#3805 = ORIENTED_EDGE('',*,*,#844,.T.);
#3806 = ORIENTED_EDGE('',*,*,#3792,.T.);
#3807 = ORIENTED_EDGE('',*,*,#1821,.F.);
#3808 = ORIENTED_EDGE('',*,*,#3809,.F.);
#3809 = EDGE_CURVE('',#837,#1814,#3810,.T.);
#3810 = LINE('',#3811,#3812);
#3811 = CARTESIAN_POINT('',(121.70674964744,138.2530483272,13.));
#3812 = VECTOR('',#3813,1.);
#3813 = DIRECTION('',(-7.850462293419E-17,-7.850462293419E-17,-1.));
#3814 = PLANE('',#3815);
#3815 = AXIS2_PLACEMENT_3D('',#3816,#3817,#3818);
#3816 = CARTESIAN_POINT('',(117.74695167279,134.29325035256,13.));
#3817 = DIRECTION('',(-0.707106781187,0.707106781187,2.442490654175E-32)
  );
#3818 = DIRECTION('',(-0.707106781187,-0.707106781187,
    -1.089776975375E-16));
#3819 = ADVANCED_FACE('',(#3820),#3826,.T.);
#3820 = FACE_BOUND('',#3821,.F.);
#3821 = EDGE_LOOP('',(#3822,#3823,#3824,#3825));
#3822 = ORIENTED_EDGE('',*,*,#836,.T.);
#3823 = ORIENTED_EDGE('',*,*,#3809,.T.);
#3824 = ORIENTED_EDGE('',*,*,#1813,.F.);
#3825 = ORIENTED_EDGE('',*,*,#3768,.F.);
#3826 = PLANE('',#3827);
#3827 = AXIS2_PLACEMENT_3D('',#3828,#3829,#3830);
#3828 = CARTESIAN_POINT('',(121.70674964744,138.2530483272,13.));
#3829 = DIRECTION('',(-0.707106781187,-0.707106781187,1.110223024625E-16
    ));
#3830 = DIRECTION('',(0.707106781187,-0.707106781187,-4.4E-16));
#3831 = ADVANCED_FACE('',(#3832),#3848,.T.);
#3832 = FACE_BOUND('',#3833,.F.);
#3833 = EDGE_LOOP('',(#3834,#3835,#3841,#3842));
#3834 = ORIENTED_EDGE('',*,*,#860,.T.);
#3835 = ORIENTED_EDGE('',*,*,#3836,.T.);
#3836 = EDGE_CURVE('',#863,#1840,#3837,.T.);
#3837 = LINE('',#3838,#3839);
#3838 = CARTESIAN_POINT('',(107.14034995499,135.84888527117,13.));
#3839 = VECTOR('',#3840,1.);
#3840 = DIRECTION('',(-7.850462293419E-17,-7.850462293419E-17,-1.));
#3841 = ORIENTED_EDGE('',*,*,#1837,.F.);
#3842 = ORIENTED_EDGE('',*,*,#3843,.F.);
#3843 = EDGE_CURVE('',#861,#1838,#3844,.T.);
#3844 = LINE('',#3845,#3846);
#3845 = CARTESIAN_POINT('',(103.18055198035,131.88908729652,13.));
#3846 = VECTOR('',#3847,1.);
#3847 = DIRECTION('',(-7.850462293419E-17,-7.850462293419E-17,-1.));
#3848 = PLANE('',#3849);
#3849 = AXIS2_PLACEMENT_3D('',#3850,#3851,#3852);
#3850 = CARTESIAN_POINT('',(107.14034995499,135.84888527117,13.));
#3851 = DIRECTION('',(0.707106781187,-0.707106781187,-2.442490654175E-32
    ));
#3852 = DIRECTION('',(0.707106781187,0.707106781187,1.089776975375E-16)
  );
#3853 = ADVANCED_FACE('',(#3854),#3865,.T.);
#3854 = FACE_BOUND('',#3855,.F.);
#3855 = EDGE_LOOP('',(#3856,#3857,#3858,#3859));
#3856 = ORIENTED_EDGE('',*,*,#886,.T.);
#3857 = ORIENTED_EDGE('',*,*,#3843,.T.);
#3858 = ORIENTED_EDGE('',*,*,#1863,.F.);
#3859 = ORIENTED_EDGE('',*,*,#3860,.F.);
#3860 = EDGE_CURVE('',#879,#1856,#3861,.T.);
#3861 = LINE('',#3862,#3863);
#3862 = CARTESIAN_POINT('',(109.26167029855,125.80796897832,13.));
#3863 = VECTOR('',#3864,1.);
#3864 = DIRECTION('',(-7.850462293419E-17,-7.850462293419E-17,-1.));
#3865 = PLANE('',#3866);
#3866 = AXIS2_PLACEMENT_3D('',#3867,#3868,#3869);
#3867 = CARTESIAN_POINT('',(103.18055198035,131.88908729652,13.));
#3868 = DIRECTION('',(0.707106781187,0.707106781187,-1.110223024625E-16)
  );
#3869 = DIRECTION('',(-0.707106781187,0.707106781187,4.4E-16));
#3870 = ADVANCED_FACE('',(#3871),#3882,.T.);
#3871 = FACE_BOUND('',#3872,.F.);
#3872 = EDGE_LOOP('',(#3873,#3874,#3875,#3876));
#3873 = ORIENTED_EDGE('',*,*,#878,.T.);
#3874 = ORIENTED_EDGE('',*,*,#3860,.T.);
#3875 = ORIENTED_EDGE('',*,*,#1855,.F.);
#3876 = ORIENTED_EDGE('',*,*,#3877,.F.);
#3877 = EDGE_CURVE('',#871,#1848,#3878,.T.);
#3878 = LINE('',#3879,#3880);
#3879 = CARTESIAN_POINT('',(113.2214682732,129.76776695296,13.));
#3880 = VECTOR('',#3881,1.);
#3881 = DIRECTION('',(-7.850462293419E-17,-7.850462293419E-17,-1.));
#3882 = PLANE('',#3883);
#3883 = AXIS2_PLACEMENT_3D('',#3884,#3885,#3886);
#3884 = CARTESIAN_POINT('',(109.26167029855,125.80796897832,13.));
#3885 = DIRECTION('',(-0.707106781187,0.707106781187,2.442490654175E-32)
  );
#3886 = DIRECTION('',(-0.707106781187,-0.707106781187,
    -1.089776975375E-16));
#3887 = ADVANCED_FACE('',(#3888),#3894,.T.);
#3888 = FACE_BOUND('',#3889,.F.);
#3889 = EDGE_LOOP('',(#3890,#3891,#3892,#3893));
#3890 = ORIENTED_EDGE('',*,*,#870,.T.);
#3891 = ORIENTED_EDGE('',*,*,#3877,.T.);
#3892 = ORIENTED_EDGE('',*,*,#1847,.F.);
#3893 = ORIENTED_EDGE('',*,*,#3836,.F.);
#3894 = PLANE('',#3895);
#3895 = AXIS2_PLACEMENT_3D('',#3896,#3897,#3898);
#3896 = CARTESIAN_POINT('',(113.2214682732,129.76776695296,13.));
#3897 = DIRECTION('',(-0.707106781187,-0.707106781187,1.110223024625E-16
    ));
#3898 = DIRECTION('',(0.707106781187,-0.707106781187,-4.4E-16));
#3899 = ADVANCED_FACE('',(#3900),#3916,.T.);
#3900 = FACE_BOUND('',#3901,.F.);
#3901 = EDGE_LOOP('',(#3902,#3903,#3909,#3910));
#3902 = ORIENTED_EDGE('',*,*,#894,.T.);
#3903 = ORIENTED_EDGE('',*,*,#3904,.T.);
#3904 = EDGE_CURVE('',#897,#1874,#3905,.T.);
#3905 = LINE('',#3906,#3907);
#3906 = CARTESIAN_POINT('',(98.655068580758,127.36360389693,13.));
#3907 = VECTOR('',#3908,1.);
#3908 = DIRECTION('',(-7.850462293419E-17,-7.850462293419E-17,-1.));
#3909 = ORIENTED_EDGE('',*,*,#1871,.F.);
#3910 = ORIENTED_EDGE('',*,*,#3911,.F.);
#3911 = EDGE_CURVE('',#895,#1872,#3912,.T.);
#3912 = LINE('',#3913,#3914);
#3913 = CARTESIAN_POINT('',(94.695270606114,123.40380592228,13.));
#3914 = VECTOR('',#3915,1.);
#3915 = DIRECTION('',(-7.850462293419E-17,-7.850462293419E-17,-1.));
#3916 = PLANE('',#3917);
#3917 = AXIS2_PLACEMENT_3D('',#3918,#3919,#3920);
#3918 = CARTESIAN_POINT('',(98.655068580758,127.36360389693,13.));
#3919 = DIRECTION('',(0.707106781187,-0.707106781187,-2.442490654175E-32
    ));
#3920 = DIRECTION('',(0.707106781187,0.707106781187,1.089776975375E-16)
  );
#3921 = ADVANCED_FACE('',(#3922),#3933,.T.);
#3922 = FACE_BOUND('',#3923,.F.);
#3923 = EDGE_LOOP('',(#3924,#3925,#3926,#3927));
#3924 = ORIENTED_EDGE('',*,*,#920,.T.);
#3925 = ORIENTED_EDGE('',*,*,#3911,.T.);
#3926 = ORIENTED_EDGE('',*,*,#1897,.F.);
#3927 = ORIENTED_EDGE('',*,*,#3928,.F.);
#3928 = EDGE_CURVE('',#913,#1890,#3929,.T.);
#3929 = LINE('',#3930,#3931);
#3930 = CARTESIAN_POINT('',(100.77638892431,117.32268760408,13.));
#3931 = VECTOR('',#3932,1.);
#3932 = DIRECTION('',(-7.850462293419E-17,-7.850462293419E-17,-1.));
#3933 = PLANE('',#3934);
#3934 = AXIS2_PLACEMENT_3D('',#3935,#3936,#3937);
#3935 = CARTESIAN_POINT('',(94.695270606114,123.40380592228,13.));
#3936 = DIRECTION('',(0.707106781187,0.707106781187,-1.110223024625E-16)
  );
#3937 = DIRECTION('',(-0.707106781187,0.707106781187,4.4E-16));
#3938 = ADVANCED_FACE('',(#3939),#3950,.T.);
#3939 = FACE_BOUND('',#3940,.F.);
#3940 = EDGE_LOOP('',(#3941,#3942,#3943,#3944));
#3941 = ORIENTED_EDGE('',*,*,#912,.T.);
#3942 = ORIENTED_EDGE('',*,*,#3928,.T.);
#3943 = ORIENTED_EDGE('',*,*,#1889,.F.);
#3944 = ORIENTED_EDGE('',*,*,#3945,.F.);
#3945 = EDGE_CURVE('',#905,#1882,#3946,.T.);
#3946 = LINE('',#3947,#3948);
#3947 = CARTESIAN_POINT('',(104.73618689896,121.28248557872,13.));
#3948 = VECTOR('',#3949,1.);
#3949 = DIRECTION('',(-7.850462293419E-17,-7.850462293419E-17,-1.));
#3950 = PLANE('',#3951);
#3951 = AXIS2_PLACEMENT_3D('',#3952,#3953,#3954);
#3952 = CARTESIAN_POINT('',(100.77638892431,117.32268760408,13.));
#3953 = DIRECTION('',(-0.707106781187,0.707106781187,2.442490654175E-32)
  );
#3954 = DIRECTION('',(-0.707106781187,-0.707106781187,
    -1.089776975375E-16));
#3955 = ADVANCED_FACE('',(#3956),#3962,.T.);
#3956 = FACE_BOUND('',#3957,.F.);
#3957 = EDGE_LOOP('',(#3958,#3959,#3960,#3961));
#3958 = ORIENTED_EDGE('',*,*,#904,.T.);
#3959 = ORIENTED_EDGE('',*,*,#3945,.T.);
#3960 = ORIENTED_EDGE('',*,*,#1881,.F.);
#3961 = ORIENTED_EDGE('',*,*,#3904,.F.);
#3962 = PLANE('',#3963);
#3963 = AXIS2_PLACEMENT_3D('',#3964,#3965,#3966);
#3964 = CARTESIAN_POINT('',(104.73618689896,121.28248557872,13.));
#3965 = DIRECTION('',(-0.707106781187,-0.707106781187,1.110223024625E-16
    ));
#3966 = DIRECTION('',(0.707106781187,-0.707106781187,-4.4E-16));
#3967 = ADVANCED_FACE('',(#3968),#3984,.T.);
#3968 = FACE_BOUND('',#3969,.F.);
#3969 = EDGE_LOOP('',(#3970,#3971,#3977,#3978));
#3970 = ORIENTED_EDGE('',*,*,#928,.T.);
#3971 = ORIENTED_EDGE('',*,*,#3972,.T.);
#3972 = EDGE_CURVE('',#931,#1908,#3973,.T.);
#3973 = LINE('',#3974,#3975);
#3974 = CARTESIAN_POINT('',(90.16978720652,118.87832252269,13.));
#3975 = VECTOR('',#3976,1.);
#3976 = DIRECTION('',(-7.850462293419E-17,-7.850462293419E-17,-1.));
#3977 = ORIENTED_EDGE('',*,*,#1905,.F.);
#3978 = ORIENTED_EDGE('',*,*,#3979,.F.);
#3979 = EDGE_CURVE('',#929,#1906,#3980,.T.);
#3980 = LINE('',#3981,#3982);
#3981 = CARTESIAN_POINT('',(86.209989231875,114.91852454804,13.));
#3982 = VECTOR('',#3983,1.);
#3983 = DIRECTION('',(-7.850462293419E-17,-7.850462293419E-17,-1.));
#3984 = PLANE('',#3985);
#3985 = AXIS2_PLACEMENT_3D('',#3986,#3987,#3988);
#3986 = CARTESIAN_POINT('',(90.16978720652,118.87832252269,13.));
#3987 = DIRECTION('',(0.707106781187,-0.707106781187,-2.442490654175E-32
    ));
#3988 = DIRECTION('',(0.707106781187,0.707106781187,1.089776975375E-16)
  );
#3989 = ADVANCED_FACE('',(#3990),#4001,.T.);
#3990 = FACE_BOUND('',#3991,.F.);
#3991 = EDGE_LOOP('',(#3992,#3993,#3994,#3995));
#3992 = ORIENTED_EDGE('',*,*,#954,.T.);
#3993 = ORIENTED_EDGE('',*,*,#3979,.T.);
#3994 = ORIENTED_EDGE('',*,*,#1931,.F.);
#3995 = ORIENTED_EDGE('',*,*,#3996,.F.);
#3996 = EDGE_CURVE('',#947,#1924,#3997,.T.);
#3997 = LINE('',#3998,#3999);
#3998 = CARTESIAN_POINT('',(92.291107550079,108.83740622984,13.));
#3999 = VECTOR('',#4000,1.);
#4000 = DIRECTION('',(-7.850462293419E-17,-7.850462293419E-17,-1.));
#4001 = PLANE('',#4002);
#4002 = AXIS2_PLACEMENT_3D('',#4003,#4004,#4005);
#4003 = CARTESIAN_POINT('',(86.209989231875,114.91852454804,13.));
#4004 = DIRECTION('',(0.707106781187,0.707106781187,-1.110223024625E-16)
  );
#4005 = DIRECTION('',(-0.707106781187,0.707106781187,4.4E-16));
#4006 = ADVANCED_FACE('',(#4007),#4018,.T.);
#4007 = FACE_BOUND('',#4008,.F.);
#4008 = EDGE_LOOP('',(#4009,#4010,#4011,#4012));
#4009 = ORIENTED_EDGE('',*,*,#946,.T.);
#4010 = ORIENTED_EDGE('',*,*,#3996,.T.);
#4011 = ORIENTED_EDGE('',*,*,#1923,.F.);
#4012 = ORIENTED_EDGE('',*,*,#4013,.F.);
#4013 = EDGE_CURVE('',#939,#1916,#4014,.T.);
#4014 = LINE('',#4015,#4016);
#4015 = CARTESIAN_POINT('',(96.250905524724,112.79720420448,13.));
#4016 = VECTOR('',#4017,1.);
#4017 = DIRECTION('',(-7.850462293419E-17,-7.850462293419E-17,-1.));
#4018 = PLANE('',#4019);
#4019 = AXIS2_PLACEMENT_3D('',#4020,#4021,#4022);
#4020 = CARTESIAN_POINT('',(92.291107550079,108.83740622984,13.));
#4021 = DIRECTION('',(-0.707106781187,0.707106781187,2.442490654175E-32)
  );
#4022 = DIRECTION('',(-0.707106781187,-0.707106781187,
    -1.089776975375E-16));
#4023 = ADVANCED_FACE('',(#4024),#4030,.T.);
#4024 = FACE_BOUND('',#4025,.F.);
#4025 = EDGE_LOOP('',(#4026,#4027,#4028,#4029));
#4026 = ORIENTED_EDGE('',*,*,#938,.T.);
#4027 = ORIENTED_EDGE('',*,*,#4013,.T.);
#4028 = ORIENTED_EDGE('',*,*,#1915,.F.);
#4029 = ORIENTED_EDGE('',*,*,#3972,.F.);
#4030 = PLANE('',#4031);
#4031 = AXIS2_PLACEMENT_3D('',#4032,#4033,#4034);
#4032 = CARTESIAN_POINT('',(96.250905524724,112.79720420448,13.));
#4033 = DIRECTION('',(-0.707106781187,-0.707106781187,1.110223024625E-16
    ));
#4034 = DIRECTION('',(0.707106781187,-0.707106781187,-4.4E-16));
#4035 = ADVANCED_FACE('',(#4036),#4052,.T.);
#4036 = FACE_BOUND('',#4037,.F.);
#4037 = EDGE_LOOP('',(#4038,#4039,#4045,#4046));
#4038 = ORIENTED_EDGE('',*,*,#962,.T.);
#4039 = ORIENTED_EDGE('',*,*,#4040,.T.);
#4040 = EDGE_CURVE('',#965,#1942,#4041,.T.);
#4041 = LINE('',#4042,#4043);
#4042 = CARTESIAN_POINT('',(81.684505832281,110.39304114845,13.));
#4043 = VECTOR('',#4044,1.);
#4044 = DIRECTION('',(-7.850462293419E-17,-7.850462293419E-17,-1.));
#4045 = ORIENTED_EDGE('',*,*,#1939,.F.);
#4046 = ORIENTED_EDGE('',*,*,#4047,.F.);
#4047 = EDGE_CURVE('',#963,#1940,#4048,.T.);
#4048 = LINE('',#4049,#4050);
#4049 = CARTESIAN_POINT('',(77.724707857636,106.43324317381,13.));
#4050 = VECTOR('',#4051,1.);
#4051 = DIRECTION('',(-7.850462293419E-17,-7.850462293419E-17,-1.));
#4052 = PLANE('',#4053);
#4053 = AXIS2_PLACEMENT_3D('',#4054,#4055,#4056);
#4054 = CARTESIAN_POINT('',(81.684505832281,110.39304114845,13.));
#4055 = DIRECTION('',(0.707106781187,-0.707106781187,-2.442490654175E-32
    ));
#4056 = DIRECTION('',(0.707106781187,0.707106781187,1.089776975375E-16)
  );
#4057 = ADVANCED_FACE('',(#4058),#4069,.T.);
#4058 = FACE_BOUND('',#4059,.F.);
#4059 = EDGE_LOOP('',(#4060,#4061,#4062,#4063));
#4060 = ORIENTED_EDGE('',*,*,#988,.T.);
#4061 = ORIENTED_EDGE('',*,*,#4047,.T.);
#4062 = ORIENTED_EDGE('',*,*,#1965,.F.);
#4063 = ORIENTED_EDGE('',*,*,#4064,.F.);
#4064 = EDGE_CURVE('',#981,#1958,#4065,.T.);
#4065 = LINE('',#4066,#4067);
#4066 = CARTESIAN_POINT('',(83.805826175841,100.3521248556,13.));
#4067 = VECTOR('',#4068,1.);
#4068 = DIRECTION('',(-7.850462293419E-17,-7.850462293419E-17,-1.));
#4069 = PLANE('',#4070);
#4070 = AXIS2_PLACEMENT_3D('',#4071,#4072,#4073);
#4071 = CARTESIAN_POINT('',(77.724707857636,106.43324317381,13.));
#4072 = DIRECTION('',(0.707106781187,0.707106781187,-1.110223024625E-16)
  );
#4073 = DIRECTION('',(-0.707106781187,0.707106781187,4.4E-16));
#4074 = ADVANCED_FACE('',(#4075),#4086,.T.);
#4075 = FACE_BOUND('',#4076,.F.);
#4076 = EDGE_LOOP('',(#4077,#4078,#4079,#4080));
#4077 = ORIENTED_EDGE('',*,*,#980,.T.);
#4078 = ORIENTED_EDGE('',*,*,#4064,.T.);
#4079 = ORIENTED_EDGE('',*,*,#1957,.F.);
#4080 = ORIENTED_EDGE('',*,*,#4081,.F.);
#4081 = EDGE_CURVE('',#973,#1950,#4082,.T.);
#4082 = LINE('',#4083,#4084);
#4083 = CARTESIAN_POINT('',(87.765624150485,104.31192283025,13.));
#4084 = VECTOR('',#4085,1.);
#4085 = DIRECTION('',(-7.850462293419E-17,-7.850462293419E-17,-1.));
#4086 = PLANE('',#4087);
#4087 = AXIS2_PLACEMENT_3D('',#4088,#4089,#4090);
#4088 = CARTESIAN_POINT('',(83.805826175841,100.3521248556,13.));
#4089 = DIRECTION('',(-0.707106781187,0.707106781187,2.442490654175E-32)
  );
#4090 = DIRECTION('',(-0.707106781187,-0.707106781187,
    -1.089776975375E-16));
#4091 = ADVANCED_FACE('',(#4092),#4098,.T.);
#4092 = FACE_BOUND('',#4093,.F.);
#4093 = EDGE_LOOP('',(#4094,#4095,#4096,#4097));
#4094 = ORIENTED_EDGE('',*,*,#972,.T.);
#4095 = ORIENTED_EDGE('',*,*,#4081,.T.);
#4096 = ORIENTED_EDGE('',*,*,#1949,.F.);
#4097 = ORIENTED_EDGE('',*,*,#4040,.F.);
#4098 = PLANE('',#4099);
#4099 = AXIS2_PLACEMENT_3D('',#4100,#4101,#4102);
#4100 = CARTESIAN_POINT('',(87.765624150485,104.31192283025,13.));
#4101 = DIRECTION('',(-0.707106781187,-0.707106781187,1.110223024625E-16
    ));
#4102 = DIRECTION('',(0.707106781187,-0.707106781187,-4.4E-16));
#4103 = ADVANCED_FACE('',(#4104),#4120,.T.);
#4104 = FACE_BOUND('',#4105,.F.);
#4105 = EDGE_LOOP('',(#4106,#4107,#4113,#4114));
#4106 = ORIENTED_EDGE('',*,*,#996,.T.);
#4107 = ORIENTED_EDGE('',*,*,#4108,.T.);
#4108 = EDGE_CURVE('',#999,#1976,#4109,.T.);
#4109 = LINE('',#4110,#4111);
#4110 = CARTESIAN_POINT('',(96.180194846605,91.937554159486,13.));
#4111 = VECTOR('',#4112,1.);
#4112 = DIRECTION('',(-7.850462293419E-17,-7.850462293419E-17,-1.));
#4113 = ORIENTED_EDGE('',*,*,#1973,.F.);
#4114 = ORIENTED_EDGE('',*,*,#4115,.F.);
#4115 = EDGE_CURVE('',#997,#1974,#4116,.T.);
#4116 = LINE('',#4117,#4118);
#4117 = CARTESIAN_POINT('',(90.523340597113,97.594408408978,13.));
#4118 = VECTOR('',#4119,1.);
#4119 = DIRECTION('',(-7.850462293419E-17,-7.850462293419E-17,-1.));
#4120 = PLANE('',#4121);
#4121 = AXIS2_PLACEMENT_3D('',#4122,#4123,#4124);
#4122 = CARTESIAN_POINT('',(96.180194846605,91.937554159486,13.));
#4123 = DIRECTION('',(-0.707106781187,-0.707106781187,1.110223024625E-16
    ));
#4124 = DIRECTION('',(0.707106781187,-0.707106781187,-4.4E-16));
#4125 = ADVANCED_FACE('',(#4126),#4137,.T.);
#4126 = FACE_BOUND('',#4127,.F.);
#4127 = EDGE_LOOP('',(#4128,#4129,#4130,#4131));
#4128 = ORIENTED_EDGE('',*,*,#1054,.T.);
#4129 = ORIENTED_EDGE('',*,*,#4115,.T.);
#4130 = ORIENTED_EDGE('',*,*,#2031,.F.);
#4131 = ORIENTED_EDGE('',*,*,#4132,.F.);
#4132 = EDGE_CURVE('',#1047,#2024,#4133,.T.);
#4133 = LINE('',#4134,#4135);
#4134 = CARTESIAN_POINT('',(87.694913472367,97.594408408978,13.));
#4135 = VECTOR('',#4136,1.);
#4136 = DIRECTION('',(-7.850462293419E-17,-7.850462293419E-17,-1.));
#4137 = PLANE('',#4138);
#4138 = AXIS2_PLACEMENT_3D('',#4139,#4140,#4141);
#4139 = CARTESIAN_POINT('',(90.523340597113,97.594408408978,13.));
#4140 = DIRECTION('',(1.110223024625E-16,-1.,7.850462293419E-17));
#4141 = DIRECTION('',(1.,1.110223024625E-16,-2.385046229342E-16));
#4142 = ADVANCED_FACE('',(#4143),#4154,.T.);
#4143 = FACE_BOUND('',#4144,.F.);
#4144 = EDGE_LOOP('',(#4145,#4146,#4152,#4153));
#4145 = ORIENTED_EDGE('',*,*,#1006,.T.);
#4146 = ORIENTED_EDGE('',*,*,#4147,.T.);
#4147 = EDGE_CURVE('',#1007,#1984,#4148,.T.);
#4148 = LINE('',#4149,#4150);
#4149 = CARTESIAN_POINT('',(96.180194846605,89.10912703474,13.));
#4150 = VECTOR('',#4151,1.);
#4151 = DIRECTION('',(-7.850462293419E-17,-7.850462293419E-17,-1.));
#4152 = ORIENTED_EDGE('',*,*,#1983,.F.);
#4153 = ORIENTED_EDGE('',*,*,#4108,.F.);
#4154 = PLANE('',#4155);
#4155 = AXIS2_PLACEMENT_3D('',#4156,#4157,#4158);
#4156 = CARTESIAN_POINT('',(96.180194846605,89.10912703474,13.));
#4157 = DIRECTION('',(-1.,-1.110223024625E-16,7.850462293419E-17));
#4158 = DIRECTION('',(1.110223024625E-16,-1.,-3.914953770658E-16));
#4159 = ADVANCED_FACE('',(#4160),#4171,.T.);
#4160 = FACE_BOUND('',#4161,.F.);
#4161 = EDGE_LOOP('',(#4162,#4163,#4164,#4165));
#4162 = ORIENTED_EDGE('',*,*,#1046,.T.);
#4163 = ORIENTED_EDGE('',*,*,#4132,.T.);
#4164 = ORIENTED_EDGE('',*,*,#2023,.F.);
#4165 = ORIENTED_EDGE('',*,*,#4166,.F.);
#4166 = EDGE_CURVE('',#1039,#2016,#4167,.T.);
#4167 = LINE('',#4168,#4169);
#4168 = CARTESIAN_POINT('',(73.552777848636,83.452272785247,13.));
#4169 = VECTOR('',#4170,1.);
#4170 = DIRECTION('',(-7.850462293419E-17,-7.850462293419E-17,-1.));
#4171 = PLANE('',#4172);
#4172 = AXIS2_PLACEMENT_3D('',#4173,#4174,#4175);
#4173 = CARTESIAN_POINT('',(87.694913472367,97.594408408978,13.));
#4174 = DIRECTION('',(0.707106781187,-0.707106781187,-2.442490654175E-32
    ));
#4175 = DIRECTION('',(0.707106781187,0.707106781187,1.089776975375E-16)
  );
#4176 = ADVANCED_FACE('',(#4177),#4188,.T.);
#4177 = FACE_BOUND('',#4178,.F.);
#4178 = EDGE_LOOP('',(#4179,#4180,#4186,#4187));
#4179 = ORIENTED_EDGE('',*,*,#1014,.T.);
#4180 = ORIENTED_EDGE('',*,*,#4181,.T.);
#4181 = EDGE_CURVE('',#1015,#1992,#4182,.T.);
#4182 = LINE('',#4183,#4184);
#4183 = CARTESIAN_POINT('',(82.038059222874,74.966991411009,13.));
#4184 = VECTOR('',#4185,1.);
#4185 = DIRECTION('',(-7.850462293419E-17,-7.850462293419E-17,-1.));
#4186 = ORIENTED_EDGE('',*,*,#1991,.F.);
#4187 = ORIENTED_EDGE('',*,*,#4147,.F.);
#4188 = PLANE('',#4189);
#4189 = AXIS2_PLACEMENT_3D('',#4190,#4191,#4192);
#4190 = CARTESIAN_POINT('',(82.038059222874,74.966991411009,13.));
#4191 = DIRECTION('',(-0.707106781187,0.707106781187,2.442490654175E-32)
  );
#4192 = DIRECTION('',(-0.707106781187,-0.707106781187,
    -1.089776975375E-16));
#4193 = ADVANCED_FACE('',(#4194),#4205,.T.);
#4194 = FACE_BOUND('',#4195,.F.);
#4195 = EDGE_LOOP('',(#4196,#4197,#4198,#4199));
#4196 = ORIENTED_EDGE('',*,*,#1038,.T.);
#4197 = ORIENTED_EDGE('',*,*,#4166,.T.);
#4198 = ORIENTED_EDGE('',*,*,#2015,.F.);
#4199 = ORIENTED_EDGE('',*,*,#4200,.F.);
#4200 = EDGE_CURVE('',#1031,#2008,#4201,.T.);
#4201 = LINE('',#4202,#4203);
#4202 = CARTESIAN_POINT('',(73.552777848636,80.623845660501,13.));
#4203 = VECTOR('',#4204,1.);
#4204 = DIRECTION('',(-7.850462293419E-17,-7.850462293419E-17,-1.));
#4205 = PLANE('',#4206);
#4206 = AXIS2_PLACEMENT_3D('',#4207,#4208,#4209);
#4207 = CARTESIAN_POINT('',(73.552777848636,83.452272785247,13.));
#4208 = DIRECTION('',(1.,1.110223024625E-16,-7.850462293419E-17));
#4209 = DIRECTION('',(-1.110223024625E-16,1.,3.914953770658E-16));
#4210 = ADVANCED_FACE('',(#4211),#4222,.T.);
#4211 = FACE_BOUND('',#4212,.F.);
#4212 = EDGE_LOOP('',(#4213,#4214,#4220,#4221));
#4213 = ORIENTED_EDGE('',*,*,#1022,.T.);
#4214 = ORIENTED_EDGE('',*,*,#4215,.T.);
#4215 = EDGE_CURVE('',#1023,#2000,#4216,.T.);
#4216 = LINE('',#4217,#4218);
#4217 = CARTESIAN_POINT('',(79.209632098128,74.966991411009,13.));
#4218 = VECTOR('',#4219,1.);
#4219 = DIRECTION('',(-7.850462293419E-17,-7.850462293419E-17,-1.));
#4220 = ORIENTED_EDGE('',*,*,#1999,.F.);
#4221 = ORIENTED_EDGE('',*,*,#4181,.F.);
#4222 = PLANE('',#4223);
#4223 = AXIS2_PLACEMENT_3D('',#4224,#4225,#4226);
#4224 = CARTESIAN_POINT('',(79.209632098128,74.966991411009,13.));
#4225 = DIRECTION('',(-1.110223024625E-16,1.,-7.850462293419E-17));
#4226 = DIRECTION('',(-1.,-1.110223024625E-16,2.385046229342E-16));
#4227 = ADVANCED_FACE('',(#4228),#4234,.T.);
#4228 = FACE_BOUND('',#4229,.F.);
#4229 = EDGE_LOOP('',(#4230,#4231,#4232,#4233));
#4230 = ORIENTED_EDGE('',*,*,#1030,.T.);
#4231 = ORIENTED_EDGE('',*,*,#4200,.T.);
#4232 = ORIENTED_EDGE('',*,*,#2007,.F.);
#4233 = ORIENTED_EDGE('',*,*,#4215,.F.);
#4234 = PLANE('',#4235);
#4235 = AXIS2_PLACEMENT_3D('',#4236,#4237,#4238);
#4236 = CARTESIAN_POINT('',(73.552777848636,80.623845660501,13.));
#4237 = DIRECTION('',(0.707106781187,0.707106781187,-1.110223024625E-16)
  );
#4238 = DIRECTION('',(-0.707106781187,0.707106781187,4.4E-16));
#4239 = ADVANCED_FACE('',(#4240),#4256,.T.);
#4240 = FACE_BOUND('',#4241,.F.);
#4241 = EDGE_LOOP('',(#4242,#4243,#4249,#4250));
#4242 = ORIENTED_EDGE('',*,*,#1062,.T.);
#4243 = ORIENTED_EDGE('',*,*,#4244,.T.);
#4244 = EDGE_CURVE('',#1065,#2042,#4245,.T.);
#4245 = LINE('',#4246,#4247);
#4246 = CARTESIAN_POINT('',(73.552777848636,69.310137161517,13.));
#4247 = VECTOR('',#4248,1.);
#4248 = DIRECTION('',(-7.850462293419E-17,-7.850462293419E-17,-1.));
#4249 = ORIENTED_EDGE('',*,*,#2039,.F.);
#4250 = ORIENTED_EDGE('',*,*,#4251,.F.);
#4251 = EDGE_CURVE('',#1063,#2040,#4252,.T.);
#4252 = LINE('',#4253,#4254);
#4253 = CARTESIAN_POINT('',(67.895923599143,74.966991411009,13.));
#4254 = VECTOR('',#4255,1.);
#4255 = DIRECTION('',(-7.850462293419E-17,-7.850462293419E-17,-1.));
#4256 = PLANE('',#4257);
#4257 = AXIS2_PLACEMENT_3D('',#4258,#4259,#4260);
#4258 = CARTESIAN_POINT('',(73.552777848636,69.310137161517,13.));
#4259 = DIRECTION('',(-0.707106781187,-0.707106781187,1.110223024625E-16
    ));
#4260 = DIRECTION('',(0.707106781187,-0.707106781187,-4.4E-16));
#4261 = ADVANCED_FACE('',(#4262),#4273,.T.);
#4262 = FACE_BOUND('',#4263,.F.);
#4263 = EDGE_LOOP('',(#4264,#4265,#4266,#4267));
#4264 = ORIENTED_EDGE('',*,*,#1120,.T.);
#4265 = ORIENTED_EDGE('',*,*,#4251,.T.);
#4266 = ORIENTED_EDGE('',*,*,#2097,.F.);
#4267 = ORIENTED_EDGE('',*,*,#4268,.F.);
#4268 = EDGE_CURVE('',#1113,#2090,#4269,.T.);
#4269 = LINE('',#4270,#4271);
#4270 = CARTESIAN_POINT('',(65.067496474397,74.966991411009,13.));
#4271 = VECTOR('',#4272,1.);
#4272 = DIRECTION('',(-7.850462293419E-17,-7.850462293419E-17,-1.));
#4273 = PLANE('',#4274);
#4274 = AXIS2_PLACEMENT_3D('',#4275,#4276,#4277);
#4275 = CARTESIAN_POINT('',(67.895923599143,74.966991411009,13.));
#4276 = DIRECTION('',(1.110223024625E-16,-1.,7.850462293419E-17));
#4277 = DIRECTION('',(1.,1.110223024625E-16,-2.385046229342E-16));
#4278 = ADVANCED_FACE('',(#4279),#4290,.T.);
#4279 = FACE_BOUND('',#4280,.F.);
#4280 = EDGE_LOOP('',(#4281,#4282,#4288,#4289));
#4281 = ORIENTED_EDGE('',*,*,#1072,.T.);
#4282 = ORIENTED_EDGE('',*,*,#4283,.T.);
#4283 = EDGE_CURVE('',#1073,#2050,#4284,.T.);
#4284 = LINE('',#4285,#4286);
#4285 = CARTESIAN_POINT('',(73.552777848636,66.48171003677,13.));
#4286 = VECTOR('',#4287,1.);
#4287 = DIRECTION('',(-7.850462293419E-17,-7.850462293419E-17,-1.));
#4288 = ORIENTED_EDGE('',*,*,#2049,.F.);
#4289 = ORIENTED_EDGE('',*,*,#4244,.F.);
#4290 = PLANE('',#4291);
#4291 = AXIS2_PLACEMENT_3D('',#4292,#4293,#4294);
#4292 = CARTESIAN_POINT('',(73.552777848636,66.48171003677,13.));
#4293 = DIRECTION('',(-1.,-1.110223024625E-16,7.850462293419E-17));
#4294 = DIRECTION('',(1.110223024625E-16,-1.,-3.914953770658E-16));
#4295 = ADVANCED_FACE('',(#4296),#4307,.T.);
#4296 = FACE_BOUND('',#4297,.F.);
#4297 = EDGE_LOOP('',(#4298,#4299,#4300,#4301));
#4298 = ORIENTED_EDGE('',*,*,#1112,.T.);
#4299 = ORIENTED_EDGE('',*,*,#4268,.T.);
#4300 = ORIENTED_EDGE('',*,*,#2089,.F.);
#4301 = ORIENTED_EDGE('',*,*,#4302,.F.);
#4302 = EDGE_CURVE('',#1105,#2082,#4303,.T.);
#4303 = LINE('',#4304,#4305);
#4304 = CARTESIAN_POINT('',(50.925360850666,60.824855787278,13.));
#4305 = VECTOR('',#4306,1.);
#4306 = DIRECTION('',(-7.850462293419E-17,-7.850462293419E-17,-1.));
#4307 = PLANE('',#4308);
#4308 = AXIS2_PLACEMENT_3D('',#4309,#4310,#4311);
#4309 = CARTESIAN_POINT('',(65.067496474397,74.966991411009,13.));
#4310 = DIRECTION('',(0.707106781187,-0.707106781187,-2.442490654175E-32
    ));
#4311 = DIRECTION('',(0.707106781187,0.707106781187,1.089776975375E-16)
  );
#4312 = ADVANCED_FACE('',(#4313),#4324,.T.);
#4313 = FACE_BOUND('',#4314,.F.);
#4314 = EDGE_LOOP('',(#4315,#4316,#4322,#4323));
#4315 = ORIENTED_EDGE('',*,*,#1080,.T.);
#4316 = ORIENTED_EDGE('',*,*,#4317,.T.);
#4317 = EDGE_CURVE('',#1081,#2058,#4318,.T.);
#4318 = LINE('',#4319,#4320);
#4319 = CARTESIAN_POINT('',(59.410642224905,52.339574413039,13.));
#4320 = VECTOR('',#4321,1.);
#4321 = DIRECTION('',(-7.850462293419E-17,-7.850462293419E-17,-1.));
#4322 = ORIENTED_EDGE('',*,*,#2057,.F.);
#4323 = ORIENTED_EDGE('',*,*,#4283,.F.);
#4324 = PLANE('',#4325);
#4325 = AXIS2_PLACEMENT_3D('',#4326,#4327,#4328);
#4326 = CARTESIAN_POINT('',(59.410642224905,52.339574413039,13.));
#4327 = DIRECTION('',(-0.707106781187,0.707106781187,2.442490654175E-32)
  );
#4328 = DIRECTION('',(-0.707106781187,-0.707106781187,
    -1.089776975375E-16));
#4329 = ADVANCED_FACE('',(#4330),#4341,.T.);
#4330 = FACE_BOUND('',#4331,.F.);
#4331 = EDGE_LOOP('',(#4332,#4333,#4334,#4335));
#4332 = ORIENTED_EDGE('',*,*,#1104,.T.);
#4333 = ORIENTED_EDGE('',*,*,#4302,.T.);
#4334 = ORIENTED_EDGE('',*,*,#2081,.F.);
#4335 = ORIENTED_EDGE('',*,*,#4336,.F.);
#4336 = EDGE_CURVE('',#1097,#2074,#4337,.T.);
#4337 = LINE('',#4338,#4339);
#4338 = CARTESIAN_POINT('',(50.925360850666,57.996428662532,13.));
#4339 = VECTOR('',#4340,1.);
#4340 = DIRECTION('',(-7.850462293419E-17,-7.850462293419E-17,-1.));
#4341 = PLANE('',#4342);
#4342 = AXIS2_PLACEMENT_3D('',#4343,#4344,#4345);
#4343 = CARTESIAN_POINT('',(50.925360850666,60.824855787278,13.));
#4344 = DIRECTION('',(1.,1.110223024625E-16,-7.850462293419E-17));
#4345 = DIRECTION('',(-1.110223024625E-16,1.,3.914953770658E-16));
#4346 = ADVANCED_FACE('',(#4347),#4358,.T.);
#4347 = FACE_BOUND('',#4348,.F.);
#4348 = EDGE_LOOP('',(#4349,#4350,#4356,#4357));
#4349 = ORIENTED_EDGE('',*,*,#1088,.T.);
#4350 = ORIENTED_EDGE('',*,*,#4351,.T.);
#4351 = EDGE_CURVE('',#1089,#2066,#4352,.T.);
#4352 = LINE('',#4353,#4354);
#4353 = CARTESIAN_POINT('',(56.582215100159,52.339574413039,13.));
#4354 = VECTOR('',#4355,1.);
#4355 = DIRECTION('',(-7.850462293419E-17,-7.850462293419E-17,-1.));
#4356 = ORIENTED_EDGE('',*,*,#2065,.F.);
#4357 = ORIENTED_EDGE('',*,*,#4317,.F.);
#4358 = PLANE('',#4359);
#4359 = AXIS2_PLACEMENT_3D('',#4360,#4361,#4362);
#4360 = CARTESIAN_POINT('',(56.582215100159,52.339574413039,13.));
#4361 = DIRECTION('',(-1.110223024625E-16,1.,-7.850462293419E-17));
#4362 = DIRECTION('',(-1.,-1.110223024625E-16,2.385046229342E-16));
#4363 = ADVANCED_FACE('',(#4364),#4370,.T.);
#4364 = FACE_BOUND('',#4365,.F.);
#4365 = EDGE_LOOP('',(#4366,#4367,#4368,#4369));
#4366 = ORIENTED_EDGE('',*,*,#1096,.T.);
#4367 = ORIENTED_EDGE('',*,*,#4336,.T.);
#4368 = ORIENTED_EDGE('',*,*,#2073,.F.);
#4369 = ORIENTED_EDGE('',*,*,#4351,.F.);
#4370 = PLANE('',#4371);
#4371 = AXIS2_PLACEMENT_3D('',#4372,#4373,#4374);
#4372 = CARTESIAN_POINT('',(50.925360850666,57.996428662532,13.));
#4373 = DIRECTION('',(0.707106781187,0.707106781187,-1.110223024625E-16)
  );
#4374 = DIRECTION('',(-0.707106781187,0.707106781187,4.4E-16));
#4375 = ADVANCED_FACE('',(#4376),#4392,.T.);
#4376 = FACE_BOUND('',#4377,.F.);
#4377 = EDGE_LOOP('',(#4378,#4379,#4385,#4386));
#4378 = ORIENTED_EDGE('',*,*,#1128,.T.);
#4379 = ORIENTED_EDGE('',*,*,#4380,.T.);
#4380 = EDGE_CURVE('',#1131,#2108,#4381,.T.);
#4381 = LINE('',#4382,#4383);
#4382 = CARTESIAN_POINT('',(73.199224458043,101.90775977421,13.));
#4383 = VECTOR('',#4384,1.);
#4384 = DIRECTION('',(-7.850462293419E-17,-7.850462293419E-17,-1.));
#4385 = ORIENTED_EDGE('',*,*,#2105,.F.);
#4386 = ORIENTED_EDGE('',*,*,#4387,.F.);
#4387 = EDGE_CURVE('',#1129,#2106,#4388,.T.);
#4388 = LINE('',#4389,#4390);
#4389 = CARTESIAN_POINT('',(69.239426483398,97.947961799572,13.));
#4390 = VECTOR('',#4391,1.);
#4391 = DIRECTION('',(-7.850462293419E-17,-7.850462293419E-17,-1.));
#4392 = PLANE('',#4393);
#4393 = AXIS2_PLACEMENT_3D('',#4394,#4395,#4396);
#4394 = CARTESIAN_POINT('',(73.199224458043,101.90775977421,13.));
#4395 = DIRECTION('',(0.707106781187,-0.707106781187,-2.442490654175E-32
    ));
#4396 = DIRECTION('',(0.707106781187,0.707106781187,1.089776975375E-16)
  );
#4397 = ADVANCED_FACE('',(#4398),#4409,.T.);
#4398 = FACE_BOUND('',#4399,.F.);
#4399 = EDGE_LOOP('',(#4400,#4401,#4402,#4403));
#4400 = ORIENTED_EDGE('',*,*,#1154,.T.);
#4401 = ORIENTED_EDGE('',*,*,#4387,.T.);
#4402 = ORIENTED_EDGE('',*,*,#2131,.F.);
#4403 = ORIENTED_EDGE('',*,*,#4404,.F.);
#4404 = EDGE_CURVE('',#1147,#2124,#4405,.T.);
#4405 = LINE('',#4406,#4407);
#4406 = CARTESIAN_POINT('',(75.320544801602,91.866843481367,13.));
#4407 = VECTOR('',#4408,1.);
#4408 = DIRECTION('',(-7.850462293419E-17,-7.850462293419E-17,-1.));
#4409 = PLANE('',#4410);
#4410 = AXIS2_PLACEMENT_3D('',#4411,#4412,#4413);
#4411 = CARTESIAN_POINT('',(69.239426483398,97.947961799572,13.));
#4412 = DIRECTION('',(0.707106781187,0.707106781187,-1.110223024625E-16)
  );
#4413 = DIRECTION('',(-0.707106781187,0.707106781187,4.4E-16));
#4414 = ADVANCED_FACE('',(#4415),#4426,.T.);
#4415 = FACE_BOUND('',#4416,.F.);
#4416 = EDGE_LOOP('',(#4417,#4418,#4419,#4420));
#4417 = ORIENTED_EDGE('',*,*,#1146,.T.);
#4418 = ORIENTED_EDGE('',*,*,#4404,.T.);
#4419 = ORIENTED_EDGE('',*,*,#2123,.F.);
#4420 = ORIENTED_EDGE('',*,*,#4421,.F.);
#4421 = EDGE_CURVE('',#1139,#2116,#4422,.T.);
#4422 = LINE('',#4423,#4424);
#4423 = CARTESIAN_POINT('',(79.280342776247,95.826641456012,13.));
#4424 = VECTOR('',#4425,1.);
#4425 = DIRECTION('',(-7.850462293419E-17,-7.850462293419E-17,-1.));
#4426 = PLANE('',#4427);
#4427 = AXIS2_PLACEMENT_3D('',#4428,#4429,#4430);
#4428 = CARTESIAN_POINT('',(75.320544801602,91.866843481367,13.));
#4429 = DIRECTION('',(-0.707106781187,0.707106781187,2.442490654175E-32)
  );
#4430 = DIRECTION('',(-0.707106781187,-0.707106781187,
    -1.089776975375E-16));
#4431 = ADVANCED_FACE('',(#4432),#4438,.T.);
#4432 = FACE_BOUND('',#4433,.F.);
#4433 = EDGE_LOOP('',(#4434,#4435,#4436,#4437));
#4434 = ORIENTED_EDGE('',*,*,#1138,.T.);
#4435 = ORIENTED_EDGE('',*,*,#4421,.T.);
#4436 = ORIENTED_EDGE('',*,*,#2115,.F.);
#4437 = ORIENTED_EDGE('',*,*,#4380,.F.);
#4438 = PLANE('',#4439);
#4439 = AXIS2_PLACEMENT_3D('',#4440,#4441,#4442);
#4440 = CARTESIAN_POINT('',(79.280342776247,95.826641456012,13.));
#4441 = DIRECTION('',(-0.707106781187,-0.707106781187,1.110223024625E-16
    ));
#4442 = DIRECTION('',(0.707106781187,-0.707106781187,-4.4E-16));
#4443 = ADVANCED_FACE('',(#4444),#4460,.T.);
#4444 = FACE_BOUND('',#4445,.F.);
#4445 = EDGE_LOOP('',(#4446,#4447,#4453,#4454));
#4446 = ORIENTED_EDGE('',*,*,#1162,.T.);
#4447 = ORIENTED_EDGE('',*,*,#4448,.T.);
#4448 = EDGE_CURVE('',#1165,#2142,#4449,.T.);
#4449 = LINE('',#4450,#4451);
#4450 = CARTESIAN_POINT('',(64.713943083804,93.422478399978,13.));
#4451 = VECTOR('',#4452,1.);
#4452 = DIRECTION('',(-7.850462293419E-17,-7.850462293419E-17,-1.));
#4453 = ORIENTED_EDGE('',*,*,#2139,.F.);
#4454 = ORIENTED_EDGE('',*,*,#4455,.F.);
#4455 = EDGE_CURVE('',#1163,#2140,#4456,.T.);
#4456 = LINE('',#4457,#4458);
#4457 = CARTESIAN_POINT('',(60.754145109159,89.462680425333,13.));
#4458 = VECTOR('',#4459,1.);
#4459 = DIRECTION('',(-7.850462293419E-17,-7.850462293419E-17,-1.));
#4460 = PLANE('',#4461);
#4461 = AXIS2_PLACEMENT_3D('',#4462,#4463,#4464);
#4462 = CARTESIAN_POINT('',(64.713943083804,93.422478399978,13.));
#4463 = DIRECTION('',(0.707106781187,-0.707106781187,-2.442490654175E-32
    ));
#4464 = DIRECTION('',(0.707106781187,0.707106781187,1.089776975375E-16)
  );
#4465 = ADVANCED_FACE('',(#4466),#4477,.T.);
#4466 = FACE_BOUND('',#4467,.F.);
#4467 = EDGE_LOOP('',(#4468,#4469,#4470,#4471));
#4468 = ORIENTED_EDGE('',*,*,#1188,.T.);
#4469 = ORIENTED_EDGE('',*,*,#4455,.T.);
#4470 = ORIENTED_EDGE('',*,*,#2165,.F.);
#4471 = ORIENTED_EDGE('',*,*,#4472,.F.);
#4472 = EDGE_CURVE('',#1181,#2158,#4473,.T.);
#4473 = LINE('',#4474,#4475);
#4474 = CARTESIAN_POINT('',(66.835263427364,83.381562107129,13.));
#4475 = VECTOR('',#4476,1.);
#4476 = DIRECTION('',(-7.850462293419E-17,-7.850462293419E-17,-1.));
#4477 = PLANE('',#4478);
#4478 = AXIS2_PLACEMENT_3D('',#4479,#4480,#4481);
#4479 = CARTESIAN_POINT('',(60.754145109159,89.462680425333,13.));
#4480 = DIRECTION('',(0.707106781187,0.707106781187,-1.110223024625E-16)
  );
#4481 = DIRECTION('',(-0.707106781187,0.707106781187,4.4E-16));
#4482 = ADVANCED_FACE('',(#4483),#4494,.T.);
#4483 = FACE_BOUND('',#4484,.F.);
#4484 = EDGE_LOOP('',(#4485,#4486,#4487,#4488));
#4485 = ORIENTED_EDGE('',*,*,#1180,.T.);
#4486 = ORIENTED_EDGE('',*,*,#4472,.T.);
#4487 = ORIENTED_EDGE('',*,*,#2157,.F.);
#4488 = ORIENTED_EDGE('',*,*,#4489,.F.);
#4489 = EDGE_CURVE('',#1173,#2150,#4490,.T.);
#4490 = LINE('',#4491,#4492);
#4491 = CARTESIAN_POINT('',(70.795061402008,87.341360081773,13.));
#4492 = VECTOR('',#4493,1.);
#4493 = DIRECTION('',(-7.850462293419E-17,-7.850462293419E-17,-1.));
#4494 = PLANE('',#4495);
#4495 = AXIS2_PLACEMENT_3D('',#4496,#4497,#4498);
#4496 = CARTESIAN_POINT('',(66.835263427364,83.381562107129,13.));
#4497 = DIRECTION('',(-0.707106781187,0.707106781187,2.442490654175E-32)
  );
#4498 = DIRECTION('',(-0.707106781187,-0.707106781187,
    -1.089776975375E-16));
#4499 = ADVANCED_FACE('',(#4500),#4506,.T.);
#4500 = FACE_BOUND('',#4501,.F.);
#4501 = EDGE_LOOP('',(#4502,#4503,#4504,#4505));
#4502 = ORIENTED_EDGE('',*,*,#1172,.T.);
#4503 = ORIENTED_EDGE('',*,*,#4489,.T.);
#4504 = ORIENTED_EDGE('',*,*,#2149,.F.);
#4505 = ORIENTED_EDGE('',*,*,#4448,.F.);
#4506 = PLANE('',#4507);
#4507 = AXIS2_PLACEMENT_3D('',#4508,#4509,#4510);
#4508 = CARTESIAN_POINT('',(70.795061402008,87.341360081773,13.));
#4509 = DIRECTION('',(-0.707106781187,-0.707106781187,1.110223024625E-16
    ));
#4510 = DIRECTION('',(0.707106781187,-0.707106781187,-4.4E-16));
#4511 = ADVANCED_FACE('',(#4512),#4528,.T.);
#4512 = FACE_BOUND('',#4513,.F.);
#4513 = EDGE_LOOP('',(#4514,#4515,#4521,#4522));
#4514 = ORIENTED_EDGE('',*,*,#1196,.T.);
#4515 = ORIENTED_EDGE('',*,*,#4516,.T.);
#4516 = EDGE_CURVE('',#1199,#2176,#4517,.T.);
#4517 = LINE('',#4518,#4519);
#4518 = CARTESIAN_POINT('',(56.228661709565,84.937197025739,13.));
#4519 = VECTOR('',#4520,1.);
#4520 = DIRECTION('',(-7.850462293419E-17,-7.850462293419E-17,-1.));
#4521 = ORIENTED_EDGE('',*,*,#2173,.F.);
#4522 = ORIENTED_EDGE('',*,*,#4523,.F.);
#4523 = EDGE_CURVE('',#1197,#2174,#4524,.T.);
#4524 = LINE('',#4525,#4526);
#4525 = CARTESIAN_POINT('',(52.268863734921,80.977399051095,13.));
#4526 = VECTOR('',#4527,1.);
#4527 = DIRECTION('',(-7.850462293419E-17,-7.850462293419E-17,-1.));
#4528 = PLANE('',#4529);
#4529 = AXIS2_PLACEMENT_3D('',#4530,#4531,#4532);
#4530 = CARTESIAN_POINT('',(56.228661709565,84.937197025739,13.));
#4531 = DIRECTION('',(0.707106781187,-0.707106781187,-2.442490654175E-32
    ));
#4532 = DIRECTION('',(0.707106781187,0.707106781187,1.089776975375E-16)
  );
#4533 = ADVANCED_FACE('',(#4534),#4545,.T.);
#4534 = FACE_BOUND('',#4535,.F.);
#4535 = EDGE_LOOP('',(#4536,#4537,#4538,#4539));
#4536 = ORIENTED_EDGE('',*,*,#1222,.T.);
#4537 = ORIENTED_EDGE('',*,*,#4523,.T.);
#4538 = ORIENTED_EDGE('',*,*,#2199,.F.);
#4539 = ORIENTED_EDGE('',*,*,#4540,.F.);
#4540 = EDGE_CURVE('',#1215,#2192,#4541,.T.);
#4541 = LINE('',#4542,#4543);
#4542 = CARTESIAN_POINT('',(58.349982053125,74.89628073289,13.));
#4543 = VECTOR('',#4544,1.);
#4544 = DIRECTION('',(-7.850462293419E-17,-7.850462293419E-17,-1.));
#4545 = PLANE('',#4546);
#4546 = AXIS2_PLACEMENT_3D('',#4547,#4548,#4549);
#4547 = CARTESIAN_POINT('',(52.268863734921,80.977399051095,13.));
#4548 = DIRECTION('',(0.707106781187,0.707106781187,-1.110223024625E-16)
  );
#4549 = DIRECTION('',(-0.707106781187,0.707106781187,4.4E-16));
#4550 = ADVANCED_FACE('',(#4551),#4562,.T.);
#4551 = FACE_BOUND('',#4552,.F.);
#4552 = EDGE_LOOP('',(#4553,#4554,#4555,#4556));
#4553 = ORIENTED_EDGE('',*,*,#1214,.T.);
#4554 = ORIENTED_EDGE('',*,*,#4540,.T.);
#4555 = ORIENTED_EDGE('',*,*,#2191,.F.);
#4556 = ORIENTED_EDGE('',*,*,#4557,.F.);
#4557 = EDGE_CURVE('',#1207,#2184,#4558,.T.);
#4558 = LINE('',#4559,#4560);
#4559 = CARTESIAN_POINT('',(62.30978002777,78.856078707535,13.));
#4560 = VECTOR('',#4561,1.);
#4561 = DIRECTION('',(-7.850462293419E-17,-7.850462293419E-17,-1.));
#4562 = PLANE('',#4563);
#4563 = AXIS2_PLACEMENT_3D('',#4564,#4565,#4566);
#4564 = CARTESIAN_POINT('',(58.349982053125,74.89628073289,13.));
#4565 = DIRECTION('',(-0.707106781187,0.707106781187,2.442490654175E-32)
  );
#4566 = DIRECTION('',(-0.707106781187,-0.707106781187,
    -1.089776975375E-16));
#4567 = ADVANCED_FACE('',(#4568),#4574,.T.);
#4568 = FACE_BOUND('',#4569,.F.);
#4569 = EDGE_LOOP('',(#4570,#4571,#4572,#4573));
#4570 = ORIENTED_EDGE('',*,*,#1206,.T.);
#4571 = ORIENTED_EDGE('',*,*,#4557,.T.);
#4572 = ORIENTED_EDGE('',*,*,#2183,.F.);
#4573 = ORIENTED_EDGE('',*,*,#4516,.F.);
#4574 = PLANE('',#4575);
#4575 = AXIS2_PLACEMENT_3D('',#4576,#4577,#4578);
#4576 = CARTESIAN_POINT('',(62.30978002777,78.856078707535,13.));
#4577 = DIRECTION('',(-0.707106781187,-0.707106781187,1.110223024625E-16
    ));
#4578 = DIRECTION('',(0.707106781187,-0.707106781187,-4.4E-16));
#4579 = ADVANCED_FACE('',(#4580),#4596,.T.);
#4580 = FACE_BOUND('',#4581,.F.);
#4581 = EDGE_LOOP('',(#4582,#4583,#4589,#4590));
#4582 = ORIENTED_EDGE('',*,*,#1230,.T.);
#4583 = ORIENTED_EDGE('',*,*,#4584,.T.);
#4584 = EDGE_CURVE('',#1233,#2210,#4585,.T.);
#4585 = LINE('',#4586,#4587);
#4586 = CARTESIAN_POINT('',(47.743380335327,76.451915651501,13.));
#4587 = VECTOR('',#4588,1.);
#4588 = DIRECTION('',(-7.850462293419E-17,-7.850462293419E-17,-1.));
#4589 = ORIENTED_EDGE('',*,*,#2207,.F.);
#4590 = ORIENTED_EDGE('',*,*,#4591,.F.);
#4591 = EDGE_CURVE('',#1231,#2208,#4592,.T.);
#4592 = LINE('',#4593,#4594);
#4593 = CARTESIAN_POINT('',(43.783582360682,72.492117676856,13.));
#4594 = VECTOR('',#4595,1.);
#4595 = DIRECTION('',(-7.850462293419E-17,-7.850462293419E-17,-1.));
#4596 = PLANE('',#4597);
#4597 = AXIS2_PLACEMENT_3D('',#4598,#4599,#4600);
#4598 = CARTESIAN_POINT('',(47.743380335327,76.451915651501,13.));
#4599 = DIRECTION('',(0.707106781187,-0.707106781187,-2.442490654175E-32
    ));
#4600 = DIRECTION('',(0.707106781187,0.707106781187,1.089776975375E-16)
  );
#4601 = ADVANCED_FACE('',(#4602),#4613,.T.);
#4602 = FACE_BOUND('',#4603,.F.);
#4603 = EDGE_LOOP('',(#4604,#4605,#4606,#4607));
#4604 = ORIENTED_EDGE('',*,*,#1256,.T.);
#4605 = ORIENTED_EDGE('',*,*,#4591,.T.);
#4606 = ORIENTED_EDGE('',*,*,#2233,.F.);
#4607 = ORIENTED_EDGE('',*,*,#4608,.F.);
#4608 = EDGE_CURVE('',#1249,#2226,#4609,.T.);
#4609 = LINE('',#4610,#4611);
#4610 = CARTESIAN_POINT('',(49.864700678886,66.410999358652,13.));
#4611 = VECTOR('',#4612,1.);
#4612 = DIRECTION('',(-7.850462293419E-17,-7.850462293419E-17,-1.));
#4613 = PLANE('',#4614);
#4614 = AXIS2_PLACEMENT_3D('',#4615,#4616,#4617);
#4615 = CARTESIAN_POINT('',(43.783582360682,72.492117676856,13.));
#4616 = DIRECTION('',(0.707106781187,0.707106781187,-1.110223024625E-16)
  );
#4617 = DIRECTION('',(-0.707106781187,0.707106781187,4.4E-16));
#4618 = ADVANCED_FACE('',(#4619),#4630,.T.);
#4619 = FACE_BOUND('',#4620,.F.);
#4620 = EDGE_LOOP('',(#4621,#4622,#4623,#4624));
#4621 = ORIENTED_EDGE('',*,*,#1248,.T.);
#4622 = ORIENTED_EDGE('',*,*,#4608,.T.);
#4623 = ORIENTED_EDGE('',*,*,#2225,.F.);
#4624 = ORIENTED_EDGE('',*,*,#4625,.F.);
#4625 = EDGE_CURVE('',#1241,#2218,#4626,.T.);
#4626 = LINE('',#4627,#4628);
#4627 = CARTESIAN_POINT('',(53.824498653531,70.370797333296,13.));
#4628 = VECTOR('',#4629,1.);
#4629 = DIRECTION('',(-7.850462293419E-17,-7.850462293419E-17,-1.));
#4630 = PLANE('',#4631);
#4631 = AXIS2_PLACEMENT_3D('',#4632,#4633,#4634);
#4632 = CARTESIAN_POINT('',(49.864700678886,66.410999358652,13.));
#4633 = DIRECTION('',(-0.707106781187,0.707106781187,2.442490654175E-32)
  );
#4634 = DIRECTION('',(-0.707106781187,-0.707106781187,
    -1.089776975375E-16));
#4635 = ADVANCED_FACE('',(#4636),#4642,.T.);
#4636 = FACE_BOUND('',#4637,.F.);
#4637 = EDGE_LOOP('',(#4638,#4639,#4640,#4641));
#4638 = ORIENTED_EDGE('',*,*,#1240,.T.);
#4639 = ORIENTED_EDGE('',*,*,#4625,.T.);
#4640 = ORIENTED_EDGE('',*,*,#2217,.F.);
#4641 = ORIENTED_EDGE('',*,*,#4584,.F.);
#4642 = PLANE('',#4643);
#4643 = AXIS2_PLACEMENT_3D('',#4644,#4645,#4646);
#4644 = CARTESIAN_POINT('',(53.824498653531,70.370797333296,13.));
#4645 = DIRECTION('',(-0.707106781187,-0.707106781187,1.110223024625E-16
    ));
#4646 = DIRECTION('',(0.707106781187,-0.707106781187,-4.4E-16));
#4647 = ADVANCED_FACE('',(#4648),#4664,.T.);
#4648 = FACE_BOUND('',#4649,.F.);
#4649 = EDGE_LOOP('',(#4650,#4651,#4657,#4658));
#4650 = ORIENTED_EDGE('',*,*,#1264,.T.);
#4651 = ORIENTED_EDGE('',*,*,#4652,.T.);
#4652 = EDGE_CURVE('',#1267,#2244,#4653,.T.);
#4653 = LINE('',#4654,#4655);
#4654 = CARTESIAN_POINT('',(39.258098961088,67.966634277262,13.));
#4655 = VECTOR('',#4656,1.);
#4656 = DIRECTION('',(-7.850462293419E-17,-7.850462293419E-17,-1.));
#4657 = ORIENTED_EDGE('',*,*,#2241,.F.);
#4658 = ORIENTED_EDGE('',*,*,#4659,.F.);
#4659 = EDGE_CURVE('',#1265,#2242,#4660,.T.);
#4660 = LINE('',#4661,#4662);
#4661 = CARTESIAN_POINT('',(35.298300986444,64.006836302617,13.));
#4662 = VECTOR('',#4663,1.);
#4663 = DIRECTION('',(-7.850462293419E-17,-7.850462293419E-17,-1.));
#4664 = PLANE('',#4665);
#4665 = AXIS2_PLACEMENT_3D('',#4666,#4667,#4668);
#4666 = CARTESIAN_POINT('',(39.258098961088,67.966634277262,13.));
#4667 = DIRECTION('',(0.707106781187,-0.707106781187,-2.442490654175E-32
    ));
#4668 = DIRECTION('',(0.707106781187,0.707106781187,1.089776975375E-16)
  );
#4669 = ADVANCED_FACE('',(#4670),#4681,.T.);
#4670 = FACE_BOUND('',#4671,.F.);
#4671 = EDGE_LOOP('',(#4672,#4673,#4674,#4675));
#4672 = ORIENTED_EDGE('',*,*,#1290,.T.);
#4673 = ORIENTED_EDGE('',*,*,#4659,.T.);
#4674 = ORIENTED_EDGE('',*,*,#2267,.F.);
#4675 = ORIENTED_EDGE('',*,*,#4676,.F.);
#4676 = EDGE_CURVE('',#1283,#2260,#4677,.T.);
#4677 = LINE('',#4678,#4679);
#4678 = CARTESIAN_POINT('',(41.379419304648,57.925717984413,13.));
#4679 = VECTOR('',#4680,1.);
#4680 = DIRECTION('',(-7.850462293419E-17,-7.850462293419E-17,-1.));
#4681 = PLANE('',#4682);
#4682 = AXIS2_PLACEMENT_3D('',#4683,#4684,#4685);
#4683 = CARTESIAN_POINT('',(35.298300986444,64.006836302617,13.));
#4684 = DIRECTION('',(0.707106781187,0.707106781187,-1.110223024625E-16)
  );
#4685 = DIRECTION('',(-0.707106781187,0.707106781187,4.4E-16));
#4686 = ADVANCED_FACE('',(#4687),#4698,.T.);
#4687 = FACE_BOUND('',#4688,.F.);
#4688 = EDGE_LOOP('',(#4689,#4690,#4691,#4692));
#4689 = ORIENTED_EDGE('',*,*,#1282,.T.);
#4690 = ORIENTED_EDGE('',*,*,#4676,.T.);
#4691 = ORIENTED_EDGE('',*,*,#2259,.F.);
#4692 = ORIENTED_EDGE('',*,*,#4693,.F.);
#4693 = EDGE_CURVE('',#1275,#2252,#4694,.T.);
#4694 = LINE('',#4695,#4696);
#4695 = CARTESIAN_POINT('',(45.339217279293,61.885515959058,13.));
#4696 = VECTOR('',#4697,1.);
#4697 = DIRECTION('',(-7.850462293419E-17,-7.850462293419E-17,-1.));
#4698 = PLANE('',#4699);
#4699 = AXIS2_PLACEMENT_3D('',#4700,#4701,#4702);
#4700 = CARTESIAN_POINT('',(41.379419304648,57.925717984413,13.));
#4701 = DIRECTION('',(-0.707106781187,0.707106781187,2.442490654175E-32)
  );
#4702 = DIRECTION('',(-0.707106781187,-0.707106781187,
    -1.089776975375E-16));
#4703 = ADVANCED_FACE('',(#4704),#4710,.T.);
#4704 = FACE_BOUND('',#4705,.F.);
#4705 = EDGE_LOOP('',(#4706,#4707,#4708,#4709));
#4706 = ORIENTED_EDGE('',*,*,#1274,.T.);
#4707 = ORIENTED_EDGE('',*,*,#4693,.T.);
#4708 = ORIENTED_EDGE('',*,*,#2251,.F.);
#4709 = ORIENTED_EDGE('',*,*,#4652,.F.);
#4710 = PLANE('',#4711);
#4711 = AXIS2_PLACEMENT_3D('',#4712,#4713,#4714);
#4712 = CARTESIAN_POINT('',(45.339217279293,61.885515959058,13.));
#4713 = DIRECTION('',(-0.707106781187,-0.707106781187,1.110223024625E-16
    ));
#4714 = DIRECTION('',(0.707106781187,-0.707106781187,-4.4E-16));
#4715 = ADVANCED_FACE('',(#4716),#4727,.T.);
#4716 = FACE_BOUND('',#4717,.F.);
#4717 = EDGE_LOOP('',(#4718,#4719,#4720,#4721));
#4718 = ORIENTED_EDGE('',*,*,#2742,.T.);
#4719 = ORIENTED_EDGE('',*,*,#1417,.T.);
#4720 = ORIENTED_EDGE('',*,*,#2814,.T.);
#4721 = ORIENTED_EDGE('',*,*,#4722,.T.);
#4722 = EDGE_CURVE('',#2815,#2735,#4723,.T.);
#4723 = LINE('',#4724,#4725);
#4724 = CARTESIAN_POINT('',(131.53553390593,192.34671708797,3.));
#4725 = VECTOR('',#4726,1.);
#4726 = DIRECTION('',(0.707106781187,-0.707106781187,-0.));
#4727 = PLANE('',#4728);
#4728 = AXIS2_PLACEMENT_3D('',#4729,#4730,#4731);
#4729 = CARTESIAN_POINT('',(138.60660171779,185.27564927611,1.5));
#4730 = DIRECTION('',(-0.707106781187,-0.707106781187,1.110223024625E-16
    ));
#4731 = DIRECTION('',(7.850462293419E-17,7.850462293419E-17,1.));
#4732 = ADVANCED_FACE('',(#4733),#4740,.F.);
#4733 = FACE_BOUND('',#4734,.T.);
#4734 = EDGE_LOOP('',(#4735,#4736,#4737,#4738,#4739));
#4735 = ORIENTED_EDGE('',*,*,#2791,.F.);
#4736 = ORIENTED_EDGE('',*,*,#2822,.T.);
#4737 = ORIENTED_EDGE('',*,*,#4722,.T.);
#4738 = ORIENTED_EDGE('',*,*,#2734,.F.);
#4739 = ORIENTED_EDGE('',*,*,#2767,.F.);
#4740 = PLANE('',#4741);
#4741 = AXIS2_PLACEMENT_3D('',#4742,#4743,#4744);
#4742 = CARTESIAN_POINT('',(142.84924240491,203.66042558696,3.));
#4743 = DIRECTION('',(-7.850462293419E-17,-7.850462293419E-17,-1.));
#4744 = DIRECTION('',(-0.707106781187,0.707106781187,0.));
#4745 = ( GEOMETRIC_REPRESENTATION_CONTEXT(3) 
GLOBAL_UNCERTAINTY_ASSIGNED_CONTEXT((#4749)) 
GLOBAL_UNIT_ASSIGNED_CONTEXT((#4746,#4747,#4748)) REPRESENTATION_CONTEXT
('Context #1','3D Context with UNIT and UNCERTAINTY') );
#4746 = ( LENGTH_UNIT() NAMED_UNIT(*) SI_UNIT(.MILLI.,.METRE.) );
#4747 = ( NAMED_UNIT(*) PLANE_ANGLE_UNIT() SI_UNIT($,.RADIAN.) );
#4748 = ( NAMED_UNIT(*) SI_UNIT($,.STERADIAN.) SOLID_ANGLE_UNIT() );
#4749 = UNCERTAINTY_MEASURE_WITH_UNIT(LENGTH_MEASURE(1.E-04),#4746,
  'distance_accuracy_value','confusion accuracy');
#4750 = PRODUCT_RELATED_PRODUCT_CATEGORY('part',$,(#7));
ENDSEC;
END-ISO-10303-21;
