ISO-10303-21;
HEADER;
FILE_DESCRIPTION(('FreeCAD Model'),'2;1');
FILE_NAME('Open CASCADE Shape Model','2026-09-07T20:42:50',('Author'),(
    ''),'Open CASCADE STEP processor 7.8','FreeCAD','Unknown');
FILE_SCHEMA(('AUTOMOTIVE_DESIGN { 1 0 10303 214 1 1 1 1 }'));
ENDSEC;
DATA;
#1 = APPLICATION_PROTOCOL_DEFINITION('international standard',
  'automotive_design',2000,#2);
#2 = APPLICATION_CONTEXT(
  'core data for automotive mechanical design processes');
#3 = SHAPE_DEFINITION_REPRESENTATION(#4,#10);
#4 = PRODUCT_DEFINITION_SHAPE('','',#5);
#5 = PRODUCT_DEFINITION('design','',#6,#9);
#6 = PRODUCT_DEFINITION_FORMATION('','',#7);
#7 = PRODUCT('04 right fan duct (installed)',
  '04 right fan duct (installed)','',(#8));
#8 = PRODUCT_CONTEXT('',#2,'mechanical');
#9 = PRODUCT_DEFINITION_CONTEXT('part definition',#2,'design');
#10 = ADVANCED_BREP_SHAPE_REPRESENTATION('',(#11,#15),#3542);
#11 = AXIS2_PLACEMENT_3D('',#12,#13,#14);
#12 = CARTESIAN_POINT('',(0.,0.,0.));
#13 = DIRECTION('',(0.,0.,1.));
#14 = DIRECTION('',(1.,0.,-0.));
#15 = MANIFOLD_SOLID_BREP('',#16);
#16 = CLOSED_SHELL('',(#17,#57,#109,#152,#219,#230,#279,#350,#381,#430,
    #473,#511,#540,#605,#634,#654,#716,#741,#774,#799,#828,#857,#890,
    #907,#940,#952,#964,#989,#1006,#1032,#1057,#1086,#1115,#1144,#1193,
    #1225,#1366,#1460,#1501,#1587,#1628,#1650,#1667,#1707,#1738,#1778,
    #1809,#1849,#1861,#1988,#2012,#2068,#2085,#2109,#2165,#2189,#2206,
    #2230,#2247,#2260,#2272,#2284,#2301,#2313,#2330,#2347,#2364,#2381,
    #2393,#2504,#2513,#2569,#2600,#2624,#2648,#2665,#2677,#2699,#2721,
    #2733,#2751,#2775,#2833,#2907,#2931,#2955,#3104,#3121,#3133,#3155,
    #3172,#3205,#3256,#3287,#3311,#3335,#3352,#3376,#3400,#3424,#3448,
    #3465,#3482,#3497,#3511,#3529));
#17 = ADVANCED_FACE('',(#18),#52,.T.);
#18 = FACE_BOUND('',#19,.T.);
#19 = EDGE_LOOP('',(#20,#30,#38,#46));
#20 = ORIENTED_EDGE('',*,*,#21,.F.);
#21 = EDGE_CURVE('',#22,#24,#26,.T.);
#22 = VERTEX_POINT('',#23);
#23 = CARTESIAN_POINT('',(3.210446983182,111.,-40.));
#24 = VERTEX_POINT('',#25);
#25 = CARTESIAN_POINT('',(3.210446983183,109.58578643762,-41.41421356237
    ));
#26 = LINE('',#27,#28);
#27 = CARTESIAN_POINT('',(3.210446983183,108.01219330882,-42.98780669118
    ));
#28 = VECTOR('',#29,1.);
#29 = DIRECTION('',(0.,-0.707106781187,-0.707106781187));
#30 = ORIENTED_EDGE('',*,*,#31,.F.);
#31 = EDGE_CURVE('',#32,#22,#34,.T.);
#32 = VERTEX_POINT('',#33);
#33 = CARTESIAN_POINT('',(6.789553016818,111.,-40.));
#34 = LINE('',#35,#36);
#35 = CARTESIAN_POINT('',(140.,111.,-40.));
#36 = VECTOR('',#37,1.);
#37 = DIRECTION('',(-1.,0.,0.));
#38 = ORIENTED_EDGE('',*,*,#39,.T.);
#39 = EDGE_CURVE('',#32,#40,#42,.T.);
#40 = VERTEX_POINT('',#41);
#41 = CARTESIAN_POINT('',(6.789553016817,109.58578643762,-41.41421356237
    ));
#42 = LINE('',#43,#44);
#43 = CARTESIAN_POINT('',(6.789553016817,108.01219330882,-42.98780669118
    ));
#44 = VECTOR('',#45,1.);
#45 = DIRECTION('',(0.,-0.707106781187,-0.707106781187));
#46 = ORIENTED_EDGE('',*,*,#47,.T.);
#47 = EDGE_CURVE('',#40,#24,#48,.T.);
#48 = LINE('',#49,#50);
#49 = CARTESIAN_POINT('',(138.,109.58578643762,-41.41421356237));
#50 = VECTOR('',#51,1.);
#51 = DIRECTION('',(-1.,0.,0.));
#52 = PLANE('',#53);
#53 = AXIS2_PLACEMENT_3D('',#54,#55,#56);
#54 = CARTESIAN_POINT('',(5.,110.29289321881,-40.70710678118));
#55 = DIRECTION('',(2.6E-16,0.707106781187,-0.707106781187));
#56 = DIRECTION('',(0.,-0.707106781187,-0.707106781187));
#57 = ADVANCED_FACE('',(#58),#104,.T.);
#58 = FACE_BOUND('',#59,.T.);
#59 = EDGE_LOOP('',(#60,#71,#80,#89,#96,#97));
#60 = ORIENTED_EDGE('',*,*,#61,.F.);
#61 = EDGE_CURVE('',#62,#64,#66,.T.);
#62 = VERTEX_POINT('',#63);
#63 = CARTESIAN_POINT('',(5.5,106.2530833906,-40.52111986311));
#64 = VERTEX_POINT('',#65);
#65 = CARTESIAN_POINT('',(7.05,108.47045739284,-41.11532904478));
#66 = ELLIPSE('',#67,2.367098376838,2.05);
#67 = AXIS2_PLACEMENT_3D('',#68,#69,#70);
#68 = CARTESIAN_POINT('',(5.,108.47045739284,-41.11532904478));
#69 = DIRECTION('',(-0.,0.258845710453,0.965918680935));
#70 = DIRECTION('',(0.,-0.965918680935,0.258845710453));
#71 = ORIENTED_EDGE('',*,*,#72,.F.);
#72 = EDGE_CURVE('',#73,#62,#75,.T.);
#73 = VERTEX_POINT('',#74);
#74 = CARTESIAN_POINT('',(3.,107.96855932269,-40.98083101186));
#75 = ELLIPSE('',#76,2.367098376838,2.05);
#76 = AXIS2_PLACEMENT_3D('',#77,#78,#79);
#77 = CARTESIAN_POINT('',(5.,108.47045739284,-41.11532904478));
#78 = DIRECTION('',(-0.,0.258845710453,0.965918680935));
#79 = DIRECTION('',(0.,-0.965918680935,0.258845710453));
#80 = ORIENTED_EDGE('',*,*,#81,.F.);
#81 = EDGE_CURVE('',#82,#73,#84,.T.);
#82 = VERTEX_POINT('',#83);
#83 = CARTESIAN_POINT('',(3.,108.97235546299,-41.24982707769));
#84 = ELLIPSE('',#85,2.367098376838,2.05);
#85 = AXIS2_PLACEMENT_3D('',#86,#87,#88);
#86 = CARTESIAN_POINT('',(5.,108.47045739284,-41.11532904478));
#87 = DIRECTION('',(-0.,0.258845710453,0.965918680935));
#88 = DIRECTION('',(0.,-0.965918680935,0.258845710453));
#89 = ORIENTED_EDGE('',*,*,#90,.F.);
#90 = EDGE_CURVE('',#24,#82,#91,.T.);
#91 = ELLIPSE('',#92,2.367098376838,2.05);
#92 = AXIS2_PLACEMENT_3D('',#93,#94,#95);
#93 = CARTESIAN_POINT('',(5.,108.47045739284,-41.11532904478));
#94 = DIRECTION('',(-0.,0.258845710453,0.965918680935));
#95 = DIRECTION('',(0.,-0.965918680935,0.258845710453));
#96 = ORIENTED_EDGE('',*,*,#47,.F.);
#97 = ORIENTED_EDGE('',*,*,#98,.F.);
#98 = EDGE_CURVE('',#64,#40,#99,.T.);
#99 = ELLIPSE('',#100,2.367098376838,2.05);
#100 = AXIS2_PLACEMENT_3D('',#101,#102,#103);
#101 = CARTESIAN_POINT('',(5.,108.47045739284,-41.11532904478));
#102 = DIRECTION('',(-0.,0.258845710453,0.965918680935));
#103 = DIRECTION('',(0.,-0.965918680935,0.258845710453));
#104 = PLANE('',#105);
#105 = AXIS2_PLACEMENT_3D('',#106,#107,#108);
#106 = CARTESIAN_POINT('',(5.001162018482,108.14082144488,
    -41.02699360534));
#107 = DIRECTION('',(-0.,-0.258845710453,-0.965918680935));
#108 = DIRECTION('',(0.,-0.965918680935,0.258845710453));
#109 = ADVANCED_FACE('',(#110),#147,.T.);
#110 = FACE_BOUND('',#111,.T.);
#111 = EDGE_LOOP('',(#112,#123,#130,#131,#140));
#112 = ORIENTED_EDGE('',*,*,#113,.T.);
#113 = EDGE_CURVE('',#114,#116,#118,.T.);
#114 = VERTEX_POINT('',#115);
#115 = CARTESIAN_POINT('',(5.5,107.66384467399,-39.11035857973));
#116 = VERTEX_POINT('',#117);
#117 = CARTESIAN_POINT('',(7.05,109.88351560865,-39.70227082897));
#118 = ELLIPSE('',#119,2.368774827379,2.05);
#119 = AXIS2_PLACEMENT_3D('',#120,#121,#122);
#120 = CARTESIAN_POINT('',(5.,109.88351560865,-39.70227082897));
#121 = DIRECTION('',(-0.,0.25766265056,0.966234939601));
#122 = DIRECTION('',(0.,-0.966234939601,0.25766265056));
#123 = ORIENTED_EDGE('',*,*,#124,.T.);
#124 = EDGE_CURVE('',#116,#32,#125,.T.);
#125 = ELLIPSE('',#126,2.368774827379,2.05);
#126 = AXIS2_PLACEMENT_3D('',#127,#128,#129);
#127 = CARTESIAN_POINT('',(5.,109.88351560865,-39.70227082897));
#128 = DIRECTION('',(-0.,0.25766265056,0.966234939601));
#129 = DIRECTION('',(0.,-0.966234939601,0.25766265056));
#130 = ORIENTED_EDGE('',*,*,#31,.T.);
#131 = ORIENTED_EDGE('',*,*,#132,.T.);
#132 = EDGE_CURVE('',#22,#133,#135,.T.);
#133 = VERTEX_POINT('',#134);
#134 = CARTESIAN_POINT('',(3.043070785091,110.56532845518,
    -39.88408758804));
#135 = ELLIPSE('',#136,2.368774827379,2.05);
#136 = AXIS2_PLACEMENT_3D('',#137,#138,#139);
#137 = CARTESIAN_POINT('',(5.,109.88351560865,-39.70227082897));
#138 = DIRECTION('',(-0.,0.25766265056,0.966234939601));
#139 = DIRECTION('',(0.,-0.966234939601,0.25766265056));
#140 = ORIENTED_EDGE('',*,*,#141,.T.);
#141 = EDGE_CURVE('',#133,#114,#142,.T.);
#142 = ELLIPSE('',#143,2.368774827379,2.05);
#143 = AXIS2_PLACEMENT_3D('',#144,#145,#146);
#144 = CARTESIAN_POINT('',(5.,109.88351560865,-39.70227082897));
#145 = DIRECTION('',(-0.,0.25766265056,0.966234939601));
#146 = DIRECTION('',(0.,-0.966234939601,0.25766265056));
#147 = PLANE('',#148);
#148 = AXIS2_PLACEMENT_3D('',#149,#150,#151);
#149 = CARTESIAN_POINT('',(5.019402304356,109.56414942167,
    -39.61710651244));
#150 = DIRECTION('',(0.,0.25766265056,0.966234939601));
#151 = DIRECTION('',(0.,0.966234939601,-0.25766265056));
#152 = ADVANCED_FACE('',(#153),#214,.F.);
#153 = FACE_BOUND('',#154,.T.);
#154 = EDGE_LOOP('',(#155,#156,#157,#158,#165,#174,#183,#190,#191,#192,
    #193,#194,#201,#208,#209,#210,#211,#212,#213));
#155 = ORIENTED_EDGE('',*,*,#81,.T.);
#156 = ORIENTED_EDGE('',*,*,#72,.T.);
#157 = ORIENTED_EDGE('',*,*,#61,.T.);
#158 = ORIENTED_EDGE('',*,*,#159,.T.);
#159 = EDGE_CURVE('',#64,#160,#162,.T.);
#160 = VERTEX_POINT('',#161);
#161 = CARTESIAN_POINT('',(7.05,107.30508652763,-42.28069990999));
#162 = B_SPLINE_CURVE_WITH_KNOTS('',1,(#163,#164),.UNSPECIFIED.,.F.,.F.,
  (2,2),(-1.648083282779,0.),.PIECEWISE_BEZIER_KNOTS.);
#163 = CARTESIAN_POINT('',(7.05,108.47045739284,-41.11532904478));
#164 = CARTESIAN_POINT('',(7.05,107.30508652763,-42.28069990999));
#165 = ORIENTED_EDGE('',*,*,#166,.F.);
#166 = EDGE_CURVE('',#167,#160,#169,.T.);
#167 = VERTEX_POINT('',#168);
#168 = CARTESIAN_POINT('',(3.,106.98688847609,-41.96250185846));
#169 = CIRCLE('',#170,2.05);
#170 = AXIS2_PLACEMENT_3D('',#171,#172,#173);
#171 = CARTESIAN_POINT('',(5.,107.30508652763,-42.28069990999));
#172 = DIRECTION('',(-0.,0.707106781187,0.707106781187));
#173 = DIRECTION('',(1.,0.,0.));
#174 = ORIENTED_EDGE('',*,*,#175,.F.);
#175 = EDGE_CURVE('',#176,#167,#178,.T.);
#176 = VERTEX_POINT('',#177);
#177 = CARTESIAN_POINT('',(3.,107.62328457916,-42.59889796152));
#178 = CIRCLE('',#179,2.05);
#179 = AXIS2_PLACEMENT_3D('',#180,#181,#182);
#180 = CARTESIAN_POINT('',(5.,107.30508652763,-42.28069990999));
#181 = DIRECTION('',(-0.,0.707106781187,0.707106781187));
#182 = DIRECTION('',(1.,0.,0.));
#183 = ORIENTED_EDGE('',*,*,#184,.F.);
#184 = EDGE_CURVE('',#160,#176,#185,.T.);
#185 = CIRCLE('',#186,2.05);
#186 = AXIS2_PLACEMENT_3D('',#187,#188,#189);
#187 = CARTESIAN_POINT('',(5.,107.30508652763,-42.28069990999));
#188 = DIRECTION('',(-0.,0.707106781187,0.707106781187));
#189 = DIRECTION('',(1.,0.,0.));
#190 = ORIENTED_EDGE('',*,*,#159,.F.);
#191 = ORIENTED_EDGE('',*,*,#98,.T.);
#192 = ORIENTED_EDGE('',*,*,#39,.F.);
#193 = ORIENTED_EDGE('',*,*,#124,.F.);
#194 = ORIENTED_EDGE('',*,*,#195,.F.);
#195 = EDGE_CURVE('',#196,#116,#198,.T.);
#196 = VERTEX_POINT('',#197);
#197 = CARTESIAN_POINT('',(7.05,112.74980874277,-36.83597769485));
#198 = B_SPLINE_CURVE_WITH_KNOTS('',1,(#199,#200),.UNSPECIFIED.,.F.,.F.,
  (2,2),(-7.7,-3.646449375995),.PIECEWISE_BEZIER_KNOTS.);
#199 = CARTESIAN_POINT('',(7.05,112.74980874277,-36.83597769485));
#200 = CARTESIAN_POINT('',(7.05,109.88351560865,-39.70227082897));
#201 = ORIENTED_EDGE('',*,*,#202,.F.);
#202 = EDGE_CURVE('',#196,#196,#203,.T.);
#203 = CIRCLE('',#204,2.05);
#204 = AXIS2_PLACEMENT_3D('',#205,#206,#207);
#205 = CARTESIAN_POINT('',(5.,112.74980874277,-36.83597769485));
#206 = DIRECTION('',(0.,-0.707106781187,-0.707106781187));
#207 = DIRECTION('',(1.,0.,0.));
#208 = ORIENTED_EDGE('',*,*,#195,.T.);
#209 = ORIENTED_EDGE('',*,*,#113,.F.);
#210 = ORIENTED_EDGE('',*,*,#141,.F.);
#211 = ORIENTED_EDGE('',*,*,#132,.F.);
#212 = ORIENTED_EDGE('',*,*,#21,.T.);
#213 = ORIENTED_EDGE('',*,*,#90,.T.);
#214 = CYLINDRICAL_SURFACE('',#215,2.05);
#215 = AXIS2_PLACEMENT_3D('',#216,#217,#218);
#216 = CARTESIAN_POINT('',(5.,107.30508652763,-42.28069990999));
#217 = DIRECTION('',(0.,-0.707106781187,-0.707106781187));
#218 = DIRECTION('',(1.,0.,0.));
#219 = ADVANCED_FACE('',(#220),#225,.T.);
#220 = FACE_BOUND('',#221,.T.);
#221 = EDGE_LOOP('',(#222,#223,#224));
#222 = ORIENTED_EDGE('',*,*,#184,.T.);
#223 = ORIENTED_EDGE('',*,*,#175,.T.);
#224 = ORIENTED_EDGE('',*,*,#166,.T.);
#225 = PLANE('',#226);
#226 = AXIS2_PLACEMENT_3D('',#227,#228,#229);
#227 = CARTESIAN_POINT('',(4.983143487444,107.30508652763,
    -42.28069990999));
#228 = DIRECTION('',(-4.9E-16,0.707106781187,0.707106781187));
#229 = DIRECTION('',(0.,-0.707106781187,0.707106781187));
#230 = ADVANCED_FACE('',(#231),#274,.T.);
#231 = FACE_BOUND('',#232,.T.);
#232 = EDGE_LOOP('',(#233,#243,#251,#259,#268));
#233 = ORIENTED_EDGE('',*,*,#234,.F.);
#234 = EDGE_CURVE('',#235,#237,#239,.T.);
#235 = VERTEX_POINT('',#236);
#236 = CARTESIAN_POINT('',(5.,101.77848312416,-39.32202193922));
#237 = VERTEX_POINT('',#238);
#238 = CARTESIAN_POINT('',(11.,101.77848312416,-39.32202193922));
#239 = LINE('',#240,#241);
#240 = CARTESIAN_POINT('',(72.,101.77848312416,-39.32202193922));
#241 = VECTOR('',#242,1.);
#242 = DIRECTION('',(1.,0.,0.));
#243 = ORIENTED_EDGE('',*,*,#244,.T.);
#244 = EDGE_CURVE('',#235,#245,#247,.T.);
#245 = VERTEX_POINT('',#246);
#246 = CARTESIAN_POINT('',(5.,98.819805153395,-42.28069990999));
#247 = LINE('',#248,#249);
#248 = CARTESIAN_POINT('',(5.,109.42640687119,-31.67409819219));
#249 = VECTOR('',#250,1.);
#250 = DIRECTION('',(0.,-0.707106781187,-0.707106781187));
#251 = ORIENTED_EDGE('',*,*,#252,.T.);
#252 = EDGE_CURVE('',#245,#253,#255,.T.);
#253 = VERTEX_POINT('',#254);
#254 = CARTESIAN_POINT('',(9.,98.819805153395,-42.28069990999));
#255 = LINE('',#256,#257);
#256 = CARTESIAN_POINT('',(3.,98.819805153395,-42.28069990999));
#257 = VECTOR('',#258,1.);
#258 = DIRECTION('',(1.,0.,0.));
#259 = ORIENTED_EDGE('',*,*,#260,.T.);
#260 = EDGE_CURVE('',#253,#261,#263,.T.);
#261 = VERTEX_POINT('',#262);
#262 = CARTESIAN_POINT('',(11.,100.23401871576,-40.86648634762));
#263 = CIRCLE('',#264,2.);
#264 = AXIS2_PLACEMENT_3D('',#265,#266,#267);
#265 = CARTESIAN_POINT('',(9.,100.23401871576,-40.86648634762));
#266 = DIRECTION('',(0.,-0.707106781187,0.707106781187));
#267 = DIRECTION('',(1.89E-15,-0.707106781187,-0.707106781187));
#268 = ORIENTED_EDGE('',*,*,#269,.T.);
#269 = EDGE_CURVE('',#261,#237,#270,.T.);
#270 = LINE('',#271,#272);
#271 = CARTESIAN_POINT('',(11.,100.23401871576,-40.86648634762));
#272 = VECTOR('',#273,1.);
#273 = DIRECTION('',(-1.8E-16,0.707106781187,0.707106781187));
#274 = PLANE('',#275);
#275 = AXIS2_PLACEMENT_3D('',#276,#277,#278);
#276 = CARTESIAN_POINT('',(6.,103.7695526217,-37.33095244168));
#277 = DIRECTION('',(0.,-0.707106781187,0.707106781187));
#278 = DIRECTION('',(1.,0.,0.));
#279 = ADVANCED_FACE('',(#280),#345,.T.);
#280 = FACE_BOUND('',#281,.T.);
#281 = EDGE_LOOP('',(#282,#292,#300,#306,#307,#315,#323,#331,#339));
#282 = ORIENTED_EDGE('',*,*,#283,.T.);
#283 = EDGE_CURVE('',#284,#286,#288,.T.);
#284 = VERTEX_POINT('',#285);
#285 = CARTESIAN_POINT('',(11.,113.38620484583,-42.7049639787));
#286 = VERTEX_POINT('',#287);
#287 = CARTESIAN_POINT('',(11.,110.84062043356,-40.15937956643));
#288 = LINE('',#289,#290);
#289 = CARTESIAN_POINT('',(11.,113.38620484583,-42.7049639787));
#290 = VECTOR('',#291,1.);
#291 = DIRECTION('',(0.,-0.707106781187,0.707106781187));
#292 = ORIENTED_EDGE('',*,*,#293,.T.);
#293 = EDGE_CURVE('',#286,#294,#296,.T.);
#294 = VERTEX_POINT('',#295);
#295 = CARTESIAN_POINT('',(11.,109.58578643762,-41.41421356237));
#296 = LINE('',#297,#298);
#297 = CARTESIAN_POINT('',(11.,46.39506059685,-104.6049394031));
#298 = VECTOR('',#299,1.);
#299 = DIRECTION('',(0.,-0.707106781187,-0.707106781187));
#300 = ORIENTED_EDGE('',*,*,#301,.F.);
#301 = EDGE_CURVE('',#237,#294,#302,.T.);
#302 = LINE('',#303,#304);
#303 = CARTESIAN_POINT('',(11.,73.979683568978,-31.87253352718));
#304 = VECTOR('',#305,1.);
#305 = DIRECTION('',(0.,0.965918680935,-0.258845710453));
#306 = ORIENTED_EDGE('',*,*,#269,.F.);
#307 = ORIENTED_EDGE('',*,*,#308,.F.);
#308 = EDGE_CURVE('',#309,#261,#311,.T.);
#309 = VERTEX_POINT('',#310);
#310 = CARTESIAN_POINT('',(11.,105.18376618407,-45.81623381592));
#311 = LINE('',#312,#313);
#312 = CARTESIAN_POINT('',(11.,109.42640687119,-50.05887450304));
#313 = VECTOR('',#314,1.);
#314 = DIRECTION('',(0.,-0.707106781187,0.707106781187));
#315 = ORIENTED_EDGE('',*,*,#316,.F.);
#316 = EDGE_CURVE('',#317,#309,#319,.T.);
#317 = VERTEX_POINT('',#318);
#318 = CARTESIAN_POINT('',(11.,24.414213562373,-126.5857864376));
#319 = LINE('',#320,#321);
#320 = CARTESIAN_POINT('',(11.,88.920310216783,-62.07968978321));
#321 = VECTOR('',#322,1.);
#322 = DIRECTION('',(0.,0.707106781187,0.707106781187));
#323 = ORIENTED_EDGE('',*,*,#324,.F.);
#324 = EDGE_CURVE('',#325,#317,#327,.T.);
#325 = VERTEX_POINT('',#326);
#326 = CARTESIAN_POINT('',(11.,23.159379566434,-127.8406204335));
#327 = LINE('',#328,#329);
#328 = CARTESIAN_POINT('',(11.,88.920310216783,-62.07968978321));
#329 = VECTOR('',#330,1.);
#330 = DIRECTION('',(0.,0.707106781187,0.707106781187));
#331 = ORIENTED_EDGE('',*,*,#332,.F.);
#332 = EDGE_CURVE('',#333,#325,#335,.T.);
#333 = VERTEX_POINT('',#334);
#334 = CARTESIAN_POINT('',(11.,25.704963978706,-130.3862048458));
#335 = LINE('',#336,#337);
#336 = CARTESIAN_POINT('',(11.,25.704963978706,-130.3862048458));
#337 = VECTOR('',#338,1.);
#338 = DIRECTION('',(0.,-0.707106781187,0.707106781187));
#339 = ORIENTED_EDGE('',*,*,#340,.F.);
#340 = EDGE_CURVE('',#284,#333,#341,.T.);
#341 = LINE('',#342,#343);
#342 = CARTESIAN_POINT('',(11.,113.38620484583,-42.7049639787));
#343 = VECTOR('',#344,1.);
#344 = DIRECTION('',(0.,-0.707106781187,-0.707106781187));
#345 = PLANE('',#346);
#346 = AXIS2_PLACEMENT_3D('',#347,#348,#349);
#347 = CARTESIAN_POINT('',(11.,70.671054078198,-82.09081169079));
#348 = DIRECTION('',(1.,0.,0.));
#349 = DIRECTION('',(0.,-0.707106781187,0.707106781187));
#350 = ADVANCED_FACE('',(#351),#376,.T.);
#351 = FACE_BOUND('',#352,.T.);
#352 = EDGE_LOOP('',(#353,#354,#362,#370));
#353 = ORIENTED_EDGE('',*,*,#293,.F.);
#354 = ORIENTED_EDGE('',*,*,#355,.T.);
#355 = EDGE_CURVE('',#286,#356,#358,.T.);
#356 = VERTEX_POINT('',#357);
#357 = CARTESIAN_POINT('',(130.,110.84062043356,-40.15937956643));
#358 = LINE('',#359,#360);
#359 = CARTESIAN_POINT('',(100.25,110.84062043356,-40.15937956643));
#360 = VECTOR('',#361,1.);
#361 = DIRECTION('',(1.,0.,0.));
#362 = ORIENTED_EDGE('',*,*,#363,.F.);
#363 = EDGE_CURVE('',#364,#356,#366,.T.);
#364 = VERTEX_POINT('',#365);
#365 = CARTESIAN_POINT('',(130.,109.58578643762,-41.41421356237));
#366 = LINE('',#367,#368);
#367 = CARTESIAN_POINT('',(130.,46.39506059685,-104.6049394031));
#368 = VECTOR('',#369,1.);
#369 = DIRECTION('',(0.,0.707106781187,0.707106781187));
#370 = ORIENTED_EDGE('',*,*,#371,.T.);
#371 = EDGE_CURVE('',#364,#294,#372,.T.);
#372 = LINE('',#373,#374);
#373 = CARTESIAN_POINT('',(138.,109.58578643762,-41.41421356237));
#374 = VECTOR('',#375,1.);
#375 = DIRECTION('',(-1.,0.,0.));
#376 = PLANE('',#377);
#377 = AXIS2_PLACEMENT_3D('',#378,#379,#380);
#378 = CARTESIAN_POINT('',(1.,23.,-128.));
#379 = DIRECTION('',(0.,0.707106781187,-0.707106781187));
#380 = DIRECTION('',(0.745021878904,0.471668527652,0.471668527652));
#381 = ADVANCED_FACE('',(#382),#425,.T.);
#382 = FACE_BOUND('',#383,.T.);
#383 = EDGE_LOOP('',(#384,#394,#402,#410,#418));
#384 = ORIENTED_EDGE('',*,*,#385,.T.);
#385 = EDGE_CURVE('',#386,#388,#390,.T.);
#386 = VERTEX_POINT('',#387);
#387 = CARTESIAN_POINT('',(130.,105.18376618407,-45.81623381592));
#388 = VERTEX_POINT('',#389);
#389 = CARTESIAN_POINT('',(130.,24.414213562373,-126.5857864376));
#390 = LINE('',#391,#392);
#391 = CARTESIAN_POINT('',(130.,45.079689783217,-105.9203102167));
#392 = VECTOR('',#393,1.);
#393 = DIRECTION('',(0.,-0.707106781187,-0.707106781187));
#394 = ORIENTED_EDGE('',*,*,#395,.T.);
#395 = EDGE_CURVE('',#388,#396,#398,.T.);
#396 = VERTEX_POINT('',#397);
#397 = CARTESIAN_POINT('',(138.,24.414213562373,-126.5857864376));
#398 = LINE('',#399,#400);
#399 = CARTESIAN_POINT('',(3.,24.414213562373,-126.5857864376));
#400 = VECTOR('',#401,1.);
#401 = DIRECTION('',(1.,0.,0.));
#402 = ORIENTED_EDGE('',*,*,#403,.T.);
#403 = EDGE_CURVE('',#396,#404,#406,.T.);
#404 = VERTEX_POINT('',#405);
#405 = CARTESIAN_POINT('',(138.,103.7695526217,-47.2304473783));
#406 = LINE('',#407,#408);
#407 = CARTESIAN_POINT('',(138.,24.414213562373,-126.5857864376));
#408 = VECTOR('',#409,1.);
#409 = DIRECTION('',(0.,0.707106781187,0.707106781187));
#410 = ORIENTED_EDGE('',*,*,#411,.T.);
#411 = EDGE_CURVE('',#404,#412,#414,.T.);
#412 = VERTEX_POINT('',#413);
#413 = CARTESIAN_POINT('',(132.,103.7695526217,-47.23044737829));
#414 = LINE('',#415,#416);
#415 = CARTESIAN_POINT('',(101.25,103.7695526217,-47.23044737829));
#416 = VECTOR('',#417,1.);
#417 = DIRECTION('',(-1.,0.,0.));
#418 = ORIENTED_EDGE('',*,*,#419,.T.);
#419 = EDGE_CURVE('',#412,#386,#420,.T.);
#420 = CIRCLE('',#421,2.);
#421 = AXIS2_PLACEMENT_3D('',#422,#423,#424);
#422 = CARTESIAN_POINT('',(132.,105.18376618407,-45.81623381592));
#423 = DIRECTION('',(0.,0.707106781187,-0.707106781187));
#424 = DIRECTION('',(-1.,1.01328401744E-14,1.01328401744E-14));
#425 = PLANE('',#426);
#426 = AXIS2_PLACEMENT_3D('',#427,#428,#429);
#427 = CARTESIAN_POINT('',(70.5,67.,-84.));
#428 = DIRECTION('',(0.,-0.707106781187,0.707106781187));
#429 = DIRECTION('',(1.,0.,0.));
#430 = ADVANCED_FACE('',(#431),#468,.F.);
#431 = FACE_BOUND('',#432,.F.);
#432 = EDGE_LOOP('',(#433,#441,#447,#448,#455,#463));
#433 = ORIENTED_EDGE('',*,*,#434,.T.);
#434 = EDGE_CURVE('',#435,#317,#437,.T.);
#435 = VERTEX_POINT('',#436);
#436 = CARTESIAN_POINT('',(3.,24.414213562373,-126.5857864376));
#437 = LINE('',#438,#439);
#438 = CARTESIAN_POINT('',(3.,24.414213562373,-126.5857864376));
#439 = VECTOR('',#440,1.);
#440 = DIRECTION('',(1.,0.,0.));
#441 = ORIENTED_EDGE('',*,*,#442,.T.);
#442 = EDGE_CURVE('',#317,#388,#443,.T.);
#443 = LINE('',#444,#445);
#444 = CARTESIAN_POINT('',(3.,24.414213562373,-126.5857864376));
#445 = VECTOR('',#446,1.);
#446 = DIRECTION('',(1.,0.,0.));
#447 = ORIENTED_EDGE('',*,*,#395,.T.);
#448 = ORIENTED_EDGE('',*,*,#449,.T.);
#449 = EDGE_CURVE('',#396,#450,#452,.T.);
#450 = VERTEX_POINT('',#451);
#451 = CARTESIAN_POINT('',(138.,9.489138881293,-78.66490996849));
#452 = B_SPLINE_CURVE_WITH_KNOTS('',1,(#453,#454),.UNSPECIFIED.,.F.,.F.,
  (2,2),(0.,1.),.PIECEWISE_BEZIER_KNOTS.);
#453 = CARTESIAN_POINT('',(138.,24.414213562373,-126.5857864376));
#454 = CARTESIAN_POINT('',(138.,9.489138881293,-78.66490996849));
#455 = ORIENTED_EDGE('',*,*,#456,.F.);
#456 = EDGE_CURVE('',#457,#450,#459,.T.);
#457 = VERTEX_POINT('',#458);
#458 = CARTESIAN_POINT('',(3.,9.489138881293,-78.66490996849));
#459 = LINE('',#460,#461);
#460 = CARTESIAN_POINT('',(3.,9.489138881293,-78.66490996849));
#461 = VECTOR('',#462,1.);
#462 = DIRECTION('',(1.,0.,0.));
#463 = ORIENTED_EDGE('',*,*,#464,.F.);
#464 = EDGE_CURVE('',#435,#457,#465,.T.);
#465 = B_SPLINE_CURVE_WITH_KNOTS('',1,(#466,#467),.UNSPECIFIED.,.F.,.F.,
  (2,2),(0.,1.),.PIECEWISE_BEZIER_KNOTS.);
#466 = CARTESIAN_POINT('',(3.,24.414213562373,-126.5857864376));
#467 = CARTESIAN_POINT('',(3.,9.489138881293,-78.66490996849));
#468 = PLANE('',#469);
#469 = AXIS2_PLACEMENT_3D('',#470,#471,#472);
#470 = CARTESIAN_POINT('',(3.,9.489138881293,-78.66490996849));
#471 = DIRECTION('',(0.,-0.954764285431,-0.29736368182));
#472 = DIRECTION('',(1.,0.,0.));
#473 = ADVANCED_FACE('',(#474),#506,.F.);
#474 = FACE_BOUND('',#475,.F.);
#475 = EDGE_LOOP('',(#476,#486,#493,#501));
#476 = ORIENTED_EDGE('',*,*,#477,.T.);
#477 = EDGE_CURVE('',#478,#480,#482,.T.);
#478 = VERTEX_POINT('',#479);
#479 = CARTESIAN_POINT('',(138.,64.510861118707,-29.3350900315));
#480 = VERTEX_POINT('',#481);
#481 = CARTESIAN_POINT('',(3.,64.510861118707,-29.3350900315));
#482 = LINE('',#483,#484);
#483 = CARTESIAN_POINT('',(138.,64.510861118707,-29.3350900315));
#484 = VECTOR('',#485,1.);
#485 = DIRECTION('',(-1.,0.,0.));
#486 = ORIENTED_EDGE('',*,*,#487,.T.);
#487 = EDGE_CURVE('',#480,#488,#490,.T.);
#488 = VERTEX_POINT('',#489);
#489 = CARTESIAN_POINT('',(3.,40.329165835512,-11.09923300295));
#490 = B_SPLINE_CURVE_WITH_KNOTS('',1,(#491,#492),.UNSPECIFIED.,.F.,.F.,
  (2,2),(0.,1.),.PIECEWISE_BEZIER_KNOTS.);
#491 = CARTESIAN_POINT('',(3.,64.510861118707,-29.3350900315));
#492 = CARTESIAN_POINT('',(3.,40.329165835512,-11.09923300295));
#493 = ORIENTED_EDGE('',*,*,#494,.F.);
#494 = EDGE_CURVE('',#495,#488,#497,.T.);
#495 = VERTEX_POINT('',#496);
#496 = CARTESIAN_POINT('',(138.,40.329165835512,-11.09923300295));
#497 = LINE('',#498,#499);
#498 = CARTESIAN_POINT('',(138.,40.329165835512,-11.09923300295));
#499 = VECTOR('',#500,1.);
#500 = DIRECTION('',(-1.,0.,0.));
#501 = ORIENTED_EDGE('',*,*,#502,.F.);
#502 = EDGE_CURVE('',#478,#495,#503,.T.);
#503 = B_SPLINE_CURVE_WITH_KNOTS('',1,(#504,#505),.UNSPECIFIED.,.F.,.F.,
  (2,2),(0.,1.),.PIECEWISE_BEZIER_KNOTS.);
#504 = CARTESIAN_POINT('',(138.,64.510861118707,-29.3350900315));
#505 = CARTESIAN_POINT('',(138.,40.329165835512,-11.09923300295));
#506 = PLANE('',#507);
#507 = AXIS2_PLACEMENT_3D('',#508,#509,#510);
#508 = CARTESIAN_POINT('',(138.,40.329165835512,-11.09923300295));
#509 = DIRECTION('',(0.,0.602102286297,0.798418960719));
#510 = DIRECTION('',(-1.,0.,0.));
#511 = ADVANCED_FACE('',(#512),#535,.F.);
#512 = FACE_BOUND('',#513,.F.);
#513 = EDGE_LOOP('',(#514,#515,#522,#530));
#514 = ORIENTED_EDGE('',*,*,#494,.T.);
#515 = ORIENTED_EDGE('',*,*,#516,.T.);
#516 = EDGE_CURVE('',#488,#517,#519,.T.);
#517 = VERTEX_POINT('',#518);
#518 = CARTESIAN_POINT('',(3.,38.,0.));
#519 = B_SPLINE_CURVE_WITH_KNOTS('',1,(#520,#521),.UNSPECIFIED.,.F.,.F.,
  (2,2),(0.,1.),.PIECEWISE_BEZIER_KNOTS.);
#520 = CARTESIAN_POINT('',(3.,40.329165835512,-11.09923300295));
#521 = CARTESIAN_POINT('',(3.,38.,0.));
#522 = ORIENTED_EDGE('',*,*,#523,.F.);
#523 = EDGE_CURVE('',#524,#517,#526,.T.);
#524 = VERTEX_POINT('',#525);
#525 = CARTESIAN_POINT('',(138.,38.,0.));
#526 = LINE('',#527,#528);
#527 = CARTESIAN_POINT('',(138.,38.,0.));
#528 = VECTOR('',#529,1.);
#529 = DIRECTION('',(-1.,0.,0.));
#530 = ORIENTED_EDGE('',*,*,#531,.F.);
#531 = EDGE_CURVE('',#495,#524,#532,.T.);
#532 = B_SPLINE_CURVE_WITH_KNOTS('',1,(#533,#534),.UNSPECIFIED.,.F.,.F.,
  (2,2),(0.,1.),.PIECEWISE_BEZIER_KNOTS.);
#533 = CARTESIAN_POINT('',(138.,40.329165835512,-11.09923300295));
#534 = CARTESIAN_POINT('',(138.,38.,0.));
#535 = PLANE('',#536);
#536 = AXIS2_PLACEMENT_3D('',#537,#538,#539);
#537 = CARTESIAN_POINT('',(138.,38.,0.));
#538 = DIRECTION('',(0.,0.978683158413,0.205375936856));
#539 = DIRECTION('',(-1.,0.,0.));
#540 = ADVANCED_FACE('',(#541,#575),#600,.F.);
#541 = FACE_BOUND('',#542,.F.);
#542 = EDGE_LOOP('',(#543,#553,#561,#569));
#543 = ORIENTED_EDGE('',*,*,#544,.F.);
#544 = EDGE_CURVE('',#545,#547,#549,.T.);
#545 = VERTEX_POINT('',#546);
#546 = CARTESIAN_POINT('',(1.,4.,0.));
#547 = VERTEX_POINT('',#548);
#548 = CARTESIAN_POINT('',(140.,4.,0.));
#549 = LINE('',#550,#551);
#550 = CARTESIAN_POINT('',(1.,4.,0.));
#551 = VECTOR('',#552,1.);
#552 = DIRECTION('',(1.,0.,0.));
#553 = ORIENTED_EDGE('',*,*,#554,.F.);
#554 = EDGE_CURVE('',#555,#545,#557,.T.);
#555 = VERTEX_POINT('',#556);
#556 = CARTESIAN_POINT('',(1.,40.,0.));
#557 = LINE('',#558,#559);
#558 = CARTESIAN_POINT('',(1.,40.,0.));
#559 = VECTOR('',#560,1.);
#560 = DIRECTION('',(0.,-1.,0.));
#561 = ORIENTED_EDGE('',*,*,#562,.F.);
#562 = EDGE_CURVE('',#563,#555,#565,.T.);
#563 = VERTEX_POINT('',#564);
#564 = CARTESIAN_POINT('',(140.,40.,0.));
#565 = LINE('',#566,#567);
#566 = CARTESIAN_POINT('',(140.,40.,0.));
#567 = VECTOR('',#568,1.);
#568 = DIRECTION('',(-1.,0.,0.));
#569 = ORIENTED_EDGE('',*,*,#570,.F.);
#570 = EDGE_CURVE('',#547,#563,#571,.T.);
#571 = LINE('',#572,#573);
#572 = CARTESIAN_POINT('',(140.,4.,0.));
#573 = VECTOR('',#574,1.);
#574 = DIRECTION('',(0.,1.,0.));
#575 = FACE_BOUND('',#576,.F.);
#576 = EDGE_LOOP('',(#577,#585,#593,#599));
#577 = ORIENTED_EDGE('',*,*,#578,.T.);
#578 = EDGE_CURVE('',#517,#579,#581,.T.);
#579 = VERTEX_POINT('',#580);
#580 = CARTESIAN_POINT('',(3.,6.,0.));
#581 = LINE('',#582,#583);
#582 = CARTESIAN_POINT('',(3.,38.,0.));
#583 = VECTOR('',#584,1.);
#584 = DIRECTION('',(0.,-1.,0.));
#585 = ORIENTED_EDGE('',*,*,#586,.T.);
#586 = EDGE_CURVE('',#579,#587,#589,.T.);
#587 = VERTEX_POINT('',#588);
#588 = CARTESIAN_POINT('',(138.,6.,0.));
#589 = LINE('',#590,#591);
#590 = CARTESIAN_POINT('',(3.,6.,0.));
#591 = VECTOR('',#592,1.);
#592 = DIRECTION('',(1.,0.,0.));
#593 = ORIENTED_EDGE('',*,*,#594,.T.);
#594 = EDGE_CURVE('',#587,#524,#595,.T.);
#595 = LINE('',#596,#597);
#596 = CARTESIAN_POINT('',(138.,6.,0.));
#597 = VECTOR('',#598,1.);
#598 = DIRECTION('',(0.,1.,0.));
#599 = ORIENTED_EDGE('',*,*,#523,.T.);
#600 = PLANE('',#601);
#601 = AXIS2_PLACEMENT_3D('',#602,#603,#604);
#602 = CARTESIAN_POINT('',(1.,4.,0.));
#603 = DIRECTION('',(0.,0.,-1.));
#604 = DIRECTION('',(0.968059530201,0.250720453865,0.));
#605 = ADVANCED_FACE('',(#606),#629,.F.);
#606 = FACE_BOUND('',#607,.F.);
#607 = EDGE_LOOP('',(#608,#618,#623,#624));
#608 = ORIENTED_EDGE('',*,*,#609,.T.);
#609 = EDGE_CURVE('',#610,#612,#614,.T.);
#610 = VERTEX_POINT('',#611);
#611 = CARTESIAN_POINT('',(3.,5.670834164488,-33.90076699704));
#612 = VERTEX_POINT('',#613);
#613 = CARTESIAN_POINT('',(138.,5.670834164488,-33.90076699704));
#614 = LINE('',#615,#616);
#615 = CARTESIAN_POINT('',(3.,5.670834164488,-33.90076699704));
#616 = VECTOR('',#617,1.);
#617 = DIRECTION('',(1.,0.,0.));
#618 = ORIENTED_EDGE('',*,*,#619,.T.);
#619 = EDGE_CURVE('',#612,#587,#620,.T.);
#620 = B_SPLINE_CURVE_WITH_KNOTS('',1,(#621,#622),.UNSPECIFIED.,.F.,.F.,
  (2,2),(0.,1.),.PIECEWISE_BEZIER_KNOTS.);
#621 = CARTESIAN_POINT('',(138.,5.670834164488,-33.90076699704));
#622 = CARTESIAN_POINT('',(138.,6.,0.));
#623 = ORIENTED_EDGE('',*,*,#586,.F.);
#624 = ORIENTED_EDGE('',*,*,#625,.F.);
#625 = EDGE_CURVE('',#610,#579,#626,.T.);
#626 = B_SPLINE_CURVE_WITH_KNOTS('',1,(#627,#628),.UNSPECIFIED.,.F.,.F.,
  (2,2),(0.,1.),.PIECEWISE_BEZIER_KNOTS.);
#627 = CARTESIAN_POINT('',(3.,5.670834164488,-33.90076699704));
#628 = CARTESIAN_POINT('',(3.,6.,0.));
#629 = PLANE('',#630);
#630 = AXIS2_PLACEMENT_3D('',#631,#632,#633);
#631 = CARTESIAN_POINT('',(3.,6.,0.));
#632 = DIRECTION('',(0.,-0.999952864322,9.709229295198E-03));
#633 = DIRECTION('',(1.,0.,0.));
#634 = ADVANCED_FACE('',(#635),#649,.F.);
#635 = FACE_BOUND('',#636,.F.);
#636 = EDGE_LOOP('',(#637,#638,#643,#644));
#637 = ORIENTED_EDGE('',*,*,#456,.T.);
#638 = ORIENTED_EDGE('',*,*,#639,.T.);
#639 = EDGE_CURVE('',#450,#612,#640,.T.);
#640 = B_SPLINE_CURVE_WITH_KNOTS('',1,(#641,#642),.UNSPECIFIED.,.F.,.F.,
  (2,2),(0.,1.),.PIECEWISE_BEZIER_KNOTS.);
#641 = CARTESIAN_POINT('',(138.,9.489138881293,-78.66490996849));
#642 = CARTESIAN_POINT('',(138.,5.670834164488,-33.90076699704));
#643 = ORIENTED_EDGE('',*,*,#609,.F.);
#644 = ORIENTED_EDGE('',*,*,#645,.F.);
#645 = EDGE_CURVE('',#457,#610,#646,.T.);
#646 = B_SPLINE_CURVE_WITH_KNOTS('',1,(#647,#648),.UNSPECIFIED.,.F.,.F.,
  (2,2),(0.,1.),.PIECEWISE_BEZIER_KNOTS.);
#647 = CARTESIAN_POINT('',(3.,9.489138881293,-78.66490996849));
#648 = CARTESIAN_POINT('',(3.,5.670834164488,-33.90076699704));
#649 = PLANE('',#650);
#650 = AXIS2_PLACEMENT_3D('',#651,#652,#653);
#651 = CARTESIAN_POINT('',(3.,5.670834164488,-33.90076699704));
#652 = DIRECTION('',(0.,-0.996381832974,-8.498966360219E-02));
#653 = DIRECTION('',(1.,0.,0.));
#654 = ADVANCED_FACE('',(#655),#711,.T.);
#655 = FACE_BOUND('',#656,.T.);
#656 = EDGE_LOOP('',(#657,#667,#675,#681,#682,#690,#698,#704,#705));
#657 = ORIENTED_EDGE('',*,*,#658,.F.);
#658 = EDGE_CURVE('',#659,#661,#663,.T.);
#659 = VERTEX_POINT('',#660);
#660 = CARTESIAN_POINT('',(130.,25.704963978706,-130.3862048458));
#661 = VERTEX_POINT('',#662);
#662 = CARTESIAN_POINT('',(130.,113.38620484583,-42.7049639787));
#663 = LINE('',#664,#665);
#664 = CARTESIAN_POINT('',(130.,25.704963978706,-130.3862048458));
#665 = VECTOR('',#666,1.);
#666 = DIRECTION('',(0.,0.707106781187,0.707106781187));
#667 = ORIENTED_EDGE('',*,*,#668,.T.);
#668 = EDGE_CURVE('',#659,#669,#671,.T.);
#669 = VERTEX_POINT('',#670);
#670 = CARTESIAN_POINT('',(130.,23.159379566434,-127.8406204335));
#671 = LINE('',#672,#673);
#672 = CARTESIAN_POINT('',(130.,25.704963978706,-130.3862048458));
#673 = VECTOR('',#674,1.);
#674 = DIRECTION('',(0.,-0.707106781187,0.707106781187));
#675 = ORIENTED_EDGE('',*,*,#676,.F.);
#676 = EDGE_CURVE('',#388,#669,#677,.T.);
#677 = LINE('',#678,#679);
#678 = CARTESIAN_POINT('',(130.,45.079689783217,-105.9203102167));
#679 = VECTOR('',#680,1.);
#680 = DIRECTION('',(0.,-0.707106781187,-0.707106781187));
#681 = ORIENTED_EDGE('',*,*,#385,.F.);
#682 = ORIENTED_EDGE('',*,*,#683,.T.);
#683 = EDGE_CURVE('',#386,#684,#686,.T.);
#684 = VERTEX_POINT('',#685);
#685 = CARTESIAN_POINT('',(130.,100.23401871576,-40.86648634762));
#686 = LINE('',#687,#688);
#687 = CARTESIAN_POINT('',(130.,109.42640687119,-50.05887450304));
#688 = VECTOR('',#689,1.);
#689 = DIRECTION('',(0.,-0.707106781187,0.707106781187));
#690 = ORIENTED_EDGE('',*,*,#691,.F.);
#691 = EDGE_CURVE('',#692,#684,#694,.T.);
#692 = VERTEX_POINT('',#693);
#693 = CARTESIAN_POINT('',(130.,101.77848312416,-39.32202193922));
#694 = LINE('',#695,#696);
#695 = CARTESIAN_POINT('',(130.,107.30508652763,-33.79541853575));
#696 = VECTOR('',#697,1.);
#697 = DIRECTION('',(2.84E-15,-0.707106781187,-0.707106781187));
#698 = ORIENTED_EDGE('',*,*,#699,.F.);
#699 = EDGE_CURVE('',#364,#692,#700,.T.);
#700 = LINE('',#701,#702);
#701 = CARTESIAN_POINT('',(130.,73.979683568978,-31.87253352718));
#702 = VECTOR('',#703,1.);
#703 = DIRECTION('',(-8.6E-16,-0.965918680935,0.258845710453));
#704 = ORIENTED_EDGE('',*,*,#363,.T.);
#705 = ORIENTED_EDGE('',*,*,#706,.F.);
#706 = EDGE_CURVE('',#661,#356,#707,.T.);
#707 = LINE('',#708,#709);
#708 = CARTESIAN_POINT('',(130.,113.38620484583,-42.7049639787));
#709 = VECTOR('',#710,1.);
#710 = DIRECTION('',(0.,-0.707106781187,0.707106781187));
#711 = PLANE('',#712);
#712 = AXIS2_PLACEMENT_3D('',#713,#714,#715);
#713 = CARTESIAN_POINT('',(130.,70.671054078198,-82.09081169079));
#714 = DIRECTION('',(-1.,7.000357133747E-16,-7.000357133747E-16));
#715 = DIRECTION('',(9.9E-16,0.707106781187,-0.707106781187));
#716 = ADVANCED_FACE('',(#717),#736,.T.);
#717 = FACE_BOUND('',#718,.F.);
#718 = EDGE_LOOP('',(#719,#720,#721,#730));
#719 = ORIENTED_EDGE('',*,*,#419,.T.);
#720 = ORIENTED_EDGE('',*,*,#683,.T.);
#721 = ORIENTED_EDGE('',*,*,#722,.T.);
#722 = EDGE_CURVE('',#684,#723,#725,.T.);
#723 = VERTEX_POINT('',#724);
#724 = CARTESIAN_POINT('',(132.,98.819805153395,-42.28069990999));
#725 = CIRCLE('',#726,2.);
#726 = AXIS2_PLACEMENT_3D('',#727,#728,#729);
#727 = CARTESIAN_POINT('',(132.,100.23401871576,-40.86648634762));
#728 = DIRECTION('',(0.,-0.707106781187,0.707106781187));
#729 = DIRECTION('',(-1.,1.01328401744E-14,1.01328401744E-14));
#730 = ORIENTED_EDGE('',*,*,#731,.F.);
#731 = EDGE_CURVE('',#412,#723,#732,.T.);
#732 = LINE('',#733,#734);
#733 = CARTESIAN_POINT('',(132.,108.01219330882,-51.47308806541));
#734 = VECTOR('',#735,1.);
#735 = DIRECTION('',(0.,-0.707106781187,0.707106781187));
#736 = CYLINDRICAL_SURFACE('',#737,2.);
#737 = AXIS2_PLACEMENT_3D('',#738,#739,#740);
#738 = CARTESIAN_POINT('',(132.,109.42640687119,-50.05887450304));
#739 = DIRECTION('',(-0.,0.707106781187,-0.707106781187));
#740 = DIRECTION('',(-1.,1.01328401744E-14,1.01328401744E-14));
#741 = ADVANCED_FACE('',(#742),#769,.F.);
#742 = FACE_BOUND('',#743,.F.);
#743 = EDGE_LOOP('',(#744,#752,#753,#754,#762));
#744 = ORIENTED_EDGE('',*,*,#745,.F.);
#745 = EDGE_CURVE('',#404,#746,#748,.T.);
#746 = VERTEX_POINT('',#747);
#747 = CARTESIAN_POINT('',(138.,99.198742535356,-42.65963729195));
#748 = LINE('',#749,#750);
#749 = CARTESIAN_POINT('',(138.,108.01219330882,-51.47308806541));
#750 = VECTOR('',#751,1.);
#751 = DIRECTION('',(0.,-0.707106781187,0.707106781187));
#752 = ORIENTED_EDGE('',*,*,#411,.T.);
#753 = ORIENTED_EDGE('',*,*,#731,.T.);
#754 = ORIENTED_EDGE('',*,*,#755,.T.);
#755 = EDGE_CURVE('',#723,#756,#758,.T.);
#756 = VERTEX_POINT('',#757);
#757 = CARTESIAN_POINT('',(136.,98.819805153395,-42.28069990999));
#758 = LINE('',#759,#760);
#759 = CARTESIAN_POINT('',(132.,98.819805153395,-42.28069990999));
#760 = VECTOR('',#761,1.);
#761 = DIRECTION('',(1.,0.,0.));
#762 = ORIENTED_EDGE('',*,*,#763,.T.);
#763 = EDGE_CURVE('',#756,#746,#764,.T.);
#764 = CIRCLE('',#765,4.);
#765 = AXIS2_PLACEMENT_3D('',#766,#767,#768);
#766 = CARTESIAN_POINT('',(136.,101.64823227814,-45.10912703474));
#767 = DIRECTION('',(-0.,0.707106781187,0.707106781187));
#768 = DIRECTION('',(1.,0.,0.));
#769 = PLANE('',#770);
#770 = AXIS2_PLACEMENT_3D('',#771,#772,#773);
#771 = CARTESIAN_POINT('',(132.,108.01219330882,-51.47308806541));
#772 = DIRECTION('',(0.,0.707106781187,0.707106781187));
#773 = DIRECTION('',(1.,0.,0.));
#774 = ADVANCED_FACE('',(#775),#794,.T.);
#775 = FACE_BOUND('',#776,.T.);
#776 = EDGE_LOOP('',(#777,#785,#786,#787,#788));
#777 = ORIENTED_EDGE('',*,*,#778,.F.);
#778 = EDGE_CURVE('',#692,#779,#781,.T.);
#779 = VERTEX_POINT('',#780);
#780 = CARTESIAN_POINT('',(136.,101.77848312416,-39.32202193922));
#781 = LINE('',#782,#783);
#782 = CARTESIAN_POINT('',(136.5,101.77848312416,-39.32202193922));
#783 = VECTOR('',#784,1.);
#784 = DIRECTION('',(1.,0.,0.));
#785 = ORIENTED_EDGE('',*,*,#691,.T.);
#786 = ORIENTED_EDGE('',*,*,#722,.T.);
#787 = ORIENTED_EDGE('',*,*,#755,.T.);
#788 = ORIENTED_EDGE('',*,*,#789,.F.);
#789 = EDGE_CURVE('',#779,#756,#790,.T.);
#790 = LINE('',#791,#792);
#791 = CARTESIAN_POINT('',(136.,109.42640687119,-31.67409819219));
#792 = VECTOR('',#793,1.);
#793 = DIRECTION('',(0.,-0.707106781187,-0.707106781187));
#794 = PLANE('',#795);
#795 = AXIS2_PLACEMENT_3D('',#796,#797,#798);
#796 = CARTESIAN_POINT('',(135.,103.7695526217,-37.33095244168));
#797 = DIRECTION('',(0.,-0.707106781187,0.707106781187));
#798 = DIRECTION('',(1.,0.,0.));
#799 = ADVANCED_FACE('',(#800),#823,.T.);
#800 = FACE_BOUND('',#801,.T.);
#801 = EDGE_LOOP('',(#802,#812,#817,#818));
#802 = ORIENTED_EDGE('',*,*,#803,.T.);
#803 = EDGE_CURVE('',#804,#806,#808,.T.);
#804 = VERTEX_POINT('',#805);
#805 = CARTESIAN_POINT('',(1.,4.,-35.));
#806 = VERTEX_POINT('',#807);
#807 = CARTESIAN_POINT('',(140.,4.,-35.));
#808 = LINE('',#809,#810);
#809 = CARTESIAN_POINT('',(1.,4.,-35.));
#810 = VECTOR('',#811,1.);
#811 = DIRECTION('',(1.,0.,0.));
#812 = ORIENTED_EDGE('',*,*,#813,.T.);
#813 = EDGE_CURVE('',#806,#547,#814,.T.);
#814 = B_SPLINE_CURVE_WITH_KNOTS('',1,(#815,#816),.UNSPECIFIED.,.F.,.F.,
  (2,2),(0.,1.),.PIECEWISE_BEZIER_KNOTS.);
#815 = CARTESIAN_POINT('',(140.,4.,-35.));
#816 = CARTESIAN_POINT('',(140.,4.,0.));
#817 = ORIENTED_EDGE('',*,*,#544,.F.);
#818 = ORIENTED_EDGE('',*,*,#819,.F.);
#819 = EDGE_CURVE('',#804,#545,#820,.T.);
#820 = B_SPLINE_CURVE_WITH_KNOTS('',1,(#821,#822),.UNSPECIFIED.,.F.,.F.,
  (2,2),(0.,1.),.PIECEWISE_BEZIER_KNOTS.);
#821 = CARTESIAN_POINT('',(1.,4.,-35.));
#822 = CARTESIAN_POINT('',(1.,4.,0.));
#823 = PLANE('',#824);
#824 = AXIS2_PLACEMENT_3D('',#825,#826,#827);
#825 = CARTESIAN_POINT('',(1.,4.,0.));
#826 = DIRECTION('',(0.,-1.,0.));
#827 = DIRECTION('',(1.,0.,0.));
#828 = ADVANCED_FACE('',(#829),#852,.T.);
#829 = FACE_BOUND('',#830,.T.);
#830 = EDGE_LOOP('',(#831,#841,#846,#847));
#831 = ORIENTED_EDGE('',*,*,#832,.T.);
#832 = EDGE_CURVE('',#833,#835,#837,.T.);
#833 = VERTEX_POINT('',#834);
#834 = CARTESIAN_POINT('',(140.,42.,-10.));
#835 = VERTEX_POINT('',#836);
#836 = CARTESIAN_POINT('',(1.,42.,-10.));
#837 = LINE('',#838,#839);
#838 = CARTESIAN_POINT('',(140.,42.,-10.));
#839 = VECTOR('',#840,1.);
#840 = DIRECTION('',(-1.,0.,0.));
#841 = ORIENTED_EDGE('',*,*,#842,.T.);
#842 = EDGE_CURVE('',#835,#555,#843,.T.);
#843 = B_SPLINE_CURVE_WITH_KNOTS('',1,(#844,#845),.UNSPECIFIED.,.F.,.F.,
  (2,2),(0.,1.),.PIECEWISE_BEZIER_KNOTS.);
#844 = CARTESIAN_POINT('',(1.,42.,-10.));
#845 = CARTESIAN_POINT('',(1.,40.,0.));
#846 = ORIENTED_EDGE('',*,*,#562,.F.);
#847 = ORIENTED_EDGE('',*,*,#848,.F.);
#848 = EDGE_CURVE('',#833,#563,#849,.T.);
#849 = B_SPLINE_CURVE_WITH_KNOTS('',1,(#850,#851),.UNSPECIFIED.,.F.,.F.,
  (2,2),(0.,1.),.PIECEWISE_BEZIER_KNOTS.);
#850 = CARTESIAN_POINT('',(140.,42.,-10.));
#851 = CARTESIAN_POINT('',(140.,40.,0.));
#852 = PLANE('',#853);
#853 = AXIS2_PLACEMENT_3D('',#854,#855,#856);
#854 = CARTESIAN_POINT('',(140.,40.,0.));
#855 = DIRECTION('',(0.,0.980580675691,0.196116135138));
#856 = DIRECTION('',(-1.,0.,0.));
#857 = ADVANCED_FACE('',(#858),#885,.T.);
#858 = FACE_BOUND('',#859,.T.);
#859 = EDGE_LOOP('',(#860,#869,#877,#883,#884));
#860 = ORIENTED_EDGE('',*,*,#861,.T.);
#861 = EDGE_CURVE('',#309,#862,#864,.T.);
#862 = VERTEX_POINT('',#863);
#863 = CARTESIAN_POINT('',(9.,103.7695526217,-47.23044737829));
#864 = CIRCLE('',#865,2.);
#865 = AXIS2_PLACEMENT_3D('',#866,#867,#868);
#866 = CARTESIAN_POINT('',(9.,105.18376618407,-45.81623381592));
#867 = DIRECTION('',(0.,0.707106781187,-0.707106781187));
#868 = DIRECTION('',(1.89E-15,-0.707106781187,-0.707106781187));
#869 = ORIENTED_EDGE('',*,*,#870,.T.);
#870 = EDGE_CURVE('',#862,#871,#873,.T.);
#871 = VERTEX_POINT('',#872);
#872 = CARTESIAN_POINT('',(3.,103.7695526217,-47.2304473783));
#873 = LINE('',#874,#875);
#874 = CARTESIAN_POINT('',(36.75,103.7695526217,-47.23044737829));
#875 = VECTOR('',#876,1.);
#876 = DIRECTION('',(-1.,0.,0.));
#877 = ORIENTED_EDGE('',*,*,#878,.T.);
#878 = EDGE_CURVE('',#871,#435,#879,.T.);
#879 = LINE('',#880,#881);
#880 = CARTESIAN_POINT('',(3.,109.58578643762,-41.41421356237));
#881 = VECTOR('',#882,1.);
#882 = DIRECTION('',(0.,-0.707106781187,-0.707106781187));
#883 = ORIENTED_EDGE('',*,*,#434,.T.);
#884 = ORIENTED_EDGE('',*,*,#316,.T.);
#885 = PLANE('',#886);
#886 = AXIS2_PLACEMENT_3D('',#887,#888,#889);
#887 = CARTESIAN_POINT('',(70.5,67.,-84.));
#888 = DIRECTION('',(0.,-0.707106781187,0.707106781187));
#889 = DIRECTION('',(1.,0.,0.));
#890 = ADVANCED_FACE('',(#891),#902,.T.);
#891 = FACE_BOUND('',#892,.T.);
#892 = EDGE_LOOP('',(#893,#894,#895,#896));
#893 = ORIENTED_EDGE('',*,*,#324,.T.);
#894 = ORIENTED_EDGE('',*,*,#442,.T.);
#895 = ORIENTED_EDGE('',*,*,#676,.T.);
#896 = ORIENTED_EDGE('',*,*,#897,.T.);
#897 = EDGE_CURVE('',#669,#325,#898,.T.);
#898 = LINE('',#899,#900);
#899 = CARTESIAN_POINT('',(40.75,23.159379566434,-127.8406204335));
#900 = VECTOR('',#901,1.);
#901 = DIRECTION('',(-1.,0.,0.));
#902 = PLANE('',#903);
#903 = AXIS2_PLACEMENT_3D('',#904,#905,#906);
#904 = CARTESIAN_POINT('',(1.,23.,-128.));
#905 = DIRECTION('',(0.,0.707106781187,-0.707106781187));
#906 = DIRECTION('',(0.745021878904,0.471668527652,0.471668527652));
#907 = ADVANCED_FACE('',(#908,#924),#935,.T.);
#908 = FACE_BOUND('',#909,.T.);
#909 = EDGE_LOOP('',(#910,#916,#917,#923));
#910 = ORIENTED_EDGE('',*,*,#911,.T.);
#911 = EDGE_CURVE('',#333,#659,#912,.T.);
#912 = LINE('',#913,#914);
#913 = CARTESIAN_POINT('',(11.,25.704963978706,-130.3862048458));
#914 = VECTOR('',#915,1.);
#915 = DIRECTION('',(1.,0.,0.));
#916 = ORIENTED_EDGE('',*,*,#658,.T.);
#917 = ORIENTED_EDGE('',*,*,#918,.T.);
#918 = EDGE_CURVE('',#661,#284,#919,.T.);
#919 = LINE('',#920,#921);
#920 = CARTESIAN_POINT('',(130.,113.38620484583,-42.7049639787));
#921 = VECTOR('',#922,1.);
#922 = DIRECTION('',(-1.,0.,0.));
#923 = ORIENTED_EDGE('',*,*,#340,.T.);
#924 = FACE_BOUND('',#925,.T.);
#925 = EDGE_LOOP('',(#926));
#926 = ORIENTED_EDGE('',*,*,#927,.T.);
#927 = EDGE_CURVE('',#928,#928,#930,.T.);
#928 = VERTEX_POINT('',#929);
#929 = CARTESIAN_POINT('',(128.,69.545584412272,-86.54558441227));
#930 = CIRCLE('',#931,58.);
#931 = AXIS2_PLACEMENT_3D('',#932,#933,#934);
#932 = CARTESIAN_POINT('',(70.,69.545584412272,-86.54558441227));
#933 = DIRECTION('',(0.,0.707106781187,-0.707106781187));
#934 = DIRECTION('',(1.,0.,0.));
#935 = PLANE('',#936);
#936 = AXIS2_PLACEMENT_3D('',#937,#938,#939);
#937 = CARTESIAN_POINT('',(70.5,69.545584412272,-86.54558441227));
#938 = DIRECTION('',(0.,-0.707106781187,0.707106781187));
#939 = DIRECTION('',(1.,0.,0.));
#940 = ADVANCED_FACE('',(#941),#947,.T.);
#941 = FACE_BOUND('',#942,.T.);
#942 = EDGE_LOOP('',(#943,#944,#945,#946));
#943 = ORIENTED_EDGE('',*,*,#918,.F.);
#944 = ORIENTED_EDGE('',*,*,#706,.T.);
#945 = ORIENTED_EDGE('',*,*,#355,.F.);
#946 = ORIENTED_EDGE('',*,*,#283,.F.);
#947 = PLANE('',#948);
#948 = AXIS2_PLACEMENT_3D('',#949,#950,#951);
#949 = CARTESIAN_POINT('',(130.,113.38620484583,-42.7049639787));
#950 = DIRECTION('',(0.,-0.707106781187,-0.707106781187));
#951 = DIRECTION('',(-1.,0.,0.));
#952 = ADVANCED_FACE('',(#953),#959,.T.);
#953 = FACE_BOUND('',#954,.T.);
#954 = EDGE_LOOP('',(#955,#956,#957,#958));
#955 = ORIENTED_EDGE('',*,*,#911,.F.);
#956 = ORIENTED_EDGE('',*,*,#332,.T.);
#957 = ORIENTED_EDGE('',*,*,#897,.F.);
#958 = ORIENTED_EDGE('',*,*,#668,.F.);
#959 = PLANE('',#960);
#960 = AXIS2_PLACEMENT_3D('',#961,#962,#963);
#961 = CARTESIAN_POINT('',(11.,25.704963978706,-130.3862048458));
#962 = DIRECTION('',(0.,0.707106781187,0.707106781187));
#963 = DIRECTION('',(1.,0.,0.));
#964 = ADVANCED_FACE('',(#965),#984,.T.);
#965 = FACE_BOUND('',#966,.F.);
#966 = EDGE_LOOP('',(#967,#968,#977,#983));
#967 = ORIENTED_EDGE('',*,*,#789,.F.);
#968 = ORIENTED_EDGE('',*,*,#969,.F.);
#969 = EDGE_CURVE('',#970,#779,#972,.T.);
#970 = VERTEX_POINT('',#971);
#971 = CARTESIAN_POINT('',(138.,102.37618615785,-39.48219366946));
#972 = ELLIPSE('',#973,4.618728540172,4.);
#973 = AXIS2_PLACEMENT_3D('',#974,#975,#976);
#974 = CARTESIAN_POINT('',(136.,106.23979930328,-40.51756000959));
#975 = DIRECTION('',(0.,-0.258845710453,-0.965918680935));
#976 = DIRECTION('',(0.,0.965918680935,-0.258845710453));
#977 = ORIENTED_EDGE('',*,*,#978,.F.);
#978 = EDGE_CURVE('',#746,#970,#979,.T.);
#979 = LINE('',#980,#981);
#980 = CARTESIAN_POINT('',(138.,109.80534425315,-32.05303557415));
#981 = VECTOR('',#982,1.);
#982 = DIRECTION('',(0.,0.707106781187,0.707106781187));
#983 = ORIENTED_EDGE('',*,*,#763,.F.);
#984 = CYLINDRICAL_SURFACE('',#985,4.);
#985 = AXIS2_PLACEMENT_3D('',#986,#987,#988);
#986 = CARTESIAN_POINT('',(136.,112.25483399593,-34.50252531694));
#987 = DIRECTION('',(0.,0.707106781187,0.707106781187));
#988 = DIRECTION('',(1.,0.,0.));
#989 = ADVANCED_FACE('',(#990),#1001,.T.);
#990 = FACE_BOUND('',#991,.F.);
#991 = EDGE_LOOP('',(#992,#993,#999,#1000));
#992 = ORIENTED_EDGE('',*,*,#861,.T.);
#993 = ORIENTED_EDGE('',*,*,#994,.T.);
#994 = EDGE_CURVE('',#862,#253,#995,.T.);
#995 = LINE('',#996,#997);
#996 = CARTESIAN_POINT('',(9.,108.01219330882,-51.47308806541));
#997 = VECTOR('',#998,1.);
#998 = DIRECTION('',(0.,-0.707106781187,0.707106781187));
#999 = ORIENTED_EDGE('',*,*,#260,.T.);
#1000 = ORIENTED_EDGE('',*,*,#308,.F.);
#1001 = CYLINDRICAL_SURFACE('',#1002,2.);
#1002 = AXIS2_PLACEMENT_3D('',#1003,#1004,#1005);
#1003 = CARTESIAN_POINT('',(9.,109.42640687119,-50.05887450304));
#1004 = DIRECTION('',(0.,0.707106781187,-0.707106781187));
#1005 = DIRECTION('',(1.89E-15,-0.707106781187,-0.707106781187));
#1006 = ADVANCED_FACE('',(#1007),#1027,.F.);
#1007 = FACE_BOUND('',#1008,.F.);
#1008 = EDGE_LOOP('',(#1009,#1010,#1011,#1019,#1026));
#1009 = ORIENTED_EDGE('',*,*,#994,.F.);
#1010 = ORIENTED_EDGE('',*,*,#870,.T.);
#1011 = ORIENTED_EDGE('',*,*,#1012,.T.);
#1012 = EDGE_CURVE('',#871,#1013,#1015,.T.);
#1013 = VERTEX_POINT('',#1014);
#1014 = CARTESIAN_POINT('',(3.,99.198742535357,-42.65963729195));
#1015 = LINE('',#1016,#1017);
#1016 = CARTESIAN_POINT('',(3.,108.01219330882,-51.47308806541));
#1017 = VECTOR('',#1018,1.);
#1018 = DIRECTION('',(0.,-0.707106781187,0.707106781187));
#1019 = ORIENTED_EDGE('',*,*,#1020,.T.);
#1020 = EDGE_CURVE('',#1013,#245,#1021,.T.);
#1021 = CIRCLE('',#1022,4.);
#1022 = AXIS2_PLACEMENT_3D('',#1023,#1024,#1025);
#1023 = CARTESIAN_POINT('',(5.,101.64823227814,-45.10912703474));
#1024 = DIRECTION('',(-0.,0.707106781187,0.707106781187));
#1025 = DIRECTION('',(1.,0.,0.));
#1026 = ORIENTED_EDGE('',*,*,#252,.T.);
#1027 = PLANE('',#1028);
#1028 = AXIS2_PLACEMENT_3D('',#1029,#1030,#1031);
#1029 = CARTESIAN_POINT('',(3.,108.01219330882,-51.47308806541));
#1030 = DIRECTION('',(0.,0.707106781187,0.707106781187));
#1031 = DIRECTION('',(1.,0.,0.));
#1032 = ADVANCED_FACE('',(#1033),#1052,.T.);
#1033 = FACE_BOUND('',#1034,.F.);
#1034 = EDGE_LOOP('',(#1035,#1044,#1045,#1046));
#1035 = ORIENTED_EDGE('',*,*,#1036,.F.);
#1036 = EDGE_CURVE('',#235,#1037,#1039,.T.);
#1037 = VERTEX_POINT('',#1038);
#1038 = CARTESIAN_POINT('',(3.,102.37618615785,-39.48219366946));
#1039 = ELLIPSE('',#1040,4.618728540172,4.);
#1040 = AXIS2_PLACEMENT_3D('',#1041,#1042,#1043);
#1041 = CARTESIAN_POINT('',(5.,106.23979930328,-40.51756000959));
#1042 = DIRECTION('',(0.,-0.258845710453,-0.965918680935));
#1043 = DIRECTION('',(0.,0.965918680935,-0.258845710453));
#1044 = ORIENTED_EDGE('',*,*,#244,.T.);
#1045 = ORIENTED_EDGE('',*,*,#1020,.F.);
#1046 = ORIENTED_EDGE('',*,*,#1047,.T.);
#1047 = EDGE_CURVE('',#1013,#1037,#1048,.T.);
#1048 = LINE('',#1049,#1050);
#1049 = CARTESIAN_POINT('',(3.,109.80534425315,-32.05303557415));
#1050 = VECTOR('',#1051,1.);
#1051 = DIRECTION('',(0.,0.707106781187,0.707106781187));
#1052 = CYLINDRICAL_SURFACE('',#1053,4.);
#1053 = AXIS2_PLACEMENT_3D('',#1054,#1055,#1056);
#1054 = CARTESIAN_POINT('',(5.,112.25483399593,-34.50252531694));
#1055 = DIRECTION('',(0.,0.707106781187,0.707106781187));
#1056 = DIRECTION('',(1.,0.,0.));
#1057 = ADVANCED_FACE('',(#1058),#1081,.T.);
#1058 = FACE_BOUND('',#1059,.T.);
#1059 = EDGE_LOOP('',(#1060,#1070,#1075,#1076));
#1060 = ORIENTED_EDGE('',*,*,#1061,.T.);
#1061 = EDGE_CURVE('',#1062,#1064,#1066,.T.);
#1062 = VERTEX_POINT('',#1063);
#1063 = CARTESIAN_POINT('',(1.,8.,-80.));
#1064 = VERTEX_POINT('',#1065);
#1065 = CARTESIAN_POINT('',(140.,8.,-80.));
#1066 = LINE('',#1067,#1068);
#1067 = CARTESIAN_POINT('',(1.,8.,-80.));
#1068 = VECTOR('',#1069,1.);
#1069 = DIRECTION('',(1.,0.,0.));
#1070 = ORIENTED_EDGE('',*,*,#1071,.T.);
#1071 = EDGE_CURVE('',#1064,#806,#1072,.T.);
#1072 = B_SPLINE_CURVE_WITH_KNOTS('',1,(#1073,#1074),.UNSPECIFIED.,.F.,
  .F.,(2,2),(0.,1.),.PIECEWISE_BEZIER_KNOTS.);
#1073 = CARTESIAN_POINT('',(140.,8.,-80.));
#1074 = CARTESIAN_POINT('',(140.,4.,-35.));
#1075 = ORIENTED_EDGE('',*,*,#803,.F.);
#1076 = ORIENTED_EDGE('',*,*,#1077,.F.);
#1077 = EDGE_CURVE('',#1062,#804,#1078,.T.);
#1078 = B_SPLINE_CURVE_WITH_KNOTS('',1,(#1079,#1080),.UNSPECIFIED.,.F.,
  .F.,(2,2),(0.,1.),.PIECEWISE_BEZIER_KNOTS.);
#1079 = CARTESIAN_POINT('',(1.,8.,-80.));
#1080 = CARTESIAN_POINT('',(1.,4.,-35.));
#1081 = PLANE('',#1082);
#1082 = AXIS2_PLACEMENT_3D('',#1083,#1084,#1085);
#1083 = CARTESIAN_POINT('',(1.,4.,-35.));
#1084 = DIRECTION('',(0.,-0.996072640693,-8.853979028379E-02));
#1085 = DIRECTION('',(1.,0.,0.));
#1086 = ADVANCED_FACE('',(#1087),#1110,.T.);
#1087 = FACE_BOUND('',#1088,.T.);
#1088 = EDGE_LOOP('',(#1089,#1099,#1104,#1105));
#1089 = ORIENTED_EDGE('',*,*,#1090,.T.);
#1090 = EDGE_CURVE('',#1091,#1093,#1095,.T.);
#1091 = VERTEX_POINT('',#1092);
#1092 = CARTESIAN_POINT('',(140.,66.,-28.));
#1093 = VERTEX_POINT('',#1094);
#1094 = CARTESIAN_POINT('',(1.,66.,-28.));
#1095 = LINE('',#1096,#1097);
#1096 = CARTESIAN_POINT('',(140.,66.,-28.));
#1097 = VECTOR('',#1098,1.);
#1098 = DIRECTION('',(-1.,0.,0.));
#1099 = ORIENTED_EDGE('',*,*,#1100,.T.);
#1100 = EDGE_CURVE('',#1093,#835,#1101,.T.);
#1101 = B_SPLINE_CURVE_WITH_KNOTS('',1,(#1102,#1103),.UNSPECIFIED.,.F.,
  .F.,(2,2),(0.,1.),.PIECEWISE_BEZIER_KNOTS.);
#1102 = CARTESIAN_POINT('',(1.,66.,-28.));
#1103 = CARTESIAN_POINT('',(1.,42.,-10.));
#1104 = ORIENTED_EDGE('',*,*,#832,.F.);
#1105 = ORIENTED_EDGE('',*,*,#1106,.F.);
#1106 = EDGE_CURVE('',#1091,#833,#1107,.T.);
#1107 = B_SPLINE_CURVE_WITH_KNOTS('',1,(#1108,#1109),.UNSPECIFIED.,.F.,
  .F.,(2,2),(0.,1.),.PIECEWISE_BEZIER_KNOTS.);
#1108 = CARTESIAN_POINT('',(140.,66.,-28.));
#1109 = CARTESIAN_POINT('',(140.,42.,-10.));
#1110 = PLANE('',#1111);
#1111 = AXIS2_PLACEMENT_3D('',#1112,#1113,#1114);
#1112 = CARTESIAN_POINT('',(140.,42.,-10.));
#1113 = DIRECTION('',(0.,0.6,0.8));
#1114 = DIRECTION('',(-1.,0.,0.));
#1115 = ADVANCED_FACE('',(#1116),#1139,.T.);
#1116 = FACE_BOUND('',#1117,.T.);
#1117 = EDGE_LOOP('',(#1118,#1128,#1133,#1134));
#1118 = ORIENTED_EDGE('',*,*,#1119,.T.);
#1119 = EDGE_CURVE('',#1120,#1122,#1124,.T.);
#1120 = VERTEX_POINT('',#1121);
#1121 = CARTESIAN_POINT('',(1.,23.,-128.));
#1122 = VERTEX_POINT('',#1123);
#1123 = CARTESIAN_POINT('',(140.,23.,-128.));
#1124 = LINE('',#1125,#1126);
#1125 = CARTESIAN_POINT('',(1.,23.,-128.));
#1126 = VECTOR('',#1127,1.);
#1127 = DIRECTION('',(1.,0.,0.));
#1128 = ORIENTED_EDGE('',*,*,#1129,.T.);
#1129 = EDGE_CURVE('',#1122,#1064,#1130,.T.);
#1130 = B_SPLINE_CURVE_WITH_KNOTS('',1,(#1131,#1132),.UNSPECIFIED.,.F.,
  .F.,(2,2),(0.,1.),.PIECEWISE_BEZIER_KNOTS.);
#1131 = CARTESIAN_POINT('',(140.,23.,-128.));
#1132 = CARTESIAN_POINT('',(140.,8.,-80.));
#1133 = ORIENTED_EDGE('',*,*,#1061,.F.);
#1134 = ORIENTED_EDGE('',*,*,#1135,.F.);
#1135 = EDGE_CURVE('',#1120,#1062,#1136,.T.);
#1136 = B_SPLINE_CURVE_WITH_KNOTS('',1,(#1137,#1138),.UNSPECIFIED.,.F.,
  .F.,(2,2),(0.,1.),.PIECEWISE_BEZIER_KNOTS.);
#1137 = CARTESIAN_POINT('',(1.,23.,-128.));
#1138 = CARTESIAN_POINT('',(1.,8.,-80.));
#1139 = PLANE('',#1140);
#1140 = AXIS2_PLACEMENT_3D('',#1141,#1142,#1143);
#1141 = CARTESIAN_POINT('',(1.,8.,-80.));
#1142 = DIRECTION('',(0.,-0.954479978035,-0.298274993136));
#1143 = DIRECTION('',(1.,0.,0.));
#1144 = ADVANCED_FACE('',(#1145),#1188,.T.);
#1145 = FACE_BOUND('',#1146,.T.);
#1146 = EDGE_LOOP('',(#1147,#1148,#1156,#1165,#1173,#1182));
#1147 = ORIENTED_EDGE('',*,*,#1119,.F.);
#1148 = ORIENTED_EDGE('',*,*,#1149,.T.);
#1149 = EDGE_CURVE('',#1120,#1150,#1152,.T.);
#1150 = VERTEX_POINT('',#1151);
#1151 = CARTESIAN_POINT('',(1.,22.452272785248,-128.5477272147));
#1152 = LINE('',#1153,#1154);
#1153 = CARTESIAN_POINT('',(1.,111.54772721475,-39.45227278524));
#1154 = VECTOR('',#1155,1.);
#1155 = DIRECTION('',(-1.5E-16,-0.707106781187,-0.707106781187));
#1156 = ORIENTED_EDGE('',*,*,#1157,.T.);
#1157 = EDGE_CURVE('',#1150,#1158,#1160,.T.);
#1158 = VERTEX_POINT('',#1159);
#1159 = CARTESIAN_POINT('',(4.,20.330952441688,-130.6690475583));
#1160 = CIRCLE('',#1161,3.);
#1161 = AXIS2_PLACEMENT_3D('',#1162,#1163,#1164);
#1162 = CARTESIAN_POINT('',(4.,22.452272785248,-128.5477272147));
#1163 = DIRECTION('',(0.,-0.707106781187,0.707106781187));
#1164 = DIRECTION('',(-1.,-8.485281374239E-17,-8.485281374239E-17));
#1165 = ORIENTED_EDGE('',*,*,#1166,.T.);
#1166 = EDGE_CURVE('',#1158,#1167,#1169,.T.);
#1167 = VERTEX_POINT('',#1168);
#1168 = CARTESIAN_POINT('',(137.,20.330952441688,-130.6690475583));
#1169 = LINE('',#1170,#1171);
#1170 = CARTESIAN_POINT('',(4.,20.330952441688,-130.6690475583));
#1171 = VECTOR('',#1172,1.);
#1172 = DIRECTION('',(1.,1.06066017178E-16,1.06066017178E-16));
#1173 = ORIENTED_EDGE('',*,*,#1174,.T.);
#1174 = EDGE_CURVE('',#1167,#1175,#1177,.T.);
#1175 = VERTEX_POINT('',#1176);
#1176 = CARTESIAN_POINT('',(140.,22.452272785248,-128.5477272147));
#1177 = CIRCLE('',#1178,3.);
#1178 = AXIS2_PLACEMENT_3D('',#1179,#1180,#1181);
#1179 = CARTESIAN_POINT('',(137.,22.452272785248,-128.5477272147));
#1180 = DIRECTION('',(-6.162975822039E-33,-0.707106781187,0.707106781187
    ));
#1181 = DIRECTION('',(1.1E-16,-0.707106781187,-0.707106781187));
#1182 = ORIENTED_EDGE('',*,*,#1183,.T.);
#1183 = EDGE_CURVE('',#1175,#1122,#1184,.T.);
#1184 = LINE('',#1185,#1186);
#1185 = CARTESIAN_POINT('',(140.,22.452272785248,-128.5477272147));
#1186 = VECTOR('',#1187,1.);
#1187 = DIRECTION('',(0.,0.707106781187,0.707106781187));
#1188 = PLANE('',#1189);
#1189 = AXIS2_PLACEMENT_3D('',#1190,#1191,#1192);
#1190 = CARTESIAN_POINT('',(70.5,67.,-84.));
#1191 = DIRECTION('',(0.,-0.707106781187,0.707106781187));
#1192 = DIRECTION('',(1.,0.,0.));
#1193 = ADVANCED_FACE('',(#1194),#1220,.T.);
#1194 = FACE_BOUND('',#1195,.F.);
#1195 = EDGE_LOOP('',(#1196,#1207,#1213,#1214));
#1196 = ORIENTED_EDGE('',*,*,#1197,.T.);
#1197 = EDGE_CURVE('',#1198,#1200,#1202,.T.);
#1198 = VERTEX_POINT('',#1199);
#1199 = CARTESIAN_POINT('',(4.,24.361461094451,-134.699556211));
#1200 = VERTEX_POINT('',#1201);
#1201 = CARTESIAN_POINT('',(1.,26.482781438011,-132.5782358675));
#1202 = CIRCLE('',#1203,3.);
#1203 = AXIS2_PLACEMENT_3D('',#1204,#1205,#1206);
#1204 = CARTESIAN_POINT('',(4.,26.482781438011,-132.5782358675));
#1205 = DIRECTION('',(0.,0.707106781187,-0.707106781187));
#1206 = DIRECTION('',(-1.,-9.E-17,-9.E-17));
#1207 = ORIENTED_EDGE('',*,*,#1208,.T.);
#1208 = EDGE_CURVE('',#1200,#1150,#1209,.T.);
#1209 = LINE('',#1210,#1211);
#1210 = CARTESIAN_POINT('',(1.,26.694913472367,-132.7903679018));
#1211 = VECTOR('',#1212,1.);
#1212 = DIRECTION('',(0.,-0.707106781187,0.707106781187));
#1213 = ORIENTED_EDGE('',*,*,#1157,.T.);
#1214 = ORIENTED_EDGE('',*,*,#1215,.F.);
#1215 = EDGE_CURVE('',#1198,#1158,#1216,.T.);
#1216 = LINE('',#1217,#1218);
#1217 = CARTESIAN_POINT('',(4.,24.573593128807,-134.9116882454));
#1218 = VECTOR('',#1219,1.);
#1219 = DIRECTION('',(0.,-0.707106781187,0.707106781187));
#1220 = CYLINDRICAL_SURFACE('',#1221,3.);
#1221 = AXIS2_PLACEMENT_3D('',#1222,#1223,#1224);
#1222 = CARTESIAN_POINT('',(4.,26.694913472367,-132.7903679018));
#1223 = DIRECTION('',(-0.,0.707106781187,-0.707106781187));
#1224 = DIRECTION('',(-1.,-8.485281374239E-17,-8.485281374239E-17));
#1225 = ADVANCED_FACE('',(#1226,#1350),#1361,.T.);
#1226 = FACE_BOUND('',#1227,.T.);
#1227 = EDGE_LOOP('',(#1228,#1238,#1247,#1255,#1264,#1270,#1271,#1279,
    #1288,#1296,#1304,#1312,#1320,#1328,#1336,#1344));
#1228 = ORIENTED_EDGE('',*,*,#1229,.F.);
#1229 = EDGE_CURVE('',#1230,#1232,#1234,.T.);
#1230 = VERTEX_POINT('',#1231);
#1231 = CARTESIAN_POINT('',(139.05356537528,117.48742417671,
    -41.5735931288));
#1232 = VERTEX_POINT('',#1233);
#1233 = CARTESIAN_POINT('',(137.19130434782,117.48742417671,
    -41.5735931288));
#1234 = LINE('',#1235,#1236);
#1235 = CARTESIAN_POINT('',(106.25,117.48742417671,-41.5735931288));
#1236 = VECTOR('',#1237,1.);
#1237 = DIRECTION('',(-1.,0.,0.));
#1238 = ORIENTED_EDGE('',*,*,#1239,.T.);
#1239 = EDGE_CURVE('',#1230,#1240,#1242,.T.);
#1240 = VERTEX_POINT('',#1241);
#1241 = CARTESIAN_POINT('',(140.,116.2853426487,-42.77567465682));
#1242 = CIRCLE('',#1243,2.);
#1243 = AXIS2_PLACEMENT_3D('',#1244,#1245,#1246);
#1244 = CARTESIAN_POINT('',(138.,116.2853426487,-42.77567465682));
#1245 = DIRECTION('',(0.,0.707106781187,-0.707106781187));
#1246 = DIRECTION('',(1.,-1.004E-14,-1.004E-14));
#1247 = ORIENTED_EDGE('',*,*,#1248,.F.);
#1248 = EDGE_CURVE('',#1249,#1240,#1251,.T.);
#1249 = VERTEX_POINT('',#1250);
#1250 = CARTESIAN_POINT('',(140.,26.482781438011,-132.5782358675));
#1251 = LINE('',#1252,#1253);
#1252 = CARTESIAN_POINT('',(140.,96.152086324004,-62.90893098152));
#1253 = VECTOR('',#1254,1.);
#1254 = DIRECTION('',(0.,0.707106781187,0.707106781187));
#1255 = ORIENTED_EDGE('',*,*,#1256,.T.);
#1256 = EDGE_CURVE('',#1249,#1257,#1259,.T.);
#1257 = VERTEX_POINT('',#1258);
#1258 = CARTESIAN_POINT('',(137.,24.361461094451,-134.699556211));
#1259 = CIRCLE('',#1260,3.);
#1260 = AXIS2_PLACEMENT_3D('',#1261,#1262,#1263);
#1261 = CARTESIAN_POINT('',(137.,26.482781438011,-132.5782358675));
#1262 = DIRECTION('',(0.,0.707106781187,-0.707106781187));
#1263 = DIRECTION('',(1.1E-16,-0.707106781187,-0.707106781187));
#1264 = ORIENTED_EDGE('',*,*,#1265,.T.);
#1265 = EDGE_CURVE('',#1257,#1198,#1266,.T.);
#1266 = LINE('',#1267,#1268);
#1267 = CARTESIAN_POINT('',(73.,24.361461094451,-134.699556211));
#1268 = VECTOR('',#1269,1.);
#1269 = DIRECTION('',(-1.,-1.E-16,-1.E-16));
#1270 = ORIENTED_EDGE('',*,*,#1197,.T.);
#1271 = ORIENTED_EDGE('',*,*,#1272,.F.);
#1272 = EDGE_CURVE('',#1273,#1200,#1275,.T.);
#1273 = VERTEX_POINT('',#1274);
#1274 = CARTESIAN_POINT('',(1.,116.2853426487,-42.77567465682));
#1275 = LINE('',#1276,#1277);
#1276 = CARTESIAN_POINT('',(1.,96.152086324004,-62.90893098152));
#1277 = VECTOR('',#1278,1.);
#1278 = DIRECTION('',(3.E-16,-0.707106781187,-0.707106781187));
#1279 = ORIENTED_EDGE('',*,*,#1280,.T.);
#1280 = EDGE_CURVE('',#1273,#1281,#1283,.T.);
#1281 = VERTEX_POINT('',#1282);
#1282 = CARTESIAN_POINT('',(1.946434624714,117.48742417671,
    -41.5735931288));
#1283 = CIRCLE('',#1284,2.);
#1284 = AXIS2_PLACEMENT_3D('',#1285,#1286,#1287);
#1285 = CARTESIAN_POINT('',(3.,116.2853426487,-42.77567465682));
#1286 = DIRECTION('',(0.,0.707106781187,-0.707106781187));
#1287 = DIRECTION('',(9.88E-15,0.707106781187,0.707106781187));
#1288 = ORIENTED_EDGE('',*,*,#1289,.F.);
#1289 = EDGE_CURVE('',#1290,#1281,#1292,.T.);
#1290 = VERTEX_POINT('',#1291);
#1291 = CARTESIAN_POINT('',(2.808695652174,117.48742417671,
    -41.5735931288));
#1292 = LINE('',#1293,#1294);
#1293 = CARTESIAN_POINT('',(106.25,117.48742417671,-41.5735931288));
#1294 = VECTOR('',#1295,1.);
#1295 = DIRECTION('',(-1.,0.,0.));
#1296 = ORIENTED_EDGE('',*,*,#1297,.F.);
#1297 = EDGE_CURVE('',#1298,#1290,#1300,.T.);
#1298 = VERTEX_POINT('',#1299);
#1299 = CARTESIAN_POINT('',(2.808695652174,27.684862966028,
    -131.3761543394));
#1300 = LINE('',#1301,#1302);
#1301 = CARTESIAN_POINT('',(2.808695652174,118.40666299226,
    -40.65435431326));
#1302 = VECTOR('',#1303,1.);
#1303 = DIRECTION('',(0.,0.707106781187,0.707106781187));
#1304 = ORIENTED_EDGE('',*,*,#1305,.F.);
#1305 = EDGE_CURVE('',#1306,#1298,#1308,.T.);
#1306 = VERTEX_POINT('',#1307);
#1307 = CARTESIAN_POINT('',(7.191304347826,27.684862966028,
    -131.3761543394));
#1308 = LINE('',#1309,#1310);
#1309 = CARTESIAN_POINT('',(73.5,27.684862966028,-131.3761543394));
#1310 = VECTOR('',#1311,1.);
#1311 = DIRECTION('',(-1.,0.,0.));
#1312 = ORIENTED_EDGE('',*,*,#1313,.F.);
#1313 = EDGE_CURVE('',#1314,#1306,#1316,.T.);
#1314 = VERTEX_POINT('',#1315);
#1315 = CARTESIAN_POINT('',(7.191304347826,117.48742417671,
    -41.5735931288));
#1316 = LINE('',#1317,#1318);
#1317 = CARTESIAN_POINT('',(7.191304347826,118.40666299226,
    -40.65435431326));
#1318 = VECTOR('',#1319,1.);
#1319 = DIRECTION('',(0.,-0.707106781187,-0.707106781187));
#1320 = ORIENTED_EDGE('',*,*,#1321,.F.);
#1321 = EDGE_CURVE('',#1322,#1314,#1324,.T.);
#1322 = VERTEX_POINT('',#1323);
#1323 = CARTESIAN_POINT('',(132.80869565217,117.48742417671,
    -41.5735931288));
#1324 = LINE('',#1325,#1326);
#1325 = CARTESIAN_POINT('',(106.25,117.48742417671,-41.5735931288));
#1326 = VECTOR('',#1327,1.);
#1327 = DIRECTION('',(-1.,0.,0.));
#1328 = ORIENTED_EDGE('',*,*,#1329,.F.);
#1329 = EDGE_CURVE('',#1330,#1322,#1332,.T.);
#1330 = VERTEX_POINT('',#1331);
#1331 = CARTESIAN_POINT('',(132.80869565217,27.684862966028,
    -131.3761543394));
#1332 = LINE('',#1333,#1334);
#1333 = CARTESIAN_POINT('',(132.80869565217,118.40666299226,
    -40.65435431326));
#1334 = VECTOR('',#1335,1.);
#1335 = DIRECTION('',(0.,0.707106781187,0.707106781187));
#1336 = ORIENTED_EDGE('',*,*,#1337,.F.);
#1337 = EDGE_CURVE('',#1338,#1330,#1340,.T.);
#1338 = VERTEX_POINT('',#1339);
#1339 = CARTESIAN_POINT('',(137.19130434782,27.684862966028,
    -131.3761543394));
#1340 = LINE('',#1341,#1342);
#1341 = CARTESIAN_POINT('',(138.5,27.684862966028,-131.3761543394));
#1342 = VECTOR('',#1343,1.);
#1343 = DIRECTION('',(-1.,0.,0.));
#1344 = ORIENTED_EDGE('',*,*,#1345,.F.);
#1345 = EDGE_CURVE('',#1232,#1338,#1346,.T.);
#1346 = LINE('',#1347,#1348);
#1347 = CARTESIAN_POINT('',(137.19130434782,118.40666299226,
    -40.65435431326));
#1348 = VECTOR('',#1349,1.);
#1349 = DIRECTION('',(0.,-0.707106781187,-0.707106781187));
#1350 = FACE_BOUND('',#1351,.T.);
#1351 = EDGE_LOOP('',(#1352));
#1352 = ORIENTED_EDGE('',*,*,#1353,.F.);
#1353 = EDGE_CURVE('',#1354,#1354,#1356,.T.);
#1354 = VERTEX_POINT('',#1355);
#1355 = CARTESIAN_POINT('',(128.,71.030508652763,-88.03050865276));
#1356 = CIRCLE('',#1357,58.);
#1357 = AXIS2_PLACEMENT_3D('',#1358,#1359,#1360);
#1358 = CARTESIAN_POINT('',(70.,71.030508652763,-88.03050865276));
#1359 = DIRECTION('',(0.,0.707106781187,-0.707106781187));
#1360 = DIRECTION('',(1.,0.,0.));
#1361 = PLANE('',#1362);
#1362 = AXIS2_PLACEMENT_3D('',#1363,#1364,#1365);
#1363 = CARTESIAN_POINT('',(142.,118.40666299226,-40.65435431326));
#1364 = DIRECTION('',(0.,0.707106781187,-0.707106781187));
#1365 = DIRECTION('',(-1.,0.,0.));
#1366 = ADVANCED_FACE('',(#1367),#1455,.T.);
#1367 = FACE_BOUND('',#1368,.F.);
#1368 = EDGE_LOOP('',(#1369,#1377,#1378,#1386,#1395,#1403,#1412,#1421,
    #1429));
#1369 = ORIENTED_EDGE('',*,*,#1370,.F.);
#1370 = EDGE_CURVE('',#1273,#1371,#1373,.T.);
#1371 = VERTEX_POINT('',#1372);
#1372 = CARTESIAN_POINT('',(1.,110.13351365237,-36.6238456605));
#1373 = LINE('',#1374,#1375);
#1374 = CARTESIAN_POINT('',(1.,116.49747468305,-42.98780669118));
#1375 = VECTOR('',#1376,1.);
#1376 = DIRECTION('',(0.,-0.707106781187,0.707106781187));
#1377 = ORIENTED_EDGE('',*,*,#1280,.T.);
#1378 = ORIENTED_EDGE('',*,*,#1379,.F.);
#1379 = EDGE_CURVE('',#1380,#1281,#1382,.T.);
#1380 = VERTEX_POINT('',#1381);
#1381 = CARTESIAN_POINT('',(1.946434624713,116.59728138437,
    -40.68345033646));
#1382 = LINE('',#1383,#1384);
#1383 = CARTESIAN_POINT('',(1.946434624715,117.69955621107,
    -41.78572516316));
#1384 = VECTOR('',#1385,1.);
#1385 = DIRECTION('',(0.,0.707106781187,-0.707106781187));
#1386 = ORIENTED_EDGE('',*,*,#1387,.T.);
#1387 = EDGE_CURVE('',#1380,#1388,#1390,.T.);
#1388 = VERTEX_POINT('',#1389);
#1389 = CARTESIAN_POINT('',(1.631328917127,116.11445932348,
    -40.54239492601));
#1390 = ELLIPSE('',#1391,3.440930106817,2.);
#1391 = AXIS2_PLACEMENT_3D('',#1392,#1393,#1394);
#1392 = CARTESIAN_POINT('',(3.,116.43817636616,-42.92850837428));
#1393 = DIRECTION('',(0.813733471207,-0.410997468263,0.410997468263));
#1394 = DIRECTION('',(0.581238193719,0.575396455569,-0.575396455569));
#1395 = ORIENTED_EDGE('',*,*,#1396,.F.);
#1396 = EDGE_CURVE('',#1397,#1388,#1399,.T.);
#1397 = VERTEX_POINT('',#1398);
#1398 = CARTESIAN_POINT('',(1.631328917127,115.90232728912,
    -40.33026289165));
#1399 = LINE('',#1400,#1401);
#1400 = CARTESIAN_POINT('',(1.631328917127,117.52867288585,
    -41.95660848838));
#1401 = VECTOR('',#1402,1.);
#1402 = DIRECTION('',(0.,0.707106781187,-0.707106781187));
#1403 = ORIENTED_EDGE('',*,*,#1404,.T.);
#1404 = EDGE_CURVE('',#1397,#1405,#1407,.T.);
#1405 = VERTEX_POINT('',#1406);
#1406 = CARTESIAN_POINT('',(1.7,115.94583834933,-40.28675183144));
#1407 = CIRCLE('',#1408,2.);
#1408 = AXIS2_PLACEMENT_3D('',#1409,#1410,#1411);
#1409 = CARTESIAN_POINT('',(3.,114.87112908632,-41.36146109445));
#1410 = DIRECTION('',(0.,0.707106781187,-0.707106781187));
#1411 = DIRECTION('',(9.88E-15,0.707106781187,0.707106781187));
#1412 = ORIENTED_EDGE('',*,*,#1413,.T.);
#1413 = EDGE_CURVE('',#1405,#1414,#1416,.T.);
#1414 = VERTEX_POINT('',#1415);
#1415 = CARTESIAN_POINT('',(1.946434624715,116.07321061434,
    -40.15937956643));
#1416 = CIRCLE('',#1417,2.);
#1417 = AXIS2_PLACEMENT_3D('',#1418,#1419,#1420);
#1418 = CARTESIAN_POINT('',(3.,114.87112908632,-41.36146109445));
#1419 = DIRECTION('',(0.,0.707106781187,-0.707106781187));
#1420 = DIRECTION('',(9.88E-15,0.707106781187,0.707106781187));
#1421 = ORIENTED_EDGE('',*,*,#1422,.F.);
#1422 = EDGE_CURVE('',#1423,#1414,#1425,.T.);
#1423 = VERTEX_POINT('',#1424);
#1424 = CARTESIAN_POINT('',(1.946434594003,109.50861155897,
    -33.59478051106));
#1425 = LINE('',#1426,#1427);
#1426 = CARTESIAN_POINT('',(1.946434624715,117.69955621107,
    -41.78572516316));
#1427 = VECTOR('',#1428,1.);
#1428 = DIRECTION('',(0.,0.707106781187,-0.707106781187));
#1429 = ORIENTED_EDGE('',*,*,#1430,.T.);
#1430 = EDGE_CURVE('',#1423,#1371,#1431,.T.);
#1431 = B_SPLINE_CURVE_WITH_KNOTS('',8,(#1432,#1433,#1434,#1435,#1436,
    #1437,#1438,#1439,#1440,#1441,#1442,#1443,#1444,#1445,#1446,#1447,
    #1448,#1449,#1450,#1451,#1452,#1453,#1454),.UNSPECIFIED.,.F.,.F.,(9,
    7,7,9),(0.,0.1735366002,0.328811886176,1.),.UNSPECIFIED.);
#1432 = CARTESIAN_POINT('',(3.,109.09823747196,-32.76014235534));
#1433 = CARTESIAN_POINT('',(2.900323963708,109.13893004338,
    -32.80083492676));
#1434 = CARTESIAN_POINT('',(2.803537923915,109.17751871469,
    -32.84745248932));
#1435 = CARTESIAN_POINT('',(2.709865043863,109.21421119843,
    -32.89938825883));
#1436 = CARTESIAN_POINT('',(2.619470641369,109.24917734472,
    -32.95605679203));
#1437 = CARTESIAN_POINT('',(2.532472904111,109.28255805013,
    -33.01689373527));
#1438 = CARTESIAN_POINT('',(2.448951336764,109.31447191323,
    -33.08135545334));
#1439 = CARTESIAN_POINT('',(2.36895293999,109.34501963691,
    -33.14891853857));
#1440 = CARTESIAN_POINT('',(2.224084879041,109.40047299011,
    -33.28185683195));
#1441 = CARTESIAN_POINT('',(2.158376433432,109.42568504813,
    -33.34683572195));
#1442 = CARTESIAN_POINT('',(2.09531272076,109.45001053017,
    -33.41375268384));
#1443 = CARTESIAN_POINT('',(2.034825760692,109.47352726971,
    -33.48237792257));
#1444 = CARTESIAN_POINT('',(1.976839620049,109.4963047704,
    -33.55251479032));
#1445 = CARTESIAN_POINT('',(1.921272376619,109.51840622128,
    -33.62399954257));
#1446 = CARTESIAN_POINT('',(1.868038082963,109.53989051211,
    -33.69670109417));
#1447 = CARTESIAN_POINT('',(1.596643742573,109.65125854027,
    -34.0896114292));
#1448 = CARTESIAN_POINT('',(1.415941233,109.73214769208,-34.43284421842)
  );
#1449 = CARTESIAN_POINT('',(1.272140815841,109.80648763959,
    -34.78895170491));
#1450 = CARTESIAN_POINT('',(1.161521483197,109.87601686313,
    -35.15116445936));
#1451 = CARTESIAN_POINT('',(1.080728635909,109.94219543214,
    -35.51593090224));
#1452 = CARTESIAN_POINT('',(1.027261708697,110.00627396728,
    -35.88224449533));
#1453 = CARTESIAN_POINT('',(1.000000120016,110.06953876073,
    -36.25097162638));
#1454 = CARTESIAN_POINT('',(1.,110.13351365237,-36.6238456605));
#1455 = CYLINDRICAL_SURFACE('',#1456,2.);
#1456 = AXIS2_PLACEMENT_3D('',#1457,#1458,#1459);
#1457 = CARTESIAN_POINT('',(3.,116.49747468305,-42.98780669118));
#1458 = DIRECTION('',(0.,0.707106781187,-0.707106781187));
#1459 = DIRECTION('',(9.88E-15,0.707106781187,0.707106781187));
#1460 = ADVANCED_FACE('',(#1461),#1496,.T.);
#1461 = FACE_BOUND('',#1462,.F.);
#1462 = EDGE_LOOP('',(#1463,#1464,#1473,#1481,#1490));
#1463 = ORIENTED_EDGE('',*,*,#1430,.F.);
#1464 = ORIENTED_EDGE('',*,*,#1465,.T.);
#1465 = EDGE_CURVE('',#1423,#1466,#1468,.T.);
#1466 = VERTEX_POINT('',#1467);
#1467 = CARTESIAN_POINT('',(5.,108.50716805565,-32.59333700773));
#1468 = CIRCLE('',#1469,4.);
#1469 = AXIS2_PLACEMENT_3D('',#1470,#1471,#1472);
#1470 = CARTESIAN_POINT('',(5.,111.33559518039,-35.42176413248));
#1471 = DIRECTION('',(-0.,0.707106781187,0.707106781187));
#1472 = DIRECTION('',(1.,0.,0.));
#1473 = ORIENTED_EDGE('',*,*,#1474,.T.);
#1474 = EDGE_CURVE('',#1466,#1475,#1477,.T.);
#1475 = VERTEX_POINT('',#1476);
#1476 = CARTESIAN_POINT('',(5.,103.18460926057,-37.91589580281));
#1477 = LINE('',#1478,#1479);
#1478 = CARTESIAN_POINT('',(5.,109.42640687119,-31.67409819219));
#1479 = VECTOR('',#1480,1.);
#1480 = DIRECTION('',(0.,-0.707106781187,-0.707106781187));
#1481 = ORIENTED_EDGE('',*,*,#1482,.F.);
#1482 = EDGE_CURVE('',#1483,#1475,#1485,.T.);
#1483 = VERTEX_POINT('',#1484);
#1484 = CARTESIAN_POINT('',(1.,107.65054682595,-39.10681248692));
#1485 = ELLIPSE('',#1486,4.621999663179,4.);
#1486 = AXIS2_PLACEMENT_3D('',#1487,#1488,#1489);
#1487 = CARTESIAN_POINT('',(5.,107.65054682595,-39.10681248692));
#1488 = DIRECTION('',(0.,0.25766265056,0.966234939601));
#1489 = DIRECTION('',(0.,0.966234939601,-0.25766265056));
#1490 = ORIENTED_EDGE('',*,*,#1491,.F.);
#1491 = EDGE_CURVE('',#1371,#1483,#1492,.T.);
#1492 = LINE('',#1493,#1494);
#1493 = CARTESIAN_POINT('',(1.,112.25483399593,-34.50252531694));
#1494 = VECTOR('',#1495,1.);
#1495 = DIRECTION('',(0.,-0.707106781187,-0.707106781187));
#1496 = CYLINDRICAL_SURFACE('',#1497,4.);
#1497 = AXIS2_PLACEMENT_3D('',#1498,#1499,#1500);
#1498 = CARTESIAN_POINT('',(5.,112.25483399593,-34.50252531694));
#1499 = DIRECTION('',(0.,0.707106781187,0.707106781187));
#1500 = DIRECTION('',(1.,0.,0.));
#1501 = ADVANCED_FACE('',(#1502),#1582,.T.);
#1502 = FACE_BOUND('',#1503,.F.);
#1503 = EDGE_LOOP('',(#1504,#1505,#1513,#1576));
#1504 = ORIENTED_EDGE('',*,*,#1239,.T.);
#1505 = ORIENTED_EDGE('',*,*,#1506,.T.);
#1506 = EDGE_CURVE('',#1240,#1507,#1509,.T.);
#1507 = VERTEX_POINT('',#1508);
#1508 = CARTESIAN_POINT('',(140.,110.13351365237,-36.6238456605));
#1509 = LINE('',#1510,#1511);
#1510 = CARTESIAN_POINT('',(140.,116.49747468305,-42.98780669118));
#1511 = VECTOR('',#1512,1.);
#1512 = DIRECTION('',(0.,-0.707106781187,0.707106781187));
#1513 = ORIENTED_EDGE('',*,*,#1514,.T.);
#1514 = EDGE_CURVE('',#1507,#1515,#1517,.T.);
#1515 = VERTEX_POINT('',#1516);
#1516 = CARTESIAN_POINT('',(139.05356536698,109.5086115256,
    -33.59478047769));
#1517 = B_SPLINE_CURVE_WITH_KNOTS('',8,(#1518,#1519,#1520,#1521,#1522,
    #1523,#1524,#1525,#1526,#1527,#1528,#1529,#1530,#1531,#1532,#1533,
    #1534,#1535,#1536,#1537,#1538,#1539,#1540,#1541,#1542,#1543,#1544,
    #1545,#1546,#1547,#1548,#1549,#1550,#1551,#1552,#1553,#1554,#1555,
    #1556,#1557,#1558,#1559,#1560,#1561,#1562,#1563,#1564,#1565,#1566,
    #1567,#1568,#1569,#1570,#1571,#1572,#1573,#1574,#1575),
  .UNSPECIFIED.,.F.,.F.,(9,7,7,7,7,7,7,7,9),(0.,1.937356311559E-03,
    3.741097247655E-03,5.611634098032E-03,7.482156820409E-03,
    8.484215115615E-03,0.661873447069,0.814608208932,1.),.UNSPECIFIED.);
#1518 = CARTESIAN_POINT('',(140.,110.13351365237,-36.6238456605));
#1519 = CARTESIAN_POINT('',(140.,110.13332938773,-36.62277168738));
#1520 = CARTESIAN_POINT('',(139.99999977383,110.13314512307,
    -36.62169771427));
#1521 = CARTESIAN_POINT('',(139.9999993215,110.13296085839,
    -36.6206237412));
#1522 = CARTESIAN_POINT('',(139.999998643,110.13277659366,-36.6195497682
    ));
#1523 = CARTESIAN_POINT('',(139.99999773833,110.13259232887,
    -36.61847579531));
#1524 = CARTESIAN_POINT('',(139.9999966075,110.13240806398,
    -36.61740182257));
#1525 = CARTESIAN_POINT('',(139.99999525051,110.13222379898,
    -36.61632785002));
#1526 = CARTESIAN_POINT('',(139.99999219337,110.13186797708,
    -36.61425397495));
#1527 = CARTESIAN_POINT('',(139.99999052334,110.1316964202,
    -36.61325407242));
#1528 = CARTESIAN_POINT('',(139.99998865727,110.13152486318,
    -36.61225417011));
#1529 = CARTESIAN_POINT('',(139.99998659516,110.131353306,
    -36.61125426805));
#1530 = CARTESIAN_POINT('',(139.99998433699,110.13118174864,
    -36.61025436627));
#1531 = CARTESIAN_POINT('',(139.99998188278,110.13101019109,
    -36.6092544648));
#1532 = CARTESIAN_POINT('',(139.99997923253,110.13083863333,
    -36.60825456368));
#1533 = CARTESIAN_POINT('',(139.99997343451,110.13048916423,
    -36.60621773398));
#1534 = CARTESIAN_POINT('',(139.99997027196,110.13031125287,
    -36.60518080542));
#1535 = CARTESIAN_POINT('',(139.99996689858,110.13013334124,
    -36.6041438773));
#1536 = CARTESIAN_POINT('',(139.99996331435,110.12995542932,
    -36.60310694965));
#1537 = CARTESIAN_POINT('',(139.99995951929,110.12977751708,
    -36.6020700225));
#1538 = CARTESIAN_POINT('',(139.99995551339,110.12959960452,
    -36.60103309588));
#1539 = CARTESIAN_POINT('',(139.99995129665,110.1294216916,
    -36.59999616983));
#1540 = CARTESIAN_POINT('',(139.99994244151,110.12906586635,
    -36.59792232676));
#1541 = CARTESIAN_POINT('',(139.99993780313,110.12888795403,
    -36.59688540974));
#1542 = CARTESIAN_POINT('',(139.9999329539,110.12871004131,
    -36.59584849336));
#1543 = CARTESIAN_POINT('',(139.99992789384,110.12853212817,
    -36.59481157764));
#1544 = CARTESIAN_POINT('',(139.99992262293,110.1283542146,
    -36.59377466262));
#1545 = CARTESIAN_POINT('',(139.99991714119,110.12817630057,
    -36.59273774834));
#1546 = CARTESIAN_POINT('',(139.9999114486,110.12799838606,
    -36.59170083482));
#1547 = CARTESIAN_POINT('',(139.99990238264,110.12772516015,
    -36.59010843728));
#1548 = CARTESIAN_POINT('',(139.9998991596,110.1276298491,
    -36.58955295269));
#1549 = CARTESIAN_POINT('',(139.99989587606,110.12753453791,
    -36.58899746833));
#1550 = CARTESIAN_POINT('',(139.999892532,110.12743922657,-36.5884419842
    ));
#1551 = CARTESIAN_POINT('',(139.99988912744,110.12734391507,
    -36.58788650033));
#1552 = CARTESIAN_POINT('',(139.99988566236,110.12724860342,
    -36.5873310167));
#1553 = CARTESIAN_POINT('',(139.99988213678,110.12715329161,
    -36.58677553333));
#1554 = CARTESIAN_POINT('',(139.99754024829,110.0649100815,
    -36.22401888492));
#1555 = CARTESIAN_POINT('',(139.96949487358,110.00321188113,
    -35.864954295));
#1556 = CARTESIAN_POINT('',(139.91643054828,109.94068610371,
    -35.50813913348));
#1557 = CARTESIAN_POINT('',(139.83737608636,109.87619045372,
    -35.15317629445));
#1558 = CARTESIAN_POINT('',(139.73016442905,109.80858040249,
    -34.80107316148));
#1559 = CARTESIAN_POINT('',(139.59179613279,109.73649412941,
    -34.45487880867));
#1560 = CARTESIAN_POINT('',(139.41878887206,109.65830048372,
    -34.12038069535));
#1561 = CARTESIAN_POINT('',(139.15890577376,109.55083006689,
    -33.73432224884));
#1562 = CARTESIAN_POINT('',(139.10751769558,109.529942784,-33.6622192321
    ));
#1563 = CARTESIAN_POINT('',(139.05389809126,109.50847805915,
    -33.59124692358));
#1564 = CARTESIAN_POINT('',(138.99796540122,109.48638148173,
    -33.52152289938));
#1565 = CARTESIAN_POINT('',(138.93964120015,109.46359484436,
    -33.45319456514));
#1566 = CARTESIAN_POINT('',(138.87885189233,109.44005438464,
    -33.38643938371));
#1567 = CARTESIAN_POINT('',(138.81553040697,109.41568902684,
    -33.32146510262));
#1568 = CARTESIAN_POINT('',(138.66961227623,109.35974502164,
    -33.18209409251));
#1569 = CARTESIAN_POINT('',(138.58559272087,109.32766236909,
    -33.10846562077));
#1570 = CARTESIAN_POINT('',(138.49755894845,109.2940682906,
    -33.03820881064));
#1571 = CARTESIAN_POINT('',(138.40554553795,109.2588409746,
    -32.9719385493));
#1572 = CARTESIAN_POINT('',(138.30962725762,109.221836469,
    -32.91030132424));
#1573 = CARTESIAN_POINT('',(138.20992776502,109.18288262244,
    -32.85397602001));
#1574 = CARTESIAN_POINT('',(138.10663167558,109.14176967123,
    -32.80367455461));
#1575 = CARTESIAN_POINT('',(138.,109.09823747196,-32.76014235534));
#1576 = ORIENTED_EDGE('',*,*,#1577,.T.);
#1577 = EDGE_CURVE('',#1515,#1230,#1578,.T.);
#1578 = LINE('',#1579,#1580);
#1579 = CARTESIAN_POINT('',(139.05356537528,117.69955621107,
    -41.78572516316));
#1580 = VECTOR('',#1581,1.);
#1581 = DIRECTION('',(0.,0.707106781187,-0.707106781187));
#1582 = CYLINDRICAL_SURFACE('',#1583,2.);
#1583 = AXIS2_PLACEMENT_3D('',#1584,#1585,#1586);
#1584 = CARTESIAN_POINT('',(138.,116.49747468305,-42.98780669118));
#1585 = DIRECTION('',(0.,0.707106781187,-0.707106781187));
#1586 = DIRECTION('',(1.,-1.004091629285E-14,-1.004091629285E-14));
#1587 = ADVANCED_FACE('',(#1588),#1623,.T.);
#1588 = FACE_BOUND('',#1589,.F.);
#1589 = EDGE_LOOP('',(#1590,#1591,#1599,#1608,#1616));
#1590 = ORIENTED_EDGE('',*,*,#1514,.F.);
#1591 = ORIENTED_EDGE('',*,*,#1592,.T.);
#1592 = EDGE_CURVE('',#1507,#1593,#1595,.T.);
#1593 = VERTEX_POINT('',#1594);
#1594 = CARTESIAN_POINT('',(140.,107.65054682595,-39.10681248692));
#1595 = LINE('',#1596,#1597);
#1596 = CARTESIAN_POINT('',(140.,112.25483399593,-34.50252531694));
#1597 = VECTOR('',#1598,1.);
#1598 = DIRECTION('',(0.,-0.707106781187,-0.707106781187));
#1599 = ORIENTED_EDGE('',*,*,#1600,.F.);
#1600 = EDGE_CURVE('',#1601,#1593,#1603,.T.);
#1601 = VERTEX_POINT('',#1602);
#1602 = CARTESIAN_POINT('',(136.,103.18460926057,-37.91589580281));
#1603 = ELLIPSE('',#1604,4.621999663179,4.);
#1604 = AXIS2_PLACEMENT_3D('',#1605,#1606,#1607);
#1605 = CARTESIAN_POINT('',(136.,107.65054682595,-39.10681248692));
#1606 = DIRECTION('',(0.,0.25766265056,0.966234939601));
#1607 = DIRECTION('',(0.,0.966234939601,-0.25766265056));
#1608 = ORIENTED_EDGE('',*,*,#1609,.F.);
#1609 = EDGE_CURVE('',#1610,#1601,#1612,.T.);
#1610 = VERTEX_POINT('',#1611);
#1611 = CARTESIAN_POINT('',(136.,108.50716805565,-32.59333700773));
#1612 = LINE('',#1613,#1614);
#1613 = CARTESIAN_POINT('',(136.,109.42640687119,-31.67409819219));
#1614 = VECTOR('',#1615,1.);
#1615 = DIRECTION('',(0.,-0.707106781187,-0.707106781187));
#1616 = ORIENTED_EDGE('',*,*,#1617,.T.);
#1617 = EDGE_CURVE('',#1610,#1515,#1618,.T.);
#1618 = CIRCLE('',#1619,4.);
#1619 = AXIS2_PLACEMENT_3D('',#1620,#1621,#1622);
#1620 = CARTESIAN_POINT('',(136.,111.33559518039,-35.42176413248));
#1621 = DIRECTION('',(-0.,0.707106781187,0.707106781187));
#1622 = DIRECTION('',(1.,0.,0.));
#1623 = CYLINDRICAL_SURFACE('',#1624,4.);
#1624 = AXIS2_PLACEMENT_3D('',#1625,#1626,#1627);
#1625 = CARTESIAN_POINT('',(136.,112.25483399593,-34.50252531694));
#1626 = DIRECTION('',(0.,0.707106781187,0.707106781187));
#1627 = DIRECTION('',(1.,0.,0.));
#1628 = ADVANCED_FACE('',(#1629),#1645,.T.);
#1629 = FACE_BOUND('',#1630,.F.);
#1630 = EDGE_LOOP('',(#1631,#1632,#1638,#1639));
#1631 = ORIENTED_EDGE('',*,*,#1256,.T.);
#1632 = ORIENTED_EDGE('',*,*,#1633,.T.);
#1633 = EDGE_CURVE('',#1257,#1167,#1634,.T.);
#1634 = LINE('',#1635,#1636);
#1635 = CARTESIAN_POINT('',(137.,24.573593128807,-134.9116882454));
#1636 = VECTOR('',#1637,1.);
#1637 = DIRECTION('',(0.,-0.707106781187,0.707106781187));
#1638 = ORIENTED_EDGE('',*,*,#1174,.T.);
#1639 = ORIENTED_EDGE('',*,*,#1640,.F.);
#1640 = EDGE_CURVE('',#1249,#1175,#1641,.T.);
#1641 = LINE('',#1642,#1643);
#1642 = CARTESIAN_POINT('',(140.,26.694913472367,-132.7903679018));
#1643 = VECTOR('',#1644,1.);
#1644 = DIRECTION('',(0.,-0.707106781187,0.707106781187));
#1645 = CYLINDRICAL_SURFACE('',#1646,3.);
#1646 = AXIS2_PLACEMENT_3D('',#1647,#1648,#1649);
#1647 = CARTESIAN_POINT('',(137.,26.694913472367,-132.7903679018));
#1648 = DIRECTION('',(0.,0.707106781187,-0.707106781187));
#1649 = DIRECTION('',(1.1E-16,-0.707106781187,-0.707106781187));
#1650 = ADVANCED_FACE('',(#1651),#1662,.F.);
#1651 = FACE_BOUND('',#1652,.T.);
#1652 = EDGE_LOOP('',(#1653,#1654,#1660,#1661));
#1653 = ORIENTED_EDGE('',*,*,#1353,.T.);
#1654 = ORIENTED_EDGE('',*,*,#1655,.T.);
#1655 = EDGE_CURVE('',#1354,#928,#1656,.T.);
#1656 = LINE('',#1657,#1658);
#1657 = CARTESIAN_POINT('',(128.,71.949747468306,-88.9497474683));
#1658 = VECTOR('',#1659,1.);
#1659 = DIRECTION('',(0.,-0.707106781187,0.707106781187));
#1660 = ORIENTED_EDGE('',*,*,#927,.F.);
#1661 = ORIENTED_EDGE('',*,*,#1655,.F.);
#1662 = CYLINDRICAL_SURFACE('',#1663,58.);
#1663 = AXIS2_PLACEMENT_3D('',#1664,#1665,#1666);
#1664 = CARTESIAN_POINT('',(70.,71.949747468306,-88.9497474683));
#1665 = DIRECTION('',(-0.,0.707106781187,-0.707106781187));
#1666 = DIRECTION('',(1.,0.,0.));
#1667 = ADVANCED_FACE('',(#1668),#1702,.T.);
#1668 = FACE_BOUND('',#1669,.T.);
#1669 = EDGE_LOOP('',(#1670,#1671,#1679,#1688,#1696));
#1670 = ORIENTED_EDGE('',*,*,#1609,.F.);
#1671 = ORIENTED_EDGE('',*,*,#1672,.T.);
#1672 = EDGE_CURVE('',#1610,#1673,#1675,.T.);
#1673 = VERTEX_POINT('',#1674);
#1674 = CARTESIAN_POINT('',(130.94643462471,108.50716805565,
    -32.59333700773));
#1675 = LINE('',#1676,#1677);
#1676 = CARTESIAN_POINT('',(102.75,108.50716805565,-32.59333700773));
#1677 = VECTOR('',#1678,1.);
#1678 = DIRECTION('',(-1.,0.,0.));
#1679 = ORIENTED_EDGE('',*,*,#1680,.T.);
#1680 = EDGE_CURVE('',#1673,#1681,#1683,.T.);
#1681 = VERTEX_POINT('',#1682);
#1682 = CARTESIAN_POINT('',(130.,107.30508652763,-33.79541853575));
#1683 = CIRCLE('',#1684,2.);
#1684 = AXIS2_PLACEMENT_3D('',#1685,#1686,#1687);
#1685 = CARTESIAN_POINT('',(132.,107.30508652763,-33.79541853575));
#1686 = DIRECTION('',(0.,-0.707106781187,0.707106781187));
#1687 = DIRECTION('',(1.432E-14,0.707106781187,0.707106781187));
#1688 = ORIENTED_EDGE('',*,*,#1689,.T.);
#1689 = EDGE_CURVE('',#1681,#1690,#1692,.T.);
#1690 = VERTEX_POINT('',#1691);
#1691 = CARTESIAN_POINT('',(130.,103.18460926057,-37.91589580281));
#1692 = LINE('',#1693,#1694);
#1693 = CARTESIAN_POINT('',(130.,107.30508652763,-33.79541853575));
#1694 = VECTOR('',#1695,1.);
#1695 = DIRECTION('',(2.84E-15,-0.707106781187,-0.707106781187));
#1696 = ORIENTED_EDGE('',*,*,#1697,.T.);
#1697 = EDGE_CURVE('',#1690,#1601,#1698,.T.);
#1698 = LINE('',#1699,#1700);
#1699 = CARTESIAN_POINT('',(137.5,103.18460926057,-37.91589580281));
#1700 = VECTOR('',#1701,1.);
#1701 = DIRECTION('',(1.,0.,0.));
#1702 = PLANE('',#1703);
#1703 = AXIS2_PLACEMENT_3D('',#1704,#1705,#1706);
#1704 = CARTESIAN_POINT('',(135.,103.7695526217,-37.33095244168));
#1705 = DIRECTION('',(0.,-0.707106781187,0.707106781187));
#1706 = DIRECTION('',(1.,0.,0.));
#1707 = ADVANCED_FACE('',(#1708),#1733,.T.);
#1708 = FACE_BOUND('',#1709,.T.);
#1709 = EDGE_LOOP('',(#1710,#1720,#1726,#1727));
#1710 = ORIENTED_EDGE('',*,*,#1711,.F.);
#1711 = EDGE_CURVE('',#1712,#1714,#1716,.T.);
#1712 = VERTEX_POINT('',#1713);
#1713 = CARTESIAN_POINT('',(130.,111.,-40.));
#1714 = VERTEX_POINT('',#1715);
#1715 = CARTESIAN_POINT('',(130.,112.25483399593,-38.74516600406));
#1716 = LINE('',#1717,#1718);
#1717 = CARTESIAN_POINT('',(130.,89.62741699797,-61.37258300203));
#1718 = VECTOR('',#1719,1.);
#1719 = DIRECTION('',(-2.84E-15,0.707106781187,0.707106781187));
#1720 = ORIENTED_EDGE('',*,*,#1721,.T.);
#1721 = EDGE_CURVE('',#1712,#1690,#1722,.T.);
#1722 = LINE('',#1723,#1724);
#1723 = CARTESIAN_POINT('',(130.,74.913767363158,-30.37700463017));
#1724 = VECTOR('',#1725,1.);
#1725 = DIRECTION('',(-8.6E-16,-0.966234939601,0.25766265056));
#1726 = ORIENTED_EDGE('',*,*,#1689,.F.);
#1727 = ORIENTED_EDGE('',*,*,#1728,.F.);
#1728 = EDGE_CURVE('',#1714,#1681,#1729,.T.);
#1729 = LINE('',#1730,#1731);
#1730 = CARTESIAN_POINT('',(130.,116.49747468305,-42.98780669118));
#1731 = VECTOR('',#1732,1.);
#1732 = DIRECTION('',(0.,-0.707106781187,0.707106781187));
#1733 = PLANE('',#1734);
#1734 = AXIS2_PLACEMENT_3D('',#1735,#1736,#1737);
#1735 = CARTESIAN_POINT('',(130.,70.671054078198,-82.09081169079));
#1736 = DIRECTION('',(-1.,7.000357133747E-16,-7.000357133747E-16));
#1737 = DIRECTION('',(9.9E-16,0.707106781187,-0.707106781187));
#1738 = ADVANCED_FACE('',(#1739),#1773,.T.);
#1739 = FACE_BOUND('',#1740,.T.);
#1740 = EDGE_LOOP('',(#1741,#1752,#1758,#1759,#1767));
#1741 = ORIENTED_EDGE('',*,*,#1742,.T.);
#1742 = EDGE_CURVE('',#1743,#1745,#1747,.T.);
#1743 = VERTEX_POINT('',#1744);
#1744 = CARTESIAN_POINT('',(11.,107.30508652763,-33.79541853575));
#1745 = VERTEX_POINT('',#1746);
#1746 = CARTESIAN_POINT('',(10.053565375285,108.50716805565,
    -32.59333700773));
#1747 = CIRCLE('',#1748,2.);
#1748 = AXIS2_PLACEMENT_3D('',#1749,#1750,#1751);
#1749 = CARTESIAN_POINT('',(9.,107.30508652763,-33.79541853575));
#1750 = DIRECTION('',(0.,-0.707106781187,0.707106781187));
#1751 = DIRECTION('',(1.,-1.004091629285E-14,-1.004091629285E-14));
#1752 = ORIENTED_EDGE('',*,*,#1753,.T.);
#1753 = EDGE_CURVE('',#1745,#1466,#1754,.T.);
#1754 = LINE('',#1755,#1756);
#1755 = CARTESIAN_POINT('',(38.25,108.50716805565,-32.59333700773));
#1756 = VECTOR('',#1757,1.);
#1757 = DIRECTION('',(-1.,0.,0.));
#1758 = ORIENTED_EDGE('',*,*,#1474,.T.);
#1759 = ORIENTED_EDGE('',*,*,#1760,.T.);
#1760 = EDGE_CURVE('',#1475,#1761,#1763,.T.);
#1761 = VERTEX_POINT('',#1762);
#1762 = CARTESIAN_POINT('',(11.,103.18460926057,-37.91589580281));
#1763 = LINE('',#1764,#1765);
#1764 = CARTESIAN_POINT('',(73.,103.18460926057,-37.91589580281));
#1765 = VECTOR('',#1766,1.);
#1766 = DIRECTION('',(1.,0.,0.));
#1767 = ORIENTED_EDGE('',*,*,#1768,.T.);
#1768 = EDGE_CURVE('',#1761,#1743,#1769,.T.);
#1769 = LINE('',#1770,#1771);
#1770 = CARTESIAN_POINT('',(11.,100.23401871576,-40.86648634762));
#1771 = VECTOR('',#1772,1.);
#1772 = DIRECTION('',(-1.8E-16,0.707106781187,0.707106781187));
#1773 = PLANE('',#1774);
#1774 = AXIS2_PLACEMENT_3D('',#1775,#1776,#1777);
#1775 = CARTESIAN_POINT('',(6.,103.7695526217,-37.33095244168));
#1776 = DIRECTION('',(0.,-0.707106781187,0.707106781187));
#1777 = DIRECTION('',(1.,0.,0.));
#1778 = ADVANCED_FACE('',(#1779),#1804,.T.);
#1779 = FACE_BOUND('',#1780,.T.);
#1780 = EDGE_LOOP('',(#1781,#1791,#1797,#1798));
#1781 = ORIENTED_EDGE('',*,*,#1782,.F.);
#1782 = EDGE_CURVE('',#1783,#1785,#1787,.T.);
#1783 = VERTEX_POINT('',#1784);
#1784 = CARTESIAN_POINT('',(11.,112.25483399593,-38.74516600406));
#1785 = VERTEX_POINT('',#1786);
#1786 = CARTESIAN_POINT('',(11.,111.,-40.));
#1787 = LINE('',#1788,#1789);
#1788 = CARTESIAN_POINT('',(11.,86.091883092037,-64.90811690796));
#1789 = VECTOR('',#1790,1.);
#1790 = DIRECTION('',(1.8E-16,-0.707106781187,-0.707106781187));
#1791 = ORIENTED_EDGE('',*,*,#1792,.T.);
#1792 = EDGE_CURVE('',#1783,#1743,#1793,.T.);
#1793 = LINE('',#1794,#1795);
#1794 = CARTESIAN_POINT('',(11.,116.49747468305,-42.98780669118));
#1795 = VECTOR('',#1796,1.);
#1796 = DIRECTION('',(0.,-0.707106781187,0.707106781187));
#1797 = ORIENTED_EDGE('',*,*,#1768,.F.);
#1798 = ORIENTED_EDGE('',*,*,#1799,.T.);
#1799 = EDGE_CURVE('',#1761,#1785,#1800,.T.);
#1800 = LINE('',#1801,#1802);
#1801 = CARTESIAN_POINT('',(11.,74.913767363158,-30.37700463017));
#1802 = VECTOR('',#1803,1.);
#1803 = DIRECTION('',(0.,0.966234939601,-0.25766265056));
#1804 = PLANE('',#1805);
#1805 = AXIS2_PLACEMENT_3D('',#1806,#1807,#1808);
#1806 = CARTESIAN_POINT('',(11.,70.671054078198,-82.09081169079));
#1807 = DIRECTION('',(1.,0.,0.));
#1808 = DIRECTION('',(0.,-0.707106781187,0.707106781187));
#1809 = ADVANCED_FACE('',(#1810),#1844,.T.);
#1810 = FACE_BOUND('',#1811,.T.);
#1811 = EDGE_LOOP('',(#1812,#1821,#1822,#1828,#1829,#1838));
#1812 = ORIENTED_EDGE('',*,*,#1813,.T.);
#1813 = EDGE_CURVE('',#1814,#1783,#1816,.T.);
#1814 = VERTEX_POINT('',#1815);
#1815 = CARTESIAN_POINT('',(10.053565375285,113.45691552395,
    -37.54308447604));
#1816 = CIRCLE('',#1817,2.);
#1817 = AXIS2_PLACEMENT_3D('',#1818,#1819,#1820);
#1818 = CARTESIAN_POINT('',(9.,112.25483399593,-38.74516600406));
#1819 = DIRECTION('',(0.,0.707106781187,-0.707106781187));
#1820 = DIRECTION('',(1.,-1.004091629285E-14,-1.004091629285E-14));
#1821 = ORIENTED_EDGE('',*,*,#1782,.T.);
#1822 = ORIENTED_EDGE('',*,*,#1823,.F.);
#1823 = EDGE_CURVE('',#1712,#1785,#1824,.T.);
#1824 = LINE('',#1825,#1826);
#1825 = CARTESIAN_POINT('',(140.,111.,-40.));
#1826 = VECTOR('',#1827,1.);
#1827 = DIRECTION('',(-1.,0.,0.));
#1828 = ORIENTED_EDGE('',*,*,#1711,.T.);
#1829 = ORIENTED_EDGE('',*,*,#1830,.T.);
#1830 = EDGE_CURVE('',#1714,#1831,#1833,.T.);
#1831 = VERTEX_POINT('',#1832);
#1832 = CARTESIAN_POINT('',(130.94643462471,113.45691552395,
    -37.54308447604));
#1833 = CIRCLE('',#1834,2.);
#1834 = AXIS2_PLACEMENT_3D('',#1835,#1836,#1837);
#1835 = CARTESIAN_POINT('',(132.,112.25483399593,-38.74516600406));
#1836 = DIRECTION('',(0.,0.707106781187,-0.707106781187));
#1837 = DIRECTION('',(1.432E-14,0.707106781187,0.707106781187));
#1838 = ORIENTED_EDGE('',*,*,#1839,.T.);
#1839 = EDGE_CURVE('',#1831,#1814,#1840,.T.);
#1840 = LINE('',#1841,#1842);
#1841 = CARTESIAN_POINT('',(70.5,113.45691552395,-37.54308447604));
#1842 = VECTOR('',#1843,1.);
#1843 = DIRECTION('',(-1.,0.,0.));
#1844 = PLANE('',#1845);
#1845 = AXIS2_PLACEMENT_3D('',#1846,#1847,#1848);
#1846 = CARTESIAN_POINT('',(70.5,67.,-84.));
#1847 = DIRECTION('',(0.,-0.707106781187,0.707106781187));
#1848 = DIRECTION('',(1.,0.,0.));
#1849 = ADVANCED_FACE('',(#1850),#1856,.F.);
#1850 = FACE_BOUND('',#1851,.F.);
#1851 = EDGE_LOOP('',(#1852,#1853,#1854,#1855));
#1852 = ORIENTED_EDGE('',*,*,#1265,.T.);
#1853 = ORIENTED_EDGE('',*,*,#1215,.T.);
#1854 = ORIENTED_EDGE('',*,*,#1166,.T.);
#1855 = ORIENTED_EDGE('',*,*,#1633,.F.);
#1856 = PLANE('',#1857);
#1857 = AXIS2_PLACEMENT_3D('',#1858,#1859,#1860);
#1858 = CARTESIAN_POINT('',(4.,24.573593128807,-134.9116882454));
#1859 = DIRECTION('',(-1.5E-16,0.707106781187,0.707106781187));
#1860 = DIRECTION('',(1.,1.06066017178E-16,1.06066017178E-16));
#1861 = ADVANCED_FACE('',(#1862,#1969,#1972),#1983,.T.);
#1862 = FACE_BOUND('',#1863,.T.);
#1863 = EDGE_LOOP('',(#1864,#1872,#1873,#1874,#1875,#1881,#1882,#1888,
    #1889,#1890,#1891,#1892,#1900,#1908,#1916,#1924,#1932,#1940,#1946,
    #1947,#1955,#1963));
#1864 = ORIENTED_EDGE('',*,*,#1865,.T.);
#1865 = EDGE_CURVE('',#1866,#1414,#1868,.T.);
#1866 = VERTEX_POINT('',#1867);
#1867 = CARTESIAN_POINT('',(8.368671082873,116.07321061434,
    -40.15937956643));
#1868 = LINE('',#1869,#1870);
#1869 = CARTESIAN_POINT('',(39.434335541437,116.07321061434,
    -40.15937956643));
#1870 = VECTOR('',#1871,1.);
#1871 = DIRECTION('',(-1.,0.,0.));
#1872 = ORIENTED_EDGE('',*,*,#1422,.F.);
#1873 = ORIENTED_EDGE('',*,*,#1465,.T.);
#1874 = ORIENTED_EDGE('',*,*,#1753,.F.);
#1875 = ORIENTED_EDGE('',*,*,#1876,.T.);
#1876 = EDGE_CURVE('',#1745,#1814,#1877,.T.);
#1877 = LINE('',#1878,#1879);
#1878 = CARTESIAN_POINT('',(10.053565375285,117.69955621107,
    -41.78572516316));
#1879 = VECTOR('',#1880,1.);
#1880 = DIRECTION('',(0.,0.707106781187,-0.707106781187));
#1881 = ORIENTED_EDGE('',*,*,#1839,.F.);
#1882 = ORIENTED_EDGE('',*,*,#1883,.F.);
#1883 = EDGE_CURVE('',#1673,#1831,#1884,.T.);
#1884 = LINE('',#1885,#1886);
#1885 = CARTESIAN_POINT('',(130.94643462471,117.69955621107,
    -41.78572516316));
#1886 = VECTOR('',#1887,1.);
#1887 = DIRECTION('',(0.,0.707106781187,-0.707106781187));
#1888 = ORIENTED_EDGE('',*,*,#1672,.F.);
#1889 = ORIENTED_EDGE('',*,*,#1617,.T.);
#1890 = ORIENTED_EDGE('',*,*,#1577,.T.);
#1891 = ORIENTED_EDGE('',*,*,#1229,.T.);
#1892 = ORIENTED_EDGE('',*,*,#1893,.F.);
#1893 = EDGE_CURVE('',#1894,#1232,#1896,.T.);
#1894 = VERTEX_POINT('',#1895);
#1895 = CARTESIAN_POINT('',(137.57895362983,117.06712304147,
    -41.15329199356));
#1896 = LINE('',#1897,#1898);
#1897 = CARTESIAN_POINT('',(124.68859416445,131.04324261265,
    -55.12941156474));
#1898 = VECTOR('',#1899,1.);
#1899 = DIRECTION('',(-0.546267780547,0.592280133018,-0.592280133018));
#1900 = ORIENTED_EDGE('',*,*,#1901,.T.);
#1901 = EDGE_CURVE('',#1894,#1902,#1904,.T.);
#1902 = VERTEX_POINT('',#1903);
#1903 = CARTESIAN_POINT('',(138.36867108287,116.2853426487,
    -40.37151160079));
#1904 = LINE('',#1905,#1906);
#1905 = CARTESIAN_POINT('',(123.20938784011,131.29226741914,
    -55.37843637123));
#1906 = VECTOR('',#1907,1.);
#1907 = DIRECTION('',(0.581238193719,-0.575396455569,0.575396455569));
#1908 = ORIENTED_EDGE('',*,*,#1909,.T.);
#1909 = EDGE_CURVE('',#1902,#1910,#1912,.T.);
#1910 = VERTEX_POINT('',#1911);
#1911 = CARTESIAN_POINT('',(138.36867108287,116.07321061434,
    -40.15937956643));
#1912 = LINE('',#1913,#1914);
#1913 = CARTESIAN_POINT('',(138.36867108287,120.52798333582,
    -44.6141522879));
#1914 = VECTOR('',#1915,1.);
#1915 = DIRECTION('',(0.,-0.707106781187,0.707106781187));
#1916 = ORIENTED_EDGE('',*,*,#1917,.T.);
#1917 = EDGE_CURVE('',#1910,#1918,#1920,.T.);
#1918 = VERTEX_POINT('',#1919);
#1919 = CARTESIAN_POINT('',(131.63132891712,116.07321061434,
    -40.15937956643));
#1920 = LINE('',#1921,#1922);
#1921 = CARTESIAN_POINT('',(104.43433554143,116.07321061434,
    -40.15937956643));
#1922 = VECTOR('',#1923,1.);
#1923 = DIRECTION('',(-1.,0.,0.));
#1924 = ORIENTED_EDGE('',*,*,#1925,.T.);
#1925 = EDGE_CURVE('',#1918,#1926,#1928,.T.);
#1926 = VERTEX_POINT('',#1927);
#1927 = CARTESIAN_POINT('',(131.63132891712,116.2853426487,
    -40.37151160079));
#1928 = LINE('',#1929,#1930);
#1929 = CARTESIAN_POINT('',(131.63132891712,120.42191731864,
    -44.50808627073));
#1930 = VECTOR('',#1931,1.);
#1931 = DIRECTION('',(0.,0.707106781187,-0.707106781187));
#1932 = ORIENTED_EDGE('',*,*,#1933,.T.);
#1933 = EDGE_CURVE('',#1926,#1934,#1936,.T.);
#1934 = VERTEX_POINT('',#1935);
#1935 = CARTESIAN_POINT('',(132.42104637016,117.06712304147,
    -41.15329199356));
#1936 = LINE('',#1937,#1938);
#1937 = CARTESIAN_POINT('',(124.1429287622,108.872204707,-32.95837365909
    ));
#1938 = VECTOR('',#1939,1.);
#1939 = DIRECTION('',(0.581238193719,0.575396455569,-0.575396455569));
#1940 = ORIENTED_EDGE('',*,*,#1941,.F.);
#1941 = EDGE_CURVE('',#1322,#1934,#1942,.T.);
#1942 = LINE('',#1943,#1944);
#1943 = CARTESIAN_POINT('',(125.31405835543,109.36151059896,
    -33.44767955105));
#1944 = VECTOR('',#1945,1.);
#1945 = DIRECTION('',(-0.546267780547,-0.592280133018,0.592280133018));
#1946 = ORIENTED_EDGE('',*,*,#1321,.T.);
#1947 = ORIENTED_EDGE('',*,*,#1948,.F.);
#1948 = EDGE_CURVE('',#1949,#1314,#1951,.T.);
#1949 = VERTEX_POINT('',#1950);
#1950 = CARTESIAN_POINT('',(7.578953629831,117.06712304147,
    -41.15329199356));
#1951 = LINE('',#1952,#1953);
#1952 = CARTESIAN_POINT('',(14.085145888594,110.01291162046,
    -34.09908057255));
#1953 = VECTOR('',#1954,1.);
#1954 = DIRECTION('',(-0.546267780547,0.592280133018,-0.592280133018));
#1955 = ORIENTED_EDGE('',*,*,#1956,.T.);
#1956 = EDGE_CURVE('',#1949,#1957,#1959,.T.);
#1957 = VERTEX_POINT('',#1958);
#1958 = CARTESIAN_POINT('',(8.368671082873,116.2853426487,
    -40.37151160079));
#1959 = LINE('',#1960,#1961);
#1960 = CARTESIAN_POINT('',(15.168847299569,109.55351164617,
    -33.63968059826));
#1961 = VECTOR('',#1962,1.);
#1962 = DIRECTION('',(0.581238193719,-0.575396455569,0.575396455569));
#1963 = ORIENTED_EDGE('',*,*,#1964,.T.);
#1964 = EDGE_CURVE('',#1957,#1866,#1965,.T.);
#1965 = LINE('',#1966,#1967);
#1966 = CARTESIAN_POINT('',(8.368671082873,120.52798333582,
    -44.6141522879));
#1967 = VECTOR('',#1968,1.);
#1968 = DIRECTION('',(0.,-0.707106781187,0.707106781187));
#1969 = FACE_BOUND('',#1970,.T.);
#1970 = EDGE_LOOP('',(#1971));
#1971 = ORIENTED_EDGE('',*,*,#202,.T.);
#1972 = FACE_BOUND('',#1973,.T.);
#1973 = EDGE_LOOP('',(#1974));
#1974 = ORIENTED_EDGE('',*,*,#1975,.T.);
#1975 = EDGE_CURVE('',#1976,#1976,#1978,.T.);
#1976 = VERTEX_POINT('',#1977);
#1977 = CARTESIAN_POINT('',(137.05,112.74980874277,-36.83597769485));
#1978 = CIRCLE('',#1979,2.05);
#1979 = AXIS2_PLACEMENT_3D('',#1980,#1981,#1982);
#1980 = CARTESIAN_POINT('',(135.,112.74980874277,-36.83597769485));
#1981 = DIRECTION('',(0.,-0.707106781187,-0.707106781187));
#1982 = DIRECTION('',(1.,0.,0.));
#1983 = PLANE('',#1984);
#1984 = AXIS2_PLACEMENT_3D('',#1985,#1986,#1987);
#1985 = CARTESIAN_POINT('',(70.5,124.77062402294,-48.85679297502));
#1986 = DIRECTION('',(0.,0.707106781187,0.707106781187));
#1987 = DIRECTION('',(0.,-0.707106781187,0.707106781187));
#1988 = ADVANCED_FACE('',(#1989),#2007,.T.);
#1989 = FACE_BOUND('',#1990,.T.);
#1990 = EDGE_LOOP('',(#1991,#1992,#2000,#2006));
#1991 = ORIENTED_EDGE('',*,*,#1345,.T.);
#1992 = ORIENTED_EDGE('',*,*,#1993,.T.);
#1993 = EDGE_CURVE('',#1338,#1994,#1996,.T.);
#1994 = VERTEX_POINT('',#1995);
#1995 = CARTESIAN_POINT('',(137.57895362983,27.264561830785,
    -130.9558532042));
#1996 = LINE('',#1997,#1998);
#1997 = CARTESIAN_POINT('',(136.8,28.10912703474,-131.8004184082));
#1998 = VECTOR('',#1999,1.);
#1999 = DIRECTION('',(0.546267780547,-0.592280133018,0.592280133018));
#2000 = ORIENTED_EDGE('',*,*,#2001,.T.);
#2001 = EDGE_CURVE('',#1994,#1894,#2002,.T.);
#2002 = LINE('',#2003,#2004);
#2003 = CARTESIAN_POINT('',(137.57895362983,117.98636185701,
    -40.23405317802));
#2004 = VECTOR('',#2005,1.);
#2005 = DIRECTION('',(6.6E-16,0.707106781187,0.707106781187));
#2006 = ORIENTED_EDGE('',*,*,#1893,.T.);
#2007 = PLANE('',#2008);
#2008 = AXIS2_PLACEMENT_3D('',#2009,#2010,#2011);
#2009 = CARTESIAN_POINT('',(136.8,118.83092706097,-41.07861838197));
#2010 = DIRECTION('',(-0.837610596839,-0.386269651968,0.386269651968));
#2011 = DIRECTION('',(0.546267780547,-0.592280133018,0.592280133018));
#2012 = ADVANCED_FACE('',(#2013),#2063,.T.);
#2013 = FACE_BOUND('',#2014,.T.);
#2014 = EDGE_LOOP('',(#2015,#2016,#2017,#2025,#2033,#2041,#2049,#2057));
#2015 = ORIENTED_EDGE('',*,*,#1993,.F.);
#2016 = ORIENTED_EDGE('',*,*,#1337,.T.);
#2017 = ORIENTED_EDGE('',*,*,#2018,.F.);
#2018 = EDGE_CURVE('',#2019,#1330,#2021,.T.);
#2019 = VERTEX_POINT('',#2020);
#2020 = CARTESIAN_POINT('',(132.42104637016,27.264561830785,
    -130.9558532042));
#2021 = LINE('',#2022,#2023);
#2022 = CARTESIAN_POINT('',(131.7,26.482781438011,-130.1740728114));
#2023 = VECTOR('',#2024,1.);
#2024 = DIRECTION('',(0.546267780547,0.592280133018,-0.592280133018));
#2025 = ORIENTED_EDGE('',*,*,#2026,.F.);
#2026 = EDGE_CURVE('',#2027,#2019,#2029,.T.);
#2027 = VERTEX_POINT('',#2028);
#2028 = CARTESIAN_POINT('',(131.63132891712,26.482781438011,
    -130.1740728114));
#2029 = LINE('',#2030,#2031);
#2030 = CARTESIAN_POINT('',(131.63132891712,26.482781438011,
    -130.1740728114));
#2031 = VECTOR('',#2032,1.);
#2032 = DIRECTION('',(0.581238193719,0.575396455569,-0.575396455569));
#2033 = ORIENTED_EDGE('',*,*,#2034,.F.);
#2034 = EDGE_CURVE('',#2035,#2027,#2037,.T.);
#2035 = VERTEX_POINT('',#2036);
#2036 = CARTESIAN_POINT('',(131.63132891712,26.270649403655,
    -129.9619407771));
#2037 = LINE('',#2038,#2039);
#2038 = CARTESIAN_POINT('',(131.63132891712,26.270649403655,
    -129.9619407771));
#2039 = VECTOR('',#2040,1.);
#2040 = DIRECTION('',(0.,0.707106781187,-0.707106781187));
#2041 = ORIENTED_EDGE('',*,*,#2042,.F.);
#2042 = EDGE_CURVE('',#2043,#2035,#2045,.T.);
#2043 = VERTEX_POINT('',#2044);
#2044 = CARTESIAN_POINT('',(138.36867108287,26.270649403655,
    -129.9619407771));
#2045 = LINE('',#2046,#2047);
#2046 = CARTESIAN_POINT('',(138.36867108287,26.270649403655,
    -129.9619407771));
#2047 = VECTOR('',#2048,1.);
#2048 = DIRECTION('',(-1.,0.,0.));
#2049 = ORIENTED_EDGE('',*,*,#2050,.F.);
#2050 = EDGE_CURVE('',#2051,#2043,#2053,.T.);
#2051 = VERTEX_POINT('',#2052);
#2052 = CARTESIAN_POINT('',(138.36867108287,26.482781438011,
    -130.1740728114));
#2053 = LINE('',#2054,#2055);
#2054 = CARTESIAN_POINT('',(138.36867108287,26.482781438011,
    -130.1740728114));
#2055 = VECTOR('',#2056,1.);
#2056 = DIRECTION('',(0.,-0.707106781187,0.707106781187));
#2057 = ORIENTED_EDGE('',*,*,#2058,.F.);
#2058 = EDGE_CURVE('',#1994,#2051,#2059,.T.);
#2059 = LINE('',#2060,#2061);
#2060 = CARTESIAN_POINT('',(136.65438536858,28.179837712858,
    -131.8711290863));
#2061 = VECTOR('',#2062,1.);
#2062 = DIRECTION('',(0.581238193719,-0.575396455569,0.575396455569));
#2063 = PLANE('',#2064);
#2064 = AXIS2_PLACEMENT_3D('',#2065,#2066,#2067);
#2065 = CARTESIAN_POINT('',(135.,26.87665016343,-130.5679415369));
#2066 = DIRECTION('',(0.,0.707106781187,0.707106781187));
#2067 = DIRECTION('',(0.,-0.707106781187,0.707106781187));
#2068 = ADVANCED_FACE('',(#2069),#2080,.T.);
#2069 = FACE_BOUND('',#2070,.T.);
#2070 = EDGE_LOOP('',(#2071,#2077,#2078,#2079));
#2071 = ORIENTED_EDGE('',*,*,#2072,.T.);
#2072 = EDGE_CURVE('',#1934,#2019,#2073,.T.);
#2073 = LINE('',#2074,#2075);
#2074 = CARTESIAN_POINT('',(132.42104637016,117.98636185701,
    -40.23405317802));
#2075 = VECTOR('',#2076,1.);
#2076 = DIRECTION('',(6.6E-16,-0.707106781187,-0.707106781187));
#2077 = ORIENTED_EDGE('',*,*,#2018,.T.);
#2078 = ORIENTED_EDGE('',*,*,#1329,.T.);
#2079 = ORIENTED_EDGE('',*,*,#1941,.T.);
#2080 = PLANE('',#2081);
#2081 = AXIS2_PLACEMENT_3D('',#2082,#2083,#2084);
#2082 = CARTESIAN_POINT('',(131.7,117.20458146424,-39.45227278524));
#2083 = DIRECTION('',(0.837610596839,-0.386269651968,0.386269651968));
#2084 = DIRECTION('',(0.546267780547,0.592280133018,-0.592280133018));
#2085 = ADVANCED_FACE('',(#2086),#2104,.T.);
#2086 = FACE_BOUND('',#2087,.T.);
#2087 = EDGE_LOOP('',(#2088,#2089,#2097,#2103));
#2088 = ORIENTED_EDGE('',*,*,#1313,.T.);
#2089 = ORIENTED_EDGE('',*,*,#2090,.T.);
#2090 = EDGE_CURVE('',#1306,#2091,#2093,.T.);
#2091 = VERTEX_POINT('',#2092);
#2092 = CARTESIAN_POINT('',(7.578953629831,27.264561830786,
    -130.9558532042));
#2093 = LINE('',#2094,#2095);
#2094 = CARTESIAN_POINT('',(6.8,28.10912703474,-131.8004184082));
#2095 = VECTOR('',#2096,1.);
#2096 = DIRECTION('',(0.546267780547,-0.592280133018,0.592280133018));
#2097 = ORIENTED_EDGE('',*,*,#2098,.T.);
#2098 = EDGE_CURVE('',#2091,#1949,#2099,.T.);
#2099 = LINE('',#2100,#2101);
#2100 = CARTESIAN_POINT('',(7.578953629831,117.98636185701,
    -40.23405317802));
#2101 = VECTOR('',#2102,1.);
#2102 = DIRECTION('',(6.6E-16,0.707106781187,0.707106781187));
#2103 = ORIENTED_EDGE('',*,*,#1948,.T.);
#2104 = PLANE('',#2105);
#2105 = AXIS2_PLACEMENT_3D('',#2106,#2107,#2108);
#2106 = CARTESIAN_POINT('',(6.8,118.83092706097,-41.07861838197));
#2107 = DIRECTION('',(-0.837610596839,-0.386269651968,0.386269651968));
#2108 = DIRECTION('',(0.546267780547,-0.592280133018,0.592280133018));
#2109 = ADVANCED_FACE('',(#2110),#2160,.T.);
#2110 = FACE_BOUND('',#2111,.T.);
#2111 = EDGE_LOOP('',(#2112,#2113,#2114,#2122,#2130,#2138,#2146,#2154));
#2112 = ORIENTED_EDGE('',*,*,#2090,.F.);
#2113 = ORIENTED_EDGE('',*,*,#1305,.T.);
#2114 = ORIENTED_EDGE('',*,*,#2115,.F.);
#2115 = EDGE_CURVE('',#2116,#1298,#2118,.T.);
#2116 = VERTEX_POINT('',#2117);
#2117 = CARTESIAN_POINT('',(2.421046370169,27.264561830785,
    -130.9558532042));
#2118 = LINE('',#2119,#2120);
#2119 = CARTESIAN_POINT('',(1.7,26.482781438011,-130.1740728114));
#2120 = VECTOR('',#2121,1.);
#2121 = DIRECTION('',(0.546267780547,0.592280133018,-0.592280133018));
#2122 = ORIENTED_EDGE('',*,*,#2123,.F.);
#2123 = EDGE_CURVE('',#2124,#2116,#2126,.T.);
#2124 = VERTEX_POINT('',#2125);
#2125 = CARTESIAN_POINT('',(1.631328917127,26.482781438011,
    -130.1740728114));
#2126 = LINE('',#2127,#2128);
#2127 = CARTESIAN_POINT('',(1.631328917127,26.482781438011,
    -130.1740728114));
#2128 = VECTOR('',#2129,1.);
#2129 = DIRECTION('',(0.581238193719,0.575396455569,-0.575396455569));
#2130 = ORIENTED_EDGE('',*,*,#2131,.F.);
#2131 = EDGE_CURVE('',#2132,#2124,#2134,.T.);
#2132 = VERTEX_POINT('',#2133);
#2133 = CARTESIAN_POINT('',(1.631328917127,26.270649403655,
    -129.9619407771));
#2134 = LINE('',#2135,#2136);
#2135 = CARTESIAN_POINT('',(1.631328917127,26.270649403655,
    -129.9619407771));
#2136 = VECTOR('',#2137,1.);
#2137 = DIRECTION('',(0.,0.707106781187,-0.707106781187));
#2138 = ORIENTED_EDGE('',*,*,#2139,.F.);
#2139 = EDGE_CURVE('',#2140,#2132,#2142,.T.);
#2140 = VERTEX_POINT('',#2141);
#2141 = CARTESIAN_POINT('',(8.368671082873,26.270649403655,
    -129.9619407771));
#2142 = LINE('',#2143,#2144);
#2143 = CARTESIAN_POINT('',(8.368671082873,26.270649403655,
    -129.9619407771));
#2144 = VECTOR('',#2145,1.);
#2145 = DIRECTION('',(-1.,0.,0.));
#2146 = ORIENTED_EDGE('',*,*,#2147,.F.);
#2147 = EDGE_CURVE('',#2148,#2140,#2150,.T.);
#2148 = VERTEX_POINT('',#2149);
#2149 = CARTESIAN_POINT('',(8.368671082873,26.482781438011,
    -130.1740728114));
#2150 = LINE('',#2151,#2152);
#2151 = CARTESIAN_POINT('',(8.368671082873,26.482781438011,
    -130.1740728114));
#2152 = VECTOR('',#2153,1.);
#2153 = DIRECTION('',(0.,-0.707106781187,0.707106781187));
#2154 = ORIENTED_EDGE('',*,*,#2155,.F.);
#2155 = EDGE_CURVE('',#2091,#2148,#2156,.T.);
#2156 = LINE('',#2157,#2158);
#2157 = CARTESIAN_POINT('',(6.654385368588,28.179837712858,
    -131.8711290863));
#2158 = VECTOR('',#2159,1.);
#2159 = DIRECTION('',(0.581238193719,-0.575396455569,0.575396455569));
#2160 = PLANE('',#2161);
#2161 = AXIS2_PLACEMENT_3D('',#2162,#2163,#2164);
#2162 = CARTESIAN_POINT('',(5.,26.87665016343,-130.5679415369));
#2163 = DIRECTION('',(0.,0.707106781187,0.707106781187));
#2164 = DIRECTION('',(0.,-0.707106781187,0.707106781187));
#2165 = ADVANCED_FACE('',(#2166),#2184,.T.);
#2166 = FACE_BOUND('',#2167,.T.);
#2167 = EDGE_LOOP('',(#2168,#2176,#2177,#2178));
#2168 = ORIENTED_EDGE('',*,*,#2169,.T.);
#2169 = EDGE_CURVE('',#2170,#2116,#2172,.T.);
#2170 = VERTEX_POINT('',#2171);
#2171 = CARTESIAN_POINT('',(2.421046370169,117.06712304147,
    -41.15329199356));
#2172 = LINE('',#2173,#2174);
#2173 = CARTESIAN_POINT('',(2.421046370169,117.98636185702,
    -40.23405317802));
#2174 = VECTOR('',#2175,1.);
#2175 = DIRECTION('',(6.6E-16,-0.707106781187,-0.707106781187));
#2176 = ORIENTED_EDGE('',*,*,#2115,.T.);
#2177 = ORIENTED_EDGE('',*,*,#1297,.T.);
#2178 = ORIENTED_EDGE('',*,*,#2179,.T.);
#2179 = EDGE_CURVE('',#1290,#2170,#2180,.T.);
#2180 = LINE('',#2181,#2182);
#2181 = CARTESIAN_POINT('',(14.710610079576,130.39184159115,
    -54.47801054324));
#2182 = VECTOR('',#2183,1.);
#2183 = DIRECTION('',(-0.546267780547,-0.592280133018,0.592280133018));
#2184 = PLANE('',#2185);
#2185 = AXIS2_PLACEMENT_3D('',#2186,#2187,#2188);
#2186 = CARTESIAN_POINT('',(1.7,117.20458146424,-39.45227278524));
#2187 = DIRECTION('',(0.837610596839,-0.386269651968,0.386269651968));
#2188 = DIRECTION('',(0.546267780547,0.592280133018,-0.592280133018));
#2189 = ADVANCED_FACE('',(#2190),#2201,.T.);
#2190 = FACE_BOUND('',#2191,.T.);
#2191 = EDGE_LOOP('',(#2192,#2193,#2194,#2195));
#2192 = ORIENTED_EDGE('',*,*,#2179,.F.);
#2193 = ORIENTED_EDGE('',*,*,#1289,.T.);
#2194 = ORIENTED_EDGE('',*,*,#1379,.F.);
#2195 = ORIENTED_EDGE('',*,*,#2196,.T.);
#2196 = EDGE_CURVE('',#1380,#2170,#2197,.T.);
#2197 = LINE('',#2198,#2199);
#2198 = CARTESIAN_POINT('',(16.102388221666,130.61096047997,
    -54.69712943206));
#2199 = VECTOR('',#2200,1.);
#2200 = DIRECTION('',(0.581238193719,0.575396455569,-0.575396455569));
#2201 = PLANE('',#2202);
#2202 = AXIS2_PLACEMENT_3D('',#2203,#2204,#2205);
#2203 = CARTESIAN_POINT('',(70.5,124.77062402294,-48.85679297502));
#2204 = DIRECTION('',(0.,0.707106781187,0.707106781187));
#2205 = DIRECTION('',(0.,-0.707106781187,0.707106781187));
#2206 = ADVANCED_FACE('',(#2207),#2225,.T.);
#2207 = FACE_BOUND('',#2208,.T.);
#2208 = EDGE_LOOP('',(#2209,#2210,#2216,#2217,#2223,#2224));
#2209 = ORIENTED_EDGE('',*,*,#1865,.F.);
#2210 = ORIENTED_EDGE('',*,*,#2211,.T.);
#2211 = EDGE_CURVE('',#1866,#2140,#2212,.T.);
#2212 = LINE('',#2213,#2214);
#2213 = CARTESIAN_POINT('',(8.368671082873,116.99244942988,
    -39.24014075089));
#2214 = VECTOR('',#2215,1.);
#2215 = DIRECTION('',(0.,-0.707106781187,-0.707106781187));
#2216 = ORIENTED_EDGE('',*,*,#2139,.T.);
#2217 = ORIENTED_EDGE('',*,*,#2218,.F.);
#2218 = EDGE_CURVE('',#1397,#2132,#2219,.T.);
#2219 = LINE('',#2220,#2221);
#2220 = CARTESIAN_POINT('',(1.631328917127,116.99244942988,
    -39.24014075089));
#2221 = VECTOR('',#2222,1.);
#2222 = DIRECTION('',(0.,-0.707106781187,-0.707106781187));
#2223 = ORIENTED_EDGE('',*,*,#1404,.T.);
#2224 = ORIENTED_EDGE('',*,*,#1413,.T.);
#2225 = PLANE('',#2226);
#2226 = AXIS2_PLACEMENT_3D('',#2227,#2228,#2229);
#2227 = CARTESIAN_POINT('',(5.002047266903,71.145170700907,
    -85.08741947987));
#2228 = DIRECTION('',(0.,0.707106781187,-0.707106781187));
#2229 = DIRECTION('',(0.,0.707106781187,0.707106781187));
#2230 = ADVANCED_FACE('',(#2231),#2242,.T.);
#2231 = FACE_BOUND('',#2232,.T.);
#2232 = EDGE_LOOP('',(#2233,#2234,#2235,#2236));
#2233 = ORIENTED_EDGE('',*,*,#1396,.F.);
#2234 = ORIENTED_EDGE('',*,*,#2218,.T.);
#2235 = ORIENTED_EDGE('',*,*,#2131,.T.);
#2236 = ORIENTED_EDGE('',*,*,#2237,.F.);
#2237 = EDGE_CURVE('',#1388,#2124,#2238,.T.);
#2238 = LINE('',#2239,#2240);
#2239 = CARTESIAN_POINT('',(1.631328917127,117.20458146424,
    -39.45227278524));
#2240 = VECTOR('',#2241,1.);
#2241 = DIRECTION('',(0.,-0.707106781187,-0.707106781187));
#2242 = PLANE('',#2243);
#2243 = AXIS2_PLACEMENT_3D('',#2244,#2245,#2246);
#2244 = CARTESIAN_POINT('',(1.631328917127,116.99244942988,
    -39.24014075089));
#2245 = DIRECTION('',(1.,0.,0.));
#2246 = DIRECTION('',(0.,0.707106781187,-0.707106781187));
#2247 = ADVANCED_FACE('',(#2248),#2255,.T.);
#2248 = FACE_BOUND('',#2249,.T.);
#2249 = EDGE_LOOP('',(#2250,#2251,#2252,#2253,#2254));
#2250 = ORIENTED_EDGE('',*,*,#2196,.F.);
#2251 = ORIENTED_EDGE('',*,*,#1387,.T.);
#2252 = ORIENTED_EDGE('',*,*,#2237,.T.);
#2253 = ORIENTED_EDGE('',*,*,#2123,.T.);
#2254 = ORIENTED_EDGE('',*,*,#2169,.F.);
#2255 = PLANE('',#2256);
#2256 = AXIS2_PLACEMENT_3D('',#2257,#2258,#2259);
#2257 = CARTESIAN_POINT('',(1.631328917127,117.20458146424,
    -39.45227278524));
#2258 = DIRECTION('',(0.813733471207,-0.410997468263,0.410997468263));
#2259 = DIRECTION('',(0.581238193719,0.575396455569,-0.575396455569));
#2260 = ADVANCED_FACE('',(#2261),#2267,.T.);
#2261 = FACE_BOUND('',#2262,.F.);
#2262 = EDGE_LOOP('',(#2263,#2264,#2265,#2266));
#2263 = ORIENTED_EDGE('',*,*,#1728,.F.);
#2264 = ORIENTED_EDGE('',*,*,#1830,.T.);
#2265 = ORIENTED_EDGE('',*,*,#1883,.F.);
#2266 = ORIENTED_EDGE('',*,*,#1680,.T.);
#2267 = CYLINDRICAL_SURFACE('',#2268,2.);
#2268 = AXIS2_PLACEMENT_3D('',#2269,#2270,#2271);
#2269 = CARTESIAN_POINT('',(132.,116.49747468305,-42.98780669118));
#2270 = DIRECTION('',(0.,0.707106781187,-0.707106781187));
#2271 = DIRECTION('',(1.432E-14,0.707106781187,0.707106781187));
#2272 = ADVANCED_FACE('',(#2273),#2279,.T.);
#2273 = FACE_BOUND('',#2274,.F.);
#2274 = EDGE_LOOP('',(#2275,#2276,#2277,#2278));
#2275 = ORIENTED_EDGE('',*,*,#1876,.T.);
#2276 = ORIENTED_EDGE('',*,*,#1813,.T.);
#2277 = ORIENTED_EDGE('',*,*,#1792,.T.);
#2278 = ORIENTED_EDGE('',*,*,#1742,.T.);
#2279 = CYLINDRICAL_SURFACE('',#2280,2.);
#2280 = AXIS2_PLACEMENT_3D('',#2281,#2282,#2283);
#2281 = CARTESIAN_POINT('',(9.,116.49747468305,-42.98780669118));
#2282 = DIRECTION('',(0.,0.707106781187,-0.707106781187));
#2283 = DIRECTION('',(1.,-1.004091629285E-14,-1.004091629285E-14));
#2284 = ADVANCED_FACE('',(#2285),#2296,.T.);
#2285 = FACE_BOUND('',#2286,.T.);
#2286 = EDGE_LOOP('',(#2287,#2288,#2294,#2295));
#2287 = ORIENTED_EDGE('',*,*,#1964,.F.);
#2288 = ORIENTED_EDGE('',*,*,#2289,.T.);
#2289 = EDGE_CURVE('',#1957,#2148,#2290,.T.);
#2290 = LINE('',#2291,#2292);
#2291 = CARTESIAN_POINT('',(8.368671082873,117.20458146424,
    -39.45227278524));
#2292 = VECTOR('',#2293,1.);
#2293 = DIRECTION('',(0.,-0.707106781187,-0.707106781187));
#2294 = ORIENTED_EDGE('',*,*,#2147,.T.);
#2295 = ORIENTED_EDGE('',*,*,#2211,.F.);
#2296 = PLANE('',#2297);
#2297 = AXIS2_PLACEMENT_3D('',#2298,#2299,#2300);
#2298 = CARTESIAN_POINT('',(8.368671082873,117.20458146424,
    -39.45227278524));
#2299 = DIRECTION('',(-1.,0.,0.));
#2300 = DIRECTION('',(0.,-0.707106781187,0.707106781187));
#2301 = ADVANCED_FACE('',(#2302),#2308,.T.);
#2302 = FACE_BOUND('',#2303,.T.);
#2303 = EDGE_LOOP('',(#2304,#2305,#2306,#2307));
#2304 = ORIENTED_EDGE('',*,*,#1956,.F.);
#2305 = ORIENTED_EDGE('',*,*,#2098,.F.);
#2306 = ORIENTED_EDGE('',*,*,#2155,.T.);
#2307 = ORIENTED_EDGE('',*,*,#2289,.F.);
#2308 = PLANE('',#2309);
#2309 = AXIS2_PLACEMENT_3D('',#2310,#2311,#2312);
#2310 = CARTESIAN_POINT('',(6.654385368588,118.90163773909,
    -41.14932906009));
#2311 = DIRECTION('',(-0.813733471207,-0.410997468263,0.410997468263));
#2312 = DIRECTION('',(0.581238193719,-0.575396455569,0.575396455569));
#2313 = ADVANCED_FACE('',(#2314),#2325,.T.);
#2314 = FACE_BOUND('',#2315,.T.);
#2315 = EDGE_LOOP('',(#2316,#2317,#2323,#2324));
#2316 = ORIENTED_EDGE('',*,*,#1933,.F.);
#2317 = ORIENTED_EDGE('',*,*,#2318,.T.);
#2318 = EDGE_CURVE('',#1926,#2027,#2319,.T.);
#2319 = LINE('',#2320,#2321);
#2320 = CARTESIAN_POINT('',(131.63132891712,117.20458146424,
    -39.45227278524));
#2321 = VECTOR('',#2322,1.);
#2322 = DIRECTION('',(0.,-0.707106781187,-0.707106781187));
#2323 = ORIENTED_EDGE('',*,*,#2026,.T.);
#2324 = ORIENTED_EDGE('',*,*,#2072,.F.);
#2325 = PLANE('',#2326);
#2326 = AXIS2_PLACEMENT_3D('',#2327,#2328,#2329);
#2327 = CARTESIAN_POINT('',(131.63132891712,117.20458146424,
    -39.45227278524));
#2328 = DIRECTION('',(0.813733471207,-0.410997468263,0.410997468263));
#2329 = DIRECTION('',(0.581238193719,0.575396455569,-0.575396455569));
#2330 = ADVANCED_FACE('',(#2331),#2342,.T.);
#2331 = FACE_BOUND('',#2332,.T.);
#2332 = EDGE_LOOP('',(#2333,#2334,#2340,#2341));
#2333 = ORIENTED_EDGE('',*,*,#1925,.F.);
#2334 = ORIENTED_EDGE('',*,*,#2335,.T.);
#2335 = EDGE_CURVE('',#1918,#2035,#2336,.T.);
#2336 = LINE('',#2337,#2338);
#2337 = CARTESIAN_POINT('',(131.63132891712,116.99244942988,
    -39.24014075089));
#2338 = VECTOR('',#2339,1.);
#2339 = DIRECTION('',(0.,-0.707106781187,-0.707106781187));
#2340 = ORIENTED_EDGE('',*,*,#2034,.T.);
#2341 = ORIENTED_EDGE('',*,*,#2318,.F.);
#2342 = PLANE('',#2343);
#2343 = AXIS2_PLACEMENT_3D('',#2344,#2345,#2346);
#2344 = CARTESIAN_POINT('',(131.63132891712,116.99244942988,
    -39.24014075089));
#2345 = DIRECTION('',(1.,0.,0.));
#2346 = DIRECTION('',(0.,0.707106781187,-0.707106781187));
#2347 = ADVANCED_FACE('',(#2348),#2359,.T.);
#2348 = FACE_BOUND('',#2349,.T.);
#2349 = EDGE_LOOP('',(#2350,#2351,#2357,#2358));
#2350 = ORIENTED_EDGE('',*,*,#1917,.F.);
#2351 = ORIENTED_EDGE('',*,*,#2352,.T.);
#2352 = EDGE_CURVE('',#1910,#2043,#2353,.T.);
#2353 = LINE('',#2354,#2355);
#2354 = CARTESIAN_POINT('',(138.36867108287,116.99244942988,
    -39.24014075089));
#2355 = VECTOR('',#2356,1.);
#2356 = DIRECTION('',(0.,-0.707106781187,-0.707106781187));
#2357 = ORIENTED_EDGE('',*,*,#2042,.T.);
#2358 = ORIENTED_EDGE('',*,*,#2335,.F.);
#2359 = PLANE('',#2360);
#2360 = AXIS2_PLACEMENT_3D('',#2361,#2362,#2363);
#2361 = CARTESIAN_POINT('',(135.,71.171930009001,-85.06066017178));
#2362 = DIRECTION('',(0.,0.707106781187,-0.707106781187));
#2363 = DIRECTION('',(0.,-0.707106781187,-0.707106781187));
#2364 = ADVANCED_FACE('',(#2365),#2376,.T.);
#2365 = FACE_BOUND('',#2366,.T.);
#2366 = EDGE_LOOP('',(#2367,#2368,#2374,#2375));
#2367 = ORIENTED_EDGE('',*,*,#1909,.F.);
#2368 = ORIENTED_EDGE('',*,*,#2369,.T.);
#2369 = EDGE_CURVE('',#1902,#2051,#2370,.T.);
#2370 = LINE('',#2371,#2372);
#2371 = CARTESIAN_POINT('',(138.36867108287,117.20458146424,
    -39.45227278524));
#2372 = VECTOR('',#2373,1.);
#2373 = DIRECTION('',(0.,-0.707106781187,-0.707106781187));
#2374 = ORIENTED_EDGE('',*,*,#2050,.T.);
#2375 = ORIENTED_EDGE('',*,*,#2352,.F.);
#2376 = PLANE('',#2377);
#2377 = AXIS2_PLACEMENT_3D('',#2378,#2379,#2380);
#2378 = CARTESIAN_POINT('',(138.36867108287,117.20458146424,
    -39.45227278524));
#2379 = DIRECTION('',(-1.,0.,0.));
#2380 = DIRECTION('',(0.,-0.707106781187,0.707106781187));
#2381 = ADVANCED_FACE('',(#2382),#2388,.T.);
#2382 = FACE_BOUND('',#2383,.T.);
#2383 = EDGE_LOOP('',(#2384,#2385,#2386,#2387));
#2384 = ORIENTED_EDGE('',*,*,#1901,.F.);
#2385 = ORIENTED_EDGE('',*,*,#2001,.F.);
#2386 = ORIENTED_EDGE('',*,*,#2058,.T.);
#2387 = ORIENTED_EDGE('',*,*,#2369,.F.);
#2388 = PLANE('',#2389);
#2389 = AXIS2_PLACEMENT_3D('',#2390,#2391,#2392);
#2390 = CARTESIAN_POINT('',(136.65438536858,118.90163773909,
    -41.14932906009));
#2391 = DIRECTION('',(-0.813733471207,-0.410997468263,0.410997468263));
#2392 = DIRECTION('',(0.581238193719,-0.575396455569,0.575396455569));
#2393 = ADVANCED_FACE('',(#2394),#2499,.F.);
#2394 = FACE_BOUND('',#2395,.T.);
#2395 = EDGE_LOOP('',(#2396,#2406,#2413,#2414,#2423,#2431,#2440,#2449,
    #2455,#2456,#2457,#2466,#2475,#2483,#2492));
#2396 = ORIENTED_EDGE('',*,*,#2397,.F.);
#2397 = EDGE_CURVE('',#2398,#2400,#2402,.T.);
#2398 = VERTEX_POINT('',#2399);
#2399 = CARTESIAN_POINT('',(137.05,107.30508652763,-42.28069990999));
#2400 = VERTEX_POINT('',#2401);
#2401 = CARTESIAN_POINT('',(137.05,108.47045739284,-41.11532904478));
#2402 = LINE('',#2403,#2404);
#2403 = CARTESIAN_POINT('',(137.05,107.30508652763,-42.28069990999));
#2404 = VECTOR('',#2405,1.);
#2405 = DIRECTION('',(0.,0.707106781187,0.707106781187));
#2406 = ORIENTED_EDGE('',*,*,#2407,.F.);
#2407 = EDGE_CURVE('',#2398,#2398,#2408,.T.);
#2408 = CIRCLE('',#2409,2.05);
#2409 = AXIS2_PLACEMENT_3D('',#2410,#2411,#2412);
#2410 = CARTESIAN_POINT('',(135.,107.30508652763,-42.28069990999));
#2411 = DIRECTION('',(-0.,0.707106781187,0.707106781187));
#2412 = DIRECTION('',(1.,0.,0.));
#2413 = ORIENTED_EDGE('',*,*,#2397,.T.);
#2414 = ORIENTED_EDGE('',*,*,#2415,.T.);
#2415 = EDGE_CURVE('',#2400,#2416,#2418,.T.);
#2416 = VERTEX_POINT('',#2417);
#2417 = CARTESIAN_POINT('',(136.78955301681,109.58578643762,
    -41.41421356237));
#2418 = ELLIPSE('',#2419,2.367098376838,2.05);
#2419 = AXIS2_PLACEMENT_3D('',#2420,#2421,#2422);
#2420 = CARTESIAN_POINT('',(135.,108.47045739284,-41.11532904478));
#2421 = DIRECTION('',(-0.,0.258845710453,0.965918680935));
#2422 = DIRECTION('',(0.,-0.965918680935,0.258845710453));
#2423 = ORIENTED_EDGE('',*,*,#2424,.F.);
#2424 = EDGE_CURVE('',#2425,#2416,#2427,.T.);
#2425 = VERTEX_POINT('',#2426);
#2426 = CARTESIAN_POINT('',(136.78955301681,111.,-40.));
#2427 = LINE('',#2428,#2429);
#2428 = CARTESIAN_POINT('',(136.78955301681,108.01219330882,
    -42.98780669118));
#2429 = VECTOR('',#2430,1.);
#2430 = DIRECTION('',(0.,-0.707106781187,-0.707106781187));
#2431 = ORIENTED_EDGE('',*,*,#2432,.F.);
#2432 = EDGE_CURVE('',#2433,#2425,#2435,.T.);
#2433 = VERTEX_POINT('',#2434);
#2434 = CARTESIAN_POINT('',(136.9569292149,110.56532845518,
    -39.88408758804));
#2435 = ELLIPSE('',#2436,2.368774827379,2.05);
#2436 = AXIS2_PLACEMENT_3D('',#2437,#2438,#2439);
#2437 = CARTESIAN_POINT('',(135.,109.88351560865,-39.70227082897));
#2438 = DIRECTION('',(-0.,0.25766265056,0.966234939601));
#2439 = DIRECTION('',(0.,-0.966234939601,0.25766265056));
#2440 = ORIENTED_EDGE('',*,*,#2441,.F.);
#2441 = EDGE_CURVE('',#2442,#2433,#2444,.T.);
#2442 = VERTEX_POINT('',#2443);
#2443 = CARTESIAN_POINT('',(137.05,109.88351560865,-39.70227082897));
#2444 = ELLIPSE('',#2445,2.368774827379,2.05);
#2445 = AXIS2_PLACEMENT_3D('',#2446,#2447,#2448);
#2446 = CARTESIAN_POINT('',(135.,109.88351560865,-39.70227082897));
#2447 = DIRECTION('',(-0.,0.25766265056,0.966234939601));
#2448 = DIRECTION('',(0.,-0.966234939601,0.25766265056));
#2449 = ORIENTED_EDGE('',*,*,#2450,.T.);
#2450 = EDGE_CURVE('',#2442,#1976,#2451,.T.);
#2451 = LINE('',#2452,#2453);
#2452 = CARTESIAN_POINT('',(137.05,107.30508652763,-42.28069990999));
#2453 = VECTOR('',#2454,1.);
#2454 = DIRECTION('',(0.,0.707106781187,0.707106781187));
#2455 = ORIENTED_EDGE('',*,*,#1975,.F.);
#2456 = ORIENTED_EDGE('',*,*,#2450,.F.);
#2457 = ORIENTED_EDGE('',*,*,#2458,.F.);
#2458 = EDGE_CURVE('',#2459,#2442,#2461,.T.);
#2459 = VERTEX_POINT('',#2460);
#2460 = CARTESIAN_POINT('',(135.5,107.66384467399,-39.11035857973));
#2461 = ELLIPSE('',#2462,2.368774827379,2.05);
#2462 = AXIS2_PLACEMENT_3D('',#2463,#2464,#2465);
#2463 = CARTESIAN_POINT('',(135.,109.88351560865,-39.70227082897));
#2464 = DIRECTION('',(-0.,0.25766265056,0.966234939601));
#2465 = DIRECTION('',(0.,-0.966234939601,0.25766265056));
#2466 = ORIENTED_EDGE('',*,*,#2467,.F.);
#2467 = EDGE_CURVE('',#2468,#2459,#2470,.T.);
#2468 = VERTEX_POINT('',#2469);
#2469 = CARTESIAN_POINT('',(133.21044698318,111.,-40.));
#2470 = ELLIPSE('',#2471,2.368774827379,2.05);
#2471 = AXIS2_PLACEMENT_3D('',#2472,#2473,#2474);
#2472 = CARTESIAN_POINT('',(135.,109.88351560865,-39.70227082897));
#2473 = DIRECTION('',(-0.,0.25766265056,0.966234939601));
#2474 = DIRECTION('',(0.,-0.966234939601,0.25766265056));
#2475 = ORIENTED_EDGE('',*,*,#2476,.T.);
#2476 = EDGE_CURVE('',#2468,#2477,#2479,.T.);
#2477 = VERTEX_POINT('',#2478);
#2478 = CARTESIAN_POINT('',(133.21044698318,109.58578643762,
    -41.41421356237));
#2479 = LINE('',#2480,#2481);
#2480 = CARTESIAN_POINT('',(133.21044698318,108.01219330882,
    -42.98780669118));
#2481 = VECTOR('',#2482,1.);
#2482 = DIRECTION('',(0.,-0.707106781187,-0.707106781187));
#2483 = ORIENTED_EDGE('',*,*,#2484,.T.);
#2484 = EDGE_CURVE('',#2477,#2485,#2487,.T.);
#2485 = VERTEX_POINT('',#2486);
#2486 = CARTESIAN_POINT('',(135.5,106.2530833906,-40.52111986311));
#2487 = ELLIPSE('',#2488,2.367098376838,2.05);
#2488 = AXIS2_PLACEMENT_3D('',#2489,#2490,#2491);
#2489 = CARTESIAN_POINT('',(135.,108.47045739284,-41.11532904478));
#2490 = DIRECTION('',(-0.,0.258845710453,0.965918680935));
#2491 = DIRECTION('',(0.,-0.965918680935,0.258845710453));
#2492 = ORIENTED_EDGE('',*,*,#2493,.T.);
#2493 = EDGE_CURVE('',#2485,#2400,#2494,.T.);
#2494 = ELLIPSE('',#2495,2.367098376838,2.05);
#2495 = AXIS2_PLACEMENT_3D('',#2496,#2497,#2498);
#2496 = CARTESIAN_POINT('',(135.,108.47045739284,-41.11532904478));
#2497 = DIRECTION('',(-0.,0.258845710453,0.965918680935));
#2498 = DIRECTION('',(0.,-0.965918680935,0.258845710453));
#2499 = CYLINDRICAL_SURFACE('',#2500,2.05);
#2500 = AXIS2_PLACEMENT_3D('',#2501,#2502,#2503);
#2501 = CARTESIAN_POINT('',(135.,107.30508652763,-42.28069990999));
#2502 = DIRECTION('',(0.,-0.707106781187,-0.707106781187));
#2503 = DIRECTION('',(1.,0.,0.));
#2504 = ADVANCED_FACE('',(#2505),#2508,.T.);
#2505 = FACE_BOUND('',#2506,.T.);
#2506 = EDGE_LOOP('',(#2507));
#2507 = ORIENTED_EDGE('',*,*,#2407,.T.);
#2508 = PLANE('',#2509);
#2509 = AXIS2_PLACEMENT_3D('',#2510,#2511,#2512);
#2510 = CARTESIAN_POINT('',(135.,107.30508652763,-42.28069990999));
#2511 = DIRECTION('',(0.,0.707106781187,0.707106781187));
#2512 = DIRECTION('',(0.,-0.707106781187,0.707106781187));
#2513 = ADVANCED_FACE('',(#2514,#2530),#2564,.T.);
#2514 = FACE_BOUND('',#2515,.T.);
#2515 = EDGE_LOOP('',(#2516,#2517,#2518,#2519,#2520,#2521,#2522,#2523,
    #2528,#2529));
#2516 = ORIENTED_EDGE('',*,*,#403,.F.);
#2517 = ORIENTED_EDGE('',*,*,#449,.T.);
#2518 = ORIENTED_EDGE('',*,*,#639,.T.);
#2519 = ORIENTED_EDGE('',*,*,#619,.T.);
#2520 = ORIENTED_EDGE('',*,*,#594,.T.);
#2521 = ORIENTED_EDGE('',*,*,#531,.F.);
#2522 = ORIENTED_EDGE('',*,*,#502,.F.);
#2523 = ORIENTED_EDGE('',*,*,#2524,.F.);
#2524 = EDGE_CURVE('',#970,#478,#2525,.T.);
#2525 = B_SPLINE_CURVE_WITH_KNOTS('',1,(#2526,#2527),.UNSPECIFIED.,.F.,
  .F.,(2,2),(0.,1.),.PIECEWISE_BEZIER_KNOTS.);
#2526 = CARTESIAN_POINT('',(138.,109.58578643762,-41.41421356237));
#2527 = CARTESIAN_POINT('',(138.,64.510861118707,-29.3350900315));
#2528 = ORIENTED_EDGE('',*,*,#978,.F.);
#2529 = ORIENTED_EDGE('',*,*,#745,.F.);
#2530 = FACE_BOUND('',#2531,.T.);
#2531 = EDGE_LOOP('',(#2532,#2542,#2550,#2558));
#2532 = ORIENTED_EDGE('',*,*,#2533,.T.);
#2533 = EDGE_CURVE('',#2534,#2536,#2538,.T.);
#2534 = VERTEX_POINT('',#2535);
#2535 = CARTESIAN_POINT('',(138.,26.3,-12.));
#2536 = VERTEX_POINT('',#2537);
#2537 = CARTESIAN_POINT('',(138.,26.3,-89.));
#2538 = LINE('',#2539,#2540);
#2539 = CARTESIAN_POINT('',(138.,26.3,-50.84583741924));
#2540 = VECTOR('',#2541,1.);
#2541 = DIRECTION('',(0.,2.8E-16,-1.));
#2542 = ORIENTED_EDGE('',*,*,#2543,.T.);
#2543 = EDGE_CURVE('',#2536,#2544,#2546,.T.);
#2544 = VERTEX_POINT('',#2545);
#2545 = CARTESIAN_POINT('',(138.,36.3,-89.));
#2546 = LINE('',#2547,#2548);
#2547 = CARTESIAN_POINT('',(138.,40.133394671867,-89.));
#2548 = VECTOR('',#2549,1.);
#2549 = DIRECTION('',(0.,1.,-2.2E-16));
#2550 = ORIENTED_EDGE('',*,*,#2551,.F.);
#2551 = EDGE_CURVE('',#2552,#2544,#2554,.T.);
#2552 = VERTEX_POINT('',#2553);
#2553 = CARTESIAN_POINT('',(138.,36.3,-12.));
#2554 = LINE('',#2555,#2556);
#2555 = CARTESIAN_POINT('',(138.,36.3,-50.84583741924));
#2556 = VECTOR('',#2557,1.);
#2557 = DIRECTION('',(0.,2.8E-16,-1.));
#2558 = ORIENTED_EDGE('',*,*,#2559,.T.);
#2559 = EDGE_CURVE('',#2552,#2534,#2560,.T.);
#2560 = LINE('',#2561,#2562);
#2561 = CARTESIAN_POINT('',(138.,40.133394671867,-12.));
#2562 = VECTOR('',#2563,1.);
#2563 = DIRECTION('',(0.,-1.,2.2E-16));
#2564 = PLANE('',#2565);
#2565 = AXIS2_PLACEMENT_3D('',#2566,#2567,#2568);
#2566 = CARTESIAN_POINT('',(138.,43.003675173203,-56.17759721536));
#2567 = DIRECTION('',(-1.,-0.,-0.));
#2568 = DIRECTION('',(0.,0.,-1.));
#2569 = ADVANCED_FACE('',(#2570),#2595,.F.);
#2570 = FACE_BOUND('',#2571,.F.);
#2571 = EDGE_LOOP('',(#2572,#2580,#2588,#2594));
#2572 = ORIENTED_EDGE('',*,*,#2573,.F.);
#2573 = EDGE_CURVE('',#2574,#2544,#2576,.T.);
#2574 = VERTEX_POINT('',#2575);
#2575 = CARTESIAN_POINT('',(136.,36.3,-91.));
#2576 = LINE('',#2577,#2578);
#2577 = CARTESIAN_POINT('',(136.,36.3,-91.));
#2578 = VECTOR('',#2579,1.);
#2579 = DIRECTION('',(0.707106781187,0.,0.707106781187));
#2580 = ORIENTED_EDGE('',*,*,#2581,.T.);
#2581 = EDGE_CURVE('',#2574,#2582,#2584,.T.);
#2582 = VERTEX_POINT('',#2583);
#2583 = CARTESIAN_POINT('',(136.,26.3,-91.));
#2584 = LINE('',#2585,#2586);
#2585 = CARTESIAN_POINT('',(136.,36.3,-91.));
#2586 = VECTOR('',#2587,1.);
#2587 = DIRECTION('',(0.,-1.,2.2E-16));
#2588 = ORIENTED_EDGE('',*,*,#2589,.T.);
#2589 = EDGE_CURVE('',#2582,#2536,#2590,.T.);
#2590 = LINE('',#2591,#2592);
#2591 = CARTESIAN_POINT('',(136.,26.3,-91.));
#2592 = VECTOR('',#2593,1.);
#2593 = DIRECTION('',(0.707106781187,0.,0.707106781187));
#2594 = ORIENTED_EDGE('',*,*,#2543,.T.);
#2595 = PLANE('',#2596);
#2596 = AXIS2_PLACEMENT_3D('',#2597,#2598,#2599);
#2597 = CARTESIAN_POINT('',(136.,36.3,-91.));
#2598 = DIRECTION('',(-0.707106781187,1.6E-16,0.707106781187));
#2599 = DIRECTION('',(0.707106781187,-1.6E-16,0.707106781187));
#2600 = ADVANCED_FACE('',(#2601),#2619,.T.);
#2601 = FACE_BOUND('',#2602,.T.);
#2602 = EDGE_LOOP('',(#2603,#2604,#2605,#2613));
#2603 = ORIENTED_EDGE('',*,*,#2551,.T.);
#2604 = ORIENTED_EDGE('',*,*,#2573,.F.);
#2605 = ORIENTED_EDGE('',*,*,#2606,.F.);
#2606 = EDGE_CURVE('',#2607,#2574,#2609,.T.);
#2607 = VERTEX_POINT('',#2608);
#2608 = CARTESIAN_POINT('',(136.,36.3,-12.));
#2609 = LINE('',#2610,#2611);
#2610 = CARTESIAN_POINT('',(136.,36.3,-12.));
#2611 = VECTOR('',#2612,1.);
#2612 = DIRECTION('',(0.,0.,-1.));
#2613 = ORIENTED_EDGE('',*,*,#2614,.F.);
#2614 = EDGE_CURVE('',#2552,#2607,#2615,.T.);
#2615 = LINE('',#2616,#2617);
#2616 = CARTESIAN_POINT('',(175.5,36.3,-12.));
#2617 = VECTOR('',#2618,1.);
#2618 = DIRECTION('',(-1.,0.,0.));
#2619 = PLANE('',#2620);
#2620 = AXIS2_PLACEMENT_3D('',#2621,#2622,#2623);
#2621 = CARTESIAN_POINT('',(152.10219413263,36.3,-45.71535892843));
#2622 = DIRECTION('',(0.,1.,2.8E-16));
#2623 = DIRECTION('',(0.,-2.8E-16,1.));
#2624 = ADVANCED_FACE('',(#2625),#2643,.F.);
#2625 = FACE_BOUND('',#2626,.F.);
#2626 = EDGE_LOOP('',(#2627,#2628,#2629,#2637));
#2627 = ORIENTED_EDGE('',*,*,#2533,.T.);
#2628 = ORIENTED_EDGE('',*,*,#2589,.F.);
#2629 = ORIENTED_EDGE('',*,*,#2630,.F.);
#2630 = EDGE_CURVE('',#2631,#2582,#2633,.T.);
#2631 = VERTEX_POINT('',#2632);
#2632 = CARTESIAN_POINT('',(136.,26.3,-12.));
#2633 = LINE('',#2634,#2635);
#2634 = CARTESIAN_POINT('',(136.,26.3,-12.));
#2635 = VECTOR('',#2636,1.);
#2636 = DIRECTION('',(0.,0.,-1.));
#2637 = ORIENTED_EDGE('',*,*,#2638,.F.);
#2638 = EDGE_CURVE('',#2534,#2631,#2639,.T.);
#2639 = LINE('',#2640,#2641);
#2640 = CARTESIAN_POINT('',(175.5,26.3,-12.));
#2641 = VECTOR('',#2642,1.);
#2642 = DIRECTION('',(-1.,0.,0.));
#2643 = PLANE('',#2644);
#2644 = AXIS2_PLACEMENT_3D('',#2645,#2646,#2647);
#2645 = CARTESIAN_POINT('',(152.10219413263,26.3,-45.71535892843));
#2646 = DIRECTION('',(0.,1.,2.8E-16));
#2647 = DIRECTION('',(0.,-2.8E-16,1.));
#2648 = ADVANCED_FACE('',(#2649),#2660,.F.);
#2649 = FACE_BOUND('',#2650,.F.);
#2650 = EDGE_LOOP('',(#2651,#2657,#2658,#2659));
#2651 = ORIENTED_EDGE('',*,*,#2652,.T.);
#2652 = EDGE_CURVE('',#2607,#2631,#2653,.T.);
#2653 = LINE('',#2654,#2655);
#2654 = CARTESIAN_POINT('',(136.,36.3,-12.));
#2655 = VECTOR('',#2656,1.);
#2656 = DIRECTION('',(0.,-1.,2.2E-16));
#2657 = ORIENTED_EDGE('',*,*,#2630,.T.);
#2658 = ORIENTED_EDGE('',*,*,#2581,.F.);
#2659 = ORIENTED_EDGE('',*,*,#2606,.F.);
#2660 = PLANE('',#2661);
#2661 = AXIS2_PLACEMENT_3D('',#2662,#2663,#2664);
#2662 = CARTESIAN_POINT('',(136.,36.3,-12.));
#2663 = DIRECTION('',(1.,0.,0.));
#2664 = DIRECTION('',(0.,2.2E-16,-1.));
#2665 = ADVANCED_FACE('',(#2666),#2672,.F.);
#2666 = FACE_BOUND('',#2667,.F.);
#2667 = EDGE_LOOP('',(#2668,#2669,#2670,#2671));
#2668 = ORIENTED_EDGE('',*,*,#2559,.T.);
#2669 = ORIENTED_EDGE('',*,*,#2638,.T.);
#2670 = ORIENTED_EDGE('',*,*,#2652,.F.);
#2671 = ORIENTED_EDGE('',*,*,#2614,.F.);
#2672 = PLANE('',#2673);
#2673 = AXIS2_PLACEMENT_3D('',#2674,#2675,#2676);
#2674 = CARTESIAN_POINT('',(175.5,36.3,-12.));
#2675 = DIRECTION('',(0.,-2.2E-16,-1.));
#2676 = DIRECTION('',(-1.,0.,0.));
#2677 = ADVANCED_FACE('',(#2678),#2694,.T.);
#2678 = FACE_BOUND('',#2679,.T.);
#2679 = EDGE_LOOP('',(#2680,#2686,#2687,#2693));
#2680 = ORIENTED_EDGE('',*,*,#2681,.F.);
#2681 = EDGE_CURVE('',#2425,#2468,#2682,.T.);
#2682 = LINE('',#2683,#2684);
#2683 = CARTESIAN_POINT('',(140.,111.,-40.));
#2684 = VECTOR('',#2685,1.);
#2685 = DIRECTION('',(-1.,0.,0.));
#2686 = ORIENTED_EDGE('',*,*,#2424,.T.);
#2687 = ORIENTED_EDGE('',*,*,#2688,.T.);
#2688 = EDGE_CURVE('',#2416,#2477,#2689,.T.);
#2689 = LINE('',#2690,#2691);
#2690 = CARTESIAN_POINT('',(138.,109.58578643762,-41.41421356237));
#2691 = VECTOR('',#2692,1.);
#2692 = DIRECTION('',(-1.,0.,0.));
#2693 = ORIENTED_EDGE('',*,*,#2476,.F.);
#2694 = PLANE('',#2695);
#2695 = AXIS2_PLACEMENT_3D('',#2696,#2697,#2698);
#2696 = CARTESIAN_POINT('',(135.,110.29289321881,-40.70710678118));
#2697 = DIRECTION('',(-2.7E-16,0.707106781187,-0.707106781187));
#2698 = DIRECTION('',(-2.465190328816E-32,-0.707106781187,
    -0.707106781187));
#2699 = ADVANCED_FACE('',(#2700),#2716,.T.);
#2700 = FACE_BOUND('',#2701,.T.);
#2701 = EDGE_LOOP('',(#2702,#2703,#2704,#2709,#2710,#2711,#2712,#2713,
    #2714,#2715));
#2702 = ORIENTED_EDGE('',*,*,#2524,.T.);
#2703 = ORIENTED_EDGE('',*,*,#477,.T.);
#2704 = ORIENTED_EDGE('',*,*,#2705,.F.);
#2705 = EDGE_CURVE('',#1037,#480,#2706,.T.);
#2706 = B_SPLINE_CURVE_WITH_KNOTS('',1,(#2707,#2708),.UNSPECIFIED.,.F.,
  .F.,(2,2),(0.,1.),.PIECEWISE_BEZIER_KNOTS.);
#2707 = CARTESIAN_POINT('',(3.,109.58578643762,-41.41421356237));
#2708 = CARTESIAN_POINT('',(3.,64.510861118707,-29.3350900315));
#2709 = ORIENTED_EDGE('',*,*,#1036,.F.);
#2710 = ORIENTED_EDGE('',*,*,#234,.T.);
#2711 = ORIENTED_EDGE('',*,*,#301,.T.);
#2712 = ORIENTED_EDGE('',*,*,#371,.F.);
#2713 = ORIENTED_EDGE('',*,*,#699,.T.);
#2714 = ORIENTED_EDGE('',*,*,#778,.T.);
#2715 = ORIENTED_EDGE('',*,*,#969,.F.);
#2716 = PLANE('',#2717);
#2717 = AXIS2_PLACEMENT_3D('',#2718,#2719,#2720);
#2718 = CARTESIAN_POINT('',(70.5,86.769134138099,-35.29983489758));
#2719 = DIRECTION('',(-0.,-0.258845710453,-0.965918680935));
#2720 = DIRECTION('',(0.,-0.965918680935,0.258845710453));
#2721 = ADVANCED_FACE('',(#2722),#2728,.T.);
#2722 = FACE_BOUND('',#2723,.T.);
#2723 = EDGE_LOOP('',(#2724,#2725,#2726,#2727));
#2724 = ORIENTED_EDGE('',*,*,#2493,.F.);
#2725 = ORIENTED_EDGE('',*,*,#2484,.F.);
#2726 = ORIENTED_EDGE('',*,*,#2688,.F.);
#2727 = ORIENTED_EDGE('',*,*,#2415,.F.);
#2728 = PLANE('',#2729);
#2729 = AXIS2_PLACEMENT_3D('',#2730,#2731,#2732);
#2730 = CARTESIAN_POINT('',(135.03028720373,108.15452421862,
    -41.03066565794));
#2731 = DIRECTION('',(2.2E-16,-0.258845710453,-0.965918680935));
#2732 = DIRECTION('',(6.162975822039E-33,-0.965918680935,0.258845710453)
  );
#2733 = ADVANCED_FACE('',(#2734),#2746,.T.);
#2734 = FACE_BOUND('',#2735,.T.);
#2735 = EDGE_LOOP('',(#2736,#2737,#2738,#2739,#2740,#2741,#2742,#2743,
    #2744,#2745));
#2736 = ORIENTED_EDGE('',*,*,#878,.F.);
#2737 = ORIENTED_EDGE('',*,*,#1012,.T.);
#2738 = ORIENTED_EDGE('',*,*,#1047,.T.);
#2739 = ORIENTED_EDGE('',*,*,#2705,.T.);
#2740 = ORIENTED_EDGE('',*,*,#487,.T.);
#2741 = ORIENTED_EDGE('',*,*,#516,.T.);
#2742 = ORIENTED_EDGE('',*,*,#578,.T.);
#2743 = ORIENTED_EDGE('',*,*,#625,.F.);
#2744 = ORIENTED_EDGE('',*,*,#645,.F.);
#2745 = ORIENTED_EDGE('',*,*,#464,.F.);
#2746 = PLANE('',#2747);
#2747 = AXIS2_PLACEMENT_3D('',#2748,#2749,#2750);
#2748 = CARTESIAN_POINT('',(3.,43.003675173203,-56.17759721536));
#2749 = DIRECTION('',(1.,0.,0.));
#2750 = DIRECTION('',(0.,0.,1.));
#2751 = ADVANCED_FACE('',(#2752),#2770,.T.);
#2752 = FACE_BOUND('',#2753,.T.);
#2753 = EDGE_LOOP('',(#2754,#2759,#2760,#2761,#2762,#2763,#2764,#2765,
    #2766,#2767,#2768,#2769));
#2754 = ORIENTED_EDGE('',*,*,#2755,.F.);
#2755 = EDGE_CURVE('',#1483,#1093,#2756,.T.);
#2756 = B_SPLINE_CURVE_WITH_KNOTS('',1,(#2757,#2758),.UNSPECIFIED.,.F.,
  .F.,(2,2),(0.,1.),.PIECEWISE_BEZIER_KNOTS.);
#2757 = CARTESIAN_POINT('',(1.,111.,-40.));
#2758 = CARTESIAN_POINT('',(1.,66.,-28.));
#2759 = ORIENTED_EDGE('',*,*,#1491,.F.);
#2760 = ORIENTED_EDGE('',*,*,#1370,.F.);
#2761 = ORIENTED_EDGE('',*,*,#1272,.T.);
#2762 = ORIENTED_EDGE('',*,*,#1208,.T.);
#2763 = ORIENTED_EDGE('',*,*,#1149,.F.);
#2764 = ORIENTED_EDGE('',*,*,#1135,.T.);
#2765 = ORIENTED_EDGE('',*,*,#1077,.T.);
#2766 = ORIENTED_EDGE('',*,*,#819,.T.);
#2767 = ORIENTED_EDGE('',*,*,#554,.F.);
#2768 = ORIENTED_EDGE('',*,*,#842,.F.);
#2769 = ORIENTED_EDGE('',*,*,#1100,.F.);
#2770 = PLANE('',#2771);
#2771 = AXIS2_PLACEMENT_3D('',#2772,#2773,#2774);
#2772 = CARTESIAN_POINT('',(1.,46.410879730026,-58.07086510786));
#2773 = DIRECTION('',(-1.,-0.,-3.E-16));
#2774 = DIRECTION('',(3.E-16,0.,-1.));
#2775 = ADVANCED_FACE('',(#2776,#2794),#2828,.T.);
#2776 = FACE_BOUND('',#2777,.T.);
#2777 = EDGE_LOOP('',(#2778,#2779,#2780,#2781,#2782,#2783,#2784,#2789,
    #2790,#2791,#2792,#2793));
#2778 = ORIENTED_EDGE('',*,*,#1129,.F.);
#2779 = ORIENTED_EDGE('',*,*,#1183,.F.);
#2780 = ORIENTED_EDGE('',*,*,#1640,.F.);
#2781 = ORIENTED_EDGE('',*,*,#1248,.T.);
#2782 = ORIENTED_EDGE('',*,*,#1506,.T.);
#2783 = ORIENTED_EDGE('',*,*,#1592,.T.);
#2784 = ORIENTED_EDGE('',*,*,#2785,.T.);
#2785 = EDGE_CURVE('',#1593,#1091,#2786,.T.);
#2786 = B_SPLINE_CURVE_WITH_KNOTS('',1,(#2787,#2788),.UNSPECIFIED.,.F.,
  .F.,(2,2),(0.,1.),.PIECEWISE_BEZIER_KNOTS.);
#2787 = CARTESIAN_POINT('',(140.,111.,-40.));
#2788 = CARTESIAN_POINT('',(140.,66.,-28.));
#2789 = ORIENTED_EDGE('',*,*,#1106,.T.);
#2790 = ORIENTED_EDGE('',*,*,#848,.T.);
#2791 = ORIENTED_EDGE('',*,*,#570,.F.);
#2792 = ORIENTED_EDGE('',*,*,#813,.F.);
#2793 = ORIENTED_EDGE('',*,*,#1071,.F.);
#2794 = FACE_BOUND('',#2795,.T.);
#2795 = EDGE_LOOP('',(#2796,#2806,#2814,#2822));
#2796 = ORIENTED_EDGE('',*,*,#2797,.T.);
#2797 = EDGE_CURVE('',#2798,#2800,#2802,.T.);
#2798 = VERTEX_POINT('',#2799);
#2799 = CARTESIAN_POINT('',(140.,36.3,-12.));
#2800 = VERTEX_POINT('',#2801);
#2801 = CARTESIAN_POINT('',(140.,36.3,-87.));
#2802 = LINE('',#2803,#2804);
#2803 = CARTESIAN_POINT('',(140.,36.3,-61.01685883131));
#2804 = VECTOR('',#2805,1.);
#2805 = DIRECTION('',(0.,0.,-1.));
#2806 = ORIENTED_EDGE('',*,*,#2807,.T.);
#2807 = EDGE_CURVE('',#2800,#2808,#2810,.T.);
#2808 = VERTEX_POINT('',#2809);
#2809 = CARTESIAN_POINT('',(140.,26.3,-87.));
#2810 = LINE('',#2811,#2812);
#2811 = CARTESIAN_POINT('',(140.,41.533859834301,-87.));
#2812 = VECTOR('',#2813,1.);
#2813 = DIRECTION('',(0.,-1.,2.2E-16));
#2814 = ORIENTED_EDGE('',*,*,#2815,.T.);
#2815 = EDGE_CURVE('',#2808,#2816,#2818,.T.);
#2816 = VERTEX_POINT('',#2817);
#2817 = CARTESIAN_POINT('',(140.,26.3,-12.));
#2818 = LINE('',#2819,#2820);
#2819 = CARTESIAN_POINT('',(140.,26.3,-51.87453829553));
#2820 = VECTOR('',#2821,1.);
#2821 = DIRECTION('',(0.,-2.8E-16,1.));
#2822 = ORIENTED_EDGE('',*,*,#2823,.F.);
#2823 = EDGE_CURVE('',#2798,#2816,#2824,.T.);
#2824 = LINE('',#2825,#2826);
#2825 = CARTESIAN_POINT('',(140.,39.033859834301,-12.));
#2826 = VECTOR('',#2827,1.);
#2827 = DIRECTION('',(0.,-1.,0.));
#2828 = PLANE('',#2829);
#2829 = AXIS2_PLACEMENT_3D('',#2830,#2831,#2832);
#2830 = CARTESIAN_POINT('',(140.,46.410879730026,-58.07086510786));
#2831 = DIRECTION('',(1.,0.,0.));
#2832 = DIRECTION('',(0.,0.,1.));
#2833 = ADVANCED_FACE('',(#2834,#2867),#2902,.T.);
#2834 = FACE_BOUND('',#2835,.T.);
#2835 = EDGE_LOOP('',(#2836,#2837,#2845,#2853,#2861));
#2836 = ORIENTED_EDGE('',*,*,#2797,.F.);
#2837 = ORIENTED_EDGE('',*,*,#2838,.F.);
#2838 = EDGE_CURVE('',#2839,#2798,#2841,.T.);
#2839 = VERTEX_POINT('',#2840);
#2840 = CARTESIAN_POINT('',(175.5,36.3,-12.));
#2841 = LINE('',#2842,#2843);
#2842 = CARTESIAN_POINT('',(175.5,36.3,-12.));
#2843 = VECTOR('',#2844,1.);
#2844 = DIRECTION('',(-1.,0.,0.));
#2845 = ORIENTED_EDGE('',*,*,#2846,.F.);
#2846 = EDGE_CURVE('',#2847,#2839,#2849,.T.);
#2847 = VERTEX_POINT('',#2848);
#2848 = CARTESIAN_POINT('',(175.5,36.3,-64.));
#2849 = LINE('',#2850,#2851);
#2850 = CARTESIAN_POINT('',(175.5,36.3,-64.));
#2851 = VECTOR('',#2852,1.);
#2852 = DIRECTION('',(0.,0.,1.));
#2853 = ORIENTED_EDGE('',*,*,#2854,.T.);
#2854 = EDGE_CURVE('',#2847,#2855,#2857,.T.);
#2855 = VERTEX_POINT('',#2856);
#2856 = CARTESIAN_POINT('',(163.,36.3,-64.));
#2857 = LINE('',#2858,#2859);
#2858 = CARTESIAN_POINT('',(175.5,36.3,-64.));
#2859 = VECTOR('',#2860,1.);
#2860 = DIRECTION('',(-1.,0.,0.));
#2861 = ORIENTED_EDGE('',*,*,#2862,.F.);
#2862 = EDGE_CURVE('',#2800,#2855,#2863,.T.);
#2863 = LINE('',#2864,#2865);
#2864 = CARTESIAN_POINT('',(136.,36.3,-91.));
#2865 = VECTOR('',#2866,1.);
#2866 = DIRECTION('',(0.707106781187,0.,0.707106781187));
#2867 = FACE_BOUND('',#2868,.T.);
#2868 = EDGE_LOOP('',(#2869,#2879,#2888,#2896));
#2869 = ORIENTED_EDGE('',*,*,#2870,.F.);
#2870 = EDGE_CURVE('',#2871,#2873,#2875,.T.);
#2871 = VERTEX_POINT('',#2872);
#2872 = CARTESIAN_POINT('',(155.63603896932,36.3,-29.63603896932));
#2873 = VERTEX_POINT('',#2874);
#2874 = CARTESIAN_POINT('',(160.,36.3,-25.27207793864));
#2875 = LINE('',#2876,#2877);
#2876 = CARTESIAN_POINT('',(151.72197360011,36.3,-33.55010433853));
#2877 = VECTOR('',#2878,1.);
#2878 = DIRECTION('',(0.707106781187,0.,0.707106781187));
#2879 = ORIENTED_EDGE('',*,*,#2880,.T.);
#2880 = EDGE_CURVE('',#2871,#2881,#2883,.T.);
#2881 = VERTEX_POINT('',#2882);
#2882 = CARTESIAN_POINT('',(168.36396103067,36.3,-29.63603896932));
#2883 = CIRCLE('',#2884,9.);
#2884 = AXIS2_PLACEMENT_3D('',#2885,#2886,#2887);
#2885 = CARTESIAN_POINT('',(162.,36.3,-36.));
#2886 = DIRECTION('',(0.,-1.,2.2E-16));
#2887 = DIRECTION('',(1.,0.,0.));
#2888 = ORIENTED_EDGE('',*,*,#2889,.F.);
#2889 = EDGE_CURVE('',#2890,#2881,#2892,.T.);
#2890 = VERTEX_POINT('',#2891);
#2891 = CARTESIAN_POINT('',(164.,36.3,-25.27207793864));
#2892 = LINE('',#2893,#2894);
#2893 = CARTESIAN_POINT('',(166.84397953149,36.3,-28.11605747013));
#2894 = VECTOR('',#2895,1.);
#2895 = DIRECTION('',(0.707106781187,0.,-0.707106781187));
#2896 = ORIENTED_EDGE('',*,*,#2897,.F.);
#2897 = EDGE_CURVE('',#2873,#2890,#2898,.T.);
#2898 = LINE('',#2899,#2900);
#2899 = CARTESIAN_POINT('',(157.74793364694,36.3,-25.27207793864));
#2900 = VECTOR('',#2901,1.);
#2901 = DIRECTION('',(1.,0.,0.));
#2902 = PLANE('',#2903);
#2903 = AXIS2_PLACEMENT_3D('',#2904,#2905,#2906);
#2904 = CARTESIAN_POINT('',(155.49586729388,36.3,-45.15212877072));
#2905 = DIRECTION('',(0.,1.,0.));
#2906 = DIRECTION('',(0.,0.,1.));
#2907 = ADVANCED_FACE('',(#2908),#2926,.T.);
#2908 = FACE_BOUND('',#2909,.T.);
#2909 = EDGE_LOOP('',(#2910,#2911,#2919,#2925));
#2910 = ORIENTED_EDGE('',*,*,#2823,.T.);
#2911 = ORIENTED_EDGE('',*,*,#2912,.T.);
#2912 = EDGE_CURVE('',#2816,#2913,#2915,.T.);
#2913 = VERTEX_POINT('',#2914);
#2914 = CARTESIAN_POINT('',(175.5,26.3,-12.));
#2915 = LINE('',#2916,#2917);
#2916 = CARTESIAN_POINT('',(139.,26.3,-12.));
#2917 = VECTOR('',#2918,1.);
#2918 = DIRECTION('',(1.,0.,0.));
#2919 = ORIENTED_EDGE('',*,*,#2920,.T.);
#2920 = EDGE_CURVE('',#2913,#2839,#2921,.T.);
#2921 = LINE('',#2922,#2923);
#2922 = CARTESIAN_POINT('',(175.5,26.3,-12.));
#2923 = VECTOR('',#2924,1.);
#2924 = DIRECTION('',(0.,1.,0.));
#2925 = ORIENTED_EDGE('',*,*,#2838,.T.);
#2926 = PLANE('',#2927);
#2927 = AXIS2_PLACEMENT_3D('',#2928,#2929,#2930);
#2928 = CARTESIAN_POINT('',(157.25,31.3,-12.));
#2929 = DIRECTION('',(0.,0.,1.));
#2930 = DIRECTION('',(1.,0.,0.));
#2931 = ADVANCED_FACE('',(#2932),#2950,.F.);
#2932 = FACE_BOUND('',#2933,.F.);
#2933 = EDGE_LOOP('',(#2934,#2935,#2936,#2944));
#2934 = ORIENTED_EDGE('',*,*,#2862,.F.);
#2935 = ORIENTED_EDGE('',*,*,#2807,.T.);
#2936 = ORIENTED_EDGE('',*,*,#2937,.T.);
#2937 = EDGE_CURVE('',#2808,#2938,#2940,.T.);
#2938 = VERTEX_POINT('',#2939);
#2939 = CARTESIAN_POINT('',(163.,26.3,-64.));
#2940 = LINE('',#2941,#2942);
#2941 = CARTESIAN_POINT('',(136.,26.3,-91.));
#2942 = VECTOR('',#2943,1.);
#2943 = DIRECTION('',(0.707106781187,0.,0.707106781187));
#2944 = ORIENTED_EDGE('',*,*,#2945,.F.);
#2945 = EDGE_CURVE('',#2855,#2938,#2946,.T.);
#2946 = LINE('',#2947,#2948);
#2947 = CARTESIAN_POINT('',(163.,33.8,-64.));
#2948 = VECTOR('',#2949,1.);
#2949 = DIRECTION('',(-2.2E-16,-1.,0.));
#2950 = PLANE('',#2951);
#2951 = AXIS2_PLACEMENT_3D('',#2952,#2953,#2954);
#2952 = CARTESIAN_POINT('',(136.,36.3,-91.));
#2953 = DIRECTION('',(-0.707106781187,1.6E-16,0.707106781187));
#2954 = DIRECTION('',(0.707106781187,-1.6E-16,0.707106781187));
#2955 = ADVANCED_FACE('',(#2956,#2975),#3099,.T.);
#2956 = FACE_BOUND('',#2957,.T.);
#2957 = EDGE_LOOP('',(#2958,#2959,#2960,#2961,#2969));
#2958 = ORIENTED_EDGE('',*,*,#2912,.F.);
#2959 = ORIENTED_EDGE('',*,*,#2815,.F.);
#2960 = ORIENTED_EDGE('',*,*,#2937,.T.);
#2961 = ORIENTED_EDGE('',*,*,#2962,.T.);
#2962 = EDGE_CURVE('',#2938,#2963,#2965,.T.);
#2963 = VERTEX_POINT('',#2964);
#2964 = CARTESIAN_POINT('',(175.5,26.3,-64.));
#2965 = LINE('',#2966,#2967);
#2966 = CARTESIAN_POINT('',(139.,26.3,-64.));
#2967 = VECTOR('',#2968,1.);
#2968 = DIRECTION('',(1.,0.,0.));
#2969 = ORIENTED_EDGE('',*,*,#2970,.T.);
#2970 = EDGE_CURVE('',#2963,#2913,#2971,.T.);
#2971 = LINE('',#2972,#2973);
#2972 = CARTESIAN_POINT('',(175.5,26.3,-64.));
#2973 = VECTOR('',#2974,1.);
#2974 = DIRECTION('',(0.,0.,1.));
#2975 = FACE_BOUND('',#2976,.T.);
#2976 = EDGE_LOOP('',(#2977,#2987,#2995,#3004,#3012,#3020,#3028,#3036,
    #3044,#3052,#3060,#3068,#3077,#3085,#3093));
#2977 = ORIENTED_EDGE('',*,*,#2978,.F.);
#2978 = EDGE_CURVE('',#2979,#2981,#2983,.T.);
#2979 = VERTEX_POINT('',#2980);
#2980 = CARTESIAN_POINT('',(154.,26.3,-19.));
#2981 = VERTEX_POINT('',#2982);
#2982 = CARTESIAN_POINT('',(146.,26.3,-19.));
#2983 = LINE('',#2984,#2985);
#2984 = CARTESIAN_POINT('',(152.74793364694,26.3,-19.));
#2985 = VECTOR('',#2986,1.);
#2986 = DIRECTION('',(-1.,0.,0.));
#2987 = ORIENTED_EDGE('',*,*,#2988,.T.);
#2988 = EDGE_CURVE('',#2979,#2989,#2991,.T.);
#2989 = VERTEX_POINT('',#2990);
#2990 = CARTESIAN_POINT('',(154.,26.3,-31.87689437438));
#2991 = LINE('',#2992,#2993);
#2992 = CARTESIAN_POINT('',(154.,26.3,-52.07606438536));
#2993 = VECTOR('',#2994,1.);
#2994 = DIRECTION('',(0.,0.,-1.));
#2995 = ORIENTED_EDGE('',*,*,#2996,.F.);
#2996 = EDGE_CURVE('',#2997,#2989,#2999,.T.);
#2997 = VERTEX_POINT('',#2998);
#2998 = CARTESIAN_POINT('',(155.63603896932,26.3,-29.63603896932));
#2999 = CIRCLE('',#3000,9.);
#3000 = AXIS2_PLACEMENT_3D('',#3001,#3002,#3003);
#3001 = CARTESIAN_POINT('',(162.,26.3,-36.));
#3002 = DIRECTION('',(0.,-1.,2.2E-16));
#3003 = DIRECTION('',(1.,0.,0.));
#3004 = ORIENTED_EDGE('',*,*,#3005,.F.);
#3005 = EDGE_CURVE('',#3006,#2997,#3008,.T.);
#3006 = VERTEX_POINT('',#3007);
#3007 = CARTESIAN_POINT('',(160.,26.3,-25.27207793864));
#3008 = LINE('',#3009,#3010);
#3009 = CARTESIAN_POINT('',(151.72197360011,26.3,-33.55010433853));
#3010 = VECTOR('',#3011,1.);
#3011 = DIRECTION('',(-0.707106781187,0.,-0.707106781187));
#3012 = ORIENTED_EDGE('',*,*,#3013,.F.);
#3013 = EDGE_CURVE('',#3014,#3006,#3016,.T.);
#3014 = VERTEX_POINT('',#3015);
#3015 = CARTESIAN_POINT('',(164.,26.3,-25.27207793864));
#3016 = LINE('',#3017,#3018);
#3017 = CARTESIAN_POINT('',(157.74793364694,26.3,-25.27207793864));
#3018 = VECTOR('',#3019,1.);
#3019 = DIRECTION('',(-1.,0.,0.));
#3020 = ORIENTED_EDGE('',*,*,#3021,.F.);
#3021 = EDGE_CURVE('',#3022,#3014,#3024,.T.);
#3022 = VERTEX_POINT('',#3023);
#3023 = CARTESIAN_POINT('',(167.,26.3,-28.27207793864));
#3024 = LINE('',#3025,#3026);
#3025 = CARTESIAN_POINT('',(166.84397953149,26.3,-28.11605747013));
#3026 = VECTOR('',#3027,1.);
#3027 = DIRECTION('',(-0.707106781187,0.,0.707106781187));
#3028 = ORIENTED_EDGE('',*,*,#3029,.T.);
#3029 = EDGE_CURVE('',#3022,#3030,#3032,.T.);
#3030 = VERTEX_POINT('',#3031);
#3031 = CARTESIAN_POINT('',(167.,26.3,-19.));
#3032 = LINE('',#3033,#3034);
#3033 = CARTESIAN_POINT('',(167.,26.3,-52.07606438536));
#3034 = VECTOR('',#3035,1.);
#3035 = DIRECTION('',(0.,0.,1.));
#3036 = ORIENTED_EDGE('',*,*,#3037,.F.);
#3037 = EDGE_CURVE('',#3038,#3030,#3040,.T.);
#3038 = VERTEX_POINT('',#3039);
#3039 = CARTESIAN_POINT('',(175.,26.3,-19.));
#3040 = LINE('',#3041,#3042);
#3041 = CARTESIAN_POINT('',(163.24793364694,26.3,-19.));
#3042 = VECTOR('',#3043,1.);
#3043 = DIRECTION('',(-1.,0.,0.));
#3044 = ORIENTED_EDGE('',*,*,#3045,.T.);
#3045 = EDGE_CURVE('',#3038,#3046,#3048,.T.);
#3046 = VERTEX_POINT('',#3047);
#3047 = CARTESIAN_POINT('',(175.,26.3,-59.));
#3048 = LINE('',#3049,#3050);
#3049 = CARTESIAN_POINT('',(175.,26.3,-52.07606438536));
#3050 = VECTOR('',#3051,1.);
#3051 = DIRECTION('',(0.,0.,-1.));
#3052 = ORIENTED_EDGE('',*,*,#3053,.T.);
#3053 = EDGE_CURVE('',#3046,#3054,#3056,.T.);
#3054 = VERTEX_POINT('',#3055);
#3055 = CARTESIAN_POINT('',(167.,26.3,-59.));
#3056 = LINE('',#3057,#3058);
#3057 = CARTESIAN_POINT('',(163.24793364694,26.3,-59.));
#3058 = VECTOR('',#3059,1.);
#3059 = DIRECTION('',(-1.,0.,0.));
#3060 = ORIENTED_EDGE('',*,*,#3061,.T.);
#3061 = EDGE_CURVE('',#3054,#3062,#3064,.T.);
#3062 = VERTEX_POINT('',#3063);
#3063 = CARTESIAN_POINT('',(167.,26.3,-43.48331477354));
#3064 = LINE('',#3065,#3066);
#3065 = CARTESIAN_POINT('',(167.,26.3,-52.07606438536));
#3066 = VECTOR('',#3067,1.);
#3067 = DIRECTION('',(0.,0.,1.));
#3068 = ORIENTED_EDGE('',*,*,#3069,.F.);
#3069 = EDGE_CURVE('',#3070,#3062,#3072,.T.);
#3070 = VERTEX_POINT('',#3071);
#3071 = CARTESIAN_POINT('',(154.,26.3,-40.12310562561));
#3072 = CIRCLE('',#3073,9.);
#3073 = AXIS2_PLACEMENT_3D('',#3074,#3075,#3076);
#3074 = CARTESIAN_POINT('',(162.,26.3,-36.));
#3075 = DIRECTION('',(0.,-1.,2.2E-16));
#3076 = DIRECTION('',(1.,0.,0.));
#3077 = ORIENTED_EDGE('',*,*,#3078,.T.);
#3078 = EDGE_CURVE('',#3070,#3079,#3081,.T.);
#3079 = VERTEX_POINT('',#3080);
#3080 = CARTESIAN_POINT('',(154.,26.3,-59.));
#3081 = LINE('',#3082,#3083);
#3082 = CARTESIAN_POINT('',(154.,26.3,-52.07606438536));
#3083 = VECTOR('',#3084,1.);
#3084 = DIRECTION('',(0.,0.,-1.));
#3085 = ORIENTED_EDGE('',*,*,#3086,.T.);
#3086 = EDGE_CURVE('',#3079,#3087,#3089,.T.);
#3087 = VERTEX_POINT('',#3088);
#3088 = CARTESIAN_POINT('',(146.,26.3,-59.));
#3089 = LINE('',#3090,#3091);
#3090 = CARTESIAN_POINT('',(152.74793364694,26.3,-59.));
#3091 = VECTOR('',#3092,1.);
#3092 = DIRECTION('',(-1.,0.,0.));
#3093 = ORIENTED_EDGE('',*,*,#3094,.T.);
#3094 = EDGE_CURVE('',#3087,#2981,#3095,.T.);
#3095 = LINE('',#3096,#3097);
#3096 = CARTESIAN_POINT('',(146.,26.3,-52.07606438536));
#3097 = VECTOR('',#3098,1.);
#3098 = DIRECTION('',(0.,0.,1.));
#3099 = PLANE('',#3100);
#3100 = AXIS2_PLACEMENT_3D('',#3101,#3102,#3103);
#3101 = CARTESIAN_POINT('',(155.49586729388,26.3,-45.15212877072));
#3102 = DIRECTION('',(-0.,-1.,-0.));
#3103 = DIRECTION('',(0.,0.,-1.));
#3104 = ADVANCED_FACE('',(#3105),#3116,.T.);
#3105 = FACE_BOUND('',#3106,.T.);
#3106 = EDGE_LOOP('',(#3107,#3108,#3109,#3110));
#3107 = ORIENTED_EDGE('',*,*,#2846,.T.);
#3108 = ORIENTED_EDGE('',*,*,#2920,.F.);
#3109 = ORIENTED_EDGE('',*,*,#2970,.F.);
#3110 = ORIENTED_EDGE('',*,*,#3111,.T.);
#3111 = EDGE_CURVE('',#2963,#2847,#3112,.T.);
#3112 = LINE('',#3113,#3114);
#3113 = CARTESIAN_POINT('',(175.5,26.3,-64.));
#3114 = VECTOR('',#3115,1.);
#3115 = DIRECTION('',(0.,1.,0.));
#3116 = PLANE('',#3117);
#3117 = AXIS2_PLACEMENT_3D('',#3118,#3119,#3120);
#3118 = CARTESIAN_POINT('',(175.5,31.3,-38.));
#3119 = DIRECTION('',(1.,0.,0.));
#3120 = DIRECTION('',(0.,0.,1.));
#3121 = ADVANCED_FACE('',(#3122),#3128,.F.);
#3122 = FACE_BOUND('',#3123,.F.);
#3123 = EDGE_LOOP('',(#3124,#3125,#3126,#3127));
#3124 = ORIENTED_EDGE('',*,*,#2854,.T.);
#3125 = ORIENTED_EDGE('',*,*,#2945,.T.);
#3126 = ORIENTED_EDGE('',*,*,#2962,.T.);
#3127 = ORIENTED_EDGE('',*,*,#3111,.T.);
#3128 = PLANE('',#3129);
#3129 = AXIS2_PLACEMENT_3D('',#3130,#3131,#3132);
#3130 = CARTESIAN_POINT('',(157.25,31.3,-64.));
#3131 = DIRECTION('',(0.,0.,1.));
#3132 = DIRECTION('',(1.,0.,0.));
#3133 = ADVANCED_FACE('',(#3134),#3150,.F.);
#3134 = FACE_BOUND('',#3135,.F.);
#3135 = EDGE_LOOP('',(#3136,#3137,#3143,#3144));
#3136 = ORIENTED_EDGE('',*,*,#2870,.F.);
#3137 = ORIENTED_EDGE('',*,*,#3138,.T.);
#3138 = EDGE_CURVE('',#2871,#2997,#3139,.T.);
#3139 = LINE('',#3140,#3141);
#3140 = CARTESIAN_POINT('',(155.63603896932,53.,-29.63603896932));
#3141 = VECTOR('',#3142,1.);
#3142 = DIRECTION('',(0.,-1.,2.2E-16));
#3143 = ORIENTED_EDGE('',*,*,#3005,.F.);
#3144 = ORIENTED_EDGE('',*,*,#3145,.F.);
#3145 = EDGE_CURVE('',#2873,#3006,#3146,.T.);
#3146 = LINE('',#3147,#3148);
#3147 = CARTESIAN_POINT('',(160.,53.,-25.27207793864));
#3148 = VECTOR('',#3149,1.);
#3149 = DIRECTION('',(0.,-1.,2.2E-16));
#3150 = PLANE('',#3151);
#3151 = AXIS2_PLACEMENT_3D('',#3152,#3153,#3154);
#3152 = CARTESIAN_POINT('',(155.63603896932,53.,-29.63603896932));
#3153 = DIRECTION('',(-0.707106781187,1.6E-16,0.707106781187));
#3154 = DIRECTION('',(0.707106781187,-1.6E-16,0.707106781187));
#3155 = ADVANCED_FACE('',(#3156),#3167,.F.);
#3156 = FACE_BOUND('',#3157,.F.);
#3157 = EDGE_LOOP('',(#3158,#3159,#3160,#3161));
#3158 = ORIENTED_EDGE('',*,*,#2897,.F.);
#3159 = ORIENTED_EDGE('',*,*,#3145,.T.);
#3160 = ORIENTED_EDGE('',*,*,#3013,.F.);
#3161 = ORIENTED_EDGE('',*,*,#3162,.F.);
#3162 = EDGE_CURVE('',#2890,#3014,#3163,.T.);
#3163 = LINE('',#3164,#3165);
#3164 = CARTESIAN_POINT('',(164.,53.,-25.27207793864));
#3165 = VECTOR('',#3166,1.);
#3166 = DIRECTION('',(0.,-1.,2.2E-16));
#3167 = PLANE('',#3168);
#3168 = AXIS2_PLACEMENT_3D('',#3169,#3170,#3171);
#3169 = CARTESIAN_POINT('',(160.,53.,-25.27207793864));
#3170 = DIRECTION('',(0.,2.2E-16,1.));
#3171 = DIRECTION('',(1.,0.,0.));
#3172 = ADVANCED_FACE('',(#3173),#3200,.F.);
#3173 = FACE_BOUND('',#3174,.F.);
#3174 = EDGE_LOOP('',(#3175,#3176,#3177,#3178,#3186,#3194));
#3175 = ORIENTED_EDGE('',*,*,#2889,.F.);
#3176 = ORIENTED_EDGE('',*,*,#3162,.T.);
#3177 = ORIENTED_EDGE('',*,*,#3021,.F.);
#3178 = ORIENTED_EDGE('',*,*,#3179,.T.);
#3179 = EDGE_CURVE('',#3022,#3180,#3182,.T.);
#3180 = VERTEX_POINT('',#3181);
#3181 = CARTESIAN_POINT('',(167.,14.,-28.27207793864));
#3182 = LINE('',#3183,#3184);
#3183 = CARTESIAN_POINT('',(167.,39.8,-28.27207793864));
#3184 = VECTOR('',#3185,1.);
#3185 = DIRECTION('',(0.,-1.,2.2E-16));
#3186 = ORIENTED_EDGE('',*,*,#3187,.T.);
#3187 = EDGE_CURVE('',#3180,#3188,#3190,.T.);
#3188 = VERTEX_POINT('',#3189);
#3189 = CARTESIAN_POINT('',(168.36396103067,14.,-29.63603896932));
#3190 = LINE('',#3191,#3192);
#3191 = CARTESIAN_POINT('',(173.18198051533,14.,-34.45405845398));
#3192 = VECTOR('',#3193,1.);
#3193 = DIRECTION('',(0.707106781187,0.,-0.707106781187));
#3194 = ORIENTED_EDGE('',*,*,#3195,.F.);
#3195 = EDGE_CURVE('',#2881,#3188,#3196,.T.);
#3196 = LINE('',#3197,#3198);
#3197 = CARTESIAN_POINT('',(168.36396103067,53.,-29.63603896932));
#3198 = VECTOR('',#3199,1.);
#3199 = DIRECTION('',(0.,-1.,2.2E-16));
#3200 = PLANE('',#3201);
#3201 = AXIS2_PLACEMENT_3D('',#3202,#3203,#3204);
#3202 = CARTESIAN_POINT('',(164.,53.,-25.27207793864));
#3203 = DIRECTION('',(0.707106781187,1.6E-16,0.707106781187));
#3204 = DIRECTION('',(0.707106781187,1.6E-16,-0.707106781187));
#3205 = ADVANCED_FACE('',(#3206),#3251,.F.);
#3206 = FACE_BOUND('',#3207,.T.);
#3207 = EDGE_LOOP('',(#3208,#3209,#3210,#3211,#3212,#3220,#3229,#3235,
    #3236,#3244));
#3208 = ORIENTED_EDGE('',*,*,#3195,.F.);
#3209 = ORIENTED_EDGE('',*,*,#2880,.F.);
#3210 = ORIENTED_EDGE('',*,*,#3138,.T.);
#3211 = ORIENTED_EDGE('',*,*,#2996,.T.);
#3212 = ORIENTED_EDGE('',*,*,#3213,.T.);
#3213 = EDGE_CURVE('',#2989,#3214,#3216,.T.);
#3214 = VERTEX_POINT('',#3215);
#3215 = CARTESIAN_POINT('',(154.,14.,-31.87689437438));
#3216 = LINE('',#3217,#3218);
#3217 = CARTESIAN_POINT('',(154.,8.,-31.87689437438));
#3218 = VECTOR('',#3219,1.);
#3219 = DIRECTION('',(0.,-1.,2.2E-16));
#3220 = ORIENTED_EDGE('',*,*,#3221,.T.);
#3221 = EDGE_CURVE('',#3214,#3222,#3224,.T.);
#3222 = VERTEX_POINT('',#3223);
#3223 = CARTESIAN_POINT('',(154.,14.,-40.12310562561));
#3224 = CIRCLE('',#3225,9.);
#3225 = AXIS2_PLACEMENT_3D('',#3226,#3227,#3228);
#3226 = CARTESIAN_POINT('',(162.,14.,-36.));
#3227 = DIRECTION('',(0.,-1.,2.2E-16));
#3228 = DIRECTION('',(1.,0.,0.));
#3229 = ORIENTED_EDGE('',*,*,#3230,.F.);
#3230 = EDGE_CURVE('',#3070,#3222,#3231,.T.);
#3231 = LINE('',#3232,#3233);
#3232 = CARTESIAN_POINT('',(154.,8.,-40.12310562561));
#3233 = VECTOR('',#3234,1.);
#3234 = DIRECTION('',(0.,-1.,2.2E-16));
#3235 = ORIENTED_EDGE('',*,*,#3069,.T.);
#3236 = ORIENTED_EDGE('',*,*,#3237,.T.);
#3237 = EDGE_CURVE('',#3062,#3238,#3240,.T.);
#3238 = VERTEX_POINT('',#3239);
#3239 = CARTESIAN_POINT('',(167.,14.,-43.48331477354));
#3240 = LINE('',#3241,#3242);
#3241 = CARTESIAN_POINT('',(167.,8.,-43.48331477354));
#3242 = VECTOR('',#3243,1.);
#3243 = DIRECTION('',(0.,-1.,2.2E-16));
#3244 = ORIENTED_EDGE('',*,*,#3245,.T.);
#3245 = EDGE_CURVE('',#3238,#3188,#3246,.T.);
#3246 = CIRCLE('',#3247,9.);
#3247 = AXIS2_PLACEMENT_3D('',#3248,#3249,#3250);
#3248 = CARTESIAN_POINT('',(162.,14.,-36.));
#3249 = DIRECTION('',(0.,-1.,2.2E-16));
#3250 = DIRECTION('',(1.,0.,0.));
#3251 = CYLINDRICAL_SURFACE('',#3252,9.);
#3252 = AXIS2_PLACEMENT_3D('',#3253,#3254,#3255);
#3253 = CARTESIAN_POINT('',(162.,8.,-36.));
#3254 = DIRECTION('',(0.,-1.,2.2E-16));
#3255 = DIRECTION('',(1.,0.,0.));
#3256 = ADVANCED_FACE('',(#3257),#3282,.T.);
#3257 = FACE_BOUND('',#3258,.T.);
#3258 = EDGE_LOOP('',(#3259,#3267,#3275,#3281));
#3259 = ORIENTED_EDGE('',*,*,#3260,.T.);
#3260 = EDGE_CURVE('',#2981,#3261,#3263,.T.);
#3261 = VERTEX_POINT('',#3262);
#3262 = CARTESIAN_POINT('',(146.,14.,-19.));
#3263 = LINE('',#3264,#3265);
#3264 = CARTESIAN_POINT('',(146.,26.6,-19.));
#3265 = VECTOR('',#3266,1.);
#3266 = DIRECTION('',(0.,-1.,0.));
#3267 = ORIENTED_EDGE('',*,*,#3268,.T.);
#3268 = EDGE_CURVE('',#3261,#3269,#3271,.T.);
#3269 = VERTEX_POINT('',#3270);
#3270 = CARTESIAN_POINT('',(154.,14.,-19.));
#3271 = LINE('',#3272,#3273);
#3272 = CARTESIAN_POINT('',(146.,14.,-19.));
#3273 = VECTOR('',#3274,1.);
#3274 = DIRECTION('',(1.,0.,0.));
#3275 = ORIENTED_EDGE('',*,*,#3276,.T.);
#3276 = EDGE_CURVE('',#3269,#2979,#3277,.T.);
#3277 = LINE('',#3278,#3279);
#3278 = CARTESIAN_POINT('',(154.,14.,-19.));
#3279 = VECTOR('',#3280,1.);
#3280 = DIRECTION('',(0.,1.,0.));
#3281 = ORIENTED_EDGE('',*,*,#2978,.T.);
#3282 = PLANE('',#3283);
#3283 = AXIS2_PLACEMENT_3D('',#3284,#3285,#3286);
#3284 = CARTESIAN_POINT('',(150.,20.3,-19.));
#3285 = DIRECTION('',(0.,0.,1.));
#3286 = DIRECTION('',(1.,0.,0.));
#3287 = ADVANCED_FACE('',(#3288),#3306,.F.);
#3288 = FACE_BOUND('',#3289,.F.);
#3289 = EDGE_LOOP('',(#3290,#3298,#3299,#3300));
#3290 = ORIENTED_EDGE('',*,*,#3291,.F.);
#3291 = EDGE_CURVE('',#3087,#3292,#3294,.T.);
#3292 = VERTEX_POINT('',#3293);
#3293 = CARTESIAN_POINT('',(146.,14.,-59.));
#3294 = LINE('',#3295,#3296);
#3295 = CARTESIAN_POINT('',(146.,26.6,-59.));
#3296 = VECTOR('',#3297,1.);
#3297 = DIRECTION('',(0.,-1.,0.));
#3298 = ORIENTED_EDGE('',*,*,#3094,.T.);
#3299 = ORIENTED_EDGE('',*,*,#3260,.T.);
#3300 = ORIENTED_EDGE('',*,*,#3301,.F.);
#3301 = EDGE_CURVE('',#3292,#3261,#3302,.T.);
#3302 = LINE('',#3303,#3304);
#3303 = CARTESIAN_POINT('',(146.,14.,-59.));
#3304 = VECTOR('',#3305,1.);
#3305 = DIRECTION('',(0.,0.,1.));
#3306 = PLANE('',#3307);
#3307 = AXIS2_PLACEMENT_3D('',#3308,#3309,#3310);
#3308 = CARTESIAN_POINT('',(146.,26.6,-59.));
#3309 = DIRECTION('',(1.,0.,0.));
#3310 = DIRECTION('',(0.,-1.,0.));
#3311 = ADVANCED_FACE('',(#3312),#3330,.F.);
#3312 = FACE_BOUND('',#3313,.F.);
#3313 = EDGE_LOOP('',(#3314,#3315,#3323,#3329));
#3314 = ORIENTED_EDGE('',*,*,#3291,.T.);
#3315 = ORIENTED_EDGE('',*,*,#3316,.T.);
#3316 = EDGE_CURVE('',#3292,#3317,#3319,.T.);
#3317 = VERTEX_POINT('',#3318);
#3318 = CARTESIAN_POINT('',(154.,14.,-59.));
#3319 = LINE('',#3320,#3321);
#3320 = CARTESIAN_POINT('',(146.,14.,-59.));
#3321 = VECTOR('',#3322,1.);
#3322 = DIRECTION('',(1.,0.,0.));
#3323 = ORIENTED_EDGE('',*,*,#3324,.T.);
#3324 = EDGE_CURVE('',#3317,#3079,#3325,.T.);
#3325 = LINE('',#3326,#3327);
#3326 = CARTESIAN_POINT('',(154.,14.,-59.));
#3327 = VECTOR('',#3328,1.);
#3328 = DIRECTION('',(0.,1.,0.));
#3329 = ORIENTED_EDGE('',*,*,#3086,.T.);
#3330 = PLANE('',#3331);
#3331 = AXIS2_PLACEMENT_3D('',#3332,#3333,#3334);
#3332 = CARTESIAN_POINT('',(150.,20.3,-59.));
#3333 = DIRECTION('',(0.,0.,1.));
#3334 = DIRECTION('',(1.,0.,0.));
#3335 = ADVANCED_FACE('',(#3336),#3347,.F.);
#3336 = FACE_BOUND('',#3337,.F.);
#3337 = EDGE_LOOP('',(#3338,#3339,#3345,#3346));
#3338 = ORIENTED_EDGE('',*,*,#3324,.F.);
#3339 = ORIENTED_EDGE('',*,*,#3340,.T.);
#3340 = EDGE_CURVE('',#3317,#3222,#3341,.T.);
#3341 = LINE('',#3342,#3343);
#3342 = CARTESIAN_POINT('',(154.,14.,-59.));
#3343 = VECTOR('',#3344,1.);
#3344 = DIRECTION('',(0.,0.,1.));
#3345 = ORIENTED_EDGE('',*,*,#3230,.F.);
#3346 = ORIENTED_EDGE('',*,*,#3078,.T.);
#3347 = PLANE('',#3348);
#3348 = AXIS2_PLACEMENT_3D('',#3349,#3350,#3351);
#3349 = CARTESIAN_POINT('',(154.,14.,-59.));
#3350 = DIRECTION('',(-1.,0.,0.));
#3351 = DIRECTION('',(0.,1.,0.));
#3352 = ADVANCED_FACE('',(#3353),#3371,.F.);
#3353 = FACE_BOUND('',#3354,.F.);
#3354 = EDGE_LOOP('',(#3355,#3363,#3364,#3365));
#3355 = ORIENTED_EDGE('',*,*,#3356,.F.);
#3356 = EDGE_CURVE('',#3054,#3357,#3359,.T.);
#3357 = VERTEX_POINT('',#3358);
#3358 = CARTESIAN_POINT('',(167.,14.,-59.));
#3359 = LINE('',#3360,#3361);
#3360 = CARTESIAN_POINT('',(167.,26.6,-59.));
#3361 = VECTOR('',#3362,1.);
#3362 = DIRECTION('',(0.,-1.,0.));
#3363 = ORIENTED_EDGE('',*,*,#3061,.T.);
#3364 = ORIENTED_EDGE('',*,*,#3237,.T.);
#3365 = ORIENTED_EDGE('',*,*,#3366,.F.);
#3366 = EDGE_CURVE('',#3357,#3238,#3367,.T.);
#3367 = LINE('',#3368,#3369);
#3368 = CARTESIAN_POINT('',(167.,14.,-59.));
#3369 = VECTOR('',#3370,1.);
#3370 = DIRECTION('',(0.,0.,1.));
#3371 = PLANE('',#3372);
#3372 = AXIS2_PLACEMENT_3D('',#3373,#3374,#3375);
#3373 = CARTESIAN_POINT('',(167.,26.6,-59.));
#3374 = DIRECTION('',(1.,0.,0.));
#3375 = DIRECTION('',(0.,-1.,0.));
#3376 = ADVANCED_FACE('',(#3377),#3395,.F.);
#3377 = FACE_BOUND('',#3378,.F.);
#3378 = EDGE_LOOP('',(#3379,#3380,#3388,#3394));
#3379 = ORIENTED_EDGE('',*,*,#3356,.T.);
#3380 = ORIENTED_EDGE('',*,*,#3381,.T.);
#3381 = EDGE_CURVE('',#3357,#3382,#3384,.T.);
#3382 = VERTEX_POINT('',#3383);
#3383 = CARTESIAN_POINT('',(175.,14.,-59.));
#3384 = LINE('',#3385,#3386);
#3385 = CARTESIAN_POINT('',(167.,14.,-59.));
#3386 = VECTOR('',#3387,1.);
#3387 = DIRECTION('',(1.,0.,0.));
#3388 = ORIENTED_EDGE('',*,*,#3389,.T.);
#3389 = EDGE_CURVE('',#3382,#3046,#3390,.T.);
#3390 = LINE('',#3391,#3392);
#3391 = CARTESIAN_POINT('',(175.,14.,-59.));
#3392 = VECTOR('',#3393,1.);
#3393 = DIRECTION('',(0.,1.,0.));
#3394 = ORIENTED_EDGE('',*,*,#3053,.T.);
#3395 = PLANE('',#3396);
#3396 = AXIS2_PLACEMENT_3D('',#3397,#3398,#3399);
#3397 = CARTESIAN_POINT('',(171.,20.3,-59.));
#3398 = DIRECTION('',(0.,0.,1.));
#3399 = DIRECTION('',(1.,0.,0.));
#3400 = ADVANCED_FACE('',(#3401),#3419,.F.);
#3401 = FACE_BOUND('',#3402,.F.);
#3402 = EDGE_LOOP('',(#3403,#3404,#3412,#3418));
#3403 = ORIENTED_EDGE('',*,*,#3389,.F.);
#3404 = ORIENTED_EDGE('',*,*,#3405,.T.);
#3405 = EDGE_CURVE('',#3382,#3406,#3408,.T.);
#3406 = VERTEX_POINT('',#3407);
#3407 = CARTESIAN_POINT('',(175.,14.,-19.));
#3408 = LINE('',#3409,#3410);
#3409 = CARTESIAN_POINT('',(175.,14.,-59.));
#3410 = VECTOR('',#3411,1.);
#3411 = DIRECTION('',(0.,0.,1.));
#3412 = ORIENTED_EDGE('',*,*,#3413,.T.);
#3413 = EDGE_CURVE('',#3406,#3038,#3414,.T.);
#3414 = LINE('',#3415,#3416);
#3415 = CARTESIAN_POINT('',(175.,14.,-19.));
#3416 = VECTOR('',#3417,1.);
#3417 = DIRECTION('',(0.,1.,0.));
#3418 = ORIENTED_EDGE('',*,*,#3045,.T.);
#3419 = PLANE('',#3420);
#3420 = AXIS2_PLACEMENT_3D('',#3421,#3422,#3423);
#3421 = CARTESIAN_POINT('',(175.,14.,-59.));
#3422 = DIRECTION('',(-1.,0.,0.));
#3423 = DIRECTION('',(0.,1.,0.));
#3424 = ADVANCED_FACE('',(#3425),#3443,.T.);
#3425 = FACE_BOUND('',#3426,.T.);
#3426 = EDGE_LOOP('',(#3427,#3435,#3441,#3442));
#3427 = ORIENTED_EDGE('',*,*,#3428,.T.);
#3428 = EDGE_CURVE('',#3030,#3429,#3431,.T.);
#3429 = VERTEX_POINT('',#3430);
#3430 = CARTESIAN_POINT('',(167.,14.,-19.));
#3431 = LINE('',#3432,#3433);
#3432 = CARTESIAN_POINT('',(167.,26.6,-19.));
#3433 = VECTOR('',#3434,1.);
#3434 = DIRECTION('',(0.,-1.,0.));
#3435 = ORIENTED_EDGE('',*,*,#3436,.T.);
#3436 = EDGE_CURVE('',#3429,#3406,#3437,.T.);
#3437 = LINE('',#3438,#3439);
#3438 = CARTESIAN_POINT('',(167.,14.,-19.));
#3439 = VECTOR('',#3440,1.);
#3440 = DIRECTION('',(1.,0.,0.));
#3441 = ORIENTED_EDGE('',*,*,#3413,.T.);
#3442 = ORIENTED_EDGE('',*,*,#3037,.T.);
#3443 = PLANE('',#3444);
#3444 = AXIS2_PLACEMENT_3D('',#3445,#3446,#3447);
#3445 = CARTESIAN_POINT('',(171.,20.3,-19.));
#3446 = DIRECTION('',(0.,0.,1.));
#3447 = DIRECTION('',(1.,0.,0.));
#3448 = ADVANCED_FACE('',(#3449),#3460,.F.);
#3449 = FACE_BOUND('',#3450,.F.);
#3450 = EDGE_LOOP('',(#3451,#3452,#3453,#3454));
#3451 = ORIENTED_EDGE('',*,*,#3179,.F.);
#3452 = ORIENTED_EDGE('',*,*,#3029,.T.);
#3453 = ORIENTED_EDGE('',*,*,#3428,.T.);
#3454 = ORIENTED_EDGE('',*,*,#3455,.F.);
#3455 = EDGE_CURVE('',#3180,#3429,#3456,.T.);
#3456 = LINE('',#3457,#3458);
#3457 = CARTESIAN_POINT('',(167.,14.,-59.));
#3458 = VECTOR('',#3459,1.);
#3459 = DIRECTION('',(0.,0.,1.));
#3460 = PLANE('',#3461);
#3461 = AXIS2_PLACEMENT_3D('',#3462,#3463,#3464);
#3462 = CARTESIAN_POINT('',(167.,26.6,-59.));
#3463 = DIRECTION('',(1.,0.,0.));
#3464 = DIRECTION('',(0.,-1.,0.));
#3465 = ADVANCED_FACE('',(#3466),#3477,.F.);
#3466 = FACE_BOUND('',#3467,.F.);
#3467 = EDGE_LOOP('',(#3468,#3469,#3475,#3476));
#3468 = ORIENTED_EDGE('',*,*,#3213,.T.);
#3469 = ORIENTED_EDGE('',*,*,#3470,.T.);
#3470 = EDGE_CURVE('',#3214,#3269,#3471,.T.);
#3471 = LINE('',#3472,#3473);
#3472 = CARTESIAN_POINT('',(154.,14.,-59.));
#3473 = VECTOR('',#3474,1.);
#3474 = DIRECTION('',(0.,0.,1.));
#3475 = ORIENTED_EDGE('',*,*,#3276,.T.);
#3476 = ORIENTED_EDGE('',*,*,#2988,.T.);
#3477 = PLANE('',#3478);
#3478 = AXIS2_PLACEMENT_3D('',#3479,#3480,#3481);
#3479 = CARTESIAN_POINT('',(154.,14.,-59.));
#3480 = DIRECTION('',(-1.,0.,0.));
#3481 = DIRECTION('',(0.,1.,0.));
#3482 = ADVANCED_FACE('',(#3483),#3492,.F.);
#3483 = FACE_BOUND('',#3484,.F.);
#3484 = EDGE_LOOP('',(#3485,#3486,#3487,#3488,#3489,#3490,#3491));
#3485 = ORIENTED_EDGE('',*,*,#3381,.F.);
#3486 = ORIENTED_EDGE('',*,*,#3366,.T.);
#3487 = ORIENTED_EDGE('',*,*,#3245,.T.);
#3488 = ORIENTED_EDGE('',*,*,#3187,.F.);
#3489 = ORIENTED_EDGE('',*,*,#3455,.T.);
#3490 = ORIENTED_EDGE('',*,*,#3436,.T.);
#3491 = ORIENTED_EDGE('',*,*,#3405,.F.);
#3492 = PLANE('',#3493);
#3493 = AXIS2_PLACEMENT_3D('',#3494,#3495,#3496);
#3494 = CARTESIAN_POINT('',(167.,14.,-59.));
#3495 = DIRECTION('',(0.,1.,0.));
#3496 = DIRECTION('',(1.,0.,0.));
#3497 = ADVANCED_FACE('',(#3498),#3506,.F.);
#3498 = FACE_BOUND('',#3499,.F.);
#3499 = EDGE_LOOP('',(#3500,#3501,#3502,#3503,#3504,#3505));
#3500 = ORIENTED_EDGE('',*,*,#3316,.F.);
#3501 = ORIENTED_EDGE('',*,*,#3301,.T.);
#3502 = ORIENTED_EDGE('',*,*,#3268,.T.);
#3503 = ORIENTED_EDGE('',*,*,#3470,.F.);
#3504 = ORIENTED_EDGE('',*,*,#3221,.T.);
#3505 = ORIENTED_EDGE('',*,*,#3340,.F.);
#3506 = PLANE('',#3507);
#3507 = AXIS2_PLACEMENT_3D('',#3508,#3509,#3510);
#3508 = CARTESIAN_POINT('',(146.,14.,-59.));
#3509 = DIRECTION('',(0.,1.,0.));
#3510 = DIRECTION('',(1.,0.,0.));
#3511 = ADVANCED_FACE('',(#3512),#3524,.T.);
#3512 = FACE_BOUND('',#3513,.T.);
#3513 = EDGE_LOOP('',(#3514,#3515,#3516,#3517,#3518,#3519,#3520,#3521,
    #3522,#3523));
#3514 = ORIENTED_EDGE('',*,*,#1721,.F.);
#3515 = ORIENTED_EDGE('',*,*,#1823,.T.);
#3516 = ORIENTED_EDGE('',*,*,#1799,.F.);
#3517 = ORIENTED_EDGE('',*,*,#1760,.F.);
#3518 = ORIENTED_EDGE('',*,*,#1482,.F.);
#3519 = ORIENTED_EDGE('',*,*,#2755,.T.);
#3520 = ORIENTED_EDGE('',*,*,#1090,.F.);
#3521 = ORIENTED_EDGE('',*,*,#2785,.F.);
#3522 = ORIENTED_EDGE('',*,*,#1600,.F.);
#3523 = ORIENTED_EDGE('',*,*,#1697,.F.);
#3524 = PLANE('',#3525);
#3525 = AXIS2_PLACEMENT_3D('',#3526,#3527,#3528);
#3526 = CARTESIAN_POINT('',(70.5,88.76685637511,-34.07116170002));
#3527 = DIRECTION('',(0.,0.25766265056,0.966234939601));
#3528 = DIRECTION('',(0.,0.966234939601,-0.25766265056));
#3529 = ADVANCED_FACE('',(#3530),#3537,.T.);
#3530 = FACE_BOUND('',#3531,.T.);
#3531 = EDGE_LOOP('',(#3532,#3533,#3534,#3535,#3536));
#3532 = ORIENTED_EDGE('',*,*,#2432,.T.);
#3533 = ORIENTED_EDGE('',*,*,#2681,.T.);
#3534 = ORIENTED_EDGE('',*,*,#2467,.T.);
#3535 = ORIENTED_EDGE('',*,*,#2458,.T.);
#3536 = ORIENTED_EDGE('',*,*,#2441,.T.);
#3537 = PLANE('',#3538);
#3538 = AXIS2_PLACEMENT_3D('',#3539,#3540,#3541);
#3539 = CARTESIAN_POINT('',(135.03074027903,109.56736110278,
    -39.61796296074));
#3540 = DIRECTION('',(-5.E-16,0.25766265056,0.966234939601));
#3541 = DIRECTION('',(0.,0.966234939601,-0.25766265056));
#3542 = ( GEOMETRIC_REPRESENTATION_CONTEXT(3) 
GLOBAL_UNCERTAINTY_ASSIGNED_CONTEXT((#3546)) 
GLOBAL_UNIT_ASSIGNED_CONTEXT((#3543,#3544,#3545)) REPRESENTATION_CONTEXT
('Context #1','3D Context with UNIT and UNCERTAINTY') );
#3543 = ( LENGTH_UNIT() NAMED_UNIT(*) SI_UNIT(.MILLI.,.METRE.) );
#3544 = ( NAMED_UNIT(*) PLANE_ANGLE_UNIT() SI_UNIT($,.RADIAN.) );
#3545 = ( NAMED_UNIT(*) SI_UNIT($,.STERADIAN.) SOLID_ANGLE_UNIT() );
#3546 = UNCERTAINTY_MEASURE_WITH_UNIT(LENGTH_MEASURE(2.E-04),#3543,
  'distance_accuracy_value','confusion accuracy');
#3547 = PRODUCT_RELATED_PRODUCT_CATEGORY('part',$,(#7));
ENDSEC;
END-ISO-10303-21;
